Date,Equal weight,Original TV-MVP,Dynamic SigmaF TV-MVP,Dynamic-factor CVaR
2017-02-01,0.014310399556933808,-0.0008477876085580907,0.00039666907159808217,0.0042485122443887136
2017-02-02,0.005147441030186646,0.0036419102823737025,0.0034081754385079203,0.007020136791504157
2017-02-03,0.002124386217237103,0.009695548527773894,0.008873615545491001,0.006435209558622326
2017-02-06,0.008413889107416247,0.005167448612407314,0.0059635805032821,0.010256180259375927
2017-02-07,-0.005801994717532054,-0.004100320336255128,-0.004056376386368035,-0.00790885945526099
2017-02-08,0.002731078292594331,-0.007195447173827309,-0.006910376314076672,-0.00018342866358966333
2017-02-09,-0.0006006531157263705,0.004290572537789129,0.00398317909061408,0.0002316009200126186
2017-02-10,0.004332154512789243,-0.0032006415231700556,-0.0029198469430429465,0.002587862942436376
2017-02-13,0.0012134923919025035,0.006801624830891792,0.006785284428233446,0.005781696296277467
2017-02-14,-0.0006385488628716013,0.0016302068960521196,0.001559438056613783,-0.0005780377599279387
2017-02-15,-0.006565035202944316,0.0005827524497498335,0.00012838264911139874,-0.006885830121451025
2017-02-16,0.010822077799133637,0.0020404353656852435,0.002683703181760924,0.011416006149570087
2017-02-17,0.00126302458324035,0.007469259949329612,0.007264402598008975,0.005297792479157265
2017-02-20,0.007097694267153662,0.005551462482987023,0.00561771276567086,0.008071960470281778
2017-02-21,0.0046852567317761645,0.0021291029728492217,0.0020967716058949903,0.0028480710660488545
2017-02-22,-0.0008210779960026989,0.015286307894053875,0.014847652951119786,0.007570239135402453
2017-02-23,0.0007822900989425717,0.0041519633078426765,0.0038499792805405486,0.001364691113751608
2017-02-27,-0.0057065647258790625,-0.004728447810468541,-0.00468361281846261,0.0029382465636525737
2017-02-28,0.0006831518616188643,-0.0018885710471501797,-0.0015248565842141924,-0.003409590505995364
2017-03-01,0.006654986834985652,0.004992394336164536,0.005362921955146777,0.006452111502737196
2017-03-02,-0.007795382993054717,-0.0004371922195747816,-0.0013725571629470907,-0.0024508294141054833
2017-03-03,0.0002731681095852177,-0.005634909218863792,-0.004848643484112509,7.824888132490992e-05
2017-03-06,0.005993725600147526,0.009053711110195928,0.008937855939534578,0.008082848077129348
2017-03-07,-0.0018120228937855492,0.0017806211127730418,0.0010642566863242236,-0.00021298180946293732
2017-03-08,-0.0025718790451375517,-0.0030427903514847992,-0.0030778907034693347,-0.002235434119116096
2017-03-09,-0.0023103640354488336,-0.004667137773495884,-0.004357796800897505,-0.005906127923771416
2017-03-10,-0.0008508945675815396,0.0018727858671315632,0.0014882740436194556,0.0026222763614932865
2017-03-14,0.017866040858321112,0.013809896041515394,0.014484941841318044,0.015399234135185774
2017-03-15,-0.0005856635634939442,-0.0061095354216752495,-0.0051730898608610375,-0.004378188690742822
2017-03-16,0.013113265246870794,0.007127064986569326,0.008159715224088695,0.008112039746220372
2017-03-17,-0.003130957120529911,0.0005128459060883602,-8.303119977916658e-05,-0.0001624825658285184
2017-03-20,-0.0010852223156395842,-0.005239754314728543,-0.004868945095662509,-0.003359071986294458
2017-03-21,-0.0015425235437959357,-0.006780690694569694,-0.006219081000202746,-0.0024045175856847734
2017-03-22,-0.010004618003105415,-0.005852604530255221,-0.006579112540235004,-0.008697798061035348
2017-03-23,0.006165773177570997,0.0036814507256631877,0.0039966730149775045,0.0036357586991636057
2017-03-24,-0.0005716707608836444,0.002296016171266515,0.0022684029413289845,0.0004829841423557501
2017-03-27,-0.008567911963091215,-0.008433333816303913,-0.008697989055989458,-0.009505773443439466
2017-03-28,0.005244761496878619,0.0026453450897536038,0.003072085074823679,0.0053891884004957325
2017-03-29,0.0032112239415328023,0.006263689076350911,0.006049790183120357,0.0063531377363846035
2017-03-30,0.0032395312378274213,0.002360928142256612,0.0024830406438845747,0.004855427234299069
2017-03-31,0.003126543376783818,0.0017380662703877286,0.0021331922206117133,0.001073191505456348
2017-04-03,0.004475376563885633,0.0010172323035212028,0.0015039837747372823,-0.0012339017583321503
2017-04-05,0.008188342134231554,-0.006880355201946136,-0.00580123894224272,0.00022064262409225125
2017-04-06,0.0014431432284145703,0.002991888906825362,0.0025777423668711334,0.0012054712338688774
2017-04-07,-0.0060357602197391785,-0.0012261397953494668,-0.001546672456519691,-0.004058628919600513
2017-04-10,0.0022475436419040766,-0.00757293950322286,-0.00659918500667872,-0.006286820143787784
2017-04-11,0.0030355581816539127,0.0114572187360176,0.010979140868180096,0.004727750152465717
2017-04-12,-0.004555890926462297,-0.0025011605940989026,-0.002430076838767057,-0.0039191018605355815
2017-04-13,-0.0077276540200008955,-0.006276018174455831,-0.005519559308858129,-0.01010726015054818
2017-04-17,-0.003837988228551185,-0.0028859773154116795,-0.003140168257788604,-0.0004961872885869844
2017-04-18,-0.0072892283925758,-0.0025690902385987345,-0.0030470467458359085,-0.00303139543206473
2017-04-19,0.00243238832836476,0.0010707606920202608,0.0008845259828412562,0.0014761399428444156
2017-04-20,0.00476263918046942,0.001104440636093188,0.0016347672778115174,0.003654784795844219
2017-04-21,-0.003218617552068155,0.002803112513022868,0.0022371414567702876,-0.0005075287486378966
2017-04-24,0.010174554930024223,0.0065450668905078155,0.006970119178139528,0.005674867962798426
2017-04-25,0.010323545314517294,0.009315235224053657,0.00980761308802374,0.007595418102447198
2017-04-26,0.0015423303119298543,-0.0009784069622272304,-0.0011976178546735444,0.0009516357574275514
2017-04-27,-0.001216631216091109,0.0047296601023920585,0.00402921111268057,0.0036169510126357403
2017-04-28,0.0014823579242398896,-0.006179692704455334,-0.005916127555802359,-0.006111879361914345
2017-05-02,-0.0009618847777119544,-0.00011312628188676926,-0.00016262743837919884,-0.0002140932863721962
2017-05-03,0.0009427314388939707,0.007001823956345307,0.006657011984535339,0.007659767405237187
2017-05-04,0.007401628769010145,-0.0009836478098018098,-0.0005679950064860337,0.0015652541398706937
2017-05-05,-0.007167120791324363,-0.0037649520869648396,-0.003981006020068625,-0.004198507051746727
2017-05-08,0.004460789606962331,0.007816359414497511,0.0076328191219650395,0.0027427846681223854
2017-05-09,0.0014525590835610903,0.0024426052041836644,0.0024332001623681996,0.0011183761768157826
2017-05-10,0.011632885209228295,0.00972874417017115,0.009776156591700098,0.01095712387689177
2017-05-11,0.004214968209769193,-0.0003036232441035251,-7.51579977028038e-05,0.0025367749253569437
2017-05-12,-0.0028112150048877444,0.001749188748767806,0.0014998073626544032,0.0013726050608990216
2017-05-15,0.0061488465993535775,-0.0010866159617347912,-0.0006640768070022818,0.0016183673218169248
2017-05-16,0.004789065658095001,0.008343564132249555,0.008174343313851836,0.007334612270198708
2017-05-17,0.0010526645771829141,-0.003648597783405552,-0.003334526863085367,-0.00035121338793783405
2017-05-18,-0.013561093008187324,-0.0007739671629571683,-0.0014082788698398733,-0.005844693214445947
2017-05-19,-0.0019558165773708655,-0.0009964545019391317,-0.0010184234136892101,0.0005477766787801014
2017-05-22,-0.004639468871167358,0.00048715570080572006,0.00023797251630977264,-0.0008636370461996623
2017-05-23,-0.006880781167449499,-0.00747165310735724,-0.007437936052872851,-0.012272236911481181
2017-05-24,-0.008901210121876078,-0.006926976186326971,-0.007044421855681931,-0.007048928969179571
2017-05-25,0.010612815945374807,0.012080336359742115,0.012099441561236681,0.0077860454094855975
2017-05-26,0.010428452611110786,0.0013459816410290473,0.0018614279818929753,0.0035597941438888173
2017-05-29,-0.005992789948023307,-0.0003596082484653355,-0.0005667676520602781,0.006287078036975596
2017-05-30,0.006034277012393945,-0.0009434659838066905,-0.0006104405940096199,-0.00045302609599298053
2017-05-31,0.0020880228623627057,0.0013218873287410343,0.0013308132970156128,0.0013948354644807873
2017-06-01,0.0018311000955471858,0.0026210533306431165,0.0026615574202283852,0.003253263292291382
2017-06-02,0.005656259261183485,0.006842418253907604,0.0067921951043479496,0.007350878958654908
2017-06-05,0.00573618345123747,0.00758889665854939,0.007884340505290494,0.003314954230864526
2017-06-06,-0.0042237870061709515,0.0033563740785648288,0.0036639213562506597,0.003995855952645716
2017-06-07,0.003861615161600521,-0.0030931274371942654,-0.0033225618457279906,-0.001536496420058076
2017-06-08,-0.00048290523323799657,-0.004048621321114099,-0.004211664618681858,0.001543198591727193
2017-06-09,0.0005124839149449092,-0.002006911481755852,-0.0019659175205274156,0.001120980898490137
2017-06-12,-0.005586826911486676,-0.0036361463782310106,-0.0035571548678892447,-0.0036731656856701022
2017-06-13,-0.0005811340507874608,-0.0014866116065834283,-0.001515743325126483,-0.00040744494547648863
2017-06-14,0.0004431781687349726,-0.0012288553755476477,-0.001299824959791145,-0.0016574657833396055
2017-06-15,-0.002620830211767902,-0.0018899475447088103,-0.0018960389611789514,-0.0008218223531363955
2017-06-16,-0.0002547539672473994,-0.0028636695806917934,-0.002966381394175596,-0.00549045763477163
2017-06-19,0.004801150134930564,0.0004679913542749445,0.0004961274589269822,0.0020947361577660956
2017-06-20,0.001441431606419577,-0.000681390291823896,-0.0007984394253194815,-0.0007251197560048764
2017-06-21,-0.0019676338670966543,-0.0008945105184965247,-0.0007588613035270516,-0.0002812788272019127
2017-06-22,-0.0019949912221257733,-2.106395247514735e-05,-2.7308014949860553e-05,-0.0025272313872729078
2017-06-23,-0.006539488507649675,-0.0031204403427144665,-0.002987531857202554,-0.002992438290070196
2017-06-27,-0.006579236758118216,-0.007280008963309732,-0.007126489400066981,-0.006144545082519229
2017-06-28,0.0023353216015446904,0.0008565410652088877,0.0006750966132014124,0.0039247515371064875
2017-06-29,0.0035336849467574602,-0.0015043420799653253,-0.0014464460118504838,0.0014143508245766743
2017-06-30,0.0033969488334627943,0.006323315008606238,0.006476634958388855,0.005395184999448329
2017-07-03,0.008060969059607005,0.00531263567750241,0.005487652955357134,0.005673469638174115
2017-07-04,-0.0008522186136170659,-0.0026588655018333607,-0.0025509958317995983,-0.0022349304695080474
2017-07-05,0.005281784898792816,0.0013866255254946025,0.0016657845009154602,0.00037319742147241483
2017-07-06,0.001206081329690127,0.00041613202760302375,0.0004682600273201505,-0.0004614670881277856
2017-07-07,-0.0014186814672849947,-0.002278850942416274,-0.0022587435775901507,-0.0022677552716708948
2017-07-10,0.01136126169784464,0.014741707461394296,0.014541031495894897,0.013793840215479119
2017-07-11,-0.0011040054815005663,-8.723421556293019e-05,-0.00012195965181238037,-0.0005653364274996089
2017-07-12,0.003660919357931905,0.0008728106429373092,0.0010618681315832988,0.0030891144010679362
2017-07-13,0.0077202495965183445,0.0052822668814870265,0.005463358404400022,0.004963962344677506
2017-07-14,0.0007403969982051183,-0.0036934442485155447,-0.0034075448084132085,-0.0031030517473213154
2017-07-17,0.007187306716261995,0.006449963470699142,0.006557542455707195,0.007636738849518857
2017-07-18,-0.002143067465814498,0.000893655617627301,0.0007528369911101208,0.002764112658700484
2017-07-19,0.010737699586985396,0.00937269707814661,0.00943860976724444,0.008502610471204479
2017-07-20,-0.0010396094180740662,-0.0012224598751834096,-0.0011681168606075356,-0.0032045437296654793
2017-07-21,0.006035258798431787,0.009468237937914355,0.009224257617629876,0.009916721679866517
2017-07-24,0.0031827326750145653,0.007359604754242968,0.00706488386229372,0.007980713436523564
2017-07-25,0.00031027811733712123,-0.002189478134119016,-0.0019800349684634343,-0.002062290807456901
2017-07-26,0.0056709274260380365,0.0034758255022220965,0.003653021543902295,0.004262794294136487
2017-07-27,-0.005567671886063205,-0.0035452015810577063,-0.0036195335859886954,-0.0022599776198545625
2017-07-28,-0.004388809795819595,-0.003945694482890879,-0.003991127654404951,-0.006799327879231095
2017-07-31,0.007779170707709149,0.0004883624329054715,0.0010235329495680671,0.0031726417650404844
2017-08-01,0.007105642276357304,0.0034195674590233715,0.003742752308764384,0.0035717907247506306
2017-08-02,-0.0017432927943546437,-0.0019396445824920432,-0.0019242568615129368,-0.0018238073260802641
2017-08-03,-0.004540684776157281,-0.004194628810072362,-0.004318014181204894,-0.006246058975784054
2017-08-04,0.008944872526584269,0.00201355631214777,0.0025064462364454716,0.004047581944978537
2017-08-07,0.00317323096692074,-0.004033478015952099,-0.00335431424842209,-0.0018521195036987521
2017-08-08,-0.006079620676882531,-0.008219187642148627,-0.007925734866925228,-0.006183782933669092
2017-08-09,-0.010594985289867777,-0.008698256692335902,-0.008894570141605333,-0.007370638096065286
2017-08-10,-0.012038021753270376,-0.0073996154272291835,-0.007776271236874315,-0.0077883530037442614
2017-08-11,-0.008938758433780973,-0.0028665337531737552,-0.0034761241123117256,-0.005747168822501156
2017-08-14,0.014429467335320106,0.004709765464726939,0.005556875692294824,0.00841052204899152
2017-08-16,0.007694059324880171,0.0040399370628917495,0.004335888771365375,0.007196507490170322
2017-08-17,-0.0010239340949114411,-0.0006765639120390032,-0.000799074708276365,-0.0026645112650165483
2017-08-18,-0.0034688485309790945,-0.008803939516062603,-0.008387572889936369,-0.010913860814029265
2017-08-21,-0.0092694433189849,-0.00842315332187986,-0.008503485592966938,-0.012218099939788302
2017-08-22,0.001549685133222279,0.0012065646722171875,0.0012138325575785985,0.002433054472520745
2017-08-23,0.008340614193739031,0.004400370514707068,0.004852553970731207,0.005775814522784592
2017-08-24,0.003761381245057371,-0.0007351775824989543,-0.0003884269392830852,0.0024331484666367306
2017-08-28,0.008012567503737866,0.009974115671498094,0.009764457822323288,0.009818823221738115
2017-08-29,-0.01180303308654964,-0.010757189651830909,-0.010825636127332934,-0.011321214334463075
2017-08-30,0.009426116170579273,0.003019933763246294,0.0035840001955217064,0.005424539887721758
2017-08-31,0.00351298182028815,0.0069719857527511375,0.006662317998691333,0.00785659837620631
2017-09-01,0.006870554912994448,0.0059787790352129905,0.005410712154147232,0.004553872774128073
2017-09-04,-0.00443391065847095,-0.0058487590126484225,-0.00602745066390053,-0.006316570131134994
2017-09-05,0.005490741478186489,0.005480361759872926,0.005577491336720803,0.002688527780839666
2017-09-06,-0.0014690140815729004,-0.006356973221365603,-0.006739362385873873,-0.0042017182628271785
2017-09-07,0.006334589438937527,0.0023508457698455283,0.0018534473705067165,0.004156419340763362
2017-09-08,-0.0032205061930861887,0.0013848985799487664,0.0021956080830401094,-9.109399325912695e-05
2017-09-11,0.007688534475998011,0.009972656530159588,0.01029902610359356,0.008508053644851564
2017-09-12,0.007883256876078925,0.007260783553025873,0.00729272372985647,0.006652859836833809
2017-09-13,-0.002625592133964363,-0.0008805166834704573,-0.0010110228329446057,-0.002461609600356531
2017-09-14,0.0008632418645318544,-0.00350584392507052,-0.004091982334970651,-0.005906213170016176
2017-09-15,0.0023429756150936676,0.002400304585873444,0.002396858840270234,0.002481051343425111
2017-09-18,0.006012142018295909,0.009374975666725682,0.00970548781178304,0.00851505940326098
2017-09-19,-0.0024814779470396647,0.0001118306010787799,0.0003651674996160417,-0.00022130888885824138
2017-09-20,-0.0010470853994386702,0.000692099208542373,0.0006907505273137758,-0.0026741925765565093
2017-09-21,-0.0010486755619484218,0.002784738774018326,0.0028710271197576083,0.000942447419740277
2017-09-22,-0.01710278418557174,-0.006557799647245479,-0.005635880980092487,-0.007718142156716082
2017-09-25,-0.011736226326466016,-0.009116805965456491,-0.008824369398795651,-0.01102524422157793
2017-09-26,0.001370352366410756,-0.00760213409205888,-0.008551751690116693,-0.0070726351737891305
2017-09-27,-0.013077430880651142,-0.008210582385658702,-0.007609733056604607,-0.00724261839201985
2017-09-28,0.004746912319581127,0.0015643046591206425,0.0010715040429187883,0.00018777632194528593
2017-09-29,0.004761727784552407,-0.0020417311224958786,-0.002529674364181781,0.0019786907443614847
2017-10-03,0.007333375924448942,0.006054058572430462,0.0059957587412538624,0.007331230746049387
2017-10-04,0.0029804037359009434,0.0043570460339497005,0.004399682896417648,0.002935624221792422
2017-10-05,-0.0012287068985550225,-0.0015672130234837814,-0.0016226098186810016,-0.0006306843784411973
2017-10-06,0.011872900989910805,0.0040102978299462935,0.003608344892889887,0.006013237919726654
2017-10-09,0.0019706545902075084,0.0004888125790526123,0.00039360783452511766,0.0018075957817559598
2017-10-10,0.0036379889210816957,0.005034189413328368,0.005068667462848695,0.005657520144709454
2017-10-11,-0.0027858537521888546,0.004214487359265957,0.004623494199111636,0.001987224624133875
2017-10-12,0.009958364161199577,0.006865501578142072,0.006716511950060714,0.007725607951945578
2017-10-13,0.006562390915584033,0.009395409272421357,0.009555392158023101,0.006787237271909519
2017-10-16,0.006516856712688051,0.004440187081666162,0.004388764202095488,0.008196979495736433
2017-10-17,0.0018898448322270328,9.109070801792949e-05,0.0001314529360406957,-0.00010660365179202816
2017-10-18,-0.004834521943344456,-0.0023790852413273114,-0.0022224992148670345,-0.0012383606464169714
2017-10-19,-0.006168837836060866,-0.00446693274377683,-0.004363317867615235,-0.005282210527289105
2017-10-23,0.006908326579028711,0.006861628984484975,0.006860277120688931,0.006349259839001025
2017-10-24,0.002711134147094435,0.003232319125149555,0.003307077528587131,0.00031996791826552644
2017-10-25,0.010080683740929684,0.005150721326894903,0.005007405997121579,0.003293758118140306
2017-10-26,0.0021772868008548686,-0.0011364825646445903,-0.0013538889664027217,-0.002908093830783406
2017-10-27,0.002301244614015187,-0.004864239496702928,-0.005369511434366628,-0.0020895450339817384
2017-10-30,0.003475121971649513,0.00360726273003334,0.003606449757129401,-0.00017775750813610542
2017-10-31,0.0014746031246103517,0.00647754640156706,0.006689226731704633,0.0011120541705716095
2017-11-01,0.006696712631262515,0.0007570054985626564,0.001779185058390232,0.00656118855534437
2017-11-02,0.0014407598677455915,0.0032049716997234645,0.003026960324075446,-0.002619988563922525
2017-11-03,0.0008683368661432275,-0.0009635549698984909,-0.000756916111266778,-0.0029893626708725773
2017-11-06,0.006822003880398805,0.006745858803496352,0.007305703411108131,0.0029525393558049143
2017-11-07,-0.010853787078966812,0.00032249523826024347,-0.0022036759613200396,0.0006704833661620106
2017-11-08,-8.908300504257508e-06,0.005734886201930349,0.004287851330529423,0.004321112660005404
2017-11-09,0.0023843085836664215,-0.0009560931372481945,-0.00010454376000650382,0.0010691804569329514
2017-11-10,0.0048208958182139345,-4.55001950816298e-05,0.0004728055793339716,0.004014714061217417
2017-11-13,-0.01002155197947726,-0.001587949993454892,-0.0036436044198014787,-0.0034418047242456085
2017-11-14,-0.002902196691366314,-0.00378578279633206,-0.003504751496903847,-0.0034219687985684714
2017-11-15,-0.008273325360293866,0.00029303941912013317,-0.001684697587964914,-0.005306816206607011
2017-11-16,0.006700502463061006,0.005192646780666135,0.005334026448383858,0.008371223968606137
2017-11-17,0.0066826929547884,-0.002867738618734693,-0.0004251183236662993,-0.003408924040940595
2017-11-20,0.0006814670212540097,0.0011416106338374011,0.0014370390499369786,-0.00032727503399580706
2017-11-21,0.006492249819807468,0.004535233803994647,0.004865124005374657,0.005261764755371636
2017-11-22,0.0011780619303284727,0.0004276788958502201,0.0005645899297232961,0.0008672741309255344
2017-11-23,-0.00027712149274532736,0.00043585395290047916,0.00013470862024187884,0.0011113191290928292
2017-11-24,0.0024703127413733678,0.006295581883388919,0.005542247961516485,0.004235225211125055
2017-11-27,0.0006789143123774748,0.004616788988312373,0.003560990824688193,0.0014166330075066381
2017-11-28,-0.0038678492173323514,-0.0027985669563801814,-0.0028863870923155534,-0.0027337177079794837
2017-11-29,0.00033995891865889463,-0.0011288023570909203,-0.0006337755161426209,-0.001563049178130096
2017-11-30,-0.010788229657911798,-0.008838866752293485,-0.009277386360702237,-0.011040607913661531
2017-12-01,-0.011122510439809712,-0.008870659590784109,-0.009030607055849925,-0.011416587148363756
2017-12-04,-0.001411253521192203,-0.0017953481942804238,-0.0018306132169617988,-0.000663586109996317
2017-12-05,-0.00400623608473254,-0.006332305652330646,-0.00619976137095735,-0.007172682803270516
2017-12-06,-0.008455509667813148,-0.0007801975931418866,-0.0013451263448440477,-0.002015545422394832
2017-12-07,0.01573028536941691,0.012535361063295027,0.012772051742003073,0.016123436888762766
2017-12-08,0.009387565831984062,0.007625086663787143,0.007800606892307503,0.007216094523972568
2017-12-11,0.004637199528033714,0.007737057361616516,0.007434421612790794,0.006356938158250183
2017-12-12,-0.005503586979493482,-0.008091140108607543,-0.007909725821314216,-0.009364510105426688
2017-12-13,-0.005341975028352585,-0.00016515696640830594,-0.000542053902628316,-8.349124112372443e-06
2017-12-14,0.005985750056141515,0.005911486736745555,0.005934675617110076,0.006925558422979797
2017-12-15,0.006830610778928323,0.003235193147305793,0.0036325027390130132,0.0020441456936600246
2017-12-18,0.007522957157812029,0.004057055521964784,0.004334593110421062,0.0023627365306692276
2017-12-19,0.008645926085196383,0.004713121936765595,0.005070007883668211,0.0035481727207827035
2017-12-20,-0.0006470795178598477,-0.002607605138344688,-0.0024658416867514186,-0.002295119490398992
2017-12-21,0.0001422938959815378,-0.0017368644207620852,-0.001604145109019803,0.00231099823558196
2017-12-22,0.004930224261948123,0.004232038569921564,0.004298730641230005,0.0038231336037786176
2017-12-26,0.0032104201956096464,3.0829664179638384e-05,0.00024205847356389856,0.0018417296191548943
2017-12-27,-0.0019856865880263225,-0.0019395065913929807,-0.001978827068037148,-0.0015016253401872268
2017-12-28,-0.0009266519574252119,-0.0054831947011344875,-0.005099713861626596,-0.004441097979672349
2017-12-29,0.006130017984705359,0.012622668087260844,0.012127422919196613,0.013860612956384702
2018-01-02,-0.008578045377726426,-0.004692666928903313,-0.004874315891972134,-0.004418884731347099
2018-01-03,0.00011280805678695973,-0.0037609666042354066,-0.003547086784500079,0.0004313813709843342
2018-01-04,0.010008736318705018,0.0035624948626777116,0.0038118365619392485,0.005537731982638918
2018-01-05,0.008853995114742727,0.006414043634948241,0.006562121122224831,0.0064598053014606905
2018-01-08,0.004244708023608448,0.0076876859786926925,0.007507695637743414,0.006093908896225971
2018-01-09,-0.00024278834508883497,0.00255917772673414,0.002381428195861131,0.0017758004467022547
2018-01-10,-0.0003496400781803084,0.005947916893348605,0.005585464524476202,0.007927895481218514
2018-01-11,0.0004980247797984909,0.0017210463356837468,0.0016677253780415613,0.002990133618758018
2018-01-12,-0.0005131038903855494,-0.0008778422949764567,-0.0008371907797464729,-0.00021266348132182493
2018-01-15,-0.00044491942227218423,0.0004225023876832922,0.0003653063259134947,-0.0019248285403170916
2018-01-16,-0.0035440174727239793,0.006555918834464704,0.00597168941276018,0.005691293348762645
2018-01-17,0.007308145818438974,0.0029909866860283116,0.0032116676215138387,0.0008142586319122262
2018-01-18,-0.0069233395170729545,0.0016284019737736678,0.0011450733848903764,-0.0034246635429351856
2018-01-19,0.006464190524094314,0.005105896414264373,0.005206346101063849,0.004249847242884616
2018-01-22,0.007079363895115373,0.012822521436387752,0.012471422671241409,0.013595767861145063
2018-01-23,0.010206330289759737,0.002429298707959088,0.0028448734659820263,0.008465825380632229
2018-01-24,-0.002460128155141881,0.006616520708007574,0.006127210444078633,0.00440077246760096
2018-01-25,-0.002878195506489129,-0.002699231678836714,-0.0025859714341232086,-0.002475017953169925
2018-01-29,0.002557215170052453,0.005492909866233922,0.005365840287377268,0.00760309368934645
2018-01-30,-0.008214496535814407,-0.008924728162823865,-0.008925342475179177,-0.007223539958513023
2018-01-31,-0.006360745415083084,-0.004533474059954946,-0.004629879485219725,-0.0036395493643853194
2018-02-01,0.0006024200981606547,-0.001647403155372462,-0.0013864220949971126,0.0029925972368864853
2018-02-02,-0.02338723186046511,-0.022978763060240413,-0.023184859906519938,-0.016274534242372102
2018-02-05,-0.006353165443839386,-0.0034408749890556204,-0.0036787987910019884,-0.004555008857116889
2018-02-06,-0.013271469582517416,-0.010477637961748824,-0.010466321380386555,-0.015382731812833911
2018-02-07,0.0019501342674797578,-0.0013386141099989458,-0.0012305814600241246,-0.002561008670795636
2018-02-08,0.012993907536999937,0.0039340130421767925,0.004230385422468993,0.011063553324137032
2018-02-09,-0.0058283054077889,-0.006763882329161002,-0.0067877154809130764,-0.005840613350948106
2018-02-12,0.008954951256836891,0.012272366700244633,0.012293128974481241,0.010963593037410495
2018-02-14,-0.001185196511042221,0.005829148694338879,0.00561761480121891,0.007497059671380068
2018-02-15,0.002726285963900216,0.006708085954977137,0.006529350343231398,0.005696042242289864
2018-02-16,-0.009383364383389338,-0.008027063133206188,-0.008175689856312875,-0.009162212384057998
2018-02-19,-0.011237235731433653,-0.003644021810301434,-0.003896706236245733,-0.005853749357995576
2018-02-20,0.0028344722031559827,-0.0018436479506009316,-0.0016287463507040285,0.0025791736220471834
2018-02-21,-0.0004631176103472741,0.001965967341353795,0.001811789148758642,0.0025908369837952193
2018-02-22,-0.002216799220863575,0.00015412061935384924,3.644112961955501e-05,0.0008099238649968773
2018-02-23,0.012459798687250794,0.007257961223984613,0.007432965590740279,0.004854418083302144
2018-02-26,0.008377007147010718,0.0075924284596480245,0.007793758795405687,0.004152173530799235
2018-02-27,-0.0027194401243340978,-0.00221033370356158,-0.0022535652856884745,-0.0005240203442556171
2018-02-28,-0.004429467733860277,-0.00327944500919102,-0.0033407074496588,-0.00165775859533982
2018-03-01,-0.002528920750906283,-0.0006779167199275766,-0.0005618021197115995,-0.0008807339425092897
2018-03-05,-0.008380487137353735,-0.003838849334848832,-0.0034295502889471986,-0.00988210386746051
2018-03-06,-0.00947671054642157,-0.008592841196789644,-0.00862582722548154,-0.00860590297882936
2018-03-07,-0.009995637950915248,-0.0008471333093629501,-0.0003572234133779493,-0.0018036081002382191
2018-03-08,0.0047187385453490984,0.006961869900559288,0.006966488020357896,0.005947210804106695
2018-03-09,-0.0029777422133918756,-0.0014543509431715607,-0.0013313567280887836,-0.002609370271854354
2018-03-12,0.01499777024241472,0.01319596804258515,0.01313188003997327,0.01516560249783849
2018-03-13,0.002053334724991665,0.0008110069483773978,0.0006245153655347105,0.002110038635709601
2018-03-14,0.00041888791484666235,-0.0016814563528702925,-0.0017193657253467454,-0.0023768850143630507
2018-03-15,-0.0033088174103961896,0.005567789135324354,0.00582138977985657,0.0016974253297412903
2018-03-16,-0.013470991370143879,-0.010656961601875046,-0.010414646625823695,-0.011263164746586618
2018-03-19,-0.012312234423763675,-0.008828994027355451,-0.008706034461288887,-0.00952810008816707
2018-03-20,0.0067560791400102065,0.0026495121481152585,0.00258642720625696,0.005778867467293446
2018-03-21,0.0019628287314050518,0.006049413644245805,0.006147519019904779,0.0042067853850074
2018-03-22,-0.0062335767446821105,-0.0033962777328349417,-0.0033494712544580897,-0.004765975037056506
2018-03-23,-0.008452263366521332,-0.0015172318341534717,-0.0010920491606085253,-0.004040165925551316
2018-03-26,0.01198858521411008,0.0040645406612360765,0.0035791586033082023,0.00477472880846192
2018-03-27,0.008048033446791445,0.006632326270517191,0.006507179866052034,0.007544873015471078
2018-03-28,-0.00744018397538663,0.005661079479598706,0.006244426718291112,-0.0024342202047794763
2018-04-02,0.013050908674289322,0.01939280217925111,0.019630394721265987,0.012840239098770969
2018-04-03,0.0010299952420262043,-0.0045814452622555644,-0.004834656638282905,-0.005159750870350083
2018-04-04,-0.012576189753336558,-0.007865428809623806,-0.007610705923638078,-0.011040503130974374
2018-04-05,0.019459453533237678,0.0037980737016555938,0.003232694060861114,0.01142074805760899
2018-04-06,-0.00032676482639823544,-0.00021632374512132492,-0.00028539225812956653,0.0006771307667964159
2018-04-09,0.003459891252181919,0.004240038791426903,0.004162942475066721,0.005663060874742918
2018-04-10,0.006638276914972933,-0.0031922645012690135,-0.003547912093293322,0.0034627865784525765
2018-04-11,0.004030459905067942,0.009791481908981388,0.010060853954728121,0.0060329330271402005
2018-04-12,0.0011164453337348366,0.006239598044228602,0.006653659772526904,0.002629432320227742
2018-04-13,0.002786797499006934,0.006183095695715662,0.006370142853802425,0.008022226435826455
2018-04-16,0.005971762056640644,0.006934244703614726,0.006982703944763696,0.005901583221212468
2018-04-17,0.0019840634149868924,0.007726810537110738,0.007850496724017247,0.006006048474141323
2018-04-18,-0.0011608057751170066,0.00035353418861368475,0.00030194471332747885,-0.0006735936226475993
2018-04-19,0.008912372252729185,-0.0019786388268973583,-0.0023812116101841786,-0.000517407364889917
2018-04-20,0.0011086427457446528,0.014963796076287884,0.01581854954865416,0.009442062786306838
2018-04-23,0.0026646178090662595,0.0010133478807085963,0.0010088343253756658,0.0003219761055201298
2018-04-24,-0.0025912989696785455,-0.0050222740740170305,-0.0051133126031024136,-0.005614601168648035
2018-04-25,-0.004340873840239018,-0.00014761557388082353,0.00014566825171871667,-0.002116740244441182
2018-04-26,0.0016840547083980088,0.007721731289100414,0.007994168474141158,0.0034623678785147146
2018-04-27,0.005787128272114649,-0.012498219549242434,-0.013277479866117794,-0.0038297683974681234
2018-04-30,0.005490756327021283,0.011750431944306056,0.012050480824749679,0.008432021010870257
2018-05-02,-0.008619296530150585,-0.005983109568704664,-0.005925383947846556,-0.007798792445470262
2018-05-03,-0.004197619068905104,-0.006448146107630238,-0.006176356414203074,-0.0067007723136473215
2018-05-04,-0.006019405309926635,-0.008100319480968458,-0.00809178128271781,-0.00973670480722279
2018-05-07,0.009384448351494313,0.006387282643160754,0.006764589479193899,0.01081525892847435
2018-05-08,0.0011294415262396733,0.0035875165372101486,0.0030533190083489293,0.0013851494343590373
2018-05-09,-0.00073060457919471,-0.0010004493203231149,-0.0008984092161721368,-0.001320958828801432
2018-05-10,-0.0043923838114458,-0.0014489583296299225,-0.002054920912804911,-0.0024326204207696135
2018-05-11,0.006321016222325062,0.006077543399452868,0.0060449249374548795,0.008607042883521168
2018-05-14,-0.00016467839174386274,-0.002132941655529768,-0.0019746822264611456,-0.002046359884922242
2018-05-15,0.0007448585725027332,-0.001310477945913963,-0.0010722199419315,6.223915962512774e-05
2018-05-16,-0.0041153833927106065,0.0024712988910537154,0.0019889300248155262,0.00028625394465188144
2018-05-17,-0.00042166529737185066,0.008144339512222029,0.007760545533813098,0.0011079938110803178
2018-05-18,-0.009171803351808151,-0.005200914009981999,-0.005454394754902895,-0.011287335299828295
2018-05-21,-0.011775064542272413,-0.005561590835471448,-0.006458830476827289,-0.007878256765216599
2018-05-22,0.0071172306570795405,0.0027994916488752446,0.003172590804523164,0.006405132810815812
2018-05-23,-0.008987648122361008,-0.004975168346079978,-0.0055719066254742294,-0.006587712301938065
2018-05-24,0.007009154045037419,0.0038045659932567076,0.003742268819879987,0.007383992822038651
2018-05-25,0.011108328535247562,-0.00047924435809307796,0.0007428263006544035,0.006793396327658835
2018-05-28,0.005366969492267417,0.005008900339252191,0.00536161263922903,0.0034613150535666402
2018-05-29,-0.003595192134559729,-0.005661363559204774,-0.005511393307274271,-0.0014043558532468143
2018-05-30,-0.0017940581845662942,0.0016537861869105682,0.001450045819964901,0.0012459107902474391
2018-05-31,0.0055935244103479664,0.013929184763552517,0.013136903978657872,0.011042752527503816
2018-06-01,-0.005388046086536197,-0.0038424262926212704,-0.0039004570929588216,-0.008629753465305846
2018-06-04,-0.0048389226516076,-0.009463059612448643,-0.00931395253459024,-0.00790364758223772
2018-06-05,-0.005696625539390888,-0.006832742163361908,-0.006858800320603864,-0.006552146058201994
2018-06-06,0.012320501259083086,0.006885373537837625,0.007020163744003378,0.008266942651878741
2018-06-07,0.009933868298644122,0.00742356315255794,0.007470127739909873,0.00806083107992566
2018-06-08,0.0033247960376633938,0.0017969504051827613,0.0016659109414461598,0.0003342217620495837
2018-06-11,0.003365233430118824,0.004487637637665072,0.004387001932578103,0.0021027592811715726
2018-06-12,0.0025892605434857012,0.0034725413103357397,0.0033117922304657602,0.0030894496628160384
2018-06-13,0.0028076538021235774,0.005347424663003123,0.005391294245885405,0.007726304050048591
2018-06-14,-0.004219837536279473,-0.007122090652564492,-0.007135767522225668,-0.006458048795637453
2018-06-15,0.0023860907718267275,0.006115290595204934,0.005894189150412459,0.004814015035605024
2018-06-18,-0.0039241313071191886,0.0010728508405909044,0.0008795419717861162,-0.0023239729381933534
2018-06-19,-0.00801576888048489,-0.0070702021215949,-0.007119207273061513,-0.00867278754058285
2018-06-20,0.002271919530586852,-0.00039010116534947674,-0.0003346479609361573,0.0007610928997215396
2018-06-21,-0.008304463373673647,-0.007197594548657312,-0.007210799926878514,-0.008168761630894118
2018-06-22,0.008307317640437278,0.006928207304161787,0.006849411261122869,0.009860784725973074
2018-06-25,-0.005259097393043567,-0.006721071012369599,-0.0066759915220405315,-0.008100177646998311
2018-06-26,0.00012548452022142045,0.0028629114905601165,0.0028613285329623685,0.0014511481224900764
2018-06-27,-0.0073043225334090975,-0.0023654760110933715,-0.0025159915134054115,-0.004580929374113882
2018-06-28,-0.008166407039654733,-0.01842195515871788,-0.018184689466030447,-0.00988144870418253
2018-06-29,0.014466169749063128,0.013409105851019601,0.013556273834538227,0.014557742841596
2018-07-02,-0.007250860443007295,-0.005241062991378267,-0.004365733241375088,-0.004713900013800006
2018-07-03,0.006027288654731519,0.005568323941481004,0.006186293845670748,0.007217275206706248
2018-07-04,0.002751637977040913,0.004659571491833513,0.004722285926836463,0.0014459036651814927
2018-07-05,-0.0022933808248632222,0.006635350239555606,0.006052779819271364,0.003405147623135626
2018-07-06,0.001676118126488228,-0.0029706058800003966,-0.0031832667314704933,0.00014858625191128212
2018-07-09,0.006466746154579581,0.008821335090303794,0.008707533305909924,0.0060606689606651325
2018-07-10,0.011449467064824838,0.008884894920617645,0.008632790726834592,0.009605383886819148
2018-07-11,-0.004075860669402022,0.0020049538556587785,0.0024033145000284892,-0.0032265191833629678
2018-07-12,0.003520752113736425,0.004296316132109526,0.0043752168140753275,0.0017651441887231458
2018-07-13,-0.002990892271116179,0.00047715505739475957,0.0006225677001812835,0.0015507425975143075
2018-07-16,-0.013376549974551993,-0.0019437511033525072,-0.0023040274765743687,-0.004403081657753065
2018-07-17,0.009145530206129543,0.002628259123022558,0.00254413328830285,0.007975735279283244
2018-07-18,-0.006864909645770461,-0.00013296145012906403,0.0002710124395831964,-0.003275249765362016
2018-07-19,-0.003306092723746978,0.0046983270166392,0.004632139376707592,-0.0016719328045645375
2018-07-20,0.006681411438803766,0.006283650615589978,0.0071264115541795296,0.013415837637658853
2018-07-23,0.00812469410798738,0.0042420022708104625,0.003980114948925618,0.009890091400197776
2018-07-24,0.007391357719413118,0.0024244844228178365,0.0016040856722074838,0.007985674572744364
2018-07-25,-0.005235500107140989,-0.006680483072572915,-0.00698236618648704,-0.008428142748888255
2018-07-26,0.005652237936649862,0.008676245693536543,0.007703811331517969,0.001889132921083736
2018-07-27,0.007648538889547184,0.004022570144712537,0.0037742063730304,0.002665928854104634
2018-07-30,0.006270145736355721,0.005172637804679079,0.004564968300393182,0.0014384586524384348
2018-07-31,0.00967704105725039,0.003519730616152245,0.004499633369322976,0.00421078931790832
2018-08-01,0.0011590724266447772,0.0020569439064040147,0.0021626297165347613,0.002850838411126942
2018-08-02,-0.004364458491799665,-0.006334585641324558,-0.006412270715569742,-0.007219299735548277
2018-08-03,0.007039823767930277,0.001371595440644773,0.0011809915329684274,0.0020754640283233857
2018-08-06,0.002759198931484832,-0.001500119090583949,-0.001642005932912084,-0.0027984894171615743
2018-08-07,0.00023533675521074198,0.003957485022103808,0.004019563279796848,0.002752096145255311
2018-08-08,0.006002470885520694,-0.00029094266501108665,-0.00047492753908309206,0.0030420390533018662
2018-08-09,0.0021006696705977703,-0.002456517432353652,-0.002640301246439846,-0.002856236561673493
2018-08-10,-0.004798169069894964,-0.00020487065417722303,-1.5513562840159013e-05,-0.002324180232622575
2018-08-13,0.00030842916566936433,0.004829464689660074,0.005010860784272116,0.00025389706949649384
2018-08-14,0.011126403324381785,0.006439953303012964,0.006320722713584673,0.00638582489007101
2018-08-16,-0.00238228640205335,-0.00018546590333882442,-6.552278311668016e-05,-0.0034718647737793824
2018-08-17,0.009614228475084748,0.00545520689205165,0.005291559865376274,0.00738315867539599
2018-08-20,0.006104381191388017,0.0016736855796169003,0.0014684500646642382,0.003002982874595
2018-08-21,0.0040380001859600615,0.004481977894625051,0.004545060351568007,0.0034533542818753504
2018-08-23,0.0027409412886387242,0.005925148527676034,0.0061375024177898006,0.004415530299787021
2018-08-24,0.0007543777050828854,0.0007459424245427142,0.0007062453236659595,-0.0012757694941551822
2018-08-27,0.010747108998166931,0.012718609861983546,0.012770935682300807,0.012004643302658706
2018-08-28,0.001965164312922849,0.002644233330686983,0.0025951793338236592,0.0007181957256034452
2018-08-29,-0.0005893010057748086,-0.0008877399663980859,-0.000988541717100713,-0.0024208927321744365
2018-08-30,0.0012254618229207426,-0.0005888649265746325,-0.0006458034019021212,0.00037580595427854496
2018-08-31,0.004975686220714899,0.008274255848665223,0.008456143556415776,0.009824936010155574
2018-09-03,-0.0076615888516162545,-0.004884628287968644,-0.005204200797844435,-0.006710634438730774
2018-09-04,-0.010360656445259103,-0.006943679784083357,-0.0073840428808803656,-0.007575380116025229
2018-09-05,-0.005400255185076788,0.006057471372203578,0.004933203236950486,-0.0024465970236312077
2018-09-06,0.0030855509580355388,0.0038886797236367906,0.0037198352486477984,0.0012816314335607375
2018-09-07,0.00834710821147262,0.007368140903236397,0.0075202327775660445,0.01245087031033448
2018-09-10,-0.013590092732266733,-0.011182194629903976,-0.011581499478883856,-0.01320147093750693
2018-09-11,-0.01346515214871749,-0.012197161920267877,-0.01241607586947123,-0.011950879999938466
2018-09-12,0.008698059459431542,0.009196123374222983,0.009129008079401521,0.01037074302304809
2018-09-14,0.014599088119493942,0.01416010806917187,0.014399386158269606,0.010311080836759069
2018-09-17,-0.00832606699552061,-0.006368953416810749,-0.006600688022640559,-0.007696987353509871
2018-09-18,-0.008536951421360989,-0.005063915186388371,-0.005424023509172116,-0.0034435249945846693
2018-09-19,-0.0020127911456390424,-0.003493010148378728,-0.003459982529784384,-0.003057222398206544
2018-09-21,-0.009284801067429467,-0.006774296163967844,-0.007213510170444448,-0.005771013736926829
2018-09-24,-0.015671336935977664,-0.015265996859290165,-0.015535746319430267,-0.014687792780977775
2018-09-25,0.008477677164843014,0.0069811066351690865,0.007212407298030646,0.0049916199994241945
2018-09-26,-0.0006572821502634907,-0.010002530819561702,-0.008884946403508688,-0.0074945848490080395
2018-09-27,-0.007732109350187769,-0.0034601071425879835,-0.004053839448036112,-0.003073805715124818
2018-09-28,-0.012147079153682277,-0.006925314588610846,-0.007648001823007433,-0.0040399386574110595
2018-10-01,0.006137066025962918,0.014860464396945187,0.01529580641809239,0.011250261059902969
2018-10-03,-0.013176980156744962,-0.01235342714300933,-0.012431884455893383,-0.010707506094199815
2018-10-04,-0.017863621675039187,-0.029276531556448694,-0.030061329064952593,-0.02274616679731322
2018-10-05,-0.02442866769117406,-0.009950804134810266,-0.008767677134428121,-0.017174609692328653
2018-10-08,0.0003533299179837696,-0.0027258814286911163,-0.0030121722164405396,-0.0027076996484572775
2018-10-09,-0.0037286672725464686,-0.005830108644243724,-0.006040006347655308,-0.0038081111155819076
2018-10-10,0.02044872083571772,-0.0003189619068887247,-0.0015338403300039268,0.0026366447263524886
2018-10-11,-0.0220407722430696,-0.015687653266373055,-0.014889738159570193,-0.01921778094040758
2018-10-12,0.02436194046005436,0.012708215327734546,0.011810980529019788,0.014568863127570636
2018-10-15,0.0016821397370908168,0.011864313743253991,0.01258644058023292,0.0053459896522723
2018-10-16,0.00624084536623676,0.0016060818930750931,0.001387695388047353,0.004670132274541902
2018-10-17,-0.013865686494194703,-0.004760216797148414,-0.00401699213706061,-0.004536885910972994
2018-10-19,-0.009665560486604129,-0.017381628851944986,-0.01807324593945776,-0.014177407335676111
2018-10-22,-0.004320168025090145,0.002515003691247227,0.0029962351596326034,-0.0021002234499848714
2018-10-23,-0.011379078781212835,-0.013213268424102786,-0.013220010016720275,-0.01805753034503815
2018-10-24,0.008481910017116335,-0.001712074599820882,-0.002355372437500939,0.005595937783615876
2018-10-25,-0.007537218305283637,0.0048729875654232695,0.005662224387006438,0.003436474342637241
2018-10-26,-0.006687081911512384,-0.012019842349021334,-0.01204739816531784,-0.0141866778923841
2018-10-29,0.023545359620083382,0.015104445275832424,0.014214578607199171,0.01883198828579402
2018-10-30,-0.0012720444119205363,-0.003410532969127485,-0.0033266584138444836,0.0010940273427504335
2018-10-31,0.013735186517567763,0.01313184921525733,0.013443089522313077,0.01729579031528167
2018-11-01,0.0008530831096945496,0.00024508346603696347,0.0010381195224269954,-0.0012564242607367888
2018-11-02,0.01175145172147871,0.007797148111395835,0.00830149534554849,0.0008507092917668974
2018-11-05,-0.00027207134685724283,-0.0021734154767261457,-0.002167759526451609,0.0008591687645048366
2018-11-06,-0.003337610586415692,0.000321824373711641,0.0006399779915266517,0.0008038207611391784
2018-11-07,0.005510621047552369,0.0043627130065182,0.004269530675763904,0.004761686768371805
2018-11-09,0.0020616963046585154,0.001281491442660401,0.001484138529384994,0.0014024013353781113
2018-11-12,-0.009682155848815092,-0.007709033653507349,-0.008142898255336591,-0.010536316531308853
2018-11-13,0.008282664894245798,0.003584931929337359,0.0035543118596339245,0.006228860846060311
2018-11-14,-0.0009252463628452263,0.004901315111871912,0.006023092199093605,0.0014137390059076088
2018-11-15,0.006086240351303743,0.00784397172026137,0.008410515869915336,0.004587053600828024
2018-11-16,0.005832864678544247,-0.006293095691909509,-0.007289146694427295,-0.0004999891498223309
2018-11-19,0.005440392951606234,0.008799913554414018,0.008999434512392872,0.00702005950369716
2018-11-20,-0.013064216254843674,-0.015477645599002225,-0.01536452333815602,-0.013458898197679411
2018-11-21,8.903870727644623e-05,-0.006389608577311446,-0.006479145990260724,-0.008128514932993595
2018-11-22,-0.009322823325294853,-0.009038475269141989,-0.009133631302845823,-0.008410823647728875
2018-11-26,0.007420084326574929,0.015838962118424952,0.01646875237748742,0.015353522011278327
2018-11-27,0.0007089958879323471,-0.004336199150888939,-0.005068433886849746,0.0002332899083651031
2018-11-28,-0.004355398838705449,0.0031035277249624425,0.002723241775823349,0.003118810006254995
2018-11-29,0.010140162054983809,0.0021751955022654267,0.002008445163840805,0.003957305185891473
2018-11-30,0.0029820029991140347,-0.0005937842302682025,-0.0012924575188903004,0.0023064509450767467
2018-12-03,0.0038823318112584018,0.01139172354065426,0.011234000464405257,0.012559785078598056
2018-12-04,-0.0008967499301795458,0.001234314154674183,0.0007703042494962243,0.0020438194896548055
2018-12-05,-0.014480133538348646,-0.007775205785537259,-0.008222094355502654,-0.007540352780438537
2018-12-06,-0.01951245728673096,-0.00826826714264891,-0.00892541164250549,-0.012263891292025073
2018-12-07,0.006963051750269774,-0.000349064003305793,-0.00012588935988779872,0.0011685544043493386
2018-12-10,-0.018576234651378337,-0.01661456275223172,-0.016676510374048017,-0.014117097616870132
2018-12-11,0.010558972894924329,0.0070082204605648735,0.007164554267690353,0.008779400638861115
2018-12-12,0.019606274088777097,0.009245470339006358,0.009895587731483926,0.014462864597093006
2018-12-13,0.004821712229178694,0.008945540165695574,0.009046622936587777,0.007858076579066307
2018-12-14,0.0029702846042631258,0.0005212649810487141,0.0003622494478383098,-0.0008232155768843165
2018-12-17,0.005408688196776137,0.014076731858746382,0.013620291105035806,0.012848802218050619
2018-12-18,0.00495388791948952,0.002182947859501659,0.0024100422881944234,0.0013138446898950734
2018-12-19,0.008144021022187137,0.0013113846633635183,0.0020910727185489593,0.005401434297959397
2018-12-20,-0.0016221301508469428,0.005571644666993555,0.005387738927345839,-0.0002622010654170842
2018-12-21,-0.015342348615219263,-0.010272457863163146,-0.010626217344380358,-0.014031023999944884
2018-12-24,-0.008271240600861662,-0.012265498126186457,-0.012103995586522337,-0.00847469846054321
2018-12-26,0.0045762478676361126,0.0038057084479700904,0.003993937718934941,0.0010215476833931223
2018-12-27,0.0023757295228528487,-0.00030326793219603116,-0.0005962450784874067,0.0037478218420855212
2018-12-28,0.00896791638060356,0.0074146953125032704,0.007786670184798734,0.008265161050443004
2018-12-31,0.0016857883632318321,0.0013441162533185357,0.0014354012627867203,0.00048140069811408145
2019-01-02,-0.013237126015757493,0.0018101931818460034,0.0008897813584950202,-0.006594836694107121
2019-01-03,-0.010582696655050086,-0.0076239182672599645,-0.007816542500715493,-0.008391190794547195
2019-01-04,0.005115668887436828,0.007979008387413515,0.007511649274378092,0.005102220147903208
2019-01-07,0.0025595614898711386,0.0018409273939999642,0.0019200484268767411,0.004052754206533782
2019-01-08,0.0038283573967285715,-0.004934067599569003,-0.004230592730763771,-0.002591491842781916
2019-01-09,0.0029395354359628392,0.005812765314778739,0.00549753726115638,0.005633365803004533
2019-01-10,-0.0005285157597968327,-0.0007676923481589606,-0.0007479048923818955,3.911796467258332e-05
2019-01-11,-0.002586084178576341,-0.0016593122105443667,-0.0017397765499318155,-0.001756248168213824
2019-01-14,-0.005152890216961238,-0.005306337752043429,-0.0052247742706602205,-0.010136937072610938
2019-01-15,0.011902242530470933,0.005743776327800305,0.006289455549708688,0.013184297894364745
2019-01-16,-0.000827417237908264,-0.0014943924163513447,-0.0014234557699700189,0.0002554047275872707
2019-01-17,-0.0018947949485867408,-0.0015848689800944085,-0.0016708345386668515,-0.0013467280551194465
2019-01-18,-0.003380941221861208,-0.007379300484488659,-0.00711231123233857,-0.000589498056081728
2019-01-21,0.0003073668250877593,-0.003774204198277853,-0.003323922104145749,-0.0029419992501574788
2019-01-22,-0.003773127153703683,0.00035134088760822857,0.00024047889534924063,0.0024857629758024513
2019-01-23,-0.004236961875905125,-0.007939918538108217,-0.0076103696648061915,-0.009062741642668338
2019-01-24,-0.0006867349894926655,-0.0006586174033313859,-0.0005863240927476377,0.00028932370322000216
2019-01-25,-0.009086492355940988,-0.004013116111019848,-0.004094698099580132,-0.002824985367989536
2019-01-28,-0.014532161533100017,0.004419462820205466,0.0031334789942956487,-0.001913020758837146
2019-01-29,0.005705151903273045,0.0038461170345631132,0.004077332628422488,0.0038437510984169225
2019-01-30,0.004510182748868767,0.003076814760075341,0.0031811273865842158,0.0012536064826851444
2019-01-31,0.012727388886263968,0.016271503032747773,0.01601707874304536,0.014308397628026541
2019-02-01,0.008345359268185585,0.010892160451525386,0.01053651574516224,0.009167376280735448
2019-02-04,-0.004267027391879211,-0.0021534147233558364,-0.0024511929104115457,-0.0036163828052512767
2019-02-05,0.0021401348137722953,-0.0003427999276103804,-0.000802378433689591,0.0035049988374439797
2019-02-06,0.016427903484745616,0.0164195335498351,0.017563151262419113,0.010346101999838308
2019-02-07,0.004647459213803361,0.0031257879006251236,0.003454657988143015,0.005522240853734373
2019-02-08,-0.01455076088352452,-0.00952488724327961,-0.011825494709604631,-0.0123222196171365
2019-02-11,-0.011528109601257008,-0.006658527603558961,-0.007091343868959093,-0.00858416573050058
2019-02-12,0.0008428871039062172,-0.0019349839257635046,-0.0008251379662377563,-0.002505635540239563
2019-02-14,-0.010089741801561948,-0.011266137207421978,-0.013141669208518354,-0.006966691210337211
2019-02-15,-0.004510978362063977,-0.0040189450140550205,-0.004249316991909796,-0.005455481304768314
2019-02-18,-0.007890168685254561,-0.009907828099752974,-0.009503597617189186,-0.010485869566461012
2019-02-19,-0.00032583005604911786,-0.008555396025296723,-0.006505204231604473,-0.007474797199225808
2019-02-20,0.01460000452860453,0.007722849551906407,0.008622404077476015,0.010716860598811849
2019-02-21,0.006962142520825705,0.007309023816626464,0.007156708989853772,0.005478646142774645
2019-02-22,0.004562492263900982,0.0021603809987335416,0.003253766716706138,0.005062350835902153
2019-02-25,0.007212416744151683,0.02142524935756821,0.02044302047561954,0.013023041068279104
2019-02-26,-0.0016733474997181893,-0.0046051100127703195,-0.0043950292731051045,-0.0034180505082167774
2019-02-27,-5.4876288109816746e-05,-0.0054942559902963,-0.004553062520805272,-0.002923460241768831
2019-02-28,-0.0009335616560609576,0.0024415140794925416,0.002143376681662995,-0.0018724383002921476
2019-03-01,0.004834119666959171,0.002894191999790638,0.0029688069970399645,0.005141611499625009
2019-03-05,0.015014836334702913,0.0025304388252552,0.0024624736870345887,0.006848233420962799
2019-03-06,0.005357206112549849,0.00384055220402582,0.00389394529253918,0.004796057503109456
2019-03-07,-0.00417930945193446,-0.0037303407758633,-0.0032410808489476434,-0.0014629526838916551
2019-03-08,-0.003221546817133392,-0.003976405792034469,-0.003628119981976501,-0.004739303154731989
2019-03-11,0.017692029413564153,0.004345967905592765,0.005090709275418204,0.005882610752469375
2019-03-12,0.007249945989755681,0.013935656158755947,0.013393561094463302,0.011466599284555113
2019-03-13,-0.002732298666496069,0.0029619191204722428,0.0026490095402875707,0.0017091874677875704
2019-03-14,0.0013936721222408397,0.0008690645270149502,0.0006725137919052211,-0.0015342935094990575
2019-03-15,0.005778925228342282,0.014811744032961528,0.014366956063443001,0.00578266918828362
2019-03-18,0.000669180765420491,0.0027600042842569885,0.002682904184080129,-0.0005849764092170789
2019-03-19,0.005869956124573975,0.009383009603400704,0.008613692748308054,0.006543889613457324
2019-03-20,-0.0063411719290328164,0.0041833531573834265,0.003210645194436505,0.0012860770780829605
2019-03-22,-0.0013391573581224344,-0.004995064295633582,-0.0044928479205293866,-0.0027515158797528634
2019-03-25,-0.005188882479821062,0.00018929529448121298,-0.0002831102870968625,-0.004499428956711015
2019-03-26,0.010937149537641598,0.008050294209712061,0.008522371650270755,0.006292253944985244
2019-03-27,-0.003600586669354606,-0.0007587475981956368,-0.0013532410985071961,-0.002310994414995239
2019-03-28,0.007398918627185247,0.013721844027617608,0.01321661497443141,0.012144561691767017
2019-04-01,0.013166831310507181,-0.004217589623176791,-0.0014115884207916085,0.0037016628840654923
2019-04-02,0.0034136078586322165,-0.004082898570153058,-0.003224428281004166,0.0004158777571667796
2019-04-03,-0.005541754113543972,-0.0011364975803192239,-0.001660291468107414,-0.0066883466197399394
2019-04-04,-0.0026294474989753697,-0.006260951198274609,-0.006128091922619513,-0.003561238826881301
2019-04-05,0.006340739390866672,0.003023772348269212,0.003392438986964317,0.004455774236939132
2019-04-08,-0.0038867704705099373,0.0018884618043302132,0.0014242627234285334,-0.0016193044573221747
2019-04-09,0.006059901744438632,0.005432692735882122,0.0055825347281033425,0.008018813973111636
2019-04-10,-0.0036070281839519357,0.00048066270425061483,6.55877262300457e-05,0.0015943582087738308
2019-04-11,0.00035234530500983835,0.002824772080988424,0.0024418992952314244,0.0008653858852439116
2019-04-12,0.004354351353729269,0.002787859621249908,0.0028697409128366886,0.005635837842511325
2019-04-15,0.007214323207280568,0.007590209023810771,0.007465180960185388,0.007840841237303466
2019-04-16,0.007094996190017012,0.007115440511751767,0.006682157427691763,0.0044590134108128295
2019-04-18,-0.004260301854675928,-0.002737881815648216,-0.002625471500344618,-0.002668151734939111
2019-04-22,-0.00946844018912766,0.00350368361026535,0.0021095957099692125,-0.0009471503898288627
2019-04-23,-0.0003499211102358261,0.0009599191395052429,0.0010339770157535989,-0.00034991152589239414
2019-04-24,0.009960786451714724,0.009304103714137268,0.00940632226896455,0.008375241779893107
2019-04-25,-0.0024237870411824686,-0.006327548825434146,-0.005775957832774389,-0.004860248605885771
2019-04-26,0.006875052769914998,0.005142540629891368,0.005453359024470313,0.005816005275903116
2019-04-30,0.0016467544705404918,0.0059772614375226026,0.00575016312013528,0.004535264678988765
2019-05-02,-0.0031169973076224074,-0.0024101772746837813,-0.00229298055301402,-0.004198272819623809
2019-05-03,-0.0012304690034802331,-0.003545996603053091,-0.0032500070145327,-0.0029734288201742724
2019-05-06,-0.008340892196422943,-0.007344376682202692,-0.007139902845413479,-0.009892586899795809
2019-05-07,-0.0065700299715764346,0.0031273895131222118,0.0026055560000876735,0.0025780334212338984
2019-05-08,-0.009471983118982154,-0.010951950781707267,-0.010904667169794399,-0.008437097663174988
2019-05-09,-0.002346202140790241,-0.00203571044555626,-0.001876406704089268,0.0012783167483194763
2019-05-10,-0.003694570111581514,-0.0028865319783595816,-0.002993564917094758,-0.002127917254698906
2019-05-13,-0.015212171842470815,-0.005289512874410891,-0.006033589909639318,-0.004846257274507431
2019-05-14,0.004607076307324185,-0.003541079652877379,-0.0030022511576065156,-0.002337005906171312
2019-05-15,-0.005607107408575819,-0.004364492081288402,-0.004370614812280254,-0.0033799191635444743
2019-05-16,0.009041446774985158,0.008568842859149928,0.008330477896724798,0.008644455311171933
2019-05-17,0.01138133229891813,0.00817627442570798,0.008501723948419448,0.011161569507975344
2019-05-20,0.03375553206376049,0.01533585898640931,0.016620933156595016,0.021360842280952134
2019-05-21,-0.012168809461937281,-0.0042886223573648866,-0.004855751951042682,-0.00488305822583854
2019-05-22,0.0036444159586457112,-0.005264412596557511,-0.004585324643503567,-0.0022931540217589652
2019-05-23,-0.0028533432783278533,-0.0036455371183333864,-0.0036643101776778026,-0.001577530785519783
2019-05-24,0.017877373723551325,-0.0007384473506103905,0.0009267192217447026,0.009422508623394981
2019-05-27,0.00866377265174882,0.004668533567445019,0.004986559224778531,0.009409633007987285
2019-05-28,-0.001475512200644184,0.0035482226338071033,0.0030634118829714185,-0.000678520986525308
2019-05-29,-0.007001152888061305,-0.0013443045200600546,-0.001753538893385752,-0.00433474339811553
2019-05-30,0.004215069566402026,0.005348632428501735,0.005231635400279088,0.00518156845498315
2019-05-31,-0.0004966689269015639,0.0008229305015537087,0.0006672346422907639,-0.0004667839727788884
2019-06-03,0.015448763161497122,0.020917200939604606,0.02111176817010842,0.017654228944155213
2019-06-04,-0.005313531647443247,-0.009905646606328176,-0.010200333476860557,-0.007051579211620237
2019-06-06,-0.009697118527761547,0.004697858470101596,0.0050490485656654125,-0.0007004540517596697
2019-06-07,-0.00021173715858102823,-0.006473386946317011,-0.006537017080184637,-0.006945790772623742
2019-06-10,0.006702038053870795,0.010200039598860646,0.010359691101605718,0.009537429595967739
2019-06-11,0.002801785671006453,-0.004233590789733018,-0.004280390871904316,-0.002394639572605135
2019-06-12,-0.003958608080475969,-0.0054214852722334955,-0.005207049980549251,-0.004792195124041985
2019-06-13,0.0028270146790264567,-0.00037182561684027796,-0.000599411221437417,0.0014795801151141937
2019-06-14,-0.0074170014641479955,-0.00805995497073936,-0.00801330370311044,-0.00775828883352823
2019-06-17,-0.014191810149575903,-0.004767819960780079,-0.004563063816139489,-0.007537695527663479
2019-06-18,0.00294951874673895,0.006915694565873282,0.0069974583753533515,0.005987386763263783
2019-06-19,-0.0013707235759699374,-0.005506749861323672,-0.0053281664677272385,-0.004330537977879384
2019-06-20,0.013600289342238699,0.007143292488285196,0.006760745025049216,0.008585330268569278
2019-06-21,-0.006250239375501506,-0.009734803242763301,-0.009771048648913042,-0.00685519951420139
2019-06-24,-0.003524851332345108,-0.0054022647960621124,-0.005575766139621987,-0.005383869303164264
2019-06-25,0.007076798974911059,0.004294165136851489,0.004203033529729405,0.005943980917904853
2019-06-26,0.007819334870750984,0.006264367549159368,0.006184824290539091,0.009598849656474208
2019-06-27,-0.0001869735195906814,-0.005517733412991731,-0.005761164770918746,-0.004492877797708982
2019-06-28,-0.0018058018782278855,0.0009258446167704484,0.0009868705927070258,-0.002338580531778053
2019-07-01,0.0027384504096593194,0.008055411276068807,0.007580935848060643,0.005562915398225229
2019-07-02,0.003120176677491303,0.0023923068295660195,0.0023693013451560577,0.0037280926254094435
2019-07-03,-0.001012578890749824,-0.005124443521198317,-0.0050782080815126324,-0.004721112998873445
2019-07-04,0.0019169103812162343,0.002498405375342883,0.0023003755335898324,0.0033624336114720186
2019-07-05,-0.01766416380506438,-0.01456937056051471,-0.014769771430916633,-0.015084399383654402
2019-07-08,-0.025198177291836488,-0.017553676584032177,-0.017419237448187113,-0.016109099277744267
2019-07-09,0.0037095730600365767,-0.003717866535306722,-0.003936094293445221,-0.0028665723841129276
2019-07-10,-0.008027344665958395,0.0001505637527578355,-4.906812440831415e-05,-0.002097032504419254
2019-07-11,0.009094905915457335,0.00624287339213136,0.0059929632578153945,0.007255357217293507
2019-07-12,-0.0008310907721972888,-0.008017667371708153,-0.007376653502686814,-0.005911665205105326
2019-07-15,0.0016090389219550912,0.006249011639174009,0.006230219820947033,0.007841924633329203
2019-07-16,0.008399351394839202,0.0077412442722060585,0.007574638360021965,0.005900816272122882
2019-07-17,-0.00028054726095454315,-0.0003509830010866065,0.00010100762361633323,0.0028108351747852915
2019-07-18,-0.013302298114032237,-0.004328597902639449,-0.004624613779517134,-0.006675125136593562
2019-07-19,-0.014317948505000611,-0.011397113742313508,-0.011321065346611203,-0.014152795039632723
2019-07-22,-0.00036635824594830426,-0.011010183327319588,-0.010552058204821399,-0.0068348521159915365
2019-07-23,-0.0003773592054599739,0.004975281335496889,0.004740187831439728,0.003147134973957725
2019-07-24,-0.009907137931266687,-0.002572104615171035,-0.0026546365653138167,-0.004433710070031016
2019-07-25,-0.000744136234393045,0.004746099307770323,0.004643415666567329,0.0020061797891011528
2019-07-26,0.008293258223821487,0.006608464408104806,0.006520310331944903,0.00558741433770063
2019-07-29,-0.015532308724576536,-0.008245791765767323,-0.008082506562683176,-0.011016943301606949
2019-07-30,-0.00876347122174999,-0.0023231689631302505,-0.002264543512056129,-0.0064779553615774595
2019-07-31,0.0073493895575287415,0.0027636809978300765,0.002832860982258094,0.0077919559980967005
2019-08-01,-0.011621543443226065,-0.010360516643135212,-0.010687349984013588,-0.008255046411273784
2019-08-02,-0.0008017617202165906,-0.0024190014420506353,-0.0024788433199783924,-0.0010419406546641264
2019-08-05,-0.01153567467471929,0.0007084516486656873,0.0011806249789249029,0.0031678928903598313
2019-08-06,0.012168075789755366,0.00518050052807014,0.005225938854217584,0.007976167709185286
2019-08-07,-0.009094292252269069,0.006183170560593861,0.00681163083246508,0.002037829939264829
2019-08-08,0.014753500935538042,0.015259943910645606,0.015284590998199198,0.017281833004482054
2019-08-09,0.004509361382003069,-0.0028343581176492826,-0.0032330721766461274,0.0024399381359680485
2019-08-13,-0.021759776081838045,-0.01572909468818986,-0.01573368233289201,-0.019716060705008392
2019-08-14,0.010265081228803005,-0.0003182395273447908,-0.0008408972867585958,0.006548989742232846
2019-08-16,0.005123017974911222,-0.0015619747461928413,-0.0018239963753252514,-0.0019506320451321661
2019-08-19,2.435507597254006e-05,0.005004020231995427,0.005304497965776055,0.0033339141983310516
2019-08-20,-0.0032918735413237305,0.0011931808285384465,0.0010481435577166785,0.0033392222221215653
2019-08-21,-0.009478420158424377,-0.0015126326147041325,-0.0012992245056997814,0.0007871772820935044
2019-08-22,-0.012073883260011437,-0.001893371666929415,-0.0014018953061664477,-0.0012539271085095923
2019-08-23,0.01137223207494079,-0.0021959917859108546,-0.00230479134022084,0.002513336387857348
2019-08-26,0.013947497760944961,0.017259045676317097,0.017727931182945834,0.010151495539652979
2019-08-27,0.0046424134839881965,-0.0018734702126358591,-0.0020188508540517707,-0.003178808707372252
2019-08-28,-0.007084146234026017,0.004978688579248078,0.005266717312478725,0.001183159781659076
2019-08-29,-0.0006519495935507086,-0.0016346142350735907,-0.0016060318107741158,0.00033833771317258454
2019-08-30,0.00426429966041052,0.0032719488780395974,0.002916100467107015,0.007352035073023236
2019-09-03,-0.0195803597135696,-0.00947524256879564,-0.009464516794795926,-0.01247448415634893
2019-09-04,0.0041102060316355,0.0011072063319395226,0.0010792052537445058,0.0003744730696030929
2019-09-05,0.008143413016367042,0.0005434946114248832,0.0005549314364108014,0.0005022375941648157
2019-09-06,0.012480163809068405,0.0014724705671592033,0.0014133880124109304,0.002279833527486273
2019-09-09,0.005182936331249189,0.0003166492975705139,0.00026829122951177757,0.002008435896803427
2019-09-11,0.0034329264347563743,-0.010879476586757626,-0.01091242393478829,-0.007766447502673971
2019-09-12,-0.006420984728644139,-0.007284608495325602,-0.007303180761325569,-0.007709516689323209
2019-09-13,0.00804125269709031,0.00507927722181277,0.005079589299126606,0.007880772064699884
2019-09-16,-0.0023553722541565006,0.003142353721996057,0.0031707634235211275,0.0015372013530503548
2019-09-17,-0.017209715853894858,-0.006745301872489459,-0.006717726811289188,-0.008765103753858715
2019-09-18,0.0033759717365549648,0.0024254815605980005,0.0024494495572479963,0.0034228099683691546
2019-09-19,-0.01218306638798629,-0.009236095495570957,-0.009250213579157115,-0.012377857788707359
2019-09-20,0.05414467288969657,0.02423307762988179,0.023998743881625664,0.03239554439635234
2019-09-23,0.022281389412742707,-0.005173347958895931,-0.0055343593110219495,-0.001485952734369658
2019-09-24,-0.007159283825753167,0.007240559807347452,0.007340464223675794,0.004275258814117597
2019-09-25,-0.014092843608535764,0.0022656891200686837,0.002358739717030707,-0.0026115467168774118
2019-09-26,0.015965923577007962,0.001824154559080341,0.0017468280423526739,0.0073273371654221054
2019-09-27,-0.008486882117801589,-0.0038584980102755987,-0.003907437557021087,-0.006099771469373759
2019-09-30,-0.0005056796662549524,0.005770977404912255,0.0057923953521336865,0.003024243403853685
2019-10-01,-0.014360354698153735,-0.012495670859162842,-0.012543369543477158,-0.01541137617807194
2019-10-03,-0.0042115139075653615,0.00501461346076301,0.004963741808073733,0.003989038971643268
2019-10-04,-0.0118836350561363,-0.005762165887405285,-0.005580587786957169,-0.003603101296424049
2019-10-07,-0.005646468232752398,-0.003460284766047247,-0.0035729496657989504,-0.005654375427310859
2019-10-09,0.015992196936602587,0.0017044358856173024,0.0015389743433872217,0.004764086761267698
2019-10-10,-0.0035752297561282994,0.0003484944566584901,0.0003203265322599619,0.002067665058853977
2019-10-11,0.009964305725817975,0.01245853755574657,0.012489303370666033,0.012389719861533255
2019-10-14,0.007465506065193511,-0.0018645015081726556,-0.0019390629602693214,0.0008012336322066429
2019-10-15,0.009724371660258217,0.002911536748556869,0.002746706647040429,0.003460647776304156
2019-10-16,0.0038778182519854307,0.0009835610735617006,0.0010502542671327877,0.003648194047854973
2019-10-17,0.01057377198057443,0.0011819517911625629,0.0009057730956652194,0.004174957669309878
2019-10-18,0.00853855056237669,0.005027230644797713,0.005116697285814384,0.007350912062587816
2019-10-22,-0.0034689776885586145,-0.006077626541572927,-0.006502459370638274,-0.012429125552345596
2019-10-23,0.0011344401817934065,0.006791522361695395,0.006629205018201691,0.006341186515598283
2019-10-24,-0.0017114020589140005,0.0012955777029941156,0.0012499563436414083,-0.0029974587975406712
2019-10-25,0.0019206833930362557,0.002723527698740015,0.0025368073353227985,0.006904618586425431
2019-10-29,0.015099447389861324,0.006507419374807894,0.006334210202603607,0.01341115805440748
2019-10-30,0.0047191625200579445,0.005723798441294887,0.005736734695024804,0.005839986804403255
2019-10-31,0.0035489791207032545,0.002175370518124712,0.002186592327797875,0.004652818630380154
2019-11-01,0.002301187113545499,-0.005708740717849879,-0.00556859521706969,-0.0035975724658010274
2019-11-04,0.0050037440874214426,-0.0030252395585072074,-0.0030023660340143966,-0.002698334509607431
2019-11-05,-0.003876500536730746,0.003944178882272269,0.0037839535300343173,-0.00019159571925791248
2019-11-06,-0.001216623052961038,-0.0019123729935016454,-0.001979401101706164,0.0012864042041955646
2019-11-07,0.0030586877162780625,0.007456227554926123,0.007334338905040448,0.00428360274225176
2019-11-08,-0.010573036244563058,-0.016499626388610727,-0.016391475176200914,-0.015631576972693326
2019-11-11,-0.0015981768089257538,-0.0037741183989432937,-0.0037390009823082384,-0.004607887263219476
2019-11-13,-0.009903295610067218,-0.006015117536480428,-0.006046534642056497,-0.0067652362596905624
2019-11-14,-0.00033977014023378014,0.003119995696716114,0.002950449266346097,0.000983452770421897
2019-11-15,0.0033849351962555044,-0.00726524245544502,-0.007066514146115802,0.000668115318013092
2019-11-18,0.0021533668681414644,-0.003169584539082123,-0.003077921560921841,-2.6674900284167496e-06
2019-11-19,0.004498106588884289,0.004333696459941314,0.004245911164464884,0.0031510231676091204
2019-11-20,0.0041093136399069415,0.011011566383948623,0.010956055175986775,0.009112006945738915
2019-11-21,-0.004222625221013628,0.003777696968114976,0.0035993820278016064,0.0010749917727240878
2019-11-22,-0.0013949093119559868,-0.011834337320632871,-0.011504305543354413,-0.008715517352421136
2019-11-25,0.014957385068623838,0.005571456865427856,0.005744619847274742,0.009787751683892603
2019-11-26,-0.008366894889482203,-0.003333378425328236,-0.0033813653170905655,-0.009164303574925292
2019-11-27,0.0054719714801884645,0.003416612713232064,0.003446747517255306,0.005574608731264825
2019-11-28,0.005512230078087127,-0.003547955014428702,-0.0033716853794748826,0.000870799351094587
2019-11-29,-0.008457880930461029,-0.0068236852242851125,-0.00691537080075239,-0.009516594111368354
2019-12-02,-0.003654538247601493,-0.007714119281405327,-0.007800456079720599,-0.009100091758478899
2019-12-03,-0.007996146836440413,0.0010222722622285556,0.00020812646697646888,-0.003101416927318178
2019-12-04,0.006918323993068254,0.008610512921701799,0.008273569318933003,0.01110961374583245
2019-12-05,-0.004846827958311754,0.006076829658632115,0.005421281960140697,0.0031477915349966065
2019-12-06,-0.00789271495242452,-0.00268658539493005,-0.0032903717283204416,-0.0063422597163639485
2019-12-09,-0.00039893884704362897,-0.007942155180161094,-0.007243905464964383,-0.006187160613281509
2019-12-10,-0.007999550067217446,-0.011045484132643255,-0.01051081994603931,-0.013130663163934787
2019-12-11,0.003870552662121945,0.007205531019512066,0.00690984045615325,0.00737435435217678
2019-12-12,0.006215837622351691,0.00011198428162918111,0.0010657298115557233,0.0016566474743030914
2019-12-13,0.00851065269986491,0.0010953177072037749,0.001546280273880625,0.006050585382464013
2019-12-16,-0.00508401430470555,0.00569990917633641,0.00461944321922003,0.003051938615504949
2019-12-17,0.00827757402912883,0.00428423182890934,0.004295919424650879,0.006773413299510054
2019-12-18,0.0046712726067645385,0.010179502987440279,0.009711913753818965,0.007781619679511908
2019-12-19,0.0030041404031397787,0.002192270164413308,0.0022404132557805262,0.002135969547670235
2019-12-20,0.0031091506341244897,-0.0025876208473146747,-0.002202911735382023,0.001373870000834622
2019-12-23,-0.0011821707559603024,0.0016388032682836933,0.001486211848355179,0.0005683367401118527
2019-12-24,-0.0005772300881197823,-0.003284649848862606,-0.003198919660232442,-0.003678213695710546
2019-12-26,-0.004202600737599106,-0.006343324287116905,-0.006085012893558047,-0.005556164259920734
2019-12-27,0.008841542416946712,0.006593299764555034,0.0067537626465148035,0.007762198024138798
2019-12-30,0.002654568349894553,0.0003271939383041501,0.0005742251342230379,0.0009440974218020978
2019-12-31,-0.003561308772934371,-0.005033422297408901,-0.005040941939592474,-0.004337481992693756
2020-01-01,0.00029023885731065526,0.0038259887421513796,0.0018987758980502506,0.00208364144850763
2020-01-02,0.008716718134835435,0.006287792677917842,0.007400122903047573,0.005773083887114121
2020-01-03,-0.005479267174799135,-0.001433091732153855,-0.003975888774915772,-0.004682379958324032
2020-01-06,-0.016200030012097796,-0.00654044151010763,-0.010991534402311782,-0.011322213435453494
2020-01-07,0.0036487359567309685,0.004899815029310514,0.005010170340648618,0.0034149560111595445
2020-01-08,-0.003042947614377761,0.0006716923343251036,-0.0014483034909530828,-0.0016996389722855252
2020-01-09,0.013450471833677969,0.007217982417682832,0.010400910083603025,0.009646336165691652
2020-01-10,0.00443217722586279,0.001190285264203536,0.00249574798482592,0.003837070450976908
2020-01-13,0.007058971512827953,0.008424464619148971,0.006324553753946579,0.008002885946293116
2020-01-14,0.00534557539153881,0.00621025497943211,0.006277254569966549,0.004269392589915354
2020-01-15,0.0022834796898059213,0.0016384784473034838,0.0028913779026998286,0.0014726015727771096
2020-01-16,0.0019070952589831732,0.004440429219470655,0.003585952935852574,0.004911937075859139
2020-01-17,0.003764585621127472,0.0076385532153671895,0.004538682290183189,0.003667374479118859
2020-01-20,-0.007492211498949186,-0.005823428450719854,-0.006742230316113985,-0.0067566350488299865
2020-01-21,-0.006855376771898337,-0.004521686536296556,-0.006217176347459536,-0.005370142063269557
2020-01-22,-0.004937238187972396,-0.003831714428071538,-0.005220307153603223,-0.0030374220095296554
2020-01-23,0.0069634927600490445,0.005721114432497587,0.0056029828235472,0.007839953992929471
2020-01-24,0.006100618078201394,0.0058007745583905914,0.006168184733469225,0.00678830931572293
2020-01-27,-0.005555267307398221,-0.0008574575331598273,-0.0013045304472756587,-0.0060957396771518756
2020-01-28,-0.00866267255697548,-0.004738712560612196,-0.00506859111428754,-0.005120630386621318
2020-01-29,0.006897671524463952,0.009826268824242899,0.00853460421307276,0.012100690229472725
2020-01-30,-0.008463952906787635,-0.004492429734294232,-0.005280059535465897,-0.004116034047831087
2020-01-31,-0.012463831678052793,-0.014789185380709275,-0.01438217462257406,-0.0062704705665775455
2020-02-03,-0.011028377199303547,-0.0029084067187921687,-0.0018100246594763769,-0.004079060143017193
2020-02-04,0.01959312634302287,0.012144133958636014,0.012102264019236215,0.010876841964518357
2020-02-05,0.005072725845890358,-0.001648864749108486,-0.0014577974203313746,0.0022895993707993567
2020-02-06,0.0038646949672735678,-0.000533920002414978,-0.0003097134706294448,-0.0018909935158893806
2020-02-07,0.000551374173509824,-0.0008408629438788217,-0.0013814117547312388,0.0007764674952587272
2020-02-10,-0.01220136878547645,-0.003809069483107213,-0.00352988930061552,-0.004065513176002776
2020-02-11,0.007877964972194286,0.005230626153183258,0.005021482881565137,0.007227193411140826
2020-02-12,0.005273323744223074,0.008148115336599981,0.008418757126674873,0.010260765123925097
2020-02-13,0.0008466291754227338,0.0016696193480927506,0.0017214479438232002,0.0010200035675945155
2020-02-14,-0.006504779612938178,-0.0011584714615367028,-0.0004861031990765583,-0.0011765539100749478
2020-02-17,-0.006496834827042606,-0.003440697988141915,-0.002852420160876032,-0.006555782852620644
2020-02-18,-0.0015118716143341336,-3.623569926137506e-05,-0.0005688516227155729,-0.0015020856006863871
2020-02-19,0.010716153821412763,0.007934193459936395,0.007809814283208704,0.008255740860197218
2020-02-20,-0.0018609943069498036,-0.009913651082980975,-0.010125315568724187,-0.008868845235961651
2020-02-24,-0.024787846439611343,-0.012028774524704229,-0.011441894697112704,-0.018448291099093704
2020-02-25,-0.003359668854075707,-0.006889170069786975,-0.006811054274071762,-0.005625137476813532
2020-02-26,-0.010409245662311769,-0.007377211556969734,-0.0069523617554003835,-0.00685091349410542
2020-02-27,-0.004033647663073514,0.0006205916425693625,0.000978566524171761,-0.0013663496945246641
2020-02-28,-0.03906621576624852,-0.03587545522392167,-0.03595083585185645,-0.03786689612128098
2020-03-02,-0.008257302139203481,-0.0064004824099957005,-0.006035594652153261,-0.011100113917365768
2020-03-03,0.025102479865207236,0.009841601316604501,0.007967072040345484,0.016326241814697454
2020-03-04,0.0009077068766770098,-0.003321988100002807,-0.003883084907462641,-0.002072193276926241
2020-03-05,0.0014284049298876281,0.011874444083680906,0.012880492364235234,0.003841941747391237
2020-03-06,-0.02107482763342384,-0.005802620272455103,-0.0041102449621231345,-0.013525501949943782
2020-03-09,-0.04357346357796299,-0.030740336504053074,-0.029276304276200586,-0.034168533192850646
2020-03-11,-0.00659011248764992,0.003969731214479721,0.005461243525177952,-0.002024996414248912
2020-03-12,-0.07926925982563682,-0.0788811150118865,-0.07963520103027064,-0.07852061653048345
2020-03-13,0.033198242445858686,0.01756455660415175,0.015839488402423593,0.02615509919409848
2020-03-16,-0.06818394589930486,-0.048103003256261816,-0.04586450274124598,-0.05819202254668216
2020-03-17,-0.012809458606174644,-0.014708672793508265,-0.014378658741378619,-0.02091248021766563
2020-03-18,-0.04404486497919135,-0.06534487409760194,-0.06663474858759381,-0.06585156519928026
2020-03-19,-0.03914764852683378,0.006696584105442799,0.01175078668993227,-0.014417333750254268
2020-03-20,0.0663356330927514,0.05150808094142175,0.04977877171592501,0.0575751783740058
2020-03-23,-0.12305069452491069,-0.11675239016622814,-0.11587014657420645,-0.12428965155532908
2020-03-24,0.019241824104045402,0.02336407900192088,0.02304913797524729,0.00661623866198943
2020-03-25,0.04706327106272625,0.04271071527606935,0.04145433424841985,0.05458758485571463
2020-03-26,0.028219042987794485,0.05231153847091082,0.05497789172991861,0.04802744400694628
2020-03-27,0.0006843175899227468,-0.009112120204797503,-0.008872750315347214,-0.0013129826675135504
2020-03-30,-0.024056193129597895,-0.027456756634127555,-0.027677999419257,-0.033000848185504875
2020-03-31,0.033751049272629646,0.020956618029471553,0.019730213118923652,0.024811670838904475
2020-04-01,-0.034128747899981,-0.02204975335307711,-0.020970787109813385,-0.028567757771872395
2020-04-03,-0.009948688027566785,0.015920036171136853,0.017834646283746782,0.004807688287442267
2020-04-07,0.08223080178590977,0.05340359121433404,0.0511054718872196,0.0834228169146238
2020-04-08,0.0004851427434308924,0.015908036652580053,0.01648313868320427,0.0030568175139153737
2020-04-09,0.045156929977113854,0.05675052294381234,0.05926889131420127,0.039491961082736185
2020-04-13,-0.005918123040059058,0.0026256092671263862,0.0031107730511553393,0.011322941506657223
2020-04-15,0.0016248117245061386,-0.002601567148097431,-0.003721463949644003,0.003461602692219351
2020-04-16,0.01014043192605777,0.008591169334520098,0.009169389202279816,0.011581552986393462
2020-04-17,0.02062296318595755,-0.021909416956290895,-0.02370199008151198,0.008898649647116393
2020-04-20,-0.009562655835833104,0.027164987864520006,0.02956102479710149,-0.012041443001058635
2020-04-21,-0.03234428713452329,0.03206548651946788,0.0355069544487132,-0.004052137105279183
2020-04-22,0.014522489306519792,-0.0006587314860587463,-0.0020030695636345163,0.012799112923878359
2020-04-23,0.007433295220469801,5.30643691133547e-05,-0.0005666694058855627,0.0007087969194766943
2020-04-24,-0.018983747266821824,0.021467402751580975,0.023742125400197718,-0.0027177311962773244
2020-04-27,0.015743651844833825,-0.013344271348746696,-0.015507105992298155,0.010640287178147731
2020-04-28,0.0033125032849315185,-0.042537362250028105,-0.04499509881786415,-0.013200072066076783
2020-04-29,0.013085659705344898,0.004633047484692983,0.004836389659037308,0.0020313999141122075
2020-04-30,0.03280597445630053,-0.0018863074487440405,-0.004034691815787776,0.017766594991058135
2020-05-04,-0.05130207233267059,-0.003590762243386055,-0.0032539369701847214,-0.021316048686618183
2020-05-05,-0.01065088754392096,-0.02530844143817782,-0.025328819359484833,-0.008755791374559771
2020-05-06,0.005652280435119676,-0.006955672635296375,-0.00728895579159334,-0.0029028127158162
2020-05-07,-0.008502028094192501,-0.035842884515135925,-0.03629466661940879,-0.01628456395845525
2020-05-08,0.000220880782770044,-0.011342177565920653,-0.012169865985157591,-0.003347861642672436
2020-05-11,0.004292024542868433,-0.013107055572304568,-0.013045978656319934,-0.0023735745254838195
2020-05-12,0.0037104055249736144,0.007822279064595651,0.008153243938010256,0.00734426693658775
2020-05-13,0.020486589371513486,0.010580873962089378,0.011014852971084066,0.006058511349188154
2020-05-14,-0.01977602971369002,-0.0013812961087498795,-0.0012252295354734377,-0.01982038796420192
2020-05-15,0.0008593019795101856,0.004014967018503481,0.004044437953565902,0.007835255800906675
2020-05-18,-0.03580070865535213,-0.025172611626771053,-0.025279469882419983,-0.02349289505618674
2020-05-19,0.014522386085456931,0.005190877128225527,0.005198092012294977,0.022157478224452735
2020-05-20,0.02182732868293142,0.021800593525060124,0.021886043941957745,0.020983302078452067
2020-05-21,0.00453490834458577,0.007648956774563268,0.007798485282601585,0.01139985528636008
2020-05-22,-0.004165869363327763,0.01638058124060187,0.016510984165149793,0.004026485293809842
2020-05-26,0.006347541925039262,0.003990945245994649,0.004232212045257908,0.006725639062884357
2020-05-27,0.024012631963547262,-0.012814677071002924,-0.01332367369176884,0.006578178524886002
2020-05-28,0.015951896934771344,0.018941194601465365,0.019089131011818306,0.01327774343188962
2020-05-29,0.014700672649504047,0.036696733546935145,0.03716950114816241,0.023455876609312507
2020-06-01,0.02237628356537375,0.028740410022953234,0.025240255001822462,0.013376797725451275
2020-06-02,0.012187136566791532,0.006510460928348849,0.004666656051618978,0.00521062472083569
2020-06-03,0.008214269161100692,-0.001791211494227677,-0.0011668966099122168,0.00020174685337814987
2020-06-04,-0.0008370728816970876,0.00845887166777897,0.009615957950921208,0.0020434141201580453
2020-06-05,0.014500870990169796,0.0060236727607928964,0.005732465154270545,0.011692787443672284
2020-06-08,0.003968716794035939,-0.00216743657844407,-0.0024724487946171823,0.004613295702257752
2020-06-09,-0.009657396442875332,0.010396901143368907,0.009034644312180545,-0.012931725241923375
2020-06-10,0.00026055967640905187,-0.02183278492130915,-0.0190060925815664,-0.004786314299286346
2020-06-11,-0.021827240455103262,-0.015153746349990817,-0.015171794939258462,-0.014676499531964801
2020-06-12,0.007768592505969217,-0.0032407339547686122,-0.0033075517196267945,-0.0016351735060163887
2020-06-15,-0.015656381629184236,-0.021628193891527515,-0.018803477238807813,-0.013558590691473808
2020-06-16,0.002765911154356911,-0.014082741319463169,-0.012770805093363662,-0.0022995408454026013
2020-06-17,-0.001230404010100927,-0.007106286953795502,-0.0065714436162142235,-0.0020927030290438645
2020-06-18,0.019137215357573574,0.02560131276520878,0.022681429379314978,0.014939056461554946
2020-06-19,0.014865177725974902,0.0016835330118672807,0.0016673495199431183,0.007804835065644656
2020-06-22,0.014644999255688773,0.035954784084183296,0.031790874545056386,0.019666390616723144
2020-06-23,0.02147439236953723,0.022644808727286518,0.02135694146869297,0.02233299394231167
2020-06-24,-0.019054625739634713,0.008853197601820816,0.006185842398178487,-0.019494073122949273
2020-06-25,-0.0023970794334980355,0.0022541890312438315,0.001467637366039446,-0.003185541501757808
2020-06-26,0.004582388024674719,-0.001019300503046795,0.00032691317826207857,0.0012189015528534751
2020-06-29,-0.009256743566791164,0.0031528232309139697,0.0018196467155015797,-0.0075197557980494585
2020-06-30,-0.0002036224288698412,-0.010220854724340877,-0.008952578194304376,-0.0036003775059722217
2020-07-01,0.003725144195806268,-0.009801844028426682,-0.009898533603409667,0.00013540544171110618
2020-07-02,0.012139525775759087,0.021528742650267118,0.019098579150170877,0.01168487066526033
2020-07-03,0.008456211110767924,0.019639167086144115,0.013863502337655577,0.017610736792909733
2020-07-06,0.015763449155261088,-0.005456790369233345,0.0006210476002296776,0.009283951394112542
2020-07-07,0.0005889149485190559,-0.006961198068462896,-0.008699903977264516,-0.006675402052156843
2020-07-08,-0.00914664284082695,-0.012822300727528282,-0.008523954340563912,-0.007744629975677523
2020-07-09,0.008392273376574465,-0.0086508448360859,-0.0028140786261004885,0.0007809532679389055
2020-07-10,-0.005917355201448607,0.0016824170603486066,0.002095760420597286,-0.0009703708635723268
2020-07-13,0.005533371292316623,0.0004386462936056745,0.008243934996532493,0.0014929483111517485
2020-07-14,-0.01702301161127119,-0.00882312743130691,-0.00819813214713679,-0.015086283313017668
2020-07-15,0.007226233368299622,0.03363222364763325,0.022976914133288187,0.01215110615580256
2020-07-16,0.008234033544259365,0.009646715366086321,0.010710529595259765,0.005274431263579709
2020-07-17,0.013541993449732361,0.00869412084151569,0.009102047130113422,0.005788913550512528
2020-07-20,0.008101278116223635,0.012669417042992135,0.006319796078675452,0.0025360906748828987
2020-07-21,0.006735048317128691,0.0015171671668893628,0.0019295364203839903,0.003832784186063443
2020-07-22,-0.001989635144351877,-0.006328258997926068,-0.006722871367173739,-0.00252356458939324
2020-07-23,0.010304748933338402,0.007199170567950561,0.009791256670125878,0.01266782520118943
2020-07-24,-0.007013169111567047,0.007272023949795172,0.005534287242868038,-0.004512531871835403
2020-07-27,-0.0043971405035378745,0.008626066667329634,0.0074438796511415,-0.0025205066505321347
2020-07-28,0.018611202643683857,0.0055959345250543805,0.010877942622046197,0.007405558444693584
2020-07-29,0.001556577068915426,0.011858567745947533,0.007895978587650477,0.00044482946544566475
2020-07-30,-0.0055121906034314595,0.00473995155494094,0.005339662027983071,-0.003746624434610043
2020-07-31,0.004436461067909753,0.0016073225213265206,0.004603401358031989,0.007176484598219641
2020-08-03,-0.01046856469723509,-0.010815486584970294,-0.010588165761247027,-0.009648934611589149
2020-08-04,0.009875381440341311,0.008190047687479315,0.008242349772915944,0.011779435186163026
2020-08-05,0.010397660809272537,-0.0048734346199626145,-0.0012778397915714009,-0.0001153315227864878
2020-08-06,0.007136194935924094,0.010522126037550782,0.009927518066428644,0.005631853134095272
2020-08-07,0.002595127777972367,0.005353127327823269,0.004620354026419263,0.0042193604793114205
2020-08-10,0.011664339938784024,0.010751749304380272,0.010920492074930644,0.012853225396273706
2020-08-11,0.0004774707402421678,-0.0035970416864649834,-0.0026856447493132313,-0.003257920275141575
2020-08-12,0.001635602251036317,-0.006469123117410162,-0.004636440417011496,-0.00594529661972306
2020-08-13,0.004220614557649494,-0.007286012520299601,-0.0047149195957882,-0.0052686877616752855
2020-08-14,-0.00828917711799377,-0.001378265351443427,-0.0026032979864048277,-0.00256974205215233
2020-08-17,0.013317670800515366,0.005687620227355092,0.007355427059073664,0.005027187284494523
2020-08-18,0.01061352968537839,0.0025386999257272745,0.004450821186486464,0.004557335098289627
2020-08-19,-0.0008303180679788787,-0.005250429500628787,-0.004313102919732389,-0.0016994551508106542
2020-08-20,-0.0015763305542084946,-0.0018814266015622398,-0.0018711620760934547,-0.00411914861152341
2020-08-21,0.006299940124120845,0.013511049557763895,0.011490972665894337,0.012130362280125446
2020-08-24,0.0030270345856502224,-0.001993220829023732,-0.0011692974156777129,-0.001351587367889456
2020-08-25,0.0003893566154887591,-0.006112405208115646,-0.00500092920949773,-0.003580786738158242
2020-08-26,0.003160981771831391,1.7924272035334254e-05,0.0006698319397560157,-0.001050081801483828
2020-08-27,0.0015031710707112214,-0.003922781252931564,-0.0025521631265231974,0.0007227115637480433
2020-08-28,0.005567888890451573,0.0029538970606846782,0.003264192764724052,0.0033185349399536814
2020-08-31,-0.029276766577388903,-0.01674337319296569,-0.019343540000068642,-0.02747628123140966
2020-09-01,0.012781118392724621,0.0030272413595085926,0.002440301665822234,0.017002939909464086
2020-09-02,0.006560140739259392,0.003303191630912473,0.003423513872113858,0.003429680861973921
2020-09-03,0.004888601230566553,0.01030065627248594,0.01113032647357594,0.004843456529197646
2020-09-04,-0.01911332536634841,-0.017329648747329174,-0.017113434132151342,-0.015353390847291867
2020-09-07,-0.00044455729229696294,0.010304384962067446,0.010309531626078235,0.006258820728412858
2020-09-08,-0.009977131850466983,-0.0072817256006165966,-0.0063436246223557615,-0.007293511900827562
2020-09-09,-0.002853103788151307,0.0027523098834857833,0.002456187213299226,0.004658025504543984
2020-09-10,0.006051911884187613,0.0065226822973237985,0.007187433937243139,0.010219606667342592
2020-09-11,0.002207519407400765,-0.0031723825356948974,-0.0026922605972099847,-0.000948562523441834
2020-09-14,0.002351234061334382,0.0033982299399848074,0.004867654513920562,0.002911329244706949
2020-09-15,0.005224224463390437,0.0049288499134201155,0.004690894888070382,0.005130922352965257
2020-09-16,0.006727149149094503,0.007259599000684914,0.007592969330485134,0.006692560859646066
2020-09-17,-0.004417357732948571,0.005370706663308996,0.004846316748697338,0.0013360530730849476
2020-09-18,0.009625466802160624,0.019789234168769248,0.018149088578901164,0.013518039810309548
2020-09-21,-0.030200846931097175,-0.02426259113933168,-0.023033485001778715,-0.026611971981922757
2020-09-22,-0.006941081513204689,-0.0014054643880068891,-0.0012649472660003127,-0.002642318380350294
2020-09-23,-0.005210942023864655,-0.009801514890249777,-0.008802807997142966,-0.008651265028820462
2020-09-24,-0.0294587650774695,-0.02086492169608338,-0.021563916642725847,-0.021740423290421487
2020-09-25,0.02862596349549556,0.022286241126623717,0.022911848115668605,0.023953633961607185
2020-09-28,0.02159434494114832,0.007300266314106773,0.007074447305273356,0.007979551352543031
2020-09-29,-0.00397908534368555,-0.008354709455477664,-0.007596141374476792,-0.005533362765801671
2020-09-30,0.003113827637373349,0.009153020663045564,0.008918670343851815,0.005422115416713006
2020-10-01,0.012722978000951707,0.009552619900496698,0.008737699144532166,0.01464792545116016
2020-10-05,0.006848189044373733,0.014464348230216167,0.01572726516915068,0.014650632632389304
2020-10-06,0.006427174448495197,0.0028283437153245584,0.002134151603727626,0.006535768847891388
2020-10-07,0.001536538693334543,0.01470464471836133,0.01646612659720532,0.0118861487775195
2020-10-08,0.00835790647517854,0.014005099906884541,0.01502851667833225,0.015015837843264653
2020-10-09,0.002692234087426482,0.00763323081115587,0.007989363394156741,0.004196273302760406
2020-10-12,0.0010801600860065378,-0.002701746284134056,-0.003003301795712443,8.461517301926397e-05
2020-10-13,-0.0027583906417908946,7.949755376301243e-05,0.0005207458534525486,0.0020277013341059302
2020-10-14,-0.0010511784450609653,-0.006216915806376839,-0.007473624237145078,-0.005936338559477366
2020-10-15,-0.019119100973111418,-0.014894109359139006,-0.014225016269430034,-0.01762830136107308
2020-10-16,0.011230684790851531,0.0047522757423691595,0.0037163883521026484,0.005191359963070028
2020-10-19,0.007102873952987627,0.00981216960774442,0.009847231933343359,0.007412733586000669
2020-10-20,0.0033267769050548675,0.007391692549066131,0.007982394385906597,0.0065246929171385235
2020-10-21,0.006245844176426549,0.0017268250439411382,0.0010219695769793158,0.0004984988292709679
2020-10-22,0.00036526516739008143,-0.004551015435705147,-0.005263626301221272,-0.0038574961268240658
2020-10-23,0.0043164752837979575,0.004489043793146199,0.0045150635950318985,0.002274918305103087
2020-10-26,-0.015924880058621298,-0.004997887611607807,-0.0033954655907282223,-0.010279450348095291
2020-10-27,0.013125663055107734,0.017362825100418543,0.017814226373211842,0.02460951543111284
2020-10-28,-0.010792585040186112,-0.0104064747345749,-0.010309985136846916,-0.00935136193233419
2020-10-29,-0.005529598512303028,-0.004883012364928561,-0.004690428138811709,9.820815297270895e-05
2020-10-30,0.0004421755935875737,0.0007647909401674099,0.0008689026489264904,-0.0022895759465518016
2020-11-02,0.003910497024596565,-0.015791266786143964,-0.016262447073549655,-0.010511096377915271
2020-11-03,0.011249692500761906,0.0019199109085802418,0.001715681879877251,0.00439821429610879
2020-11-04,0.005690627892362094,0.006089726677675936,0.006113805707131375,0.009281464776556518
2020-11-05,0.023213976379092185,0.01552847231741959,0.015577301595071098,0.015150148914167366
2020-11-06,0.003546391457281186,0.0004005214199843173,9.87644476883251e-05,0.0033981040436908945
2020-11-09,0.01286320466590088,0.00877637718817664,0.008630810879868731,0.014430801103317226
2020-11-10,0.005888192145655955,-0.00720302550216596,-0.008239074570470416,-0.006103187259784454
2020-11-11,0.020494303197815315,0.014833273882919395,0.01514583410077516,0.007127436006317514
2020-11-12,-0.003676441465052466,0.00012243592746123645,0.0003258746733643082,-0.0009888043497567856
2020-11-13,0.009893563324279887,0.0003361258367369155,0.0003444387242712492,0.00415828492945677
2020-11-17,0.011047129195246076,0.007335486431060688,0.0070215239596865655,0.004989647932991358
2020-11-18,0.008966935597075645,-0.012031761853011878,-0.012451907759063928,-0.005353220517620289
2020-11-19,-0.007837945122304159,0.0009888431160832503,0.0014856884578091996,-0.006294235069785633
2020-11-20,0.01481048135666367,-0.001724368762784512,-0.0020022433586925036,0.00515791346887641
2020-11-23,0.008323044484035483,0.018748033822059234,0.01904070768063468,0.014182151301126709
2020-11-24,0.010859378128841673,0.0036129410484830897,0.003500677730594313,0.009966354946686098
2020-11-25,-0.012869259374293951,-0.006220153233282303,-0.005991918343353201,-0.015319705187900289
2020-11-26,0.013654429884432953,0.003966474310389193,0.004241965426344089,0.007903811760077782
2020-11-27,-0.000811458518559641,-0.006612857369059962,-0.006626057974898622,-0.001887399896423589
2020-12-01,0.012160249652897748,0.008780995212956097,0.010058790603461692,0.002135238457916449
2020-12-02,0.009208705373594517,0.009487992272428254,0.010844233688540506,0.010845598176931894
2020-12-03,0.010176554873624299,0.005969113570686127,0.006615055444154028,0.013945189421796348
2020-12-04,0.012889459083742134,0.014258642701413313,0.014491470750547188,0.008210667867087231
2020-12-07,0.006552207095855704,0.018443310271494155,0.018721332748729176,0.005758261867831849
2020-12-08,-0.0024732462915494358,0.006428375809879524,0.005378876175904136,-0.0004229198598361412
2020-12-09,0.004566032077374967,0.007647371001627993,0.007153387933194086,0.009188167659888115
2020-12-10,-0.0021631219990151376,0.005872489001923406,0.005574220901676368,0.0011519505740289243
2020-12-11,0.0040085688506946845,0.013819405284037382,0.014175207784427544,0.011861383174961874
2020-12-14,0.007463106955968413,0.009112992403413251,0.009587856891431115,0.006751966063588938
2020-12-15,0.0022319503111969015,-0.011365426187926984,-0.011154039944599767,-0.002656869714340411
2020-12-16,0.00783802011859605,0.009708290234919214,0.010075264317585268,0.01108709763067274
2020-12-17,-0.0014520559027067486,-0.004113094509766115,-0.004654374370768003,-0.0010767672266709639
2020-12-18,0.002638655668712949,0.0022249444656911735,0.0020155685355895906,-0.000318431990056943
2020-12-21,-0.037881432948022126,-0.028500454933124555,-0.031212532665579495,-0.03418514003651967
2020-12-22,0.01600282216126917,0.013311554401355409,0.01335432336326937,0.012609891274185343
2020-12-23,0.01267171732309472,0.00874078343204155,0.00912234551424039,0.010416166680846817
2020-12-24,0.006353782408086824,0.007896877013374696,0.00805004208446995,0.008023258407048595
2020-12-28,0.008636556059442208,0.0067736968872094995,0.0068894730297675705,0.006647329387563523
2020-12-29,3.1941236266588065e-06,-0.0032955453420223284,-0.003622445324314362,-0.0035279928024028765
2020-12-30,0.00622628469389087,0.007097632234218469,0.006645025068940904,0.006228192098401211
2020-12-31,0.0006949795824706778,-0.0047572309646200656,-0.0042922814398482605,0.0010086649181917052
2021-01-01,0.005842049806472714,0.0026870434029544663,0.0023347138881307,0.0021272893513506847
2021-01-04,0.013885330945348445,-0.0002591740376335465,-0.0006249245786611284,0.00282847623518978
2021-01-05,0.0009643356145456431,0.000992521617461134,0.002424969089542443,0.001614526245099728
2021-01-06,0.0014480094505880056,-0.009219044409317041,-0.009354934085504134,-0.001858754770267926
2021-01-07,0.003693377792675042,-0.019025158738147266,-0.018322158689676286,-0.007346932785850206
2021-01-08,0.017616993145623507,0.026398701641298997,0.026362074731807655,0.01969407083389243
2021-01-11,0.006461064777707731,0.013037064797792363,0.012983369575637513,0.00857068357940356
2021-01-12,0.0022311070732835684,0.0007365120806711754,0.0009627194195640258,-0.0034906222223392747
2021-01-13,0.004994664590876261,-0.0016312303147184703,-0.0022388683746725918,-0.005325351340997938
2021-01-14,-0.0002158625170086356,0.0070531633172537835,0.005925299444035309,0.0041799095652258695
2021-01-15,-0.012468065905341273,-0.010787808703040573,-0.01020120604225307,-0.01304472779595308
2021-01-18,-0.01738609247593331,-0.0011068038861138108,-0.0006808750935783352,-0.010404297188702786
2021-01-19,0.01745310893080418,0.01124798009764526,0.011479692887955376,0.014578252100674899
2021-01-20,0.008366055904055161,0.0035033756183572933,0.004005942929151367,0.00337708156808664
2021-01-21,-0.009224557144548628,0.0011508233075175718,0.0019636359380578406,-0.0027213047989099264
2021-01-22,-0.01143419450004484,0.0041976421555741435,0.003911449585469611,-0.004539908401684068
2021-01-25,-0.0030367023114407123,-0.01069502514328627,-0.00991590627511277,-0.008698026355868995
2021-01-27,-0.013417510188511146,-0.0034094377960065436,-0.003913513413554099,-0.012504290231041642
2021-01-28,-0.006466955602591015,-0.021357153448921102,-0.020594415541967007,-0.01955970122779993
2021-01-29,-0.018203190693467833,-0.023629147733065403,-0.023124739041182372,-0.02149417154990553
2021-02-01,0.04006220595345658,0.04361215757265949,0.04623957867384941,0.036116349780960344
2021-02-02,0.022834551408990256,0.026833591180890903,0.02728310839865112,0.025649952083416378
2021-02-03,0.013239457126350593,0.006131259772974632,0.005860373051371414,0.006095225096559013
2021-02-04,0.010965965673914868,0.0017203329414936294,0.0022513442327991443,0.004668503644609415
2021-02-05,0.0036248952940783298,-0.002556266398314591,-0.0027573597228788666,0.006334740581715435
2021-02-08,0.016102453315596527,-0.001638908656018596,-0.002494529411290622,0.005374798161424931
2021-02-09,-0.0027280677804442867,-0.0030094809618255417,-0.0031207415250246867,0.0005497889854690322
2021-02-10,0.0003279408579450793,-0.002434183214674321,-0.0026772418081221633,-0.0004427205423839305
2021-02-11,0.0035628039629158996,0.003671282541825274,0.0036203224555306363,-0.0005148658691084796
2021-02-12,-0.005029348457556548,-0.000734388180847834,-0.000287792090602766,-0.006310989408265319
2021-02-15,0.008139333635831185,0.019104709021824713,0.02097265851213169,0.010583312204787535
2021-02-16,0.0058464017334954495,-0.010381643171285261,-0.01136837266043017,0.0038660694803405128
2021-02-17,-0.0025251712336248266,-0.010894340909775362,-0.010988575913735314,-0.00996269164173623
2021-02-18,0.0009149613172480162,-0.037570916238138255,-0.03997865662270478,-0.01601633498508767
2021-02-19,-0.015697949804313313,-0.005110495451083729,-0.0049983815077580835,-0.010997091022313008
2021-02-22,-0.01572191511554591,-0.0214529431721561,-0.021503358350928987,-0.011801276874706695
2021-02-23,0.00765984580991451,-0.015463734874409631,-0.016671239633585723,0.0008519572193477075
2021-02-24,0.012481893183774767,0.025266123356561327,0.026877437771501762,0.016567659717554868
2021-02-25,0.014592110612290786,-0.012189164707274231,-0.013531817150201879,0.0022228240585155296
2021-02-26,-0.036022203825619444,-0.028189447741756378,-0.02864339007012471,-0.03252999843903223
2021-03-01,0.019001980247238752,0.0048577696937212676,0.0034823951011801373,0.012475734402807411
2021-03-02,0.014912653396819435,0.019967977620960475,0.020674232870590694,0.013751935544706082
2021-03-03,0.015375585791918178,0.010140121455110241,0.00922643790015604,0.016339233023933863
2021-03-04,-0.00645355955715529,0.00042411810282827174,0.001363636485794641,-0.004946650050813871
2021-03-05,-0.011047405317926438,-0.007096965097036646,-0.006732915122962159,-0.005865754499215961
2021-03-08,0.002004099314095317,-0.0066260023348810974,-0.007334386539519884,-0.0008927034718959583
2021-03-09,0.0015022423088629014,0.004269291278689006,0.004342835396433512,0.0036609124395553774
2021-03-10,0.008441947705004334,0.011716612489956712,0.012033120150339095,0.008735161898219147
2021-03-12,-0.007744662647346566,-0.009267879094967443,-0.009331532510684429,-0.013368347690646303
2021-03-15,-0.0020261823622904716,0.005049862043734889,0.005955763078104087,-0.005298127884057573
2021-03-16,0.0016099675625649065,0.004821805664492215,0.005486839104749782,-5.511190942269128e-05
2021-03-17,-0.017602899239071764,-0.013883177808478501,-0.013532741963759238,-0.017589980489031584
2021-03-18,-0.00804907754423886,-0.010473488809627552,-0.011085512037334464,-0.013880688480753028
2021-03-19,0.010964858256465771,0.023442887244063043,0.024685051336111756,0.014443221808718442
2021-03-22,0.0043154567858468855,0.017829842270713284,0.01956056191910264,0.009337830461077844
2021-03-23,0.0022615945899621113,0.003908975073368842,0.0038269268288238824,0.0027127913954152027
2021-03-24,-0.017347353865617046,-0.00976164612932683,-0.00861135306202939,-0.010620381947508301
2021-03-25,-0.01845626397070304,-0.019351502202182725,-0.01956248799585618,-0.013975294935241769
2021-03-26,0.015853480785866805,0.019966062495763843,0.02021461639593147,0.016379885660569308
2021-03-30,0.02170688571999955,0.03533601058321264,0.03697025281064649,0.027344254249299753
2021-03-31,-0.004384586503930506,0.001568144591964033,0.00199957955117024,-0.0021836330705953953
2021-04-01,0.016559477445672335,0.0038658517324737123,0.003442940852229792,0.007046056605958481
2021-04-05,-0.01111824803788406,-0.013866015948943218,-0.016574917317518187,-0.004954346258245507
2021-04-06,0.006340845174502348,0.00709937762379794,0.006973333973624065,0.00807630754092547
2021-04-07,0.010432091915112424,0.01359405139409334,0.014049240762561133,0.012086671024490795
2021-04-08,0.007877133932745672,0.0071903354113372776,0.006669697582931184,0.005991665791667209
2021-04-09,-0.000180989259818623,0.00936261095460539,0.009011570075506957,0.007524113467536441
2021-04-12,-0.03643459659780106,-0.006062993470747352,-0.005276466762585077,-0.016937078804551295
2021-04-13,0.013372279310617255,-0.013099216433740613,-0.012324700047493808,-0.005285806429639109
2021-04-15,0.004076325055698208,-0.002492211236836262,-0.0033959750068704043,0.009193657583602164
2021-04-16,0.009032937305564285,-3.0407727703844756e-05,-0.002716433524073582,0.010588437872814462
2021-04-19,-0.018480693846377502,-0.001169733734696424,-0.0003484874450858759,-0.003280491975064369
2021-04-20,0.001763117016948155,0.0038330222030592866,0.004966561113212741,0.0056535207548685205
2021-04-22,0.0042359478249323415,-0.007547941622924572,-0.008412850992143138,-0.0028796125052381705
2021-04-23,-0.005257227613089369,-0.013439098832792309,-0.013742374404515565,-0.01134327549134253
2021-04-26,0.009852966885319196,0.002375959155146873,0.002383964061002025,0.0007263720243477633
2021-04-27,0.01055838328724063,0.007216961457025277,0.007625806549245516,0.008669032383832983
2021-04-28,0.010998057396479027,0.004503235217938741,0.005200157404299061,0.00449170524646953
2021-04-29,0.007914256701363096,-0.004405150939465532,-0.00502075211841907,0.002793776925611731
2021-04-30,-0.007645795576359444,-0.007946622979604544,-0.00819062891254551,-0.011822711938645047
2021-05-03,0.0035801595148066074,0.0015585616099693562,0.0017999042209844848,0.00789094767074896
2021-05-04,-0.006055227776344025,-0.013039768922683371,-0.012997646553015522,-0.010822298615001927
2021-05-05,0.009607642187280618,0.014480021138263667,0.01440689140388858,0.007533375152045134
2021-05-06,0.008307392154581272,0.0025299341693104985,0.002935857515364877,0.004833457085687131
2021-05-07,0.007532408931746942,0.0008817085366455207,0.0012818015363416846,0.003744890671646487
2021-05-10,0.013354208505204673,0.011743427563018514,0.012068665218089216,0.007053406920655183
2021-05-11,-0.0007319893936564147,-0.00038676969824242083,-0.000319114713936911,-0.005501468851583546
2021-05-12,-0.011122839013827265,-0.003968570090328884,-0.004287152425108676,-0.008418768566423075
2021-05-14,-0.006235232303255985,0.0020339096634934854,0.0017436485639632238,0.012625259428273828
2021-05-17,0.011703586367775815,-0.005482275140620675,-0.005579860899513907,0.003069208905131731
2021-05-18,0.014758172015254693,-0.006176821346803813,-0.00594493619730688,0.0026461879135974403
2021-05-19,-0.001152782748855677,0.0035795254149076907,0.0037470270461855562,-0.0006046680059839827
2021-05-20,-0.00868014366714874,-0.005659446411945136,-0.005790514327993952,-0.0036140402480452504
2021-05-21,0.011230146003535516,0.006109332819055688,0.005781708761000039,0.011266203118022334
2021-05-24,0.0006905791016766809,0.004033304216811356,0.003760070947202761,5.24084166496823e-05
2021-05-25,0.003753439740388511,0.004265072071029845,0.004417339338802489,0.007208712995835979
2021-05-26,0.0031276153154827873,0.0038820532311922553,0.003622824718440978,0.006471176366887399
2021-05-27,0.003221701263606259,-0.001261173879437905,-0.0011832382279776223,-0.0006106281164711532
2021-05-28,-0.00045425940404564117,-0.0002611562002133121,-0.00018641376675314976,-0.000951123036528139
2021-05-31,0.008245128584261019,0.018165315677380337,0.0179656300739114,0.015669901699802778
2021-06-01,0.0011981248171929729,-0.004249096058153154,-0.0030859538927557294,-0.0020305396988717977
2021-06-02,0.002341908023827998,-0.0044971322645339686,-0.0034723824271150833,-0.002158100001042724
2021-06-03,0.009069517550189497,0.004983676805038143,0.00512567518466008,0.009509380574780554
2021-06-04,0.0009345967277250724,0.0015704614661961797,0.001000374083166921,0.0011924374691245792
2021-06-07,0.005924365825181747,0.005775898979507822,0.006562615129278906,0.0018701696073795855
2021-06-08,0.0004942780461460157,0.008230888739295075,0.0075737576680096445,0.0030526069869217356
2021-06-09,-0.005462249500532227,0.00019124514351812841,-0.0006631148037181214,-0.00491027031623244
2021-06-10,0.0075507943069280554,0.0034747176791865746,0.0034198966867868756,0.006199534290262472
2021-06-11,0.0056136630629450785,0.01056025813115213,0.009599485738570456,0.004812622551766918
2021-06-14,-0.0016548315986043996,0.006599350838080184,0.005018723291696737,0.0007425578586250168
2021-06-15,-0.00021337366825526416,5.679663245717129e-05,-8.261303085484932e-05,-0.0013658752942740954
2021-06-16,-0.007760040371476869,0.0026404624974231622,0.0007291819281808609,-0.005176370079595447
2021-06-17,-0.008492036384257062,-0.0009917460515923406,-0.001609252616063754,-0.006487318144570145
2021-06-18,-0.0029960980684359114,-0.010328718772475803,-0.008428049324550557,-0.001695220422806228
2021-06-21,0.005656467071720574,0.00013506717260012343,0.0007109634932158435,0.0009260256999931762
2021-06-22,0.002960499825107027,0.003691333747131402,0.0038033271230808385,0.004896063783929098
2021-06-23,-0.0004090367311067669,-0.0013875031962526825,-0.0019355847310420803,-0.0029493732718566933
2021-06-24,0.005550201593874229,0.0059194199286199435,0.006451543967341756,0.006850331263234583
2021-06-25,0.007465252765611784,0.005995199965027114,0.0054236593133557545,0.011368271433344774
2021-06-28,-0.00010043014010287698,-0.00016746069307804756,6.114627601526684e-05,0.0016208837153795902
2021-06-29,-0.0036197017004579793,0.001446022682598561,0.0009622603477607658,-0.0006332035845565344
2021-06-30,-0.002093632065069168,-2.3900074271029307e-05,-5.8814342463255585e-05,-0.0002408701235382107
2021-07-01,0.0017875604176483362,0.0030072098721336377,0.002648618939311982,0.0027635899548531253
2021-07-02,-0.0004224275081131857,-0.00037301602222813014,-0.0005223760985704375,-0.0005091578068793508
2021-07-05,0.006222046932485922,-0.0015510252517763905,0.00019158082963383364,0.001748679123029527
2021-07-06,-0.0011725689626682783,-0.00889158396298281,-0.007107099719380578,-0.003746719803264427
2021-07-07,0.004548403524690138,0.0015725925867086602,0.0021583202267264788,0.004155589773435844
2021-07-08,-0.009336031562010527,-0.005491332293786342,-0.006332398870624253,-0.009263914364339433
2021-07-09,0.002831771261723402,-0.00034931982628755125,3.642986503663492e-05,0.0010425674844694046
2021-07-12,0.002027264009373797,0.0018135147400730597,0.002312612020075267,-0.00022884235725223294
2021-07-13,0.0041825055550708465,-9.076694802570757e-05,0.0011686653264713132,0.00043462400237949736
2021-07-14,0.004341776104620124,0.008796961969539522,0.007887693861305998,0.0031236192530663905
2021-07-15,0.0030370485813155084,0.008159157338786938,0.007209668424628549,0.0017785206278486292
2021-07-16,0.00021322760648037056,0.00019816803847518731,0.00025060399595223416,0.00042409204985695975
2021-07-19,-0.005810003348510131,-0.0007924478573313953,-0.0018954667146678394,-0.003354690350931759
2021-07-20,-0.008276585328085449,8.575579648784461e-05,-0.0016402430034372383,-0.0011820782835416433
2021-07-22,0.01449625273629551,0.006847564838916886,0.00844611723729366,0.006324045593003933
2021-07-23,0.0016765212855191663,0.0007878597138136448,0.0012561092987293816,-0.000537443399492566
2021-07-26,0.0015177485334686071,-0.0010979781229289742,-0.000720182386700912,0.0008863154538644043
2021-07-27,-0.005298871125683701,-0.01747786123786349,-0.01451245685889675,-0.01633620350987407
2021-07-28,-0.0006185669694358995,-0.005535020866449472,-0.004532546591647786,-0.004447085920659281
2021-07-29,0.0073757799206521715,-0.0034187124352623834,-0.0008350816865984054,-0.001509743699341096
2021-07-30,0.001727829355864702,0.013682140187153469,0.01067304457489333,0.002508675997534393
2021-08-02,0.0073168663246595345,0.00911360556586853,0.009151939343830805,0.006985389988663561
2021-08-03,0.013172255838593385,0.016950481337251785,0.016843799414142317,0.014515050149702911
2021-08-04,-0.0010000450589756195,-0.000980354328985383,-0.0010640844410347973,-0.0011544465763135695
2021-08-05,0.003106842473606059,-0.0008304691051335563,-0.0010416300815261886,-0.0022678982420559057
2021-08-06,-0.0022305837884551956,-0.004230854574357532,-0.004019385553249533,-0.0041738956034094166
2021-08-09,-0.0007938926523167769,0.002874485223241889,0.002497820319792051,0.0016641940815766924
2021-08-10,-0.0023448434468312236,-0.0005029130107465679,-0.000836477560748061,-0.0027290797736423565
2021-08-11,0.0026174434901796648,-0.0018875789400263094,-0.0016352808397103486,3.3411604883492804e-05
2021-08-12,0.006598715691625157,0.0032404098835963555,0.0029109607116497654,0.005999736942112894
2021-08-13,0.004365253666363875,0.005797837793683722,0.005531663638637424,0.0044692185487836735
2021-08-16,0.001524734006623815,-0.0019658907594214247,-0.0017404484700001726,-0.0007543586924572479
2021-08-17,0.0071733871259483314,0.01116845573489608,0.010766783702580805,0.015958212242302344
2021-08-18,-0.0012739326694983886,0.0030039437180300146,0.0030809146121999987,0.0006058324512486703
2021-08-20,-0.012439090191859585,0.005425400379853078,0.0051205532208276165,0.0012187679245593047
2021-08-23,0.000444026423611328,0.0010375994507280614,0.000740145072240286,0.0009921994212709793
2021-08-24,0.012372408915147837,0.005237240523264728,0.005634502929868949,0.007235774630513652
2021-08-25,-0.0013593250597515733,-0.002547542447502586,-0.0023828177064152156,-0.002703076062851309
2021-08-26,-0.0036384731463967174,-0.0001747879596704795,-0.00025157433444457085,-0.0010285557276384877
2021-08-27,0.007644984499851864,0.005269023676289933,0.0054259249450805186,0.006754789914258797
2021-08-30,0.013506810522652686,0.011901538721135075,0.012261223239381374,0.009780074401105555
2021-08-31,0.01649089333059303,0.016563706714007972,0.016910590433501974,0.018158858390391712
2021-09-01,-0.0027584253009132484,-0.0001615170164525686,0.00019058332180030995,-0.0011138366530875406
2021-09-02,0.0070302958632661675,0.008538140478126425,0.008788260309978934,0.012580831463086924
2021-09-03,0.006892917296962056,0.005369829027683382,0.005216797557869514,0.005605827584979298
2021-09-06,0.0023161589513713138,0.002345782168067684,0.002344573092959239,0.005613755242960274
2021-09-07,-0.0036129275236225417,-0.00014264042176888748,0.00026349870755180103,-0.0018438323582946098
2021-09-08,0.0003616941617822528,-0.0007714608422609235,-0.000893341312144723,-0.000907520038555259
2021-09-09,0.003139211774562973,0.0049825000770642,0.0051507862297814734,0.0041417781773106
2021-09-13,0.0035448528569977066,-0.00047179016863422744,-0.0009137154086722276,-0.0003934628169184334
2021-09-14,0.004028521395402063,0.0021483254270483706,0.0019378720647059702,0.00038380984344858716
2021-09-15,0.011966798448269988,0.008406683130504184,0.008090373297396015,0.00908438645775021
2021-09-16,0.0027077559912822725,0.004712291904431751,0.004958384063546143,0.0043618604376901345
2021-09-17,-0.0034081428530634878,-0.0021735645622543826,-0.0020293728246292683,-0.002060893788997871
2021-09-20,-0.013432735387468172,-0.00438393491628499,-0.003190315581707634,-0.006188285632521532
2021-09-21,0.01164974717496272,0.007437934133239771,0.006936398647681986,0.004899718687776606
2021-09-22,0.003467400033176452,-0.0009683242424565479,-0.0014666504248746703,-0.0013356611712660902
2021-09-23,0.013327333721242262,0.010318875971324037,0.009813204214680023,0.011884058927663312
2021-09-24,-0.0026209729801061976,0.004896497325788321,0.0057403581978453825,0.001491701899228026
2021-09-27,-0.0009315279707160136,0.00487419931363474,0.005484802350310086,0.0014060043716952219
2021-09-28,-0.0007987954001951862,-0.0004079452581301847,-0.00019045770566835675,-0.00023175855309232854
2021-09-29,0.006871657391158121,0.0016580347790173813,0.0012248284095791756,0.0025341255146389867
2021-09-30,-0.005619604560421289,-0.006512740286397719,-0.006594743775238131,-0.0062413360343378625
2021-10-01,-0.0018020258862494077,-0.001823456082613917,-0.0016898293714657584,-0.005390039364684578
2021-10-04,0.009038835125093922,0.0022790965856871914,0.001695342759400534,0.0018015728535666744
2021-10-05,0.005787388077726636,0.004470669387724929,0.004425344067193946,0.004940206729333163
2021-10-06,-0.014871227849747419,-0.009066834303672255,-0.008902971290764426,-0.010477756516341202
2021-10-07,0.010175903039721497,0.009197946342593431,0.009459735330384992,0.008256108338122464
2021-10-08,0.0012908852981644444,9.834132366333447e-05,3.6543766722043486e-05,-0.0005210063881306119
2021-10-11,0.008229699649246063,0.010467638333212877,0.010184242650781182,0.013593493897891175
2021-10-12,0.00402319071629529,0.004158369492312196,0.003969526203158974,0.0040366772901838915
2021-10-13,0.007951550408722629,0.0048043139808778895,0.004718229443944278,0.002541810702394164
2021-10-14,0.009286980795498098,0.009693866287346604,0.009556386335101195,0.013316603852389156
2021-10-18,0.006465524739677186,9.077131349158937e-05,-0.0005745853447766346,0.003398222897163898
2021-10-19,-0.01005805392094533,-0.010419980440126804,-0.010295362544329138,-0.009643194296662647
2021-10-20,-0.010584704372659317,-0.0063321509183293075,-0.006224108951606471,-0.009299401362059648
2021-10-21,-0.004964115621315015,-0.0009321631486684482,-0.0007610149260099689,-0.002918999163162553
2021-10-22,-0.008439913626759547,-0.0035585742785214413,-0.003376914865947078,-0.0068549477838354255
2021-10-25,-0.0012869316382518392,-0.0028209397197208135,-0.00312557046181112,0.0013739530142075239
2021-10-26,0.01097645238744712,0.0070646651826918845,0.006683979220277362,0.007762184579098949
2021-10-27,-0.00406030605694864,-0.005990085637775163,-0.005653530782864135,-0.00130880323572404
2021-10-28,-0.021347474002281888,-0.017783875824411873,-0.01762133364870364,-0.019920005990843294
2021-10-29,-0.005271648304172715,-0.00022920309993397676,-0.00014500799669097666,-0.0004131336832524546
2021-11-01,0.016394722945032608,0.0122984740962709,0.01199316519622569,0.010835671204827861
2021-11-02,-0.0037217895949911125,-0.0001937949220542879,8.197157743779926e-05,-0.0016396143605459052
2021-11-03,0.0008287935189065748,-0.003447758904317085,-0.003577610094225013,-0.002895810692987666
2021-11-04,0.005775575110054607,0.007811754044410009,0.007874580810860473,0.004317378878975827
2021-11-08,0.011690455814830091,0.006858659214907265,0.006461586848174918,0.007218131164631247
2021-11-09,0.0007343928909292353,-0.001094259234412379,-0.0012123476244784333,-0.0017612705075531927
2021-11-10,-0.002298711500042611,0.0016977343841810388,0.0021123694008427377,-0.0005206081667140845
2021-11-11,-0.0074129487433010465,-0.011185389257257258,-0.011570221523028567,-0.007381632537149421
2021-11-12,0.01049778847508379,0.005928075799023533,0.005847531785909653,0.00921865376409208
2021-11-15,0.0015349120813724706,0.00539367291225068,0.005859420202064076,0.002460010585338848
2021-11-16,-0.0036108269526964687,0.002612311640469626,0.003023381601957844,-0.001961423821766083
2021-11-17,0.0004717432296048774,-0.003983552037130862,-0.003983857571040822,-0.0048489364499887545
2021-11-18,-0.012835911550843373,-0.009279419306139545,-0.009130890970144578,-0.008121987441715169
2021-11-22,-0.01748550681165115,-0.016145330940675127,-0.016113999212034956,-0.01362707461911676
2021-11-23,0.01010251707032675,0.004505078859867555,0.004042905001768572,0.0057641485761376135
2021-11-24,-0.0029139330676785664,-0.0044914145470514215,-0.00459722435349225,-0.0057593337701952055
2021-11-25,0.004421797682382709,0.000794951807637487,0.0007545996602573504,0.002476459209587404
2021-11-26,-0.027720064758912474,-0.014005346481857937,-0.01283830342432785,-0.017705004939052253
2021-11-29,-0.0012686378225779619,-0.002349827112372916,-0.002306724271530466,-0.00020095007998799917
2021-11-30,-0.0029013288705219643,-0.0010196134745119126,-0.0008255369325842856,-0.0019089627277159823
2021-12-01,0.008670870964210646,0.0012451164762644494,0.0004063186985721714,-0.000526358795074557
2021-12-02,0.014025899571084747,0.011921430827586142,0.011691351160875609,0.013040946132687184
2021-12-03,-0.010873177637791703,-0.01073457110736691,-0.010807021147383968,-0.012155999339320791
2021-12-06,-0.017421655493969686,-0.01959690096142925,-0.01981917252413078,-0.018671772532992216
2021-12-07,0.015856572984325995,0.008366890957541269,0.007559647729710709,0.011085561897747192
2021-12-08,0.016393460238311057,0.01340992803174975,0.013049676122422381,0.013295604165023069
2021-12-09,0.002254681971541323,-0.00393863918817832,-0.004485496536695612,-0.0024970968995543293
2021-12-10,0.00041217020974448134,0.001654514872042665,0.001802577548671167,0.0012974200541285164
2021-12-13,-0.005385132674786342,-0.006367517005803317,-0.00647795592270746,-0.005083346299503523
2021-12-14,2.0824125491787984e-05,0.006078351871510267,0.00666552055351282,0.006856167353251918
2021-12-15,-0.005939150594737227,-0.002394511441757151,-0.002052670793028404,-0.005784450266142587
2021-12-16,0.0004215255369493477,-0.0027036866878597395,-0.002994291306561689,-0.0008505192108403
2021-12-17,-0.016504303691806013,-0.015188044194566186,-0.015163463990545774,-0.008449090290605967
2021-12-20,-0.019785547714388688,-0.0030196872030497863,-0.001321702512597282,-0.0055661942263048455
2021-12-21,0.01253652145326269,0.00943485556675845,0.009080273361537659,0.009140869698039858
2021-12-22,0.010380647728187819,0.0042964613223798066,0.003640356412285219,0.005827402031900998
2021-12-23,0.008611916212795287,0.007148633542668885,0.007105452621955165,0.009515666134978118
2021-12-24,-0.00647168817805447,-0.001847547020953617,-0.0014488917973370088,-0.0022424720559914416
2021-12-27,0.004557257238062597,0.006811458080134584,0.007014811968545635,0.007390405207073389
2021-12-28,0.009766063807127379,0.006723918261040206,0.006436139288658462,0.006433698679426026
2021-12-29,0.000831876349985932,0.0035175146002588706,0.003765920455363553,0.002571034308770305
2021-12-30,0.0006768940098519969,0.005230849129388884,0.00571933692235706,0.005804584524573613
2021-12-31,0.009968068111041763,0.004933000755852148,0.0043553866648710585,0.0051326616911696495
2022-01-03,0.013099372094709483,0.01177700381863994,0.009792035636389109,0.007661741550902911
2022-01-04,0.00944893304880433,0.004949102187672897,0.003772808041404214,0.005732822557042931
2022-01-05,0.009013214961087267,0.005723318671433729,0.0025376418851759874,0.0004476388732865275
2022-01-06,-0.006294794599950138,-0.008725191600440252,-0.009621002329966799,-0.012754974209291104
2022-01-07,0.0038159716314208956,0.0010791538422287384,0.0014750063408621697,0.004665833199339133
2022-01-10,0.00808927524270636,0.0002494253803584399,-0.0010579561652749928,0.00456551446488985
2022-01-11,0.00032903482220279345,0.003440774367994796,0.004591504544636138,0.0017216235159555906
2022-01-12,0.007418578511686585,0.0008987296473106634,-0.00017411370803256145,0.0003834954322759353
2022-01-13,0.0045136239302728245,0.0008493126008977505,-0.0006703185968513522,0.002354154010061317
2022-01-14,-0.0019661339334512483,-0.0035305973902251733,-0.0033881681352233494,0.0010581495307550163
2022-01-17,0.003987261940719812,-0.00021632605794136717,-0.001310839703890604,0.002186050965692595
2022-01-18,-0.0163400531022811,-0.008726547664864274,-0.009739007040736157,-0.0113171580384829
2022-01-19,-0.005598462287622039,-0.010849617766514375,-0.012161597389036617,-0.014896931112917138
2022-01-20,-0.005024788009220907,-0.00839225852174762,-0.00872895666021696,-0.006547232995202812
2022-01-21,-0.011223993394586157,0.0016952781695862584,0.001959907460052295,-0.003039321469469715
2022-01-24,-0.027403703922832354,-0.0038796262633183872,-0.0044143250316521394,-0.017021648573533953
2022-01-25,0.012300887970221906,0.016978169192962158,0.014885807872469589,0.004785656596851827
2022-01-27,-0.00733833615937551,-0.003790782102202633,-0.006472116508460227,-0.014308151708891343
2022-01-28,0.0014246298343314227,-0.00614630558433909,-0.005844949862591877,-0.00043697420020127995
2022-01-31,0.013209322409295605,0.012503100708970365,0.013558917947955081,0.013032276946398415
2022-02-01,0.014721085121555452,0.008464693544855415,0.006787409332425122,0.005953866211417624
2022-02-02,0.010270361125729993,0.002005529486627611,0.0017794950333371064,0.008901560832430088
2022-02-03,-0.00891462874683292,-0.004869842958424951,-0.004127405016039289,-0.00818445075772171
2022-02-04,-0.0016648742364663797,-0.0009625817519085186,-0.0013106181779950678,-0.0009391832528192863
2022-02-07,-0.013064175612304909,-0.008754219874172135,-0.008606574408173058,-0.013874434768157196
2022-02-08,0.0023436049635508485,-0.0014652025687977722,-0.0018529951828993884,0.00032158453845405356
2022-02-09,0.013077034868866444,0.014062573057991395,0.01412766529861462,0.009675358811982062
2022-02-10,0.007048173748584785,0.00336755991832857,0.003133390158375894,0.006941884307213226
2022-02-11,-0.012888122786278227,-0.011805332235386445,-0.01142396613624498,-0.013874367103000218
2022-02-14,-0.02847420298468068,-0.014935018809330843,-0.014289915813294769,-0.018713897094710486
2022-02-15,0.027774432201042164,0.010941548117900428,0.009925762602522589,0.01916822150672392
2022-02-16,-0.0014782888472870538,0.0018107238276632242,0.0019569238993115434,0.0017569608124610703
2022-02-17,-0.001880138656041453,-0.004043059031176536,-0.004197945353906279,-0.002216872337779355
2022-02-18,-0.0030627508370455548,-0.005326916199649178,-0.005450477651797304,-0.0032886679372291644
2022-02-21,-0.006810324861674464,-0.0015465033018445089,-0.0011596114562393055,-0.001103139354803935
2022-02-22,-0.004070864265291547,-0.007240618280044451,-0.007017803395252651,-0.008410437948816045
2022-02-23,-0.0010361157006151791,-0.004218497944608173,-0.004331417667987751,-0.002787496455380285
2022-02-24,-0.045482147499745954,-0.030802170325885468,-0.030076784945523315,-0.036795441154999865
2022-02-25,0.030146638742843377,0.01861741729274864,0.01768677683888726,0.02029791523386052
2022-02-28,0.01394437823119132,-0.0006632222765351635,-0.0020988332878558585,0.004046104205928316
2022-03-02,-0.005869152367064364,-0.008033823676819249,-0.008215838230899957,-0.007436420014669631
2022-03-03,-0.005147837847651741,-0.003195716746109992,-0.0023732558233254455,-0.00024396330208239754
2022-03-04,-0.01621624096563179,-0.0010316178251967185,0.0018697886310287551,-0.011208279207096678
2022-03-07,-0.012784977193342765,0.021221600531874735,0.025625458896856003,0.007449623448740133
2022-03-08,0.0072687293385522295,0.006532085596486408,0.007449655335053004,0.007665805846448393
2022-03-09,0.014881034792261789,0.0028114966867150938,0.0016065230874085358,0.004416910982371923
2022-03-10,0.012164288717491773,0.006721824391895128,0.005390231238296158,0.010397562948510046
2022-03-11,0.004675525167409015,0.006279960961038402,0.0067418850607861855,0.008872352950472066
2022-03-14,0.007556336031731081,0.00117581702634053,0.0004914997611730114,0.003107331283576287
2022-03-15,-0.012219052885811923,-0.006029146985513775,-0.005604891111009995,-0.012332867027565485
2022-03-16,0.01786344223684593,0.012076442063492551,0.011328717675408937,0.014476851672360017
2022-03-17,0.015601106852727743,0.008460068606930698,0.007005646481785947,0.010154633034561189
2022-03-21,-0.009528300814058616,-0.00613597835166572,-0.005740724907468809,-0.010271229744214346
2022-03-22,0.00781810248822271,-0.004378030986925097,-0.0056270926588352695,0.00211334461925081
2022-03-23,-0.002345439442616584,-0.003527161218768138,-0.0033351819836822455,-0.0026442850225990855
2022-03-24,0.003836062031134772,0.013272500701386802,0.015017628428356055,0.008179028402791786
2022-03-25,-0.004574428610602097,-0.007686269404226193,-0.0083658653507592,-0.005372879038332345
2022-03-28,0.004893199056947916,-0.0004976702440491203,-0.001890121167730405,0.0017757152275302839
2022-03-29,0.004944400519331559,0.006090487273294381,0.006377623114049094,0.0032573805071102217
2022-03-30,0.0026016351384150387,-0.00730833576268812,-0.008416329876404113,0.00046621536293580366
2022-03-31,-0.0014638227644103497,-0.005777246853542686,-0.00663436193634131,-0.0019326269020099635
2022-04-01,0.01174139600411757,0.013349205729192962,0.012822394419192376,0.011255980903212639
2022-04-04,0.013712820233075783,0.017070874183242088,0.016802169907376055,0.01122103171872783
2022-04-05,0.0024525141311497363,0.010239045413573969,0.009972469226722985,0.008770228878402942
2022-04-06,-0.001149419746117927,-0.00031684000251260133,-0.0006470435089062129,-0.0005852983586876947
2022-04-07,-0.005035452651168004,-0.0035735784381858947,-0.0037739753636029617,-0.005027315876571547
2022-04-08,0.01029997516312299,-0.00238243399735361,-0.0018428200292755245,0.0057363257628627266
2022-04-11,-0.0022546517770829105,-0.004729303350348333,-0.004691246727461025,-0.0037093706044081355
2022-04-12,-0.010549625990406004,-0.0045884558346072956,-0.005158232347877338,-0.009895861589950797
2022-04-13,0.00015827817022579822,-0.0020902077426208877,-0.001971275212604322,-0.0008188925763113852
2022-04-18,-0.004987035262233529,0.0030635835000157627,0.0018244694322025494,-0.0011999449233078933
2022-04-19,-0.011032584235842111,-0.023994071145849408,-0.02360872441891789,-0.017784642023515453
2022-04-20,0.007774828274485776,0.023255941319451957,0.02278020616099128,0.013061772689690365
2022-04-21,0.011860578655143308,0.0013362581310331846,0.0015892258075355411,0.004313060410493403
2022-04-22,-0.011815704487329794,-0.011345606354573629,-0.011165924099210162,-0.01784413198376692
2022-04-25,-0.01639706210411919,-0.009115175349942741,-0.009825400836060373,-0.01378046191848732
2022-04-26,0.015228155219965157,0.015295111364665943,0.01504453017596687,0.01723318762044919
2022-04-27,-0.01143823784843459,0.0006009455127710683,0.00011695091991776219,-0.0057676151192085304
2022-04-28,0.010618933520702336,0.0063057439071687515,0.0062806039352550054,0.009958821772885658
2022-04-29,-0.013372547676363006,-0.010741196581116694,-0.010678024315933893,-0.012629371446721192
2022-05-02,-0.0048066026353128614,-0.0074512793105774066,-0.007488309469906428,-0.0025550993210416346
2022-05-04,-0.023107305666428338,-0.011319362946628473,-0.012117655889016967,-0.009150366251124815
2022-05-05,-0.0005854635801590366,-0.005462548494393956,-0.0045685281790734614,-0.004935234695888084
2022-05-06,-0.013848695164354434,-0.014282735258057342,-0.014386627443885998,-0.007332906082216038
2022-05-09,-0.005236817072864419,-0.00103253370239115,-0.0009433749385718065,-0.0015055590642541054
2022-05-10,-0.010240489139360006,-0.00506567711739365,-0.005498500034260874,-0.01197175851038145
2022-05-11,-0.005497332004484941,0.0033409601820104193,0.00261948033128764,-0.004318121829371021
2022-05-12,-0.020063988256580817,-0.009000467062578713,-0.009464231808092803,-0.012655504866519673
2022-05-13,-0.002724412919483092,0.003680356524408659,0.0030856310259337622,0.004511653275740898
2022-05-16,0.006280317313794425,0.00030243397454450104,0.00011260651709526798,0.0012303291886430852
2022-05-17,0.02916900605096898,0.01837596256419166,0.019005509426001425,0.018797171318462046
2022-05-18,-0.0015407491542207361,0.00395362153454951,0.0034075102962508575,-0.0013180883116485661
2022-05-19,-0.025416828813694562,-0.02061239623017264,-0.021539427920358165,-0.017672216681746563
2022-05-20,0.026826246869979264,0.02871783030761716,0.02845646225509112,0.028819764611405715
2022-05-23,-0.005937901330207478,-0.0007625932183204748,-0.0013409586447287263,-0.0014928913044703967
2022-05-24,-0.009672999499316307,-0.0014409401019271585,-0.002157183882277429,-0.008403729190707313
2022-05-25,-0.00961284210395864,0.004955991469369994,0.0035371519648231577,-0.001175772851888714
2022-05-26,0.01038809152292363,0.008105322959067764,0.00846075049271557,0.0040304251231988875
2022-05-27,0.008523370919668417,-0.006405345708072101,-0.005037565132338495,-0.0007214772740160719
2022-05-30,0.015312741061914721,0.011408515156122057,0.012007736056432138,0.009377069728543056
2022-05-31,0.0038874076246293993,0.01187241164620956,0.011296939887479943,0.007715208435411316
2022-06-01,-0.006202920839226529,-0.0145960517411496,-0.013740622921984587,-0.008743284728136931
2022-06-02,0.004667476235681494,0.007122878018101497,0.006577319965506024,0.006586874861752089
2022-06-03,-0.009534736832241111,-0.007436436224382243,-0.00822020380297742,-0.003740383536707334
2022-06-06,-8.281668882336053e-05,0.003784867799715711,0.0032918149179651064,0.00019460703538297548
2022-06-07,-0.007501062520803501,0.005751368870144051,0.005574612033824224,-0.0053147170493916
2022-06-08,-0.0005617455221893677,-0.0071001063907209505,-0.007311252922640639,-0.003448988700567135
2022-06-09,0.0044000898846885406,0.012999485646342148,0.013098610513706324,0.009113789706905177
2022-06-10,-0.009240945329216418,-0.006342179666330547,-0.0055578955416235466,-0.010188383724607357
2022-06-13,-0.026241157043487326,-0.016816864614483975,-0.015774283220598224,-0.01925615812284018
2022-06-14,0.0004515659409773437,-0.006305796934193534,-0.005898128939281272,-0.0008942516709967709
2022-06-15,-0.00012034522261015004,-0.009899241680387583,-0.009131217345635732,-0.0054988703828551
2022-06-16,-0.02545318139726037,-0.01659422555815091,-0.015206938866708547,-0.01992382130002334
2022-06-17,-0.008666410671005684,-0.016499640408328815,-0.016315369519350673,-0.013527764172361276
2022-06-20,-0.0005518181509874521,0.0030096198282018104,0.0032054979731611175,0.005495126069920529
2022-06-21,0.02084646054122795,0.010306870140431334,0.00937307792616242,0.014765101748126036
2022-06-22,-0.01685106328640385,-0.005311809241890492,-0.004205277358979014,-0.01098170415664473
2022-06-23,0.013025876495821397,0.01841295893539231,0.019058681317651854,0.009158826878971214
2022-06-24,0.008749671963114894,0.006200115274745251,0.007489019457038931,0.00533250628362408
2022-06-27,0.011358528454388627,0.011813535382193329,0.010732885602461347,0.011279316999220261
2022-06-28,0.0031386451966018804,0.006856608641306583,0.005685185931191971,0.0024894592404949532
2022-06-29,-0.0030334084218922473,0.011338306642786865,0.011171650338540912,0.002354449656601209
2022-06-30,-0.005840902822107591,-0.0062323909687763525,-0.005409865076907645,-0.003982370574472916
2022-07-01,0.002037072686656579,-0.00881623492608426,-0.00784902041695338,-0.002063061756308421
2022-07-04,0.002678064897589214,0.01323519718589923,0.013471810433527368,0.010226570592651633
2022-07-05,0.0003350119249114821,-0.0006420335988436541,-0.0007378756476692648,0.00022981637917755837
2022-07-06,0.012077708348351413,0.014239340145283672,0.014880213788916064,0.011120271363204877
2022-07-07,0.011738580430583413,-0.0035743748575603317,-0.0038103009488595317,0.007374908990260385
2022-07-08,0.005264387136160546,0.008228994146455185,0.008356600963159358,0.007336618154892782
2022-07-11,0.0025796730282413903,0.011487756149821261,0.010855486749023362,0.004476726426300367
2022-07-12,-0.009370441742764076,-0.007329665729494609,-0.007451724190467461,-0.008089021091219985
2022-07-13,0.000673189650398796,0.0038531225226257765,0.003656571530370117,0.0011377522101828842
2022-07-14,-0.0002956806622775878,0.004669982476819242,0.0044532247393961385,0.003698916954917906
2022-07-15,0.006690313658504286,0.011251250602917144,0.011422809509637564,0.009696816723640088
2022-07-18,0.015588849214348662,-0.0004847051966980452,-0.00036149106621827763,0.002916532880746305
2022-07-19,0.00470377636876625,0.0016441109612158674,0.0017282582164866024,0.001177984782419312
2022-07-20,0.007488906659157395,0.0012601104656261436,0.001394913474608944,0.00487461779806245
2022-07-21,0.008863889741076748,0.004634168352896486,0.0047435666080168516,0.008673338807944986
2022-07-22,0.004995201998713573,0.012637215105770623,0.012681396095771619,0.0027506657694174458
2022-07-25,-0.0031265363545701606,-0.014850984137019284,-0.014837630822108752,-0.004613469527124095
2022-07-26,-0.007135691912349043,0.002032320238608303,0.0016376892132692559,-0.007489180146109567
2022-07-27,0.010994628403387139,0.005075364982578835,0.005259444570920068,0.008088978115661368
2022-07-28,0.01649391673418256,0.008545668002136932,0.008813275215114897,0.007582296661144921
2022-07-29,0.014189308492524949,0.00368077111691667,0.003228857128217997,0.013238922089609275
2022-08-01,0.012675431523980343,0.011783272515449817,0.011712491006267835,0.014958968968994032
2022-08-02,0.003572937318118881,0.01149686566006887,0.010652147118111261,0.007725575380523918
2022-08-03,0.00017758546979275246,-0.00438536777057816,-0.003730294546161487,-0.0007727208322040259
2022-08-04,0.0029283909560208522,-0.002389779854804647,-0.0017231652086486318,0.0009418692764846829
2022-08-05,0.00034043223055752576,0.004203181793044257,0.0038312680833349033,0.0004825474573686934
2022-08-08,0.006682557899685998,0.007576622369885841,0.007397886422306766,0.008109060675827399
2022-08-10,0.0013599001909513275,0.0002943812466632257,0.00017385894438002756,0.002489243872835877
2022-08-11,0.0038047247126834676,-0.004019469853416816,-0.002944404471203794,-0.003103148987894536
2022-08-12,0.002980004133243923,0.007486229298773804,0.006224041077449186,0.0044222932695206305
2022-08-16,0.0072128173485893395,0.0069132257730759135,0.007381282358373721,0.00908331286754852
2022-08-17,0.006589981201654132,0.002245763868767848,0.0027444019091738842,0.0023089651626024494
2022-08-18,5.9755367275289784e-05,0.0024964517497000124,0.0022260338845475746,-0.0012843892344314677
2022-08-19,-0.009316783956216941,-0.01385687134341111,-0.012975512783829826,-0.011046990670993902
2022-08-22,-0.01636901356301209,-0.0057408525244464085,-0.006897364856159772,-0.009186011304802694
2022-08-23,0.009591166693560955,0.011078752772453753,0.010470221389385088,0.008391162596618979
2022-08-24,0.0015258445301384012,0.003402056330454228,0.0031915660785196026,0.003567093524740678
2022-08-25,-0.0035462553153804673,-0.004519229279851994,-0.004479454249846341,-0.004752435977272884
2022-08-26,0.006721271890303334,0.0038012170262171335,0.0038543574845151286,0.0059710720193310906
2022-08-29,-0.010994482908040436,-0.0007534966823257486,-0.0019219449106060208,-0.005707208236551509
2022-08-30,0.022676787839447154,0.01842418435625015,0.01893734899312898,0.018764006715844793
2022-09-01,-0.008058643280115973,-0.009089723701865088,-0.008705626766735265,-0.011271689652355272
2022-09-02,-0.0006180260498372721,0.000130244764400889,0.0001527991711783004,-0.002452115898802896
2022-09-05,0.00603966621851571,0.0021847413406040914,0.0021967914312446915,0.000841499416409738
2022-09-06,0.00036449096423693257,0.0038080101406495117,0.003675431326812383,0.004396378734223785
2022-09-07,0.0012874540692039858,-0.00046161235745345304,-0.0004521954008114906,-0.0042489305019671395
2022-09-08,0.007476507017404443,0.006641875386949473,0.0066875673227488495,0.005744854215482916
2022-09-09,0.0028407501524832335,0.00206381673666006,0.0017928131095031655,0.001941280276088401
2022-09-12,0.006900732824870264,0.0011850883358166709,0.0011900536611209116,0.0037452224733781495
2022-09-13,0.005333135645657076,0.003328692326925081,0.003287557557997943,0.0054568911363538555
2022-09-14,-0.0012958154291713795,-0.010911626912397486,-0.010107142482769095,-0.004827278942254914
2022-09-15,-0.005840151069826045,0.001705958419045046,0.0020758831130747524,-0.004055111690798496
2022-09-16,-0.018284883795686633,-0.020643386244570346,-0.02026828123650487,-0.018006041691132388
2022-09-19,0.004475786368734397,0.00492850138154249,0.005020706401381025,0.0060137195665210886
2022-09-20,0.01396264614741092,0.005810864063396683,0.006052657942073601,0.010812694233626748
2022-09-21,-0.008347126278621013,-0.007847488581908316,-0.007842631104911036,-0.005181125656335498
2022-09-22,-0.0011052172275514346,-0.001473551399466155,-0.0011792499406058678,-0.001081864902771221
2022-09-23,-0.017417870408410252,-0.01373204041759853,-0.01391766719656352,-0.019299599275791404
2022-09-26,-0.02148921120402795,-0.01050655240913641,-0.011481990168565282,-0.01964693093266103
2022-09-27,-9.029234309346657e-05,0.0071428256377027485,0.006913396302084722,0.00505018055655385
2022-09-28,-0.004616685458173243,0.0028188720835297535,0.0026660096789173394,-0.0009270347937884458
2022-09-29,-5.0925842064581425e-05,0.0032484927664357685,0.0033454070231900526,0.004669511062569866
2022-09-30,0.013729333735248999,0.0072171452689645975,0.007409171891443625,0.0122716886900088
2022-10-03,-0.010420555019714034,-0.0022474619622836847,-0.001614013966124725,-0.006232491771981279
2022-10-04,0.02086677294509317,0.014001652337913941,0.013773454451300304,0.01736063902811719
2022-10-06,0.006198444282252169,0.0038246496092682607,0.0034129081218593435,0.006557637928798994
2022-10-07,-0.0006092962475545564,-0.0018038857322923469,-0.002144385322835366,-0.002981178846348666
2022-10-10,-0.0031756595494395767,-0.004928446582223033,-0.0046010460859991125,-0.0040775818350113156
2022-10-11,-0.016020070435937967,-0.01921755229584987,-0.019345576479368146,-0.017548231017329684
2022-10-12,0.009940367184080385,0.00828904475786013,0.008056618940355656,0.008202017094740763
2022-10-13,-0.006073830776553682,-0.003429674996143108,-0.003281915224021867,0.0003987170185862825
2022-10-14,0.004156823221847775,0.00796296770082066,0.008927290246805698,0.008540845793825533
2022-10-17,0.004927035284610073,0.004213034814714142,0.00410881094112904,0.0016004136092735268
2022-10-18,0.011318218308696518,0.014914936991906847,0.014655155128050873,0.013719196749093835
2022-10-19,-0.001831101473496485,-0.00019498950624809587,-3.530812926832115e-05,-0.0022003342542071497
2022-10-20,0.006289493590636921,0.006014301248969149,0.005978284118425421,0.006494371904003673
2022-10-21,-3.0082496967588786e-05,-0.005953066142167497,-0.005842573997803621,0.00017121563585441898
2022-10-24,0.007956393970013931,0.010515652942087641,0.010472121577045225,0.0069600590824999515
2022-10-25,0.00019910748574195059,-0.0006610989577510822,-0.0007447124284686467,-0.0017526257650488856
2022-10-27,0.007679962268650826,0.004584519674266235,0.0037576997312591238,0.0031438538091822445
2022-10-28,0.0011360352876596657,0.007401682571799895,0.007216406896507794,0.006642705662386153
2022-10-31,0.010944767168123825,0.010811492956353665,0.011081855676820284,0.008224334524450413
2022-11-01,0.009405139196603744,0.011457960613645443,0.011517600687926014,0.012442870297217658
2022-11-02,-0.004590583439165618,-0.006659020847242453,-0.00646986493262372,-0.0067137345450196595
2022-11-03,-0.0018785578400887493,0.007066236080529625,0.005718507312243976,0.0005684389863845115
2022-11-04,0.005361919407700557,-0.00995308795808594,-0.009114039897229255,-0.002616990499525515
2022-11-07,0.003042048359321701,-0.0031726432385250037,-0.0031150228395850754,-0.0023597950125981105
2022-11-09,-0.0043869155991742926,0.0009683488938946128,0.0008032915013181602,-0.0059866188114423265
2022-11-10,-0.009261824047105339,-0.0045425824261079925,-0.004784347469286918,-0.006228319013273313
2022-11-11,0.009563704626188786,0.005603158566849018,0.007946907259963734,0.0055813644849713115
2022-11-14,-3.7929317253703474e-05,-0.014831255999421205,-0.01305415715358154,-0.0036063115507762988
2022-11-15,0.004690902469920521,0.00576518539373831,0.005670965978852935,0.006509388132580521
2022-11-16,-0.0019758938119670212,0.007583844204422349,0.006941892252432107,0.0005033388135799137
2022-11-17,-0.005232795316383924,-0.005625503784420388,-0.005878335229339024,-0.005698796686165656
2022-11-18,-0.004972033621659294,-0.004137110559904168,-0.0035366979526864793,-0.0031898178666814507
2022-11-21,-0.006877233934694266,-0.0004709227918644897,-0.0012512988748514847,-0.0022693520553432045
2022-11-22,0.004838579499760892,0.003907593117588851,0.004150098725029346,0.0037953513881710003
2022-11-23,0.0024325320808840966,0.0016378887010136674,0.0016223978748171337,0.004553102416733422
2022-11-24,0.009873406045820144,0.010896598646892304,0.011759417861356397,0.013706538850447529
2022-11-25,0.0020173397010017175,0.0004011008882352561,0.0006263480957937432,0.00012307110968192916
2022-11-28,-0.0006934857048860109,0.002157110421474431,0.0015749857795973464,-0.0009028774300404781
2022-11-29,0.002918705623893595,0.007146477443820426,0.0069942100411492,0.0072315283941290125
2022-11-30,0.00888120795713073,0.007092459088727949,0.006950982589073478,0.007243088167380981
2022-12-01,0.0036964727952412493,-0.0021690737562934078,-0.0018436346488589885,-0.0010229163746477868
2022-12-02,-0.0039584672515019965,0.0001588117986413768,-0.0012212703534038223,-0.006857513081472253
2022-12-05,0.0031730650713154597,0.0007563157606932569,0.0014660998184852308,0.001602221041199767
2022-12-06,-0.003956764500984278,-0.0037533192415169113,-0.003477784143428939,-0.004457713948516955
2022-12-07,-0.005750190579526138,-0.00241469732726771,-0.003216479193675654,0.0016646284190439315
2022-12-08,0.0013474421587624272,-0.0034365514501345997,-0.0019552989086092936,0.0005894129226136993
2022-12-09,-0.006125406005578137,-0.0069051850282169985,-0.005333822725528065,-0.002743012102990614
2022-12-12,-0.0005137362092493107,0.0021727116523417305,0.0014196409139280487,0.00042938756699439657
2022-12-13,0.004930855685949368,0.0036302857639875126,0.0036092558699427125,0.00384610663888015
2022-12-14,0.005250375572200926,0.0006418743966078617,0.0014005378165352369,0.00108591441340165
2022-12-15,-0.012590502181508492,-0.008452402162541336,-0.009105300224166531,-0.00877656915849034
2022-12-16,-0.011593827499111795,-0.011963538134890879,-0.01201600123688037,-0.01112152276566383
2022-12-19,0.010664478676586736,0.008974716085382046,0.010504573449217559,0.009648722356217727
2022-12-20,-0.004006330499924504,-0.003451809674486531,-0.003917550237496957,-0.00518914893852929
2022-12-21,-0.0064055233043896435,-0.003260487779679264,-0.005480331484726822,-0.003001080848746827
2022-12-22,-0.0049714927831384995,-0.004177368049597935,-0.004822757528582113,-0.004959812879661616
2022-12-23,-0.01942694298513364,-0.011143854414230357,-0.01382296521302089,-0.014367965283145854
2022-12-26,0.010012840052262923,0.0021494258093450536,0.0046644085612386425,0.0041756246435555675
2022-12-27,0.009324060239753218,0.0058137921938348006,0.0066052923003283815,0.0062887775505440675
2022-12-28,-0.00041428546144063757,0.000671297966316296,0.0006685339454008603,-0.0003761477269588206
2022-12-29,0.0029538636034497495,0.0009328916432098002,0.0017239222536532092,0.0019428284096108216
2022-12-30,-0.0015336007527968223,-0.001423255960060959,-0.0014351739536983261,-0.006014767991136624
2023-01-02,0.00423816859974462,-0.0012299202830053134,-0.0025964443415267555,0.00014873954735922983
2023-01-03,0.0014119787403905225,0.005999266060856686,0.006463734529850441,0.0038658938385304218
2023-01-04,-0.011172474448443541,-0.006716234021049281,-0.005873617587949136,-0.007163000691453566
2023-01-05,0.0005436972609771367,0.0015212202258683685,0.0006498830047523708,0.0017271330521328489
2023-01-06,-0.008719154767950578,-0.009326835075088233,-0.009471726699858475,-0.006587907912513203
2023-01-09,0.011615955199372963,0.010980881385515284,0.011359639859919285,0.00985932901687043
2023-01-10,-0.006983822626978575,-0.007020063406395276,-0.007562603809732357,-0.008558349431021982
2023-01-11,-0.0031665610290083908,-0.007008538780911463,-0.0069206171102094705,-0.002998347879212179
2023-01-12,0.0003520596141357952,-2.1715167937278292e-05,0.0007933597423407849,0.0018691761108793406
2023-01-13,0.005178361085574882,0.002172708725666152,0.002058444813913545,0.002408002687754595
2023-01-16,-0.0012225622522177206,-0.001853457280811574,-0.0008197965380302712,-0.0034415975632084636
2023-01-17,0.006723514583754267,0.008779100049086252,0.009420166459143507,0.010018672146756264
2023-01-18,0.0059313062215511185,0.006077582926234507,0.005107351751300832,0.00534261243293432
2023-01-19,-0.002422718788795991,-0.0022137153257372946,-0.002783098004386188,-0.004569936722541753
2023-01-20,-0.006552296432910298,-0.009742679880870877,-0.009658142096577801,-0.008913181727984373
2023-01-23,0.003878400739447679,0.00583604457997574,0.0061988739146253136,0.005520707841791395
2023-01-24,-0.0029278849146995955,-0.0014411150318501893,-0.0003492776565518494,-0.0015619060757224741
2023-01-25,-0.0094216488530413,-0.006088232920707651,-0.006834463594514726,-0.010576832152121685
2023-01-27,-0.011236362493262105,-0.0030910701399134337,-0.0021841310465569737,-0.005816937739002046
2023-01-30,-8.136565113539139e-05,-0.0003336476913009018,0.0013114423848113632,-0.0003170142233956119
2023-01-31,0.004003863200040312,-0.005954386694728458,-0.006413046752644012,-0.004078197771235255
2023-02-01,-0.006487160479515878,0.004596987922224617,0.005745066488079234,-0.001319212329687213
2023-02-02,-0.0006995181601646321,0.006128920725351092,0.006072893748944085,-4.679670358309e-05
2023-02-03,0.014158419675499703,0.016791484251468546,0.015700180988324992,0.019704299307170395
2023-02-06,-0.0020063055466765733,-0.00039456846639914075,-0.001335704575533372,-0.00267851403665349
2023-02-07,-0.0034207946606958054,0.0035601914613456707,0.002539144516555226,-0.0017251257572852227
2023-02-08,0.00864392595019024,0.0011684382686410226,0.0011172310224598927,0.006713265942204517
2023-02-09,0.000994291007996812,-0.0016535977202194398,-0.001431373122806413,0.00042796099665381933
2023-02-10,-0.002298510750289021,0.0026077517962597493,0.0019520064539429042,-0.000671057295983046
2023-02-13,-0.0037022420660068845,0.006238180088040588,0.006321838065508437,0.0029501515183437575
2023-02-14,0.003724103982554396,-0.00024148878854722295,-5.884107492729832e-06,0.0027753819958855064
2023-02-15,0.007430337119362036,0.006600255939255237,0.006317065271050864,0.004216050340448007
2023-02-16,0.006213764049380047,0.0008759272662858418,0.0012757352092339848,0.0024081247842796306
2023-02-17,-0.0043822554117817995,-0.005537921167040218,-0.005228916273842992,-0.006972118674073885
2023-02-20,-0.0038690886923159313,-0.007808959669886565,-0.007386949077401052,-0.004868632978611352
2023-02-21,-0.0025530182042771236,-0.0032391263436661747,-0.003225845686292257,-0.004581559614886671
2023-02-22,-0.013883614620357358,-0.009588749806621645,-0.009472996996548473,-0.010433824869160424
2023-02-23,-0.0008225691508508802,-0.005259349168122035,-0.00478700974775158,-0.003193939684411015
2023-02-24,-0.0012517772081893513,0.0038977100115709005,0.003071238835017805,0.0016732788409522673
2023-02-27,-0.00544044738759702,-0.003520726776728263,-0.004356962966722083,-0.0035308428486773005
2023-02-28,-0.006251102931755078,-0.0011874993961012593,-0.002226424364942985,-0.0013760539865805567
2023-03-01,0.010311045301399393,0.005543419662804531,0.005837357702915362,0.006571789392863701
2023-03-02,-0.00498937712180226,-0.004414429769241596,-0.0039145772376167585,-0.0057972046268824715
2023-03-03,0.011023297297564957,0.003985446456223766,0.004966237138116579,0.008176757343450913
2023-03-06,0.005436282222483843,0.004106015551698579,0.003969984390006687,0.002632835541056514
2023-03-08,0.0018322337550888868,0.004546650705866228,0.004862502235068332,0.0015812443559294468
2023-03-09,-0.00657906391172855,-0.005789087486193551,-0.005705839032146477,-0.0035366258049409067
2023-03-10,-0.005326519174759022,-0.004454280547484073,-0.004453600513889792,-0.005591624449868582
2023-03-13,-0.011673288604308142,-0.012168167773858367,-0.012558533854637134,-0.009285170398424844
2023-03-14,-0.007036560423861428,-0.0020746985777573314,-0.002030039773598478,-0.003052539606562101
2023-03-15,0.0007750642826701687,-0.0031056664819005503,-0.0027490797179592612,-0.0023158457620839
2023-03-16,0.0010930861061933278,0.013143120202650576,0.012453085715932266,0.0063249954973459265
2023-03-17,0.005991307982475124,0.0033771444759147593,0.0036252126380675338,0.007071168401811349
2023-03-20,-0.008500882415810962,0.0019875604280970884,0.0017981335161787126,-0.0015065270771009288
2023-03-21,0.0028001882367623626,0.005295402938478062,0.005131688020993374,0.0013718943237721693
2023-03-22,0.001827893419119987,0.002346357294484239,0.002098983236784294,0.002693487277297293
2023-03-23,-0.002044266626919021,-0.0020615733802739795,-0.0018305069774286285,-0.0012484230566795914
2023-03-24,-0.008950575975464406,-0.004431198891937291,-0.004932849894314559,-0.004422574686221804
2023-03-27,0.0013194688385972369,0.0012418621320134649,0.0012051630900987828,0.0025364958283376326
2023-03-28,-0.0055595001086688155,-0.0005836491712555711,-0.0007512718773741996,-0.002533554397117574
2023-03-29,0.012348703104939258,0.008698920888153473,0.009250741225312945,0.01018506945065374
2023-03-31,0.01192200830267125,0.009843179136059827,0.010067978867178175,0.009908386951987161
2023-04-03,0.004010830740726813,0.005693366818630303,0.005909896974418837,2.712948265249076e-05
2023-04-05,0.005927349395769491,0.012591486741047375,0.013123168746289108,0.012451412055190224
2023-04-06,0.0011229179705906076,-0.00024403352637262848,-0.00030111039796167516,0.0010225748238657795
2023-04-10,0.005884073602644286,0.004848825384135456,0.004658264914707252,0.0031969895215218976
2023-04-11,0.007334007050478418,0.00813023595000832,0.008090297160671146,0.00602014317038411
2023-04-12,0.00376218669352552,0.0022910651229559615,0.002145812090923844,0.0036726407182149285
2023-04-13,0.0004489756111848601,-0.0002010115943054489,-0.00013949483145457141,-0.0003068565564952917
2023-04-17,-0.0012935821743491113,0.0034752118741026884,0.004129663545436905,-0.0003907056444735664
2023-04-18,3.196709489564835e-05,-0.003301011959130822,-0.00357945056393856,-0.0013480242164671846
2023-04-19,-0.00369959511544625,-0.002577349612108993,-0.0025650250719761276,-0.005114017525497035
2023-04-20,0.0004939377108181492,0.0013970129669969265,0.00152957344135255,0.000572484334678064
2023-04-21,-0.0016864033684182737,-0.0017556706612838543,-0.0016638485482393115,0.002386488077611685
2023-04-24,0.005030697945332448,0.002892133068031622,0.002702148854689816,0.001439093522323107
2023-04-25,0.002668588957629053,-0.0011450269983918008,-0.0015132385963878287,0.0005137005274168788
2023-04-26,0.002030510570529185,0.0034105280498067667,0.0036147533895739222,0.003826483762725181
2023-04-27,0.0057284559857851925,0.005169616340672814,0.0049464110604053695,0.003764136610234139
2023-04-28,0.008724393450417443,0.007796609820490921,0.007811791372379238,0.010734516603992293
2023-05-02,0.006880023900706092,0.0023449774207367595,0.002726195984783731,0.0039835471557095655
2023-05-03,-0.0029471456482108196,0.0016034338997165188,0.00101220161349459,-0.002691764897930829
2023-05-04,0.006883669233827061,0.007355970384651599,0.007348853655892857,0.009510143245570271
2023-05-05,-0.0029410828832604,0.0019562309379552918,0.0016146653971082173,0.0004782091846564157
2023-05-08,0.010012981757733831,0.007395366696362031,0.007759314015285897,0.008220409310062154
2023-05-09,-0.0004279672699370351,0.00015936822793238635,-3.089362997630619e-05,-0.0003266208636607443
2023-05-10,0.002354208778188344,0.004457724822205709,0.004302669698474826,0.003898289068834811
2023-05-11,-0.0011264899680658938,0.006194740167757916,0.0054462857784284505,0.005087184720591809
2023-05-12,-0.0019120979331861345,0.0026275788541461186,0.0021934639886243045,-0.002721361597321997
2023-05-15,0.00406936059085015,0.004676066353493359,0.004516957424325653,0.002948488282168515
2023-05-16,-0.002497424513455899,-0.005046488995476355,-0.0048297302321174875,-0.001919581588283521
2023-05-17,-0.005755217065463647,-0.005076542876439227,-0.005064492620542961,-0.0045120672440357446
2023-05-18,-0.005638091739425121,-0.0037320776902551897,-0.004115237082087988,-0.0036690134111910817
2023-05-19,0.003019485321734363,0.0011473518056303697,0.0012812956605701936,0.0010435152289797213
2023-05-22,0.00849916596455136,0.0049033507715305945,0.005188151467950011,0.006908706596119472
2023-05-23,-0.0007792722707770853,-0.003497423125742115,-0.0031221045565819477,-0.0002903955101680321
2023-05-24,0.0007507131036506954,0.003839360224584934,0.003375726303977972,0.004398571322416419
2023-05-25,0.0029856538549201876,0.0033096421626689684,0.0032554136563614187,0.005715114007997728
2023-05-26,0.008338902047239836,0.008460800148973019,0.008450069855444706,0.007506594775331378
2023-05-29,0.005292853093639663,0.002812508234169415,0.0033034965140226183,0.0024823390387721
2023-05-30,0.0001510551567387179,0.002393644489025072,0.002063247599129701,0.0010518609306542025
2023-05-31,-0.002050917783648214,0.003280963523613375,0.0025962103671623793,0.0017839252265015684
2023-06-01,0.00020315850155169443,0.0021420553219446675,0.0009108075869470825,0.0004910634735335944
2023-06-02,0.006734633407652046,0.0055416823465808795,0.006104307850169457,0.007394870373961485
2023-06-05,0.0033222715247293467,0.0002989048128112518,0.0012062471113537241,0.0011936865786567386
2023-06-06,0.0020063958763902605,0.001783569761138941,0.0027457517646286957,9.818445662245704e-05
2023-06-07,0.007122408244240875,0.008565236768756122,0.008089552241750843,0.011555308344606295
2023-06-08,-0.006060669021669424,-0.008992906136879546,-0.008502714185973901,-0.0062497631813656805
2023-06-09,-0.0030565044691426156,-9.498095009270583e-05,-0.0007828251290202884,-0.0005386560418135973
2023-06-12,0.002607794921035617,-5.317670844239648e-05,0.00013598853151309328,0.0007601071368670389
2023-06-13,0.006139828912493475,0.009033711705310334,0.0081496151570206,0.008670388256122744
2023-06-14,0.0034174760242786455,0.0017120641940876276,0.0023200312503984144,0.0028408401230349293
2023-06-15,0.0006780291097950141,0.004551175030445199,0.003451309187588541,0.0014671249278594982
2023-06-16,0.005403223499095669,0.003679632871675694,0.004241322499656955,0.005486846262600303
2023-06-19,-0.0031225175921031395,-0.0014802680247530907,-0.0021725123896242735,-0.0033337387240174763
2023-06-20,0.003390843549257317,0.0024529862201524287,0.0023481648989968,0.0038373247851967427
2023-06-21,0.00032760290499839,0.0013025083081635034,0.0009581363050109948,0.0027861218428068134
2023-06-22,-0.005818758540058394,-0.00674545029534202,-0.006546776479540263,-0.006881330200245506
2023-06-23,-0.006519158854768392,0.003217335508398161,0.00042943054277386206,-0.0029271732912603057
2023-06-26,0.0033949737746508768,0.001170682092117677,0.001776162143896633,0.0010662183890888207
2023-06-27,0.004340025273200812,0.005577878561119675,0.0052840610601415415,0.007068693041816878
2023-06-28,0.00842971564674417,0.0032080154306420527,0.004614450893283586,0.009876658328949524
2023-06-30,0.011439554728934579,0.01505409857439828,0.013422125716213073,0.013383183980846734
2023-07-03,0.002870264326761888,0.001947841452740111,0.002095650352595397,-0.0011398029167821472
2023-07-04,0.003917799173244886,0.005401671384358723,0.005259119074102305,0.002566782419605197
2023-07-05,0.003446419853130672,0.004306879766417923,0.004236051201637987,0.007312343484853463
2023-07-06,0.006593694966170497,0.004815505207061114,0.004961388362457477,0.004908593397561098
2023-07-07,-0.009716412094784877,-0.009159726625034902,-0.009106890508368012,-0.008885303231686712
2023-07-10,-0.0022217349812664747,-0.005272589207805421,-0.005043677077446614,-0.0013656764283587423
2023-07-11,0.006962491501671864,0.005126831849602265,0.005080280117240613,0.006619626386177268
2023-07-12,-0.0006174137986756771,0.0003720826415641329,0.00043126881752289037,0.0008830203131627894
2023-07-13,-0.002004350516771133,-0.0025040422332388355,-0.0025798717485291446,-0.004230978942876957
2023-07-14,0.008187965729839281,0.00559394492400336,0.005416231520264058,0.007008039169034263
2023-07-17,0.004450742841269001,0.003432766826024585,0.0033741200569879786,-0.00015475132344931124
2023-07-18,-0.000712901698456685,-0.00043432752071869427,-0.0005960762306250531,-7.140988164981905e-05
2023-07-19,0.003683069218528049,0.003930041970431934,0.003940698163570421,0.00044096553842682296
2023-07-20,0.0060078608635333805,0.010341037067609374,0.010326280083244486,0.0085124416575238
2023-07-21,-0.00793034273348621,0.0012248913119700961,0.0013896326469006524,-0.0032440655451098617
2023-07-24,-0.0010242519267171968,-0.003057768603389693,-0.0030169999078025725,0.00048314256321489247
2023-07-25,0.0031389523510392493,-0.004777798939405529,-0.004379415068161741,-0.0031541625067996663
2023-07-26,0.0027959540639916815,0.002325197620245171,0.002382360781872659,0.0034474321150821507
2023-07-27,-0.0031697748257774492,-0.000674398561838136,-0.0007678656426346863,-0.0028498199712025385
2023-07-28,0.004111239693352462,0.002477494885890891,0.0026068707808395686,0.0013321684724444543
2023-07-31,0.00834701559644049,0.00402973590889389,0.004260071913098382,0.0061160508428457876
2023-08-01,0.00010652670169509246,0.0024312722339698374,0.0018284117344586925,0.0011797371853955346
2023-08-02,-0.011135430420788094,-0.010369480926404814,-0.010511833973791023,-0.01276233202046794
2023-08-03,-0.006222265100789193,-0.012392643669332518,-0.012067237936908838,-0.010976546197318473
2023-08-04,0.0050175656716968525,0.0067207988723280345,0.006717819480763869,0.004168283809285599
2023-08-07,0.005185221180566329,0.001287668961548166,0.001351356750039199,0.0017044511080638674
2023-08-08,-0.0009024254776287522,0.003047456407749158,0.003130102960555767,0.001184232488297051
2023-08-09,0.006475957024382632,0.0013133611871737443,0.0013172498434818566,0.003333795546122965
2023-08-10,-0.003295226996022322,-0.006675840235938878,-0.006641948849312467,-0.005111828386036715
2023-08-11,-0.003595264355011552,-0.005001014816276688,-0.004794538365084379,-0.005350378710112949
2023-08-14,-0.003099747954128031,-0.003823003296044753,-0.003909547475202889,-0.003715637081567049
2023-08-16,0.0029189394272855274,0.0006933758776952138,0.0007935488138745657,-0.0020343855650528826
2023-08-17,-0.0025482392475805436,-0.004497101540385109,-0.0044470614045537555,-0.000772898015320814
2023-08-18,-0.003798860105329626,-0.0025511438827442766,-0.002318434579117699,-0.0012123749002974546
2023-08-21,0.008245099967881274,0.005494883262297519,0.005631753036377687,0.007496487866178396
2023-08-22,0.0015472278156954883,-0.0010115325946746614,-0.0008456819958040786,-0.0009719512481950514
2023-08-23,0.002252840872358563,0.0037969741662017753,0.0038209219463136244,0.0038809128062874793
2023-08-24,-0.0031075437775709156,-0.0022558899159718796,-0.0024331336100493466,-0.000593198326231126
2023-08-25,-0.006644705415915119,-0.0019690499891519917,-0.0022310969208052082,0.00012808797012901166
2023-08-28,0.0032313861620480986,0.003170527641024912,0.0034768001597656278,0.0026722151250061408
2023-08-29,0.003486291093335976,0.0009238739190546715,0.0009656121766569978,0.0019670052609727213
2023-08-30,0.0015643071352000712,0.0007368541978733881,0.0006980661578708308,0.0005576411097907962
2023-08-31,-0.004509791265671102,-0.002948798000706088,-0.002914286378270824,-0.004165356865396961
2023-09-01,0.013787365784165777,0.005138054647837957,0.0052072248673690445,0.005990125038713857
2023-09-04,0.0085660075748091,0.0003406426586804578,0.001050213629207397,0.0014997465794347553
2023-09-05,0.0027945910256360527,0.0029324149190071043,0.002928486509608725,0.0021620327969223353
2023-09-06,6.516836350553025e-06,0.004742669498214839,0.004532818946774721,0.004753563855182527
2023-09-07,0.005990286485193886,0.006947906042651683,0.006812114589716036,0.004358577895046866
2023-09-08,0.004499556270595551,0.003836241252725766,0.0035592869542286254,0.0049826878704593925
2023-09-11,0.010040929619928807,0.009118065675917972,0.00888504837725872,0.006962548497251071
2023-09-12,-0.006135657614299135,0.00402097741980169,0.004107483778676065,0.0005159851092095196
2023-09-13,0.005113238322123631,0.00396302909519149,0.003730416049950349,0.007028271297242447
2023-09-14,0.004428244031992601,-0.0002450520056364114,-6.244237665407361e-05,0.0010543450261154158
2023-09-15,0.004819967773398376,0.00491736225700735,0.0049212728593002845,0.0028059469349385364
2023-09-18,0.000773963108743453,7.355326701441586e-05,-0.00012198240127295331,0.0020096296827490402
2023-09-20,-0.00698819544873895,-0.008853532900504496,-0.008780630274745328,-0.009153442142312035
2023-09-21,-0.007343939918637046,-0.00771175584262356,-0.007437804802507233,-0.00503513898189479
2023-09-22,-0.0027606836765094417,0.00014575020129273014,-8.87449239326875e-05,-0.0006022521593878761
2023-09-25,0.0017606703144804334,0.006785768228716021,0.006332577464880541,0.002450405752746545
2023-09-26,0.0006832537406646986,-0.00033439165975723004,-0.0006032856879834727,0.0009057735983370771
2023-09-27,0.002603315304676471,0.0026820655550054864,0.002855508273034107,0.000492402070793022
2023-09-28,-0.011577967678920987,-0.011548779753180608,-0.011971137269349438,-0.010350228704769714
2023-09-29,0.009498219702334037,0.002338346227429953,0.002323653728896372,0.004015098376704372
2023-10-03,-0.00536969662294277,0.0023577627845446096,0.002671882281690408,-0.0015139464856066872
2023-10-04,-0.008330267057645599,-0.0044978045118005214,-0.004243579432091615,-0.006887435424249259
2023-10-05,0.003946820434278575,0.008739525378511963,0.009038386114349137,0.007096077000454545
2023-10-06,0.006318200253767784,0.009223716140559328,0.009320067146486692,0.004924187764441836
2023-10-09,-0.007056435855204892,-0.00763714702842423,-0.007280005093247674,-0.006843812688101635
2023-10-10,0.010773909212435257,0.003974820232222483,0.003784355313234603,0.0065668912011566105
2023-10-11,0.0059219180164740304,0.006596256950490866,0.0066167343773700284,0.005862195498519161
2023-10-12,-0.000942263190228885,-0.004503712394665045,-0.00479058244913929,-0.001649625172205908
2023-10-13,-0.0010725698432095128,0.0024334918625896424,0.0025412877549118,0.0010994033891588743
2023-10-16,0.00015944686602664725,-0.006487698552693443,-0.006633840020457433,-0.0035377915534209065
2023-10-17,0.004839261353552638,0.002922129044763921,0.0029485663133867624,0.0023572834037754145
2023-10-18,-0.004507312021561719,-0.004332285970020449,-0.004461033260432375,-0.004900769848440745
2023-10-19,-0.00027961767159412104,0.006389117257188775,0.006613837810995678,1.2903310312705526e-05
2023-10-20,-0.00604686795675051,-0.0028270695822123883,-0.002641339865080913,-0.0039954963980216385
2023-10-23,-0.013716340233525692,-0.008988041243828716,-0.00880840842341697,-0.012070111975324569
2023-10-25,-0.0062895211563511865,-0.009618706436231224,-0.00970993676544404,-0.007608250315030859
2023-10-26,-0.01497169518216641,-0.01840331977690187,-0.01869003903800817,-0.01703905616577911
2023-10-27,0.011462263838905262,0.009851915838580142,0.009772673381601666,0.010568597774348746
2023-10-30,0.0021539218341615025,0.004092057806606299,0.004106165203094737,0.005571057844848286
2023-10-31,-0.0008784886635014545,-0.0014737327481735892,-0.00133745961378592,-0.004055597639526857
2023-11-01,-0.005689605527879554,-0.005970339514322082,-0.005792792702529135,-0.0040015142697084356
2023-11-02,0.008900519672938232,0.008355980456486117,0.008553335862482865,0.010436048955261103
2023-11-03,0.006383821359730688,0.0036385002242482877,0.0031830122849713476,0.006850439535278468
2023-11-06,0.009985649185144205,0.010468614217309439,0.010628608197223917,0.01057835613619149
2023-11-07,0.0011911751362785328,0.000992444893982208,0.0012006462305510074,0.0029502556258281503
2023-11-08,0.0038332112644403047,0.004251834649424306,0.004374375282658468,0.0036930082843960703
2023-11-09,-0.0008723596567158352,-0.002132178250542592,-0.0024850144568653266,-0.002213224185962248
2023-11-10,0.0016034448263093385,0.0008023345531758235,0.0008802182935754509,0.0011204390664530293
2023-11-13,0.004458281851310107,-0.0023022948442299406,-0.0025037826490248204,0.0012779238306337266
2023-11-15,0.011318198514714339,0.007040173739521573,0.0071283145216483185,0.010713736496537101
2023-11-16,0.00597188770170181,0.006590409011064035,0.006386161469703508,0.0011034176841161884
2023-11-17,0.0007378373738283436,0.0028296694889485712,0.0027683359898393574,0.0005267781824271943
2023-11-20,-0.002261581855718063,-0.0035099707177950676,-0.003295957521630976,-0.00219911147030286
2023-11-21,0.003268541846810186,0.001044252370978243,0.0009355614070629039,0.0027247605410935993
2023-11-22,0.0015672660953382255,0.005080130707198218,0.005429535010691673,0.002436875443260449
2023-11-23,-0.0024964307883488437,-0.005002455989203852,-0.005281784153047076,-0.001031371596630151
2023-11-24,-0.0016766876103825948,-0.0038854716891092702,-0.0040946618115944335,-0.0014188507056980628
2023-11-28,0.007226299940120294,0.0017973083869789468,0.001020418571572694,0.001881976344871059
2023-11-29,0.007752658667483994,0.006227576876410122,0.006115694590742377,0.009605897754839719
2023-11-30,0.006449776200128751,0.005192217667257336,0.00525993645371262,0.007006830314296305
2023-12-01,0.006051286590760354,0.007846342459438264,0.008179916311748081,0.008920258165981985
2023-12-04,0.01864058587551974,0.016673807642162298,0.01769735508052578,0.013624829284633298
2023-12-05,0.008279641861969854,0.008703169902716095,0.009766339631405285,0.002566040102443826
2023-12-06,0.0024391574689008357,0.006094239549244656,0.005612238095173807,0.008618088913970999
2023-12-07,0.0007277768186424418,-0.0026765092672705972,-0.0024578969759857065,-0.001991577466941028
2023-12-08,0.0010111260678819804,-0.0023224388648953043,-0.0024081143943819735,-0.00025113936999149127
2023-12-11,0.0014533527262723855,-0.0018993762943794678,-0.0010795771026300845,0.0008352103575639388
2023-12-12,-0.002989002705847534,-0.0023837574276241265,-0.0025712967307079514,-0.0033710340380458705
2023-12-13,0.003818841238530811,0.0021294027778088797,0.0028221725221709067,0.0023007897116647733
2023-12-14,0.010572737175541738,0.0045367168940224,0.0044337702228087646,0.007930512511923107
2023-12-15,0.013576689101369954,0.006322847189902365,0.007412342097112529,0.012654353840253402
2023-12-18,-3.495709308979169e-05,-0.0014139186715070977,-0.001122916214045451,-0.0003117232058877297
2023-12-19,0.0026069195138228697,0.0031106688429046146,0.00379945402169149,0.004374991168332322
2023-12-20,-0.019467354461609705,-0.010813327763294495,-0.012711626466860507,-0.015047017084667255
2023-12-21,0.003207050602533414,-0.00022946263993864672,0.0006020971949546969,0.001706005312777338
2023-12-22,0.009798182278190863,0.003372326889104875,0.0040352109955577205,0.0090877952359247
2023-12-26,0.006768353991705452,-0.0007233434069407018,0.00045916935730381083,0.002277329509209732
2023-12-27,0.010166252052592927,0.008240655997302905,0.008287449872913213,0.008473594031875174
2023-12-28,0.007983893020286946,0.006846378142277019,0.007693633372395823,0.005897701230793615
2023-12-29,-0.0016582199660700376,-0.000550969887334733,-0.0007956824014959217,0.0011495565646169176
2024-01-01,0.0011624804937583845,0.0019848314855100604,0.001936960234443721,0.002693923220921716
2024-01-02,-0.0027248231896319416,0.0024188438034329716,0.0026552995040883005,0.005751373772950754
2024-01-03,-0.005953687157816974,0.0008193268026847186,0.001248131909546344,-0.004541459146398693
2024-01-04,0.00526310478988554,0.0037844454518140965,0.003934684589875735,0.0066607643727000405
2024-01-05,0.001587543462366182,0.000941546801067916,0.0007402017711686186,-0.002609895070931248
2024-01-08,-0.007458520015015187,-0.010691563825194433,-0.010682033183162307,-0.010006796595710313
2024-01-09,0.00332565327647843,-0.0016133986151904253,-0.001633137455711362,-0.0006245560807049662
2024-01-10,0.0010607593016986826,0.0030933067087003494,0.002994499314442119,0.002387076590411988
2024-01-11,0.00036545417008473756,0.00017872497762501187,0.00027899976977102236,-0.003967941000809643
2024-01-12,0.008494995475732969,-0.0006366114577714252,-0.0014280950421301716,-0.0005993468446110508
2024-01-15,0.009165246130057553,0.0038501387063023087,0.003546137566701453,0.002797526869623955
2024-01-16,-0.002929149919600762,0.0014606153958281964,0.0016222401173772315,-0.000933265366877715
2024-01-17,-0.013433055705551977,-0.016043599242542977,-0.016214357063979404,-0.017004610848090122
2024-01-18,-0.002803446790961874,-0.004689608693541951,-0.004857095853382707,-0.006113033233096969
2024-01-19,0.01178322525329673,0.006659049192836284,0.006570714825963042,0.005600059746699144
2024-01-23,-0.01578470698530657,-0.00648181523795114,-0.006198752225997535,-0.01390656517310898
2024-01-24,0.013859992079275059,0.004964295280400695,0.0047893664637224075,0.011956559432630999
2024-01-25,-0.004368496557974624,-0.011405437038474282,-0.011195337401803089,-0.009260264894310897
2024-01-29,0.0157214207729191,0.0022831753842700265,0.0025427349574201805,0.006537417370412641
2024-01-30,-0.00960065087660006,-0.010210716432562404,-0.010360297031279525,-0.014480236616931357
2024-01-31,0.012015743884271297,0.01705342579195868,0.017171612647574063,0.016571922026015398
2024-02-01,-0.0029783755774879005,0.003043194769717336,0.003490664837530883,0.001770353575721596
2024-02-02,0.010517364251903983,0.0006885118893045833,0.0001418412138714121,0.008591220094037434
2024-02-05,-0.0023127331972601067,-0.010739610476672056,-0.01116200609103115,0.0002486003375980891
2024-02-06,0.008633190222652232,0.0013431857691768396,0.0009071609311996787,0.0033524757657440256
2024-02-07,0.0018213544164301116,0.001695560993191385,0.0016126922368106095,0.0015971893634330594
2024-02-08,-0.006592246634569448,-0.018382376055486656,-0.019108654107863117,-0.007037182175669312
2024-02-09,0.0027796143722706177,0.015578107154711671,0.01661865577073042,0.006096337273007535
2024-02-12,-0.006337701733305608,0.005101462292695829,0.005841926569640104,-0.005196229655200893
2024-02-13,0.0027931868509718347,0.011302823753684393,0.012243133242410215,0.006823631573909109
2024-02-14,0.006475879825776729,-0.005741273787176941,-0.006560560536540359,0.000248024198566273
2024-02-15,0.005668147787042398,-0.009969439402962924,-0.011039795563011712,0.0018737207606765232
2024-02-16,0.007852626890405806,0.008967581974596257,0.008976907232896946,0.003891924554482993
2024-02-19,0.004406189489531047,0.01759496398760263,0.018539311429985703,0.012311453389257283
2024-02-20,0.0018246247793054435,-0.0016189609640131102,-0.0017904820227718846,-0.0013552022900299
2024-02-21,-0.006179227628756424,-0.004241379145129122,-0.004205220691670121,-0.005455461418196842
2024-02-22,0.01095334053352391,0.011088231273494311,0.01107021258130815,0.011146616322563384
2024-02-23,0.0007523047202359144,0.00011708571778995839,7.234713976230996e-05,-0.0013188830515843894
2024-02-26,-0.005578227850429735,-0.005593683717716026,-0.0055302465652811664,-0.006683034896945359
2024-02-27,0.0038146260996459224,0.009861390010334795,0.010263161630034611,0.008978819273232911
2024-02-28,-0.014108989048210004,-0.012679167500739864,-0.012522234935723367,-0.013030565380623367
2024-02-29,0.0006362950215258329,-0.001099387684000058,-0.0011356842154309273,0.0008691658941646981
2024-03-01,0.014207247079462273,0.0010599459795250326,0.0013491367825115101,0.0026196467249136176
2024-03-04,0.003536627415131684,-0.0010707175385597815,-0.0009761170456877221,0.005500380277281198
2024-03-05,-0.0023777762996421412,-0.006687919745966645,-0.006641145408999141,-0.0002913273001742605
2024-03-06,0.0037578208248435657,0.013873211248852046,0.013660679773293764,0.008931094169097344
2024-03-07,0.0038876299049878564,0.004881992138472348,0.0048987907925805915,0.0021338399695351
2024-03-11,-0.004652774190122349,0.0005478359224435937,0.0004282506101200691,-0.002555189591989199
2024-03-12,-0.005708604070047799,-0.0001948271726454373,-0.0002894574358235102,-0.0051196800634553145
2024-03-13,-0.021424485500525565,-0.002120511394219252,-0.0025627831740746435,-0.011825339089800564
2024-03-14,0.009628027493081044,0.004250271058039321,0.00440702090845236,0.005863090800279687
2024-03-15,-0.006092374807129633,0.0013041003939629296,0.0011449697703721326,-0.002095174841251375
2024-03-18,0.003489006869102599,-0.005864026729790445,-0.005666848675437064,0.0008005344293021918
2024-03-19,-0.011048438950735602,-0.01487350962212185,-0.014821896528696393,-0.0178861775983468
2024-03-20,0.003318175234556183,0.003012562909769337,0.0029640833242370454,0.0005694140594133004
2024-03-21,0.011383499923330256,0.003307610945757245,0.0034931221662457424,0.006756950248295412
2024-03-22,0.0067335947484378315,0.010221362777587997,0.010054223794939452,0.009076324429459949
2024-03-26,-0.0020734499847816566,-0.008270362929670103,-0.008134562266668748,-0.007231630866245729
2024-03-27,0.001847732731919048,0.0031688886989767236,0.0030974947431046604,-0.00018375654089029477
2024-03-28,0.013158359160337077,0.010220073366390664,0.01026815042212488,0.010137583614624163
2024-04-01,0.008333513672364658,-0.0017849691910561852,-0.0018720613662178724,0.0034032062853233186
2024-04-02,0.0021839154649686667,-0.006246111091319695,-0.006441862877477979,-0.006175261093535171
2024-04-03,-0.0010842884284401368,0.000260445229043383,5.473994067108816e-05,0.0014030293853111715
2024-04-04,0.0020479128650048245,0.008677657128220218,0.008842384812308677,0.0015355275160859137
2024-04-05,-0.0023105064832485596,0.0004029705132359209,0.00012988539402965932,-0.0013307669132463468
2024-04-08,0.006329709295728273,0.0006922484613980271,0.0008108733925807792,0.002545238520328537
2024-04-09,0.0004694739887903923,1.3532486676163906e-06,0.0001309029666313106,8.447542882096776e-05
2024-04-10,0.005610669199039948,0.00930073093536949,0.009105518226408652,0.008077021757665793
2024-04-12,-0.01098767666657147,-0.007712476960906972,-0.00794098007876095,-0.011657964721026804
2024-04-15,-0.008083769162672883,-0.015216296408846041,-0.015366797528904543,-0.011745912120621614
2024-04-16,-0.0046666428069417065,-0.004731450148857331,-0.005119234593766871,-0.00580648783620111
2024-04-18,-0.00890238614416,-0.006922617263153728,-0.0068843325990302455,-0.005871687228542595
2024-04-19,0.006787762772905045,0.0006753211494537033,0.0010224042261761188,0.0044367495222465475
2024-04-22,0.008781457269542136,0.01071097404284375,0.010853315962408296,0.010438893969571272
2024-04-23,0.0023312565326353537,0.00045712287702263715,0.0007728330886412412,0.0029342807743534816
2024-04-24,0.004897033318946738,0.00014717514012102355,2.3521281998149096e-05,-0.00010182710770300968
2024-04-25,0.009437829373117386,0.006532237850512294,0.00646595010048516,0.009044853259879184
2024-04-26,-0.006157522029086805,-0.005485064951030129,-0.005602943987633015,-2.8070980069643328e-05
2024-04-29,0.004367569464377333,0.008545372391307178,0.008316144753350137,0.006029380215534788
2024-04-30,-0.0007568013221512504,-0.0025662560140540386,-0.002800097931956147,-0.006778294920212251
2024-05-02,0.0038312011013382488,0.0003263131098347363,0.0008753319455317029,-0.0007075605102307859
2024-05-03,-0.004283701166183241,-0.008822408024654681,-0.008485374256726444,-0.007592307835536534
2024-05-06,-0.003348014669076466,0.008091852587539949,0.007251816442354382,0.004782468888986136
2024-05-07,-0.0066825912370931245,0.0030604391323575605,0.001347041077969775,0.0024031042171442805
2024-05-08,6.757319089896257e-05,-0.007264239979724554,-0.005816161354677013,-0.004249632774252667
2024-05-09,-0.016344148753500973,-0.009797994429505179,-0.010432050478478835,-0.008898288994541197
2024-05-10,0.007201137096066751,0.006630851182546159,0.007423704780810829,0.006034062011510029
2024-05-13,0.0038349348469668173,0.004688592424985294,0.0044052576924960354,0.0027114117662265513
2024-05-14,0.005999589532426554,0.0004815029665734157,0.001760437632167856,5.136870366974529e-05
2024-05-15,0.0015553262622723045,-0.0045111865398407515,-0.003527516729269353,-0.0027835160666262165
2024-05-16,0.008687398028617326,0.012806217802791578,0.012532229276228777,0.011497468366520585
2024-05-17,0.0038127172539042338,-0.0006569313409371873,0.0002945383690461684,-0.0016226640955933327
2024-05-21,0.011045857845349831,0.0026653693159331302,0.005680867971468456,0.0002485662836814587
2024-05-22,0.00403702279484729,0.007003497396966652,0.007267546332299608,0.003942418519300116
2024-05-23,0.012605675128820357,0.011253143370187822,0.010943476157031652,0.013064224488057788
2024-05-24,-0.0017061517124916973,-0.0020957061781230377,-0.0015436946644462172,-0.0025375081088351422
2024-05-27,-0.002749957641642516,0.004622342852266918,0.004521752352922056,0.001403545602166306
2024-05-28,-0.002527405923110037,-0.0015033799296097076,-0.0025589213007945156,-0.0012412622254881166
2024-05-29,-0.0037235402850040447,-0.0024653403004520737,-0.0016239617509992664,-0.005221787364582195
2024-05-30,-0.015268937826745124,-0.006747704513801873,-0.006661067196252822,-0.008283428300753196
2024-05-31,0.0012360398352301667,-0.004017167003323777,-0.0029724944036191234,-0.0011591439787737065
2024-06-03,0.03050243720651568,0.011226360168894887,0.011238289221473987,0.014088605314900284
2024-06-04,-0.057987008900660164,-0.018244353026899335,-0.018559080979545062,-0.02588049761359102
2024-06-05,0.033373620902907526,0.03535647609021921,0.03558512394473201,0.037454168546015944
2024-06-06,0.009676001018171076,0.008604913412248925,0.008625150366519157,0.007863914919583409
2024-06-07,0.02335633437037689,0.014834475634286831,0.014513746737458616,0.01573640363170118
2024-06-10,0.0006383072198453579,-0.006253788454767805,-0.0063359829105663415,-0.0042654009390356885
2024-06-11,0.002289245442089022,-0.0033525151381781047,-0.0034378050314234736,-0.001242155059626449
2024-06-12,0.004188842939589457,0.001492989720797375,0.0015898768990117162,0.0006033556360665979
2024-06-13,0.004550957651792474,0.0027326656820774583,0.0026663053541976186,0.0008567050114237675
2024-06-14,0.0035235540513493904,0.0007024847499237791,0.0007133234482902454,0.0007225033757577808
2024-06-18,0.003335465467584906,7.213961381086556e-06,1.8425189278069862e-05,-0.0017467486158207813
2024-06-19,-0.0074387817875670005,-0.004412433171143831,-0.004484818871085754,-0.0075799867291595725
2024-06-20,0.0012220289162174656,0.00040081052824952445,0.00040372523322131993,0.0018412141902579113
2024-06-21,-0.0024430162210134507,0.0012972561602948402,0.0014115755553095975,0.002706421818917783
2024-06-24,0.002872271441290805,0.006497886000531769,0.006590049775226549,0.0041013726818251404
2024-06-25,0.002018800727511129,0.005023607448258268,0.004965820836138727,0.002252772128606007
2024-06-26,0.0012269445941345775,0.0029221881419168594,0.0028759923671362164,0.00208939264079279
2024-06-27,0.009640013644747054,0.009586703675124722,0.009441268790190999,0.008724223529029906
2024-06-28,0.00018780020649772122,0.0003133062628213224,0.00048039397402947044,-0.003137640553901783
2024-07-01,0.004569566830499064,0.003557770883569542,0.003392103524989039,0.006556700405337176
2024-07-02,-0.0008576052604683858,-0.001520333015876643,-0.0015825512498498472,-0.003532377563243927
2024-07-03,0.006813129303813763,0.001743672812179058,0.0017115093620912068,0.004984569564049354
2024-07-04,0.0009254911727931011,0.007804664736922467,0.007983942823444693,0.006404900720638079
2024-07-05,0.00629445157357781,0.0056286287558382836,0.005737792002329149,0.0057455699161530665
2024-07-08,-0.00023799492471238018,0.0014226533603849067,0.0014907227512339473,-0.0005270445893749331
2024-07-09,0.00637857285810991,0.012376372683693114,0.012495707571161623,0.007930895090640079
2024-07-10,-0.0029441501456263764,0.0036899059674756346,0.0038968294498392597,-0.0046494369668368205
2024-07-11,-2.041713305440257e-05,0.0013450799037003362,0.0013857924151808552,-0.002100583987207875
2024-07-12,0.007171137585477718,0.008925342479447831,0.008780360277612247,0.008811428675692302
2024-07-15,0.004738232157584239,0.0032153851668506998,0.0032950448292776912,0.004449505700246377
2024-07-16,0.0010790880234933927,0.0011193269742627535,0.0010580806209762683,0.0020078426159739434
2024-07-18,0.005488047536783146,0.006867007738593804,0.00677187469681358,0.008897643881524957
2024-07-19,-0.015664130246882776,0.0008860792723094585,0.0011539373840591264,-0.009194843943149202
2024-07-22,0.0003645589038129399,0.002372183583146527,0.0025413331039308156,-0.0015899496233793527
2024-07-23,0.0007434187054411274,-0.0020223004301077414,-0.002209496011285831,0.0016460667509558854
2024-07-24,-0.0027738941949505278,-0.0067341180430018285,-0.006778648594578798,-0.006977721546107419
2024-07-25,-0.00035583616749337334,-0.0036523444824471925,-0.0036374135725678273,-0.0013429043064223118
2024-07-26,0.02008338118299646,0.014852906800003694,0.014720572089634917,0.018950444566197676
2024-07-29,0.0005126803743290768,-0.0003556101999172022,-0.00028623191695439546,-0.0016150886914783474
2024-07-30,0.0005512804285187707,-0.001456029849621674,-0.00146970808236549,-0.004212236262672763
2024-07-31,0.0056172819362972784,0.0063526141101696056,0.0063834807986623615,0.007000963032823098
2024-08-01,0.0035318166204994345,0.0076494490772256825,0.007594757813764114,0.0026030302341397632
2024-08-02,-0.014814465967723822,-0.0056368438312598005,-0.006102621711837562,-0.009108281786490797
2024-08-05,-0.026912617487736382,-0.013597643379985551,-0.014595933309105842,-0.017113716495542705
2024-08-06,-0.0014098274045477098,0.00044438000231351437,0.00032122306889775305,-0.0015195793024309705
2024-08-07,0.01608220650948457,0.005110450651379503,0.00587650461389376,0.010771112231955062
2024-08-08,-0.011407218436227138,-0.010470674766122862,-0.010591604806839256,-0.010057587500093617
2024-08-09,0.011922345830176869,0.0097631614361786,0.009978563223365945,0.011834968926757372
2024-08-12,-0.0019163813416314588,0.0015154104703446556,0.001319453454695356,-0.0010262465600928677
2024-08-13,-0.0059123663090837105,-0.005227423146875732,-0.005559164297188254,-0.0026095974012883515
2024-08-14,-0.003023133231080572,0.0011924702358294815,0.0008765572584354168,0.00250569694681703
2024-08-16,0.017942995249641103,0.010476738685640337,0.010564105201811592,0.018180204098282325
2024-08-19,0.0034596975232359327,0.0015072552969481695,0.0016637674947272282,0.0006340384198596473
2024-08-20,0.005366272935710915,0.011476246970806426,0.011379910814852647,0.0056779586620899275
2024-08-21,0.004974775665398824,0.007745693934156067,0.007441837034432127,0.0035891661291989
2024-08-22,0.0011466101798140228,0.005813423081960411,0.005538176400143755,0.002177286035053011
2024-08-23,0.001020111487326609,0.0032781806848286993,0.00322470969953633,0.003951023442309992
2024-08-26,0.008217871092575456,0.005686512737426825,0.005811240889977452,0.005752175484723762
2024-08-27,-0.001850721403070197,0.005884028747496468,0.005817534529256185,0.0030525312508152967
2024-08-28,0.0013328398859505848,-0.0037352838663985257,-0.003750825560493179,0.004752771943238381
2024-08-29,0.0024427411650473916,0.00503682722374456,0.004991774238896775,0.004555082848544001
2024-08-30,0.005514451254860324,0.002948518319720638,0.0029533986232317473,0.006088688075386288
2024-09-02,0.0010623466067469266,0.003931480043032551,0.0036441045286090858,-0.00040971424121163003
2024-09-03,-0.001231614184752359,0.0033927844420080584,0.002897159471950381,0.002293641219753615
2024-09-04,-0.0032512114978643443,0.006901233913465388,0.006232903075110455,0.0003980167724792896
2024-09-05,-0.003213612598115948,-0.0037918528420028807,-0.003991944940336252,-0.0034634894542560257
2024-09-06,-0.009484187440456694,-0.005564774438203928,-0.0060102584696863455,-0.006437058548436175
2024-09-09,-0.00024272093019861917,0.009639333906085281,0.008822002852198993,0.007979829866497139
2024-09-10,0.0054774458148454,0.0019416177983549033,0.002167008978743554,0.00608648621528755
2024-09-11,-0.003722698166710139,0.007863751130863003,0.0070273934549531765,0.0013060056243470073
2024-09-12,0.020515689876144487,0.008329550233032588,0.00934401362021495,0.014178712475022792
2024-09-13,0.00017709413071785942,-0.004325996345470828,-0.00443654946284398,-0.0011229188223347412
2024-09-16,0.00028629323574366327,-0.0036557379904193213,-0.003278617603986988,0.0008613986172506674
2024-09-17,0.00020683244716751667,0.0032109361477478428,0.0028113561298803327,0.0027208828676875247
2024-09-18,-0.004113978201726663,0.002925917750849326,0.0028911697402113777,-0.0018384898589868144
2024-09-19,-0.0005977085153028031,0.009436370259254777,0.008603805970753203,0.004361829896482949
2024-09-20,0.013691926614055798,0.012628146123159057,0.012811351938587172,0.014637112213129909
2024-09-23,0.00723338723198041,0.005540085936462513,0.006040086778753926,0.006993263893691839
2024-09-24,0.0018548001282734353,-0.009172550578096593,-0.008134661687136314,-0.0045357608075356146
2024-09-25,0.0026844218890221374,0.0031500686356232504,0.0033489617343353826,0.003435744517133359
2024-09-26,0.010821907439681606,0.008626540433491061,0.008884225684322962,0.008459134749144911
2024-09-27,0.002275916292943802,-0.0014159513384508883,-0.0011861466066953926,-0.0015891610087639513
2024-09-30,-0.009091448204653185,-0.018744954789617407,-0.01794869495298386,-0.014312161262352303
2024-10-01,-0.0001075597999727183,-0.007263784333404258,-0.006956501631153895,-0.005601253234574936
2024-10-03,-0.018915977263179257,-0.021658666586292872,-0.020980207552977095,-0.018959536857953603
2024-10-04,-0.009082449169218128,-0.011326138442093604,-0.010154099340203683,-0.010925985433190784
2024-10-07,-0.010478846669330126,-0.006094267558524193,-0.0070855009900076945,-0.010522378773329667
2024-10-08,0.006135477583117863,0.002872714161140143,0.0031963819154613993,0.0037825190232574357
2024-10-09,0.0007112773928600229,-0.005190007405558339,-0.004956763811189726,-0.004120937293878628
2024-10-10,0.00012843809350878883,-0.003033343740098976,-0.0030161402483924534,-0.003342397328061299
2024-10-11,0.0007587357066123341,-0.0026513571449777564,-0.0018981484122423107,-0.00098753283422829
2024-10-14,0.0042209118273543195,0.0035475235110089564,0.00353716585624737,0.0036720767085991193
2024-10-15,-0.004653183945780776,-0.00256423868121242,-0.0031924688161871187,-0.005545238010743608
2024-10-16,-0.0034751005192483935,0.0006237086176173755,0.00047539103930217493,0.0008464146877208669
2024-10-17,-0.011212721260384584,-0.006393573559328423,-0.005230281042108299,-0.02162245243819469
2024-10-18,0.005423249490686571,-0.002321800015585099,-0.0013460087248376184,0.0015440467096010954
2024-10-21,-0.005747601461781113,0.0017586253081826814,0.0011693282346714796,0.0037067619855907447
2024-10-22,-0.014326642096136932,-0.007528007029511262,-0.00854376252716973,-0.00986948855373233
2024-10-23,-0.003144595407919964,-0.0003579093724032315,-0.0005427847436040491,-0.00303765567243649
2024-10-24,-0.001461284600821765,-0.007905142644612024,-0.007089529518199736,-0.008171405009293345
2024-10-25,-0.009513205145409947,0.0017246711054272315,0.0005028506929884919,-0.004049031256373995
2024-10-28,0.006920109500993008,0.0030666781946182167,0.0033206791683419567,0.005968175251783379
2024-10-29,0.004775818500126304,-0.0036486466005242768,-0.0030111977455067,-0.004513073921646551
2024-10-30,-0.004086357165447707,-0.007802115924622394,-0.0077110610265458245,-0.0034316308427882383
2024-10-31,-0.0030036142056298677,-0.002785358033833633,-0.002623800252430217,-0.006663558609032459
2024-11-01,0.005124308698632198,0.0004526517652491092,0.000893714736832485,0.0036024895742888603
2024-11-04,-0.013048019336416144,-0.0019613277426546896,-0.0025335635975671355,-0.007231249052095158
2024-11-05,0.009847716571753078,0.0038634697386082935,0.0041929280285003066,0.0022563881827987672
2024-11-06,0.012758719573064155,0.008882600561832042,0.008906568949932744,0.01376069603321068
2024-11-07,-0.011291383741889132,-0.006611179130655835,-0.006794588773036553,-0.005741284744163163
2024-11-08,-3.9429646435839e-05,0.0045870644960648325,0.004026058003068431,0.002399062772427449
2024-11-11,-0.00409254342796928,-0.0050937984279940595,-0.0053218788596611135,-0.007636948854552744
2024-11-12,-0.012139783428786029,-0.007156851104515421,-0.007570944636526996,-0.008501024111573828
2024-11-13,-0.014556359865154469,-0.005405764292940024,-0.0061699120235674705,-0.009327606856726133
2024-11-14,-0.0017921540067842726,-0.005209165749258391,-0.005056439750222099,-0.008158068862692908
2024-11-18,-0.002686071114145258,-0.011097637882579822,-0.010495260561034801,-0.012478497511207047
2024-11-19,0.0031393363416290553,0.006051125758812506,0.005851553790898899,0.00527442866325506
2024-11-21,-0.0077474986487340225,0.00747662788190085,0.006144590055765737,-0.0061212526981429
2024-11-22,0.024007699055899858,0.029715928082443,0.029578168188197723,0.02580281798900494
2024-11-25,0.010147317669069235,0.002738795262536459,0.0037971470647913817,0.009999440259524988
2024-11-26,-0.003446958003092843,0.004957081112293796,0.004281763295243539,-0.001310186339272956
2024-11-27,0.0029134011942529106,-0.006971770225887207,-0.006255084471241587,-0.0020487721742010238
2024-11-28,-0.015318032902097534,-0.014713316680765115,-0.014486973702097821,-0.013094467008563124
2024-11-29,0.009306863331144647,0.008889534148755474,0.009021540062422513,0.011714309500907476
2024-12-02,0.008727165534031769,0.006470412258189616,0.00597004971646041,0.008709666441572641
2024-12-03,0.008095101657405668,-0.0008610569020306869,-0.0016448119313726365,0.002341780397956053
2024-12-04,-0.0017389372828742233,-0.00043900067589778104,-0.0006516380748917722,-0.004910973105701262
2024-12-05,0.008736059020121149,0.008612410873010597,0.007845033123587206,0.010803658581989974
2024-12-06,-0.0004390779131657292,0.0006956861162342859,0.000992944549412877,-0.0024728263174571812
2024-12-09,-0.0021923097997862693,-0.008171757116232864,-0.00914390589715926,-0.006612497950082645
2024-12-10,-0.0008304158005377851,0.0003356270826235272,0.00010493751687818548,-3.833341350586647e-06
2024-12-11,0.00184071881269479,0.006890858640612072,0.007461930586434977,0.004359568857622805
2024-12-12,-0.004060103682596471,-0.006386268231066585,-0.007215527270434517,-0.003132542148075482
2024-12-13,0.007969461588574277,0.010984102509838053,0.011363932508779666,0.012666772265384214
2024-12-16,-0.004059632443916767,-0.00144747615171868,-0.000957215043736108,-0.0025907956004317468
2024-12-17,-0.01319063845800145,-0.008597603426187378,-0.008413373310823006,-0.00806429675435727
2024-12-18,-0.004670101968574639,0.0009275472265081876,0.0012038957278445372,0.003575082632019088
2024-12-19,-0.007607659416107089,-0.001733305299087526,-0.0009234680414358532,0.0024244497047152575
2024-12-20,-0.014866710369714743,-0.0039056380926092934,-0.0026630947116173666,-0.008578371254650375
2024-12-23,0.005452147391557574,0.0024931289896701326,0.0021002389502626116,0.0031302289518097734
2024-12-24,-0.0026773602537149468,0.000946217680792744,0.0015171212997779158,3.094674028368896e-05
2024-12-26,0.002486685800198526,-0.004708582978864902,-0.005301343101823744,0.002986953401078675
2024-12-27,0.0019082873222042978,0.005527971678401066,0.005797935503559784,0.006215954290941636
2024-12-30,-0.006778114111248021,0.003397056166555056,0.00432927121401224,0.0020266957984185294
2024-12-31,0.0022341149613054247,0.0005387656313456087,0.0009442135078943025,-0.0003036578441656733
2025-01-01,0.002653152975831848,0.0011282892689874744,0.0011981056788586846,-0.0011815498027189378
2025-01-02,0.02305390640046154,0.016946009253256768,0.017481332969835523,0.013810882570343502
2025-01-03,-0.005113411809502552,-0.005644282620216287,-0.005443633078362694,-0.008645863041795083
2025-01-06,-0.016743100158750985,-0.013542617816340457,-0.013950374726044188,-0.008892104972140486
2025-01-07,0.0036550974722366386,0.0006715783048503758,0.0009266698069981274,0.0021286959477285336
2025-01-08,-0.0009317841667721629,0.002206436826719016,0.002046293864816353,-0.0019669765424750415
2025-01-09,-0.005613405685059438,0.0003703458157734941,0.0002455816195066926,0.0011673468893926826
2025-01-10,-0.0060349018060494464,-0.0074207832750658445,-0.0076977143939392124,-0.0053742284765185555
2025-01-13,-0.01845034501799505,-0.01342958978518487,-0.013626819211338955,-0.013964917836289111
2025-01-14,0.005836359722338451,-0.010520564890362023,-0.009546372712168443,-0.011504471025406852
2025-01-15,0.0014767843328797096,0.00179904045873209,0.001631320792486816,-0.0016056627730872263
2025-01-16,0.004124377076282511,-0.00829947023993565,-0.0076004467630186945,-0.00324567304517791
2025-01-17,0.0010028834431987563,-0.0022366986637771683,-0.0018511845479065574,0.0033321535020565153
2025-01-20,0.00855739450313785,0.00563209282403135,0.005898597255166458,-0.0013335150434580943
2025-01-21,-0.011908158847414817,-0.0051574791520639695,-0.005319864468763777,-0.006134508785389126
2025-01-22,0.00425886052646683,0.00796073191722845,0.007577749010954425,0.004358344294348258
2025-01-23,0.005333083916645728,-0.003460069742694448,-0.0030142868047822345,0.0003118605844515351
2025-01-24,-0.004737849111451621,-0.010044140361425717,-0.009665652819274416,-0.009275744917163223
2025-01-27,-0.013851617504277929,-0.009571683815771968,-0.009738150879625932,-0.0102437460702969
2025-01-28,0.0007427412346752826,0.0027058833342882395,0.002637350006497112,-0.004078601983189602
2025-01-29,0.011915496262832687,0.0016716988490929922,0.0022716521393207163,0.007252229690977812
2025-01-30,0.006028287957624449,0.0026288952026686076,0.0030429349935803826,0.009344916054931998
2025-01-31,0.013445959500437669,0.02127775810974319,0.02084801165260858,0.012276062047720426
2025-02-01,-0.0030646897321953085,0.015587818607410183,0.0166866039779597,0.004766794662634772
2025-02-03,-0.004011068976125283,-0.013976135833417282,-0.013777094225288151,-0.006083869563976802
2025-02-04,0.013826421843685264,0.008768872933693172,0.008486791021359508,0.009956748745398158
2025-02-05,-0.0012526022646225897,-0.005364222297065082,-0.005433875427810501,-0.0023721917156140585
2025-02-06,-0.004967847858717466,-0.0021654027492222037,-0.0019407676551573263,-0.0036253807382310974
2025-02-07,0.0022355460012659497,0.0003803147931163253,0.0004814480760695699,0.00017133040843532628
2025-02-10,-0.009212756467806598,-0.002917847572277449,-0.002597025731054494,-0.005007807982509014
2025-02-11,-0.01651287286142817,-0.015971330045648793,-0.016047697415669984,-0.016106031857023462
2025-02-12,-0.0011083952208927105,0.007897027674887373,0.008415520640111841,0.0017035186529675678
2025-02-13,0.002572483126580269,0.002257225581615039,0.0024648171976615896,0.002372235625590216
2025-02-14,-0.009326829981173377,0.001893778746781165,0.0022343166223502053,-0.006174293529702302
2025-02-17,0.003653435967553549,0.0019343384445994114,0.001885360944341094,-0.0007190201624940719
2025-02-18,0.0012015325077536533,-0.003958130345477175,-0.004041748563239488,-0.0020621489400839722
2025-02-19,-0.0005986829139182075,-0.004372641466489252,-0.004427700602430095,-0.00352124966581251
2025-02-20,0.00352979889873289,-0.006076802637171861,-0.006297312491847472,-0.0037609225904985232
2025-02-21,-0.005156188894023183,-0.002253800494695484,-0.002324346050959691,-0.0065533266801164084
2025-02-24,-0.009895631164408282,-0.004228431698239397,-0.003859769194108514,-0.007158298240103498
2025-02-25,-0.002371025900770826,-0.003093339170771757,-0.0028514674076723476,-0.0004061472091240559
2025-02-27,-0.0011380393594143617,0.0018788681605957178,0.0020201311363661984,0.0013218608451271985
2025-02-28,-0.023686619511934383,-0.015268216525240528,-0.015128845286946342,-0.020784181701991093
2025-03-03,0.0038385709534883303,-0.00953188317778578,-0.010091006667064441,-0.0013386617602995636
2025-03-04,-0.0033952127188105925,-0.004068859320160876,-0.00353555449380582,-0.002658971372640851
2025-03-05,0.017077372467638935,-0.0005302458844015847,-0.0007068701048670326,0.008992931097703591
2025-03-06,0.01243674050558567,0.01631989321285967,0.01691518348460906,0.010053298539773416
2025-03-07,-0.0001501640890564774,-0.00045977181330334816,-0.00019963063418758755,-0.0019076478447533152
2025-03-10,-0.005273042232245593,0.0010878789102824872,0.001155479651875738,-0.0008755221080750708
2025-03-11,0.001545656454326446,0.0068387056580060295,0.007371460070953802,0.0016144089470307146
2025-03-12,-0.004115098036181632,-0.0002214189575550328,0.0005795404207173168,-0.005955907673714658
2025-03-13,-0.0027834858321141957,-0.004967967112293277,-0.004808094380049925,-0.0017663019882426204
2025-03-17,0.00656210836307833,0.008819641704157857,0.009012382448115095,0.007380551378609532
2025-03-18,7.277290795683037e-05,0.0002099675069627497,0.00021518299095807004,0.0002743458427921189
2025-03-19,0.01830887237454136,0.01595248350048941,0.016761516608026106,0.011983986945100944
2025-03-20,0.01156788436022269,0.011998020793823961,0.011813340642754756,0.01093064889603989
2025-03-21,0.007363498358903903,0.011583777117138934,0.012117608875353117,0.0077025577984039095
2025-03-24,0.013125031148406918,0.008432387699605894,0.008511540575882721,0.01445677557333555
2025-03-25,-0.0008919046429041852,-0.00336300343117824,-0.003958001564695375,0.0006209626743692591
2025-03-26,-0.008054355476443058,-0.007961553785229768,-0.007938740344841527,-0.008236694487527193
2025-03-27,0.004893160706573854,-0.00025948801899528364,-0.00030668214210788987,0.0026395500216141285
2025-03-28,-0.004550589933566426,0.0006340673075487162,0.001138486073800748,-0.003831523050814257
2025-04-01,-0.011794753458071662,-0.018283376938006923,-0.017998215635833235,-0.0126066784311493
2025-04-02,0.003908327620943198,0.007146202042528307,0.007286406477562055,0.006712484090247904
2025-04-03,-0.0015219248600063236,-0.009133492704241821,-0.008505919863313987,-0.0019149578473414985
2025-04-04,-0.022391950602005606,-0.00262259860423986,-0.0018588031316776358,-0.015547054400831914
2025-04-07,-0.02850791864927419,-0.024282827285376726,-0.024172668626480494,-0.02752429697985516
2025-04-08,0.0189776606716867,0.013981802516376428,0.01410103056071905,0.01789377559275856
2025-04-09,-0.0056670387033146185,0.003222769598290436,0.0040259625033927885,-0.004491160396383671
2025-04-11,0.020491992307503107,0.015625875744153223,0.015570388498964815,0.01989966084678264
2025-04-15,0.01875253937378853,0.018960500612643594,0.018996510283032998,0.020777045208788373
2025-04-16,0.004688494015391757,0.0010156982162582992,0.0010363141749267796,0.0062529305094777225
2025-04-17,0.01221946940554809,0.01826466692157184,0.01864276105448852,0.014053104609394233
2025-04-21,0.011890211441818094,0.00443631458473077,0.004290443425071634,0.006878430099816003
2025-04-22,-0.0009730246450167475,0.011845343041344868,0.011907834741062127,0.002308036119133937
2025-04-23,0.010134375229879353,0.0007643797902782386,0.0002620970832020878,0.004848719366961557
2025-04-24,-0.0013192593980135428,-0.004242739746478266,-0.004350003937321175,-0.005337484179279415
2025-04-25,-0.01183232643097318,-0.0022715305726972593,-0.002733119075787203,-0.00963823445427374
2025-04-28,0.010773292479848498,0.008172077943335805,0.008292518873971366,0.009637390905109398
2025-04-29,-0.0026214264678541335,-0.0029655935983741565,-0.0031581837276048125,-0.0035022703950640744
2025-04-30,-0.002258196997689469,0.004208198046074816,0.004017418961243888,0.005504729137978022
2025-05-02,-0.00402736840038226,0.00208917124978443,0.0019628861700645155,-0.003320910057695526
2025-05-05,0.00601816805620623,0.007531633602977202,0.007423872026111905,0.006647611419244704
2025-05-06,-0.0023104380525578337,-0.004632624004595911,-0.004223562328693638,0.002166644921783766
2025-05-07,9.1446124788959e-05,0.0003803393986249327,0.0001393552040473505,-0.0023789394422675083
2025-05-08,-0.007256872616152873,-0.006105802031392755,-0.005928398417277308,-0.005601217693447762
2025-05-09,-0.00664828747527208,-0.017095149482306775,-0.017558735382487388,-0.013744791546156624
2025-05-12,0.03662505449361027,0.032808753270253704,0.03266101829293466,0.030487311228170867
2025-05-13,-0.010137161172662147,-0.01635341252350509,-0.016783784413417317,-0.011282422661934735
2025-05-14,0.005712538719163874,0.0005307131824695025,9.743831019402589e-05,0.003694762224842791
2025-05-15,0.01556698914011296,0.00918534429904121,0.009063041073107741,0.013151827233247902
2025-05-16,-0.000804332354163765,0.001704528232809729,0.0015064611553223608,0.0009211911591993227
2025-05-19,-0.0019281834505762317,-0.006108521964460911,-0.006253281427685777,-0.00276105994321843
2025-05-20,-0.009750377169106657,-0.009247204225950118,-0.00968853832013831,-0.011384898128017297
2025-05-21,0.006226102634149587,-0.00021872696481384365,-0.0003763203713026352,0.004665536262880892
2025-05-22,-0.009642978712733074,-0.012763283532688017,-0.012807397758970692,-0.009768654655087935
2025-05-23,0.00860015363634688,0.009860892364648164,0.009926544402501208,0.009742766724465212
2025-05-26,0.0069508632201412505,0.004599669329484221,0.0047753573870786764,0.006117982783654066
2025-05-27,-0.006626090149609936,-0.009402438453643264,-0.009584871668388967,-0.007605323302466655
2025-05-28,-0.004608132255682043,-0.008800065294535532,-0.009015619271645545,-0.008317256313180626
2025-05-29,0.003435254532620728,-0.001228673372728944,-0.0013889558924996851,0.002453792226466774
2025-05-30,-0.0071063311844443856,-0.004807826539922342,-0.004764425106792794,-0.005623949468478738
2025-06-02,-0.0005954138884474501,-0.0016775443929349589,-0.0010213792145537188,-2.1100988784994446e-05
2025-06-03,-0.006557579036137837,-0.010056256301704754,-0.010068099685917804,-0.008349996969111949
2025-06-04,0.001334111077598251,0.004334292547896462,0.0043472640740779295,0.0025773435497927354
2025-06-05,0.0035390911903793224,0.0031076702845497235,0.0036300802767869613,0.002734639358057806
2025-06-06,0.011496086998011414,0.007482091524101984,0.007720073489212885,0.007467324334818663
2025-06-09,0.005293408956123698,0.007607657992722196,0.007605910439405289,0.006005252590077279
2025-06-10,0.0032164337870066733,0.004131338244689398,0.0035171870287092743,0.002352256416974635
2025-06-11,0.0020406428260693827,-0.006499378133023818,-0.007902718678740896,-0.0010734491493039396
2025-06-12,-0.00914625553756511,-0.007077753991478095,-0.007895359275036738,-0.010048070068510528
2025-06-13,-0.004631842752330308,-0.0004594052094189288,-0.0007942154558639124,-0.004739667628892866
2025-06-16,0.010202746489579691,0.00659019650827814,0.006275703345325932,0.010193410437346569
2025-06-17,-0.004801733889530535,-0.004908496548892218,-0.00611144394007658,-0.004084110720039799
2025-06-18,-0.002487385074283766,-0.0009234531669657861,-0.0006956488284661135,-0.0012052068840596836
2025-06-19,-0.0008124901061194832,-0.0018844375977689742,-0.002140641673658565,0.000518942540321621
2025-06-20,0.010317293068917825,0.003046109291648492,0.00379578774809135,0.009351492831737172
2025-06-23,-0.0035889634042585916,-0.0003873046502857369,0.0012777722674646905,-0.0037028175575556923
2025-06-24,0.0032318542873569145,0.0015447587819937855,0.0018340167630070047,0.002322193625074159
2025-06-25,0.007232911386648006,0.00971952315834647,0.007658937621895679,0.01004312718390787
2025-06-26,0.009192038423424146,-0.0014922765761121917,-0.00018623230187565093,0.007379794514187511
2025-06-27,0.0036329342258377283,0.0051123577129420705,0.005847628815634077,0.006823111832290478
2025-06-30,-0.0037402265184588233,-0.004029264611759088,-0.003908158108360423,-0.006754410937446506
2025-07-01,0.0009474377497297266,-0.0011910148361364073,-0.0005851109904533114,0.0014898266261933646
2025-07-02,-0.00036926308418670306,0.0005355160007136342,0.0005103228687695438,-0.0009357811706631706
2025-07-03,-0.0014355107947706053,0.0003888430704682565,0.00011423989383252246,0.0014246984767211255
2025-07-04,0.002948609134534278,0.006179099044984662,0.005129351741887127,0.003722947421170428
2025-07-07,-0.0005887638433612742,0.0013055425429363899,-0.0014606551964451266,0.002421173492348039
2025-07-08,0.0004887899101432493,-0.0046241323470920595,-0.0033005311315251204,-0.004364749669216917
2025-07-09,-0.0018365940184063645,0.004204259216666614,0.001076565441107729,-0.00021875480540135448
2025-07-10,-0.004705273094372051,-0.007674191884691362,-0.00629130156136926,-0.008189759689653062
2025-07-11,-0.006798846273752031,-0.0005101642575994392,-0.0022284040962322733,-0.0011964339750821032
2025-07-14,-0.0027724026082578583,-0.0029791343901181704,-0.002881945940073535,0.0011548781483928213
2025-07-15,0.004568207828147014,0.01470621351949808,0.011627385098867392,0.008272755514349733
2025-07-16,0.0013238910318648378,0.0009784800971037954,0.0007850254992516309,-0.0003656961884171471
2025-07-17,-0.0021690878413875817,-0.0044196582412083536,-0.0035718126102018528,-0.001170421978208186
2025-07-18,-0.002753113890958554,-0.0070776001660871335,-0.005698499155433507,-0.0035702572458794256
2025-07-21,0.0012215685508028674,0.0028128278851190583,0.0022543712530437177,0.0002493623035400305
2025-07-22,-0.0032281308228236955,0.0027989721496934237,0.0016851515457189806,-0.0011443410015254986
2025-07-23,0.004409478514216631,0.002672886725458801,0.0022913628266426596,0.0025107332339540113
2025-07-24,-0.00619586576284138,-0.005206423555382278,-0.004327399522103628,-0.007124516930241097
2025-07-25,-0.008938892598345266,-0.003042376572598337,-0.0050157665047184195,-0.004976118965797518
2025-07-28,-0.007212188775683826,-0.012402143213426076,-0.011820497141142285,-0.005924012589403709
2025-07-29,0.005334478433534819,0.00024808364089385867,0.0020188193984732785,0.004412038605105386
2025-07-30,0.0011277609841721993,0.0017092692492027004,0.002285136331627781,0.0005907572999225466
2025-07-31,-0.0036283001246263146,0.0009296355870850696,-0.0022389894048296874,-0.002050085197547168
2025-08-01,-0.010244998466991902,-0.015910843717549646,-0.014371050268805906,-0.014618113260726677
2025-08-04,0.010372262377922466,0.006876193296957077,0.008746281034635584,0.007182328737380973
2025-08-05,-0.0003676237314394776,0.00015606799089021723,-0.0003014849211901614,-0.0015461253488066953
2025-08-06,-0.004606756610054786,-0.0024326384745562827,-0.0017937987883486315,-0.004414740139680915
2025-08-07,0.001445356605682361,0.0015789442806379258,0.0009544664499967398,0.0002498796231229566
2025-08-08,-0.007224102879090881,-0.000423345903412875,-0.0027689642194206826,-0.0035216460207810507
2025-08-11,0.007672082374635106,0.006416796459822041,0.007006411180108403,0.007807919990612747
2025-08-12,-0.0006405903682916939,0.003675473428329853,0.0020980665343057064,0.0008563035768753276
2025-08-13,0.008015573819216769,0.005523224751435861,0.007320416252749834,0.00998206886811359
2025-08-14,-0.0009434380002071857,0.00020677209731308904,-0.0006548885044173653,-0.0010147816149950065
2025-08-18,0.014710659615066037,0.009027524472650194,0.011529421927564152,0.00613193663928527
2025-08-19,0.0025630875375505227,-0.0019146828493296583,-0.0007045640746747148,-0.0010869760016907946
2025-08-20,0.004431653224924706,0.0012000234423358365,0.0006012796064354427,0.00207792601174654
2025-08-21,0.0008522108691818874,0.0030154656724959853,0.0023830309547087525,0.004634993622752126
2025-08-22,-0.00797501906270266,-0.006289742830236552,-0.006525908774988518,-0.005545391849936878
2025-08-25,0.0051033912517869035,0.00521871502329899,0.004093050271639121,0.0036369648778048075
2025-08-26,-0.00920574374810387,-0.0064821857083088505,-0.008673572229165838,-0.008893652680776905
2025-08-28,-0.005964493616791872,-0.006153042225385629,-0.005355180588184695,-0.006835570409138054
2025-08-29,-0.0011875168288660444,0.006893446322808576,0.0041453358351946175,0.002849273753717795
2025-09-01,0.010482891318908885,0.006867586399300195,0.006641578019006563,0.008236881059784524
2025-09-02,0.0005142711587008739,0.0006924684256943004,0.0007490910888779489,0.0021643867979885584
2025-09-03,0.00649616180259558,0.00488394605512023,0.004546625536082219,0.005213795852870934
2025-09-04,0.0010648727407648719,-0.003993588231867509,-0.0042693947583946415,-0.0010254463431854884
2025-09-05,-0.0006232234513883475,-0.003599596080116999,-0.0039632755092461535,-0.003072308218252665
2025-09-08,0.0001703132060484068,0.0002664889270616699,0.0001232805469357272,0.0016474215416344908
2025-09-09,0.00719619646445677,0.002788598063413324,0.0028686600917113263,0.002956999120010059
2025-09-10,0.005440538529695664,0.004476093988142875,0.0045652119759419085,0.005662125826327651
2025-09-11,0.0004275325080508639,0.0003699862939334648,0.00031299493881850767,-0.0004204585012109517
2025-09-12,0.0047905144086877495,0.003301470212604265,0.0030083178496360494,0.005194598870375107
2025-09-15,-0.003416790439647861,-0.0035768489612002297,-0.0036060810843477446,-0.0044509113805827945
2025-09-16,0.008403096952404997,0.007225204718203636,0.0071113592472940275,0.00798308392167694
2025-09-17,0.0033805621298104356,0.0010479224548025057,0.0008928135915023665,0.002308131602150187
2025-09-18,0.0022929067449278338,0.002584387404487464,0.0027502473582662304,0.0019752550335081823
2025-09-19,-0.0028156432772483923,-0.0025289455303624834,-0.0025822034425267175,-0.0023811477450628614
2025-09-22,-0.004947267428144025,-0.003502092796855188,-0.003770957396981262,-0.00445698062910245
2025-09-23,-0.00048747975825744335,-0.002570272454021044,-0.002859285531557852,-0.0019886095630643518
2025-09-24,-0.002697758148783802,-0.0015453566963756563,-0.0014380686869237685,-0.000734994502578524
2025-09-25,-0.0070018406405090595,-0.007026607127698777,-0.0071515986899248225,-0.005498235494424929
2025-09-26,-0.011871016948174351,-0.0054452835307335565,-0.005273803136374091,-0.0059105601629025045
2025-09-29,-0.00045609306391764144,0.0021516835429825276,0.002236517890021813,0.0006873716878768158
2025-09-30,0.0006835103772147486,0.0002254964733706194,0.00010576865437643252,-0.00027298114950645165
2025-10-01,0.0060090889560524266,0.005680409973162029,0.005546895667991686,0.006310897449704645
2025-10-03,0.0042351855854768795,0.001826098949307577,0.0018881509173309394,0.002055685564279734
2025-10-06,0.005685029239851706,-0.0034274695175687602,-0.003622416930868097,-0.00012394087699254538
2025-10-07,0.0007269575524587453,0.0014196925062175524,0.0015049535748080144,0.0013846552040270247
2025-10-08,-0.00296274460287186,-0.008873466462729391,-0.009268563282441643,-0.0052032134696118355
2025-10-09,0.0068639831499043,0.004373557724167303,0.004222230021631399,0.005291125537945177
2025-10-10,0.005156787835044261,0.009089203351143153,0.00918837554462547,0.008049501774945065
2025-10-13,-0.001994585681118782,-0.003909065540943704,-0.0036849188343074076,-0.003971084967018673
2025-10-14,-0.00438984822212088,-0.0025997095399079248,-0.0027225662009007037,-0.003052451182690219
2025-10-15,0.008698019694019307,0.00845879153353948,0.008683033984249662,0.007591395603328253
2025-10-16,0.011122985914857926,0.009617133968188883,0.009798031600500873,0.010556828558358005
2025-10-17,0.0023370834392740375,0.005437641939747919,0.00587689341363699,0.008038842251569967
2025-10-20,0.006394430750343508,0.0025826062564300815,0.0023701109036771,0.004966200110888042
2025-10-21,0.001595262604510875,0.0006449466361558137,0.0006619839037505706,0.0004308980185859254
2025-10-23,0.0021048275048763674,-0.0029565037149933407,-0.0034303153257667337,-0.0023927923544982766
2025-10-24,-0.003791816354395702,-0.005245211743415928,-0.005297069177519016,-0.006539156381867407
2025-10-27,0.005194607333508524,0.006788175425426746,0.006756929354154695,0.006523491253276758
2025-10-28,-0.0017651999444431555,-0.0034848931589253336,-0.0034109258653033867,-0.0021825725946652786
2025-10-29,0.004072890025481312,0.008369121302846338,0.008199839541192369,0.007854253986613663
2025-10-30,-0.005908998563021291,-0.0031127314885828184,-0.003004579548967125,-0.007585739594572824
2025-10-31,-0.004667928322321694,-0.0015317707732041721,-0.0015246016600819453,-0.0037431217627355916
2025-11-03,-0.00043035567647559786,-0.0054811764982152355,-0.00508399936913216,-0.0019425325011359557
2025-11-04,-0.006940441257256804,-0.010349112039610255,-0.010380642307939825,-0.00799984413459518
2025-11-06,-0.005313094707104001,-0.008585066400378502,-0.008968281578151348,-0.007545431795779673
2025-11-07,0.0009472531964271644,-0.0011910933293517287,-0.00046315184249671364,0.00011688687818014375
2025-11-10,0.004111320727413973,0.0027593453472338153,0.0026202422555469122,0.00323743393575292
2025-11-11,0.0028967505484590672,0.00612104839875658,0.0059856265203188964,0.005663828574568906
2025-11-12,0.007294951615051682,0.004702473182761432,0.004294293424074551,0.006083257511872087
2025-11-13,0.0006249567254772377,0.0015872673213969154,0.001458902946704179,-0.0003901453899831401
2025-11-14,0.0009932342672970519,0.0011726632898002658,0.0013442114252718502,0.0008237728537214167
2025-11-17,0.003745741878607769,0.004100669377904549,0.003973297260674424,0.0037972611731195557
2025-11-18,-0.005025003301883737,-0.005607018076805912,-0.005407091465672951,-0.0020634829689413405
2025-11-19,0.005545475193453953,0.0007934908508343168,0.0005553742238486825,0.0022026627855789675
2025-11-20,0.0033554930922774836,0.0063685654480459715,0.006182519299188544,0.003691987399736724
2025-11-21,-0.0053867905959678174,-0.003398657714145434,-0.004038676287479552,-0.0019054424976698535
2025-11-24,-0.0047011060371687785,-0.004292882085550223,-0.004840212640424418,-0.00547564675346171
2025-11-25,-0.0013850325619660822,-0.001440260682203063,-0.0010904000184625224,-0.0021803973454682744
2025-11-26,0.012558354399268716,0.011562244858734706,0.011738652783655363,0.007857386106274952
2025-11-27,-0.0013419970385141898,-0.00019069738984531627,-0.000463296266302809,-0.003985210409705907
2025-11-28,0.000812722763563365,-0.001052882982274234,-0.001007303914885208,-0.0017014661701714026
2025-12-01,0.0010007359941185657,0.0013548181347809345,0.0012367094204404384,0.0019576985606617188
2025-12-02,-0.0023191153303948444,-0.000593104868902469,-0.0002222877546483599,-0.0003931731970919309
2025-12-03,-0.00395332024584885,-0.007105277236788633,-0.006689918893704575,-0.005816572994774791
2025-12-04,0.003612898168431496,0.0014844370226226359,0.0016667727416953123,0.002943494189315922
2025-12-05,0.004985887783189798,0.002466354370325197,0.002381587033363688,0.0017725931819878825
2025-12-08,-0.010244978431279323,-0.010686387346855179,-0.010089835711669853,-0.007858301399597034
2025-12-09,-0.005382023977847541,-0.00387937473651322,-0.00431400937093174,-0.004410009945877085
2025-12-10,-0.000371959732354273,-0.0006670312031498526,-0.0008529254967993367,-0.0013879007280734519
2025-12-11,0.005336004081151379,0.0019621563477377774,0.0018330598249964095,0.004761265116007973
2025-12-12,0.0065651703273261735,0.005216156199337063,0.0049216142485789495,0.004593173961912885
2025-12-15,-0.0015204706957265214,-0.0020156765668400394,-0.0018260550425227195,-0.002551401460655705
2025-12-16,-0.0072613868347856355,-0.0016433494236649904,-0.0013482996855468503,-0.002509935686771224
2025-12-17,-0.00013575074465218602,-0.00011420798703751738,-6.93375198359469e-05,-0.0010138385296830606
2025-12-18,-0.0005882681401607707,-0.003992273552145209,-0.0036710937598265327,-0.002622125626663351
2025-12-19,0.005261149964559495,0.006899451700494049,0.00679471677045793,0.004298838142350994
2025-12-22,0.008153883516937632,0.00711081902730573,0.007458911130535232,0.007716253021490129
2025-12-23,0.0008704647288189152,0.003104170510838156,0.002833102522346011,0.004371848112371896
2025-12-24,-0.0012738446621883806,0.0007112135520807797,0.0006544156363643542,0.0002317004464883062
2025-12-26,-0.0026006069255051943,-0.002563558282676775,-0.002752362676222214,-0.002279370225634228
2025-12-29,-0.003400368303922311,-0.003350246657868542,-0.003366649944141337,-0.002712101006577755
2025-12-30,0.000942534383124911,0.0016984352982058499,0.0013712735156210121,0.0007928262956732369
2025-12-31,0.00849615063904949,0.00785983971783914,0.007316073544487087,0.007085998175674632
2026-01-01,0.0017414563193882278,-0.003575296940985121,-0.003581015578500585,-0.007466213520185394
2026-01-02,0.007770212981723713,0.01188821399951365,0.011227188725836182,0.00752081141197233
2026-01-05,0.0009959297416482988,0.0024641241933899913,0.0015396906623771195,0.0029777009708995984
2026-01-06,0.0033475000443703626,0.009470066649903316,0.009662738975128406,0.009127965388433263
2026-01-07,-0.0006492177611881634,-0.0023050622268205702,-0.0017385126842656997,0.002166350336869627
2026-01-08,-0.012559201792574711,-0.008762780419604196,-0.00903914079488077,-0.009044919706558206
2026-01-09,-0.006113678829048247,-0.0129339453996708,-0.012627708270501026,-0.0101198588980793
2026-01-12,0.006274362330184739,0.008187718349661019,0.007815357521411753,0.008622085044128263
2026-01-13,-0.0014311919861895502,-0.00022133965635394394,0.0001392812241107818,0.0002343757007322315
2026-01-14,-0.0007600999759282666,-0.004736613647664139,-0.005500867131621249,-0.0038777977066904454
2026-01-16,0.00040589500281140646,-0.005021951688762738,-0.003401414684786613,0.0011384185414090677
2026-01-19,-0.0024370521768964167,-0.00011129146162088596,-0.00014816098516413825,-0.0029863114812941505
2026-01-20,-0.01784507462090466,-0.018016610307134844,-0.018444423646230026,-0.016649593425299758
2026-01-21,-0.0013879190250623813,-0.004028185530586798,-0.003813243782143581,-0.004474276355682502
2026-01-22,0.009950957921975954,0.008222401274879155,0.007678862392794551,0.007746925553785417
2026-01-23,-0.008578224629149183,-0.002144335757384699,-0.0016258993411326457,-0.00407082812892457
2026-01-27,0.006861223023670853,-0.0037131579945155284,-0.004190824647787606,0.0054661079709770475
2026-01-28,0.0088135865799611,0.005529470948689894,0.004481302867790154,0.006989581155803139
2026-01-29,0.003093200834978915,0.00018705616638547105,-0.00040363534550334496,0.0006563734172579101
2026-01-30,-0.0042296544667227,-0.0032194425299815815,-0.0034037971050359206,0.00018459148267436273
2026-02-02,-0.0112906933666674,-0.015475899567550869,-0.015439511448390598,-0.011418361628215034
2026-02-03,0.023317810273871475,0.017755743825702754,0.016956599986157058,0.01930538884632607
2026-02-04,0.0012472944868733976,0.0028214209012943736,0.0017411913921404438,0.004947338807727366
2026-02-05,-0.0033199939429126592,-0.0073999931850834005,-0.0077164920003022636,-0.006756024894770352
2026-02-06,0.001827595441562981,0.011590405730462102,0.012001242954390796,0.011779205806952188
2026-02-09,0.00791010892684336,0.007944565640383299,0.007761024534808273,0.004610309428715156
2026-02-10,0.003884214090604523,0.0024263894363516668,0.0023299737035049916,0.00242368380804102
2026-02-11,0.002369705987653809,0.0042470165695178775,0.004149806856531256,0.002848605485670555
2026-02-12,-0.005857735415160176,-0.003046996602520115,-0.0037892067727184203,-0.0023558072069202016
2026-02-13,-0.012782863804340122,-0.010866204686612625,-0.01082386944060584,-0.012697598531127282
2026-02-16,0.007506914902551317,0.002600301262486732,0.0020332693580514295,0.006675897265732233
2026-02-17,0.0031681796771310293,0.0028171644676784156,0.0027916472557840332,0.004182479056324558
2026-02-18,0.003605054480476301,0.005519343392585677,0.0053272124516093875,0.0033190460731098363
2026-02-19,-0.013165768371793733,-0.011902540893506945,-0.01158132117940425,-0.014671557760490134
2026-02-20,0.006800871312572376,0.004734176752885503,0.004288940807854745,0.006576024000074478
2026-02-23,0.005005035409297411,0.004813997452254193,0.004501483260160458,0.007921789968733512
2026-02-24,-0.0074007448032029684,-0.012086093969559538,-0.013097042919155725,-0.0072077876627257955
2026-02-25,0.0062954429518927435,0.0015935360101384595,0.001441376039234164,0.0017841468206567872
2026-02-26,0.00154241564566121,0.0007103492012435816,0.0006038205988217436,0.0013071354200307511
2026-02-27,-0.012549975444514928,-0.01277232360314928,-0.012497823868967244,-0.013559974488707608
2026-03-02,-0.00982615287879448,-0.00429207372201802,-0.0031780885156001536,-0.006972722267502957
2026-03-04,-0.01719364584575924,-0.013717369277347572,-0.013429736479391356,-0.015348361489519808
2026-03-05,0.013282219916433049,-0.001979228023855675,-0.0034316986994253934,0.005627326347850525
2026-03-06,-0.007877044628838498,-0.007209713541022239,-0.006915108792415891,-0.00797758708707633
2026-03-09,-0.01778600515325098,-0.013339880229678063,-0.012797114691813686,-0.013256430820480978
2026-03-10,0.010699802627808185,0.009622366147314564,0.009376385685768544,0.008234071978699622
2026-03-11,-0.013569043672948878,-0.014123803581235175,-0.013490810056378194,-0.01306512391230569
2026-03-12,-0.007763009516528254,-0.01328278655989923,-0.013070122322664265,-0.010364515943949312
2026-03-13,-0.022098852622107437,-0.011683185891807425,-0.010796571401219864,-0.014571719321699102
2026-03-16,0.007215743448474937,0.011980042226681675,0.012062825353448199,0.00966295864363076
2026-03-17,0.005229806313825005,0.000736227094687846,0.00047792993347235257,3.366673985905153e-05
2026-03-18,0.00793933915276046,0.0021893244841138496,0.001004405363848086,0.005958607710329621
2026-03-19,-0.028661122900622546,-0.02784651093743754,-0.027141580798402943,-0.029964558169781122
2026-03-20,0.009142376799280722,0.003634407983684349,0.002702171219038566,0.004417012459870983
2026-03-23,-0.024969129919286355,-0.02648809764927667,-0.02678919149965319,-0.02261231186523946
2026-03-24,0.015562366210309521,0.020636785165921892,0.020881027995208745,0.01708800275474428
2026-03-25,0.01671617560221387,0.017106921309354334,0.0169065540029624,0.01888190243004268
2026-03-27,-0.013525217749235706,-0.00848704866403465,-0.007262822620753694,-0.01190997462452019
2026-03-30,-0.01681061365216386,-0.022464229189112,-0.02233396649838135,-0.018462425463667657
2026-04-01,0.01240231250933643,-0.008286028579394006,-0.009205095766518661,0.0015568871884612087
2026-04-02,0.0013354862701370112,0.0026749662408620204,0.0032877260646568904,0.00027574374092167916
2026-04-06,0.010911125764092483,-0.0016208110691900471,-0.002398725136152225,0.00022993386777397148
2026-04-07,0.007962154908522397,0.012585304206076878,0.01343189399497607,0.011716461461295931
2026-04-08,0.028880564975692538,-0.005143746465733588,-0.008572964613571063,0.013442933751821724
2026-04-09,-0.001088429081772132,0.003084924101071961,0.0038830837585831744,-0.000588423543976549
2026-04-10,0.008604639106975733,-0.0009256593743465153,-0.002745545556430116,-0.0011436980047338599
2026-04-13,-0.009360368923021074,-0.006827537430853325,-0.006139992594421358,-0.0053976536080475365
2026-04-15,0.016817210119600814,0.009009441436633767,0.008951414803150395,0.012482325011659953
2026-04-16,0.00013239168709176167,-0.00967545129631824,-0.009796086738636033,-0.0021211035713660977
2026-04-17,0.007258958352456131,0.011269624796997781,0.011199585707388653,0.005678990480543333
2026-04-20,0.00036032410987861215,0.0001087740800041774,-0.0003118113353220049,-0.0022130521988942197
2026-04-21,0.007842373920079913,0.01137279081929857,0.011051840696998497,0.005690018220249756
2026-04-22,-0.007136854641147092,-0.004628455088114182,-0.0047879588220039425,-0.01147414428204353
2026-04-23,-0.0027084518199856815,0.0012723168386350736,0.0017560052902036972,0.003212227042766064
2026-04-24,-0.01049648924177847,-0.015725668220720364,-0.016441338947439797,-0.01911538425504829
2026-04-27,0.01043952292479727,0.011642152692298586,0.012091100949554418,0.015795332260218824
2026-04-28,-0.0019946274772708076,0.004776794729885801,0.00568182045761427,0.0035121234896612727
2026-04-29,0.0076346709886179285,0.010346954484198315,0.01033552807865034,0.011974402238779857
2026-04-30,-0.005473703607298276,0.005374675624358333,0.005662551415408087,-0.001038938218768693
2026-05-04,0.004524799497001948,-0.009882897469221687,-0.008963492333701193,-0.0032764316441057555
2026-05-05,-0.0014799146149917985,-0.006267527965926837,-0.006302174817432886,-0.004113771360371765
2026-05-06,0.00910146112775435,0.006430548084614494,0.0061599208044852485,-0.004977921451957039
2026-05-07,1.7403363442639952e-05,-0.00029228004195380676,0.00016811115356738502,-0.001827291381388214
2026-05-08,-0.0017544420691155392,-0.002984489635912515,-0.0037057219817934386,-0.0009238483115532521
2026-05-11,-0.011205731288545432,-0.012225491453098265,-0.012142445238165657,-0.008521138490286519
2026-05-12,-0.017397651088839276,-0.0032585460133289163,-0.0023097667182051637,-0.009972236159135676
2026-05-13,0.0030982317764221036,-0.007379064704020048,-0.005686131434571064,-0.0012250448662825323
2026-05-14,0.009491919534974844,0.009522596554600889,0.010497677973946075,0.004636258259850259
2026-05-15,-0.0005013345851324034,0.008054683325116413,0.006890303239728749,0.0037961663635309372
2026-05-18,-0.0003884901761954827,-0.0006698962715322634,-0.0017786259750250484,-4.171378326517242e-05
2026-05-19,-0.0010066178798651695,0.001750665928093406,0.0005521220356501381,0.0025036252486198406
2026-05-20,0.0015208602154646608,0.001634009733773781,0.0019381878290387158,0.002682654399343268
2026-05-21,0.0020766802483071765,-0.0030874240717290663,-0.0022433164805433906,-0.002726750284575532
2026-05-22,0.0009409734296118226,-0.0024672556215111813,-0.002757191495147915,-0.0035797115403277315
2026-05-25,0.010479216162795332,0.0026823555541104303,0.0025416347402647476,0.003338437261440133
2026-05-26,-0.003252407329136958,-0.004865551769538954,-0.004434047639260383,-0.004740273930678568
2026-05-27,0.002900215432538315,-0.00915610144362794,-0.008009481170149154,-0.0013054128731108602
2026-05-29,-0.013817872971923002,-0.015541304223954229,-0.01638448661321815,-0.014090880973379266
2026-06-01,-0.005295013267125571,0.002357582170449908,0.002896505830541797,-0.0011763328702544115
2026-06-02,0.004605790691657141,-0.004857793396115579,-0.0028353830562550496,0.0034367035722065852
2026-06-03,-0.00666862063583198,0.006228417866543105,0.003400393691525134,-0.005470993781527587
2026-06-04,0.00023685043921323036,-6.990659865649135e-05,-0.00010795058096537021,-0.0012367245894325434
2026-06-05,-0.0024973676165794493,-0.007489254704004373,-0.00765203323097913,-0.001804904153019234
2026-06-08,-0.009080096567282082,-0.006420469480118122,-0.006949069307291597,-0.005151048127499592
2026-06-09,0.0035757909126715873,0.0020814790533887208,0.0015090325785329576,-0.0006570669444658855
2026-06-10,-0.003276950621379157,-0.011157386711699878,-0.010916752945815967,-0.004674368351028775
2026-06-11,-0.0037626733572667342,-0.0009350314604397081,-0.0015593620139721007,-0.00392918983119157
2026-06-12,0.012210506150410775,-0.01108605132758977,-0.009435720188843848,0.0017637297607943471
2026-06-15,0.007493599592080558,-0.004469957232748395,-0.003794036648576725,0.001204996774066131
2026-06-16,0.004412981197174029,0.010213021206795722,0.009591011745202084,0.01096579178815561
2026-06-17,0.0035884737298630845,0.00292739106930144,0.0035575764523687295,0.0021867097108022454
2026-06-18,0.0016634415933445056,-0.0012272763314048244,-0.0013431307841931315,-0.001483075984076151
2026-06-19,-0.00456386777704027,-0.00461634506019181,-0.005196576543614385,-0.007545755195190558
2026-06-22,0.0030969159387049658,0.0014623174543063975,0.0019150687227744987,0.001777751662322732
2026-06-23,-0.010225774664679263,-0.00863092743803533,-0.00945692684284926,-0.00786452622201414
2026-06-24,0.0034599882221676755,-0.0025115677972680837,-0.0018717157003425489,0.004596883993865227
2026-06-25,-0.0014671280647173544,-0.005497091724811548,-0.005819859449789642,-0.005579411598249099
2026-06-29,-0.003453354595716728,0.002738854501656718,0.002762066411698335,0.0021234909468230844
2026-06-30,-0.0034978548428239945,-0.009437727666164996,-0.009317812558189455,-0.009698691738194909
2026-07-01,0.0037337004741898744,0.005177113251536388,0.005485650229567368,0.0019492724300893978
2026-07-02,0.01022769648658941,0.0067803436122325,0.006651959314357563,0.007609909398887233
2026-07-03,0.0062133925402724464,0.0067997012097918315,0.006329956193316074,0.007427290867463354
2026-07-06,0.003370728976882631,0.0023992972252440898,0.0028926854549035114,-0.00022508695634646707
2026-07-07,0.0010152994440166155,-0.001230026106684013,-0.0013773083864116686,-0.00021399588910651766
2026-07-08,-0.01671379368569191,-0.010971010651012237,-0.011942215060009915,-0.011762685727072106
2026-07-09,0.0006748112816632003,-0.003726857485310468,-0.003069908361966687,-0.00469816325287471
2026-07-10,0.008309002050253585,0.005681263634577254,0.006111357834592889,0.00474456701274637
2026-07-13,0.002223608706481423,0.000770610416134453,0.00020747597879953485,0.00608645299871113
2026-07-14,-0.005288488583394044,-0.004770104326511085,-0.004756539824405401,-0.0026091941419930436
2026-07-15,-0.001202898654243679,-0.005652706003489556,-0.004932909076784109,-0.003597677217651904
2026-07-16,0.0015249551390710437,-7.966394181367772e-05,-6.114090485311073e-06,-0.0004076468492694405
2026-07-17,0.008762584605894928,0.007347175516794242,0.007220139378432074,0.009715787694278208
2026-07-20,0.0020468484407269397,0.007158006819812759,0.006416580805525233,0.003272094473889264
2026-07-21,0.0012674284412531958,0.0017837640468012668,0.0019444971962028306,0.0005720537010873389
2026-07-22,-0.003723624417802979,6.602470221400269e-05,-0.0003827075634857389,8.95737124687535e-05
2026-07-23,-0.0035773893795856397,-0.009727379099429882,-0.008936626458833415,-0.005363880840407858
2026-07-24,-0.0036471881920473494,-0.0035888216011807274,-0.003965396547238292,-0.0032068809002863807
2026-07-27,0.008800503454886564,8.71644603921834e-06,0.0011239250306938021,-0.00034637082383371254
2026-07-28,0.0018613008178056242,-0.0036619609764189896,-0.0034240653001323734,-0.0017023884363943538
2026-07-29,0.008550799131881687,0.0050128664841692806,0.005063747682790148,0.004611032718296397
2026-07-30,0.003456229100370446,0.009044715805015516,0.008134844097327038,0.006750542477797407
2026-07-31,0.004176318274733351,0.0003631394767719485,0.001776103068417828,-0.0006958304238473662
2026-08-03,0.015879309833883422,0.011228171895434387,0.011645345859398422,0.014267696504920607
2026-08-04,-0.005016583010241831,-0.0010716571377087274,-0.0012644137920520388,-0.004753893736426903
2026-08-05,0.0014186623449553863,0.0004611135488236515,0.000587714131738588,0.0005473595027095591
2026-08-06,-0.0032127373594228762,-0.003655465639585114,-0.0037429318005456425,-0.006449228750569889
2026-08-07,0.0006639198658829506,0.001282841216192696,0.0014622601250289173,0.00030726651655736854
2026-08-10,0.00036906232152780414,-0.001303491731537574,-0.001208246636832578,-0.00017765555231740642
2026-08-11,-0.004227242927946923,-0.004711956109153025,-0.0045862701291188735,-0.002805558197341348
2026-08-12,-0.002164245077208154,-0.0019474961634746966,-0.0020222943198010095,-0.0023771001496732426
2026-08-13,-0.000630294830425208,-0.0018944112575926305,-0.0018267181003525023,-0.0015271455095750151
2026-08-14,-0.0022963701626028737,-0.0020836403169331324,-0.0021119290923799034,4.651411690870591e-05
2026-08-17,-0.004237655498949099,-0.0035040547150700036,-0.0035857234374471105,-0.003179136575161767
2026-08-18,-0.005506730585376159,-0.0022695084405928707,-0.0026271125978463246,-0.0023746617472961136
2026-08-19,-0.0022180769911751344,-0.0030981383029239596,-0.00292460741905366,-0.004376838142437638
2026-08-20,0.005332477737811551,0.004942735091817682,0.004891184366061179,0.0061410701804868045
2026-08-21,0.0003984026461287726,0.002506547614711245,0.002305937972908406,0.0027578478048542543
2026-08-24,0.0006383764842928532,0.000500960593369646,0.000664792949064933,-0.0002899735041467857
2026-08-25,0.0031618216405427616,0.0031594083650257508,0.003120861019078094,0.003469913255444967
2026-08-26,-0.005712859730323823,-0.005213848451197293,-0.005357419897795396,-0.005202852678051312
2026-08-27,-0.0027542521608768023,0.0019016921679340312,0.0014376849301337852,0.0018205950591871347
2026-08-28,0.004874130745364523,0.004191112720632841,0.004550417205130871,0.00585330574147391
2026-08-31,-0.0033032073302105202,0.006390541398970244,0.005608474904023624,0.001827685217423139
