Date,Equal weight,Original covariance MVP (matched),Dynamic covariance MVP (matched),Empirical CVaR (matched),Filtered-stressed CVaR (matched),Regularized filtered CVaR (matched)
2021-01-01,0.005801023720595415,0.00307215943054684,0.002658248222545813,0.0011581300537703153,0.0013078055446132963,0.00155491784331606
2021-01-04,0.013885330945348445,0.006159832867793597,0.006848746626888539,0.00282847623518978,0.005851856805792274,0.005224020845392526
2021-01-05,0.0009643356145456431,0.001997404513697873,0.002993599418301284,0.001614526245099728,0.0047479779632198784,0.005133271982055707
2021-01-06,0.0014480094505880056,-0.0027052786172966975,-0.002425574431736152,-0.001858754770267926,-0.0031055551598570923,-0.0020471956926395706
2021-01-07,0.003693377792675042,-0.007431363379872655,-0.00737257822241096,-0.007346932785850206,-0.009576464037952318,-0.008405274027995594
2021-01-08,0.017616993145623507,0.02160907393758844,0.02165953852681269,0.01969407083389243,0.022455344230238497,0.020990050261825384
2021-01-11,0.006461064777707731,0.0080004524705152,0.00836469508515707,0.00857068357940356,0.01153762273183041,0.008384484645388037
2021-01-12,0.0022311070732835684,-0.0007489298261033066,-0.0008584523900052703,-0.0034906222223392747,-0.0033279324066758176,-0.003211309377332867
2021-01-13,0.004994664590876261,-0.0017516923377027876,-0.0031147230251629358,-0.005325351340997938,-0.003193603575778794,-0.004239948279967699
2021-01-14,-0.0002158625170086356,0.005677212317039501,0.005249461592789861,0.0041799095652258695,0.004160798992833215,0.005031911182904283
2021-01-15,-0.012468065905341273,-0.012576831996149061,-0.013302608525293138,-0.01304472779595308,-0.012308040004433154,-0.011156274473571126
2021-01-18,-0.01738609247593331,-0.00845912589290178,-0.0074098127005612245,-0.010404297188702786,-0.007042731483514241,-0.005659434590490874
2021-01-19,0.01745310893080418,0.01403695929234848,0.014108103028687178,0.014578252100674899,0.012732858043813036,0.013667669566553981
2021-01-20,0.008366055904055161,0.004532289808447393,0.005199295108751847,0.00337708156808664,0.006410020437155412,0.004507903784013192
2021-01-21,-0.009224557144548628,-0.0034833209581284835,-0.002495736918252411,-0.0027213047989099264,-0.0031074115229871666,-0.002878077611922535
2021-01-22,-0.01143419450004484,-0.003829520855898108,-0.0029150281637999828,-0.004539908401684068,-0.005376420320543109,-0.003296716855966669
2021-01-25,-0.0030367023114407123,-0.009808339627552051,-0.010588397934225783,-0.008698026355868995,-0.010255200696190993,-0.009594447837889333
2021-01-27,-0.013417510188511146,-0.00966203578578628,-0.009712046501434845,-0.012504290231041642,-0.013725107945428978,-0.013492430500336584
2021-01-28,-0.006466955602591015,-0.016542419473400887,-0.016325259195570825,-0.01955970122779993,-0.018689142045315917,-0.017305357731408177
2021-01-29,-0.018203190693467833,-0.02086581429562394,-0.019782431712697376,-0.02149417154990553,-0.020199526112048356,-0.018785235438315374
2021-02-01,0.04000041310921402,0.03791718393644907,0.040261271951903835,0.035231724664170454,0.03760195447068082,0.03765888483365736
2021-02-02,0.022834551408990256,0.020700804280555804,0.019910809979716296,0.025649952083416378,0.02434502981491704,0.02150632404381442
2021-02-03,0.013239457126350593,0.005303089257108224,0.005453034989402606,0.006095225096559013,0.004218768908828871,0.006895252716441217
2021-02-04,0.010965965673914868,0.00789151684909084,0.008978083534061767,0.004668503644609415,0.009124174646532729,0.00838515495808832
2021-02-05,0.0036248952940783298,0.005096683002241469,0.004490245735964624,0.006334740581715435,0.009984028897521733,0.009367989132150733
2021-02-08,0.016102453315596527,0.004535668769076336,0.0046081357164503576,0.005374798161424931,0.0024004471312512776,0.003866533882196733
2021-02-09,-0.0027280677804442867,-0.001344285682165187,-0.0010751648520005025,0.0005497889854690322,0.0010312758197393356,0.0007860051849030511
2021-02-10,0.0003279408579450793,-0.001337442604728452,-0.001909635345478344,-0.0004427205423839305,0.00024129067620939557,1.0482513746465317e-05
2021-02-11,0.0035628039629158996,0.0057838056787404505,0.006219561706779236,-0.0005148658691084796,0.005542687800449529,0.004272954105436366
2021-02-12,-0.005029348457556548,-0.006673502521266514,-0.00639772381363914,-0.006310989408265319,-0.006051570445825993,-0.0073428704551327635
2021-02-15,0.008139333635831185,0.013341225991049675,0.015366485660307945,0.010583312204787535,0.017503216275633015,0.01449880726215693
2021-02-16,0.0058464017334954495,0.0012610410840983282,0.0012608587583690118,0.0038660694803405128,0.005724398932268686,0.006377190429791524
2021-02-17,-0.0025251712336248266,-0.007173332886440426,-0.006776210325865024,-0.00996269164173623,-0.008073132181480298,-0.007658674639151128
2021-02-18,0.0009149613172480162,-0.014322225112819411,-0.014452280745081848,-0.01601633498508767,-0.015868683616295155,-0.014141412385474445
2021-02-19,-0.015697949804313313,-0.011431921189730423,-0.011682278474351784,-0.010997091022313008,-0.013235740162092568,-0.011595055618999825
2021-02-22,-0.01572191511554591,-0.012372928949947338,-0.012080054425161153,-0.011801276874706695,-0.00859680563096699,-0.00954759475584145
2021-02-23,0.00765984580991451,-0.0006184693594307195,-0.0014913846151675797,0.0008519572193477075,0.0008161642925279401,0.000698935645040233
2021-02-24,0.012481893183774767,0.01763967738638418,0.01889936762504854,0.016567659717554868,0.017702139207293154,0.01649946826662784
2021-02-25,0.014592110612290786,0.003713880328722644,0.003493420008081047,0.0022228240585155296,0.0046287710169716735,0.004084409569523053
2021-02-26,-0.036022203825619444,-0.03197934762481985,-0.03271120083245866,-0.03252999843903223,-0.031473263166481524,-0.03161495034857562
2021-03-01,0.018906467154440137,0.011444375105282395,0.010620596894244856,0.011576304026144573,0.011082019063830004,0.011250328807788387
2021-03-02,0.014912653396819435,0.0141423843099743,0.015315315280466018,0.013751935544706082,0.017001864273970005,0.016859979797071586
2021-03-03,0.015375585791918178,0.010271950738798975,0.00889773402728964,0.016339233023933863,0.008390654039064388,0.008725672012932057
2021-03-04,-0.00645355955715529,-0.003123738035831116,-0.002244511912646247,-0.004946650050813871,-0.001952555382083282,-0.002095208303861831
2021-03-05,-0.011047405317926438,-0.008181667287328186,-0.008075270863310452,-0.005865754499215961,-0.010377743183471927,-0.010590967245260544
2021-03-08,0.002004099314095317,-0.0017379863269815976,-0.0016964218785112616,-0.0008927034718959583,-0.0005137627480967862,-9.106104109959674e-05
2021-03-09,0.0015022423088629014,0.001760283228740567,0.0018198322361626831,0.0036609124395553774,0.002462210172166521,0.002467788512649425
2021-03-10,0.008441947705004334,0.007926523750530864,0.0080310733032471,0.008735161898219147,0.012195405803217986,0.012211949069026083
2021-03-12,-0.007744662647346566,-0.00828120141060159,-0.009363365624239834,-0.013368347690646303,-0.00830305378150233,-0.00759617478499509
2021-03-15,-0.0020261823622904716,-0.0025009438299167675,-0.0037691623570252153,-0.005298127884057573,-0.004777178051429555,-0.0038635962657335185
2021-03-16,0.0016099675625649065,0.005469898617956768,0.006751879604406768,-5.511190942269128e-05,0.009351293221597407,0.00913132684419653
2021-03-17,-0.017602899239071764,-0.01575050733285542,-0.01570398235205705,-0.017589980489031584,-0.016654422815414086,-0.016568210909457128
2021-03-18,-0.00804907754423886,-0.010203037778119192,-0.010387201998361576,-0.013880688480753028,-0.014700816625909077,-0.015738437740506792
2021-03-19,0.010964858256465771,0.014504566893348128,0.013695317204174828,0.014443221808718442,0.008963570823952726,0.009136081463742623
2021-03-22,0.0043154567858468855,0.008483992736484262,0.00948178852211634,0.009337830461077844,0.012191108748716855,0.012323137850031113
2021-03-23,0.0022615945899621113,0.0025781379099264964,0.002632202758488715,0.0027127913954152027,0.00278390949688979,0.0031291011928102803
2021-03-24,-0.017347353865617046,-0.009489556261407999,-0.008457871800162404,-0.010620381947508301,-0.00468545415146468,-0.004737207911897608
2021-03-25,-0.01845626397070304,-0.018822888567136143,-0.019812218562011867,-0.013975294935241769,-0.01855167690539921,-0.018567676585130345
2021-03-26,0.015853480785866805,0.01576049176631967,0.01565905527376947,0.016379885660569308,0.01865513980171753,0.018014065119595586
2021-03-30,0.02170688571999955,0.0272697747058185,0.027000841112961277,0.027344254249299753,0.029061145089717272,0.029375580220795665
2021-03-31,-0.004384586503930506,0.000722845825654296,0.0009538607083152059,-0.0021836330705953953,-0.000959202897295593,-0.0009097945802272257
2021-04-01,0.01649838227602759,0.005846094296947861,0.00639298535041152,0.006233548569796675,0.006164452586347969,0.008214189251412898
2021-04-05,-0.01111824803788406,-0.009899355510928404,-0.010491377641990499,-0.004954346258245507,-0.009007253600004277,-0.0063762201500059375
2021-04-06,0.006340845174502348,0.008508706647050418,0.008889475707723435,0.00807630754092547,0.010075829887162801,0.010838131815990408
2021-04-07,0.010432091915112424,0.011765951247471613,0.01245931353271277,0.012086671024490795,0.011927414374958405,0.013580706689356847
2021-04-08,0.007877133932745672,0.004852396401034412,0.005023779383040614,0.005991665791667209,0.009239492406694328,0.009029289464274419
2021-04-09,-0.000180989259818623,0.010065870998128865,0.010271476597035537,0.007524113467536441,0.011540115118019658,0.01146810746521943
2021-04-12,-0.03643459659780106,-0.01601831056232351,-0.01698142537794407,-0.016937078804551295,-0.014844229522470515,-0.012413517614510667
2021-04-13,0.013372279310617255,-0.0026915875522785654,-0.0012812671202784036,-0.005285806429639109,-0.005724883272672014,-0.00801519900672279
2021-04-15,0.004076325055698208,0.004083678942832329,0.004132037385791054,0.009193657583602164,0.005962978868560193,0.0038689597112108545
2021-04-16,0.009032937305564285,0.009605818608182843,0.010414816525652352,0.010588437872814462,0.007953562438098407,0.007481686532668316
2021-04-19,-0.018480693846377502,-0.007854969883606873,-0.007872168894530442,-0.003280491975064369,-0.004737702575551511,-0.004305164202046099
2021-04-20,0.001763117016948155,0.0062210104438559545,0.007002969757163897,0.0056535207548685205,0.005854449895568128,0.007223222620537269
2021-04-22,0.0042359478249323415,-0.0027009882832398787,-0.0024694687861481256,-0.0028796125052381705,-0.0018737780789770892,-0.001167128974101228
2021-04-23,-0.005257227613089369,-0.01050909917633792,-0.010862610924841207,-0.01134327549134253,-0.010122792231725781,-0.010342198678678586
2021-04-26,0.009852966885319196,0.0035394287068528044,0.003863572787723718,0.0007263720243477633,0.0033054350399639543,0.00456958411794881
2021-04-27,0.01055838328724063,0.005748305510104503,0.006039527229714034,0.008669032383832983,0.004602545778853343,0.0044275696047310666
2021-04-28,0.010998057396479027,0.007028078829523704,0.007833909836066485,0.00449170524646953,0.005895690043320607,0.0063490724015577565
2021-04-29,0.007914256701363096,-0.0005318845420869264,-0.00018305404105503978,0.002793776925611731,0.004256050291260058,0.004509814802928761
2021-04-30,-0.007645795576359444,-0.00887275764195275,-0.009176023332471838,-0.011822711938645047,-0.011380536728608136,-0.009571291399178452
2021-05-03,0.003505292696338096,0.005721751670682918,0.005709617715190757,0.0070144899900309605,0.006301641842562477,0.006019717661949782
2021-05-04,-0.006055227776344025,-0.010690548540621984,-0.01046330149678517,-0.010822298615001927,-0.009310053912962175,-0.009880459819859126
2021-05-05,0.009607642187280618,0.0087011569325436,0.00893009960902819,0.007533375152045134,0.011206295351555144,0.011605222692799419
2021-05-06,0.008307392154581272,0.005558493036146963,0.005578058098232919,0.004833457085687131,0.0072764224126686304,0.007232598978831339
2021-05-07,0.007532408931746942,0.003433103870666189,0.003868707360811135,0.003744890671646487,0.0040607890284085485,0.0024962770416152367
2021-05-10,0.013354208505204673,0.010554779828807656,0.010363718328701697,0.007053406920655183,0.0070451494570206285,0.00662919237896684
2021-05-11,-0.0007319893936564147,-0.0026578897892411708,-0.002312537371240846,-0.005501468851583546,-0.005673388887301419,-0.00660535800121611
2021-05-12,-0.011122839013827265,-0.0061053854165474125,-0.006380378103845643,-0.008418768566423075,-0.008903731754514662,-0.008109082528767837
2021-05-14,-0.006235232303255985,0.002435584536771649,0.001750437081036177,0.012625259428273828,-0.000749149200157138,0.0004063551234251121
2021-05-17,0.011703586367775815,-0.0003834321436683142,-0.0003038834155928154,0.003069208905131731,0.0014044424456231453,0.0010432854800361251
2021-05-18,0.014758172015254693,0.002149133003215233,0.0018799756514907512,0.0026461879135974403,0.0028593450356612484,0.00384483296128473
2021-05-19,-0.001152782748855677,0.0028622762973743053,0.0032749490674475624,-0.0006046680059839827,0.002539085476612402,0.003102086013846761
2021-05-20,-0.00868014366714874,-0.004138819229094259,-0.0043035736987978405,-0.0036140402480452504,-0.00355781075586666,-0.002763826368394347
2021-05-21,0.011230146003535516,0.006992059649909325,0.006822634462936644,0.011266203118022334,0.006493207328567118,0.007004915381314575
2021-05-24,0.0006905791016766809,0.001967726187270357,0.0017534248883380485,5.24084166496823e-05,0.001008829318038336,0.0012423734561745475
2021-05-25,0.003753439740388511,0.0037550573898273384,0.0038007781561659212,0.007208712995835979,0.004324872425762294,0.0037657462733306363
2021-05-26,0.0031276153154827873,0.005874579069639575,0.0060778142079510565,0.006471176366887399,0.008217348048920593,0.007464649966563434
2021-05-27,0.003221701263606259,-0.00010209421481414204,-0.0001298140365145795,-0.0006106281164711532,0.0010150948833819629,0.0011305543149243273
2021-05-28,-0.00045425940404564117,0.000571808600812847,0.0001591930637236446,-0.000951123036528139,-0.0016131934992214627,-0.0024616379051563995
2021-05-31,0.008245128584261019,0.012050310283838944,0.012096919411076565,0.015669901699802778,0.011209254747330281,0.011154352766234337
2021-06-01,0.0011678680578580806,-0.0019055938680675722,-0.0010384327840437166,-0.0029031630942398393,8.001544340068738e-05,-1.3799143880666761e-05
2021-06-02,0.002341908023827998,-0.0009436550804734072,-0.0017333299414091946,-0.002158100001042724,-0.0018662986404787835,-0.0016608640844071399
2021-06-03,0.009069517550189497,0.003275751720188787,0.003972822371541422,0.009509380574780554,0.007945399610206167,0.007934009631072703
2021-06-04,0.0009345967277250724,-0.0002423064276914367,-1.8067579289453945e-05,0.0011924374691245792,-0.0021937188482448987,-0.0019313222530907563
2021-06-07,0.005924365825181747,0.007518193126658579,0.007110525598023532,0.0018701696073795855,0.0012216906973197565,0.001442822195476944
2021-06-08,0.0004942780461460157,0.006042512302382168,0.00653305978987982,0.0030526069869217356,0.0061306157952875934,0.00600985339935334
2021-06-09,-0.005462249500532227,-0.0014273886313716643,-0.002022687133282404,-0.00491027031623244,-0.0017144977340449192,-0.002046533408658597
2021-06-10,0.0075507943069280554,0.005343847623430582,0.005394881997667524,0.006199534290262472,0.005597850861272581,0.005474007695489569
2021-06-11,0.0056136630629450785,0.007067356647691891,0.007115936262370872,0.004812622551766918,0.002952382472686364,0.002708234241046959
2021-06-14,-0.0016548315986043996,0.002634827368857429,0.002309526645366869,0.0007425578586250168,0.0031692788799757192,0.003028951535139191
2021-06-15,-0.00021337366825526416,-0.0006388240274990879,-0.000853509574635153,-0.0013658752942740954,0.001684547984173116,0.0015473985661512235
2021-06-16,-0.007760040371476869,-0.0037503896951641674,-0.0030000896754053094,-0.005176370079595447,-0.001752321714753662,-0.0015939697300727355
2021-06-17,-0.008492036384257062,-0.005994910428853657,-0.005119522396159132,-0.006487318144570145,-0.004115570752697299,-0.004352801167028437
2021-06-18,-0.0029960980684359114,-0.0026263986581587747,-0.003226086971104626,-0.001695220422806228,0.0005203488082378797,0.000518298253920314
2021-06-21,0.005656467071720574,0.0012305458116601872,0.0013757087589764264,0.0009260256999931762,0.0027618682340435127,0.002313938096739564
2021-06-22,0.002960499825107027,0.005014438209230376,0.0045222572017206385,0.004896063783929098,0.002652579239955287,0.003814087846707687
2021-06-23,-0.0004090367311067669,-0.001442428393524356,-0.001868175560036994,-0.0029493732718566933,-0.0007757168521389134,-0.0003306714139656114
2021-06-24,0.005550201593874229,0.005327322706466808,0.006117876945198854,0.006850331263234583,0.005485557627377649,0.005981376369542198
2021-06-25,0.007465252765611784,0.0044455083526574405,0.00506078905205749,0.011368271433344774,0.008387348499942954,0.008390633084441598
2021-06-28,-0.00010043014010287698,0.0001993672966245706,0.00018494627167155338,0.0016208837153795902,0.0010137347294429278,0.0008543083187371001
2021-06-29,-0.0036197017004579793,0.0008383495287139697,0.0005082224886702169,-0.0006332035845565344,0.003685864101067648,0.003017819379721378
2021-06-30,-0.002093632065069168,-0.0004161228821344884,-0.00011448168507303914,-0.0002408701235382107,-0.0002983107202236444,-0.00035442011540047914
2021-07-01,0.0017459734678725077,0.002313668823827259,0.0020150776506079244,0.0018044583331712962,0.0021128253746851705,0.002145347435252678
2021-07-02,-0.0004224275081131857,0.0005490547690084363,0.00018009201228802593,-0.0005091578068793508,0.0006002135396743407,0.00038898149182581206
2021-07-05,0.006222046932485922,7.708811176814173e-05,0.0007821310469819801,0.001748679123029527,0.0006709742086154626,0.0005633652015505886
2021-07-06,-0.0011725689626682783,-0.006917218384197288,-0.00585026526367581,-0.003746719803264427,-0.0036023245017220403,-0.0035390028597825736
2021-07-07,0.004548403524690138,0.0027884164324051496,0.002424908009558268,0.004155589773435844,0.0025497779283304347,0.0026925346190098355
2021-07-08,-0.009336031562010527,-0.006878496268613209,-0.0068457394604202245,-0.009263914364339433,-0.007206491334352823,-0.007880143946566031
2021-07-09,0.002831771261723402,0.0007565131677561752,0.0004946989996186045,0.0010425674844694046,0.000858726850028581,0.0017624056538136583
2021-07-12,0.002027264009373797,0.0018528672479852647,0.00241679205148071,-0.00022884235725223294,0.003310476421004696,0.0037138984754431434
2021-07-13,0.0041825055550708465,0.0006052011488041314,0.0012744643582794162,0.00043462400237949736,0.0007623987794284843,0.0015473051457501226
2021-07-14,0.004341776104620124,0.005155898228811794,0.006212944540630629,0.0031236192530663905,0.0045300881486425104,0.004296784611940671
2021-07-15,0.0030370485813155084,0.006677706747948064,0.006479155959221242,0.0017785206278486292,0.005067851453043869,0.004335270316304356
2021-07-16,0.00021322760648037056,-0.0013704211720173467,-0.0005697872304456461,0.00042409204985695975,-0.0007973763221539813,-1.4692318793183001e-05
2021-07-19,-0.005810003348510131,-0.001962513969979948,-0.002526121832844311,-0.003354690350931759,-0.0015228301836867006,-0.001088669880384496
2021-07-20,-0.008276585328085449,-0.00248902669718481,-0.0025602668874462136,-0.0011820782835416433,0.00021136803241185453,0.0005864302796103912
2021-07-22,0.01449625273629551,0.0073700372792003446,0.009179602057460646,0.006324045593003933,0.00737507146471196,0.00688568308579221
2021-07-23,0.0016765212855191663,0.0021805850033874852,0.0019935106084733563,-0.000537443399492566,0.0004569530693540559,0.0003121953612425421
2021-07-26,0.0015177485334686071,-0.00016178191773681132,-0.0001070971020348013,0.0008863154538644043,0.004017255470899288,0.0044295637556497226
2021-07-27,-0.005298871125683701,-0.017495657167351887,-0.015005170230448284,-0.01633620350987407,-0.01709618515781929,-0.016883816590069232
2021-07-28,-0.0006185669694358995,-0.005576657693600034,-0.004612601651553732,-0.004447085920659281,-0.007213812788645387,-0.005955907880207332
2021-07-29,0.0073757799206521715,-0.0009975535923671796,-0.0006272616849881639,-0.001509743699341096,0.000891903665991347,7.680223338616754e-05
2021-07-30,0.001727829355864702,0.00780035409119892,0.0077767010781263635,0.002508675997534393,0.004469490482194457,0.003580697227369867
2021-08-02,0.007252957776327734,0.007343747759008211,0.007335193039345244,0.006113898842876452,0.005455074079885812,0.005259366926054633
2021-08-03,0.013172255838593385,0.01574076135827229,0.01559725961640956,0.014515050149702911,0.01602798902533659,0.014274168009120559
2021-08-04,-0.0010000450589756195,-0.0030384973016820203,-0.00325624748082956,-0.0011544465763135695,-0.0045168766005773036,-0.004535462352676715
2021-08-05,0.003106842473606059,0.000521855743644669,0.00038257157707478266,-0.0022678982420559057,0.0010147329978688136,0.0015378431656394237
2021-08-06,-0.0022305837884551956,-0.004092720061413689,-0.0038252320285489605,-0.0041738956034094166,-0.00333074647093086,-0.0038277820060446657
2021-08-09,-0.0007938926523167769,0.0018374673345078938,0.0013827410602519248,0.0016641940815766924,0.0028328384817901675,0.0016331765933925576
2021-08-10,-0.0023448434468312236,-0.00203237737707209,-0.0021184418070135935,-0.0027290797736423565,-0.0023624917803342976,-0.0036393528932420274
2021-08-11,0.0026174434901796648,0.00030324227464576534,0.0004087870667352604,3.3411604883492804e-05,-0.0004944962994160568,0.000637691639332378
2021-08-12,0.006598715691625157,0.003817575584050089,0.0035197839952502193,0.005999736942112894,0.004019655045557465,0.00492265506007664
2021-08-13,0.004365253666363875,0.005998616286340569,0.0056816551043926385,0.0044692185487836735,0.006386419869571284,0.005971142257343723
2021-08-16,0.001524734006623815,-0.0011824722099237467,-0.0011621670394258354,-0.0007543586924572479,-0.0020930969881917056,-0.0015275241326309322
2021-08-17,0.0071733871259483314,0.011285470903032314,0.011048683574951673,0.015958212242302344,0.01336140073841896,0.016112202503591154
2021-08-18,-0.0012739326694983886,0.002214842920404036,0.002255647010792293,0.0006058324512486703,0.0044488674461713494,0.0030918613883430725
2021-08-20,-0.012439090191859585,0.0020933733344052656,0.0017980404479713212,0.0012187679245593047,0.00321213616446164,0.002895120763027311
2021-08-23,0.000444026423611328,0.0005313241733255695,0.00023403129385089717,0.0009921994212709793,0.0014088279968947496,0.0026036138500806086
2021-08-24,0.012372408915147837,0.00516691436152476,0.005719838033614689,0.007235774630513652,0.00646548282850672,0.006353074624177399
2021-08-25,-0.0013593250597515733,-0.0010842031767009145,-0.0012211394840158352,-0.002703076062851309,-0.0012655866901588528,-0.0003488438634012219
2021-08-26,-0.0036384731463967174,-0.0011202232318242378,-0.001404903302386712,-0.0010285557276384877,-0.0006132207305460438,-0.00027185295697167524
2021-08-27,0.007644984499851864,0.006096251800505705,0.006388709335256294,0.006754789914258797,0.007030897041894136,0.0073427309538515
2021-08-30,0.013506810522652686,0.010939488385436364,0.011307226751995593,0.009780074401105555,0.008002490261847059,0.006360107796838784
2021-08-31,0.01649089333059303,0.015290371184734903,0.015821495868323054,0.018158858390391712,0.013137045727761709,0.012994654317978003
2021-09-01,-0.0028158494920272267,-0.0003471596480514776,0.00020780261466573561,-0.0019930300341142702,-0.0010146219224348258,-0.0013151936830921886
2021-09-02,0.0070302958632661675,0.008109416867173433,0.0077511311958272395,0.012580831463086924,0.00665358754162179,0.008647233483789924
2021-09-03,0.006892917296962056,0.006186860228168548,0.00632171352613943,0.005605827584979298,0.004528203624598826,0.0050627908550267145
2021-09-06,0.0023161589513713138,0.0018488828063805717,0.0018517488128825291,0.005613755242960274,0.0016829092004503475,0.0023839993307449014
2021-09-07,-0.0036129275236225417,-0.0005398458321040172,-0.0002539572111498682,-0.0018438323582946098,-0.0006903513674982244,-0.0014603143117060719
2021-09-08,0.0003616941617822528,-0.0010000365147887998,-0.0013637454349282522,-0.000907520038555259,-0.001142216078361952,-0.0018300170187426398
2021-09-09,0.003139211774562973,0.005054036233697266,0.005126253218101253,0.0041417781773106,0.0035559747257099244,0.004177414300582602
2021-09-13,0.0035448528569977066,-0.0002753376734861259,-0.0006084238449170503,-0.0003934628169184334,0.00043559643263114966,0.00017914367338656042
2021-09-14,0.004028521395402063,0.002147492143871709,0.0019624164915802446,0.00038380984344858716,0.0014543779151522797,0.001600692453729786
2021-09-15,0.011966798448269988,0.010102017928554894,0.01022785169951694,0.00908438645775021,0.012978475963274016,0.01336675605843795
2021-09-16,0.0027077559912822725,0.0039026843073356556,0.004135856326350438,0.0043618604376901345,-5.0634428724359104e-05,0.002257479058474186
2021-09-17,-0.0034081428530634878,-0.0038872254930650005,-0.004181855468859184,-0.002060893788997871,-0.004814393494118949,-0.004719841855659144
2021-09-20,-0.013432735387468172,-0.006172075870920762,-0.005412284921985131,-0.006188285632521532,-0.006018147243798979,-0.003313608762542379
2021-09-21,0.01164974717496272,0.007331993834453413,0.0064591824604601465,0.004899718687776606,0.004079819191375265,0.005440258699107772
2021-09-22,0.003467400033176452,0.000292991181091491,0.00011338332862735872,-0.0013356611712660902,0.0015194667481910574,0.0005907877228091033
2021-09-23,0.013327333721242262,0.009831688388754577,0.009692121898605001,0.011884058927663312,0.009627029469678852,0.009595084817228549
2021-09-24,-0.0026209729801061976,0.003082044749559375,0.00401665032708886,0.001491701899228026,0.006362774163927851,0.0032975078238987915
2021-09-27,-0.0009315279707160136,0.004579194127727167,0.005385221742981621,0.0014060043716952219,0.006358351818680904,0.0033449197983454657
2021-09-28,-0.0007987954001951862,-0.00021941461173950326,-0.00037019444768983227,-0.00023175855309232854,0.0016496381160523137,0.0016134461681861518
2021-09-29,0.006871657391158121,0.00245479454912833,0.0020732755333638434,0.0025341255146389867,0.006781535379937875,0.006915079998619545
2021-09-30,-0.005619604560421289,-0.006192956153249186,-0.006347479628253224,-0.0062413360343378625,-0.006108088693591782,-0.0059566454480328825
2021-10-01,-0.0018626441165458573,-0.0022922270103475804,-0.002296466004310425,-0.006274713256678428,-0.005921411728861599,-0.004739410384484332
2021-10-04,0.009038835125093922,0.00305681144561921,0.0025887978509322924,0.0018015728535666744,0.0023570497003149067,0.0025169008717893676
2021-10-05,0.005787388077726636,0.0035209123240767717,0.00355194016254812,0.004940206729333163,0.0020422145537849516,0.0026384052860937853
2021-10-06,-0.014871227849747419,-0.010442485308228468,-0.010478853325782356,-0.010477756516341202,-0.011708880030950717,-0.011642949371900444
2021-10-07,0.010175903039721497,0.01040846621507503,0.01067881739502995,0.008256108338122464,0.01002476469618669,0.008574717584135996
2021-10-08,0.0012908852981644444,-0.0007986809307142506,-0.0009310818539185984,-0.0005210063881306119,-0.003023993055809865,-0.002605908038512038
2021-10-11,0.008229699649246063,0.011102956997506446,0.010843599707355881,0.013593493897891175,0.014508536556854978,0.011425369357513412
2021-10-12,0.00402319071629529,0.0048063409876589105,0.004767139337919073,0.0040366772901838915,0.004984768105512295,0.005140458560288402
2021-10-13,0.007951550408722629,0.005174539053903831,0.004941027920468724,0.002541810702394164,0.003957984561335473,0.0032635100253863205
2021-10-14,0.009286980795498098,0.009382947065197303,0.009128856128912208,0.013316603852389156,0.011427197115169393,0.010086207244616842
2021-10-18,0.006465524739677186,0.0030961629262269102,0.0028398720725416977,0.003398222897163898,0.004151933915677556,0.00200483468363046
2021-10-19,-0.01005805392094533,-0.01071110064647617,-0.010456482355892907,-0.009643194296662647,-0.011935627698901424,-0.009790649750684478
2021-10-20,-0.010584704372659317,-0.009178213196929966,-0.009766696124539469,-0.009299401362059648,-0.011039916613898134,-0.01136213983179836
2021-10-21,-0.004964115621315015,-0.0029965364341508127,-0.00349693012075148,-0.002918999163162553,-0.0008142146801033769,-0.002124762559898302
2021-10-22,-0.008439913626759547,-0.005395248493294003,-0.005421953181889609,-0.0068549477838354255,-0.008866285748099216,-0.006622377723049079
2021-10-25,-0.0012869316382518392,-0.0010501809420925719,-0.0017256070335938821,0.0013739530142075239,-0.005819614349611639,-0.004846143718964855
2021-10-26,0.01097645238744712,0.008268053264338611,0.007953039752260116,0.007762184579098949,0.009821016962989301,0.008008611691025128
2021-10-27,-0.00406030605694864,-0.005146208508472417,-0.004566981962269534,-0.00130880323572404,-0.0001272787996681071,-0.001168906198352411
2021-10-28,-0.021347474002281888,-0.01745772454652373,-0.016999003573023256,-0.019920005990843294,-0.018281894022301043,-0.017214844646026517
2021-10-29,-0.005271648304172715,-0.0008859428332713901,-0.0009472227162783187,-0.0004131336832524546,-0.0011972890985952763,-0.0005684008454845415
2021-11-01,0.016345030827135006,0.013069757498754475,0.013502487780597082,0.010119736597993464,0.014914060645560931,0.014373178130035413
2021-11-02,-0.0037217895949911125,-0.0007918059167023094,-0.0004236825046292701,-0.0016396143605459052,0.0019408194276556159,0.0012873976184283663
2021-11-03,0.0008287935189065748,-0.002039276892445723,-0.001618672454569284,-0.002895810692987666,0.002727164943866912,0.003014515084394844
2021-11-04,0.005775575110054607,0.005124816754175383,0.004940727972470017,0.004317378878975827,0.004748771172311449,0.003913925421429985
2021-11-08,0.011690455814830091,0.007316987929724952,0.007229784353454062,0.007218131164631247,0.010822318516699729,0.00879866175434269
2021-11-09,0.0007343928909292353,-0.0028382061726475475,-0.002974392124384916,-0.0017612705075531927,-0.003926097254718572,-0.0025768927409120235
2021-11-10,-0.002298711500042611,-0.002300977477927911,-0.0024703769265164805,-0.0005206081667140845,-0.0034850374763115695,-0.003669663937459946
2021-11-11,-0.0074129487433010465,-0.007604526403889869,-0.0077529844246977,-0.007381632537149421,-0.0070135973963992345,-0.007816554852620096
2021-11-12,0.01049778847508379,0.007278471449358987,0.007623209984499858,0.00921865376409208,0.011492658603973381,0.011109874746751238
2021-11-15,0.0015349120813724706,0.004033944501103473,0.003733480055132309,0.002460010585338848,0.0037517024795322767,0.004827041324456695
2021-11-16,-0.0036108269526964687,0.00037099991061788405,0.00017173818245081037,-0.001961423821766083,0.0029845584455500196,0.0019182567097227208
2021-11-17,0.0004717432296048774,-0.0038819682411926583,-0.0041171307252931815,-0.0048489364499887545,-0.0018039655709187934,-0.0007431907972469122
2021-11-18,-0.012835911550843373,-0.01015413496562902,-0.010446432515207674,-0.008121987441715169,-0.010638544133228118,-0.0097609561603781
2021-11-22,-0.01748550681165115,-0.01547150354961786,-0.015425108498715014,-0.01362707461911676,-0.016079169053466773,-0.012126246426664782
2021-11-23,0.01010251707032675,0.004297984625681186,0.00402674019725704,0.0057641485761376135,0.0034057910663163864,0.0024536305146893433
2021-11-24,-0.0029139330676785664,-0.003696819279674875,-0.0034368193290350664,-0.0057593337701952055,-0.007306492157790494,-0.006533029680411639
2021-11-25,0.004421797682382709,0.0003893495942345524,0.000139143640848241,0.002476459209587404,0.0007267570231855513,0.0001360668310716772
2021-11-26,-0.027720064758912474,-0.017491982881659034,-0.01804406529368545,-0.017705004939052253,-0.02113461172182457,-0.019380838546519605
2021-11-29,-0.0012686378225779619,-0.00012225913919684415,0.0004946855947550206,-0.00020095007998799917,0.0021814360575092666,5.077170112337335e-06
2021-11-30,-0.0029013288705219643,-0.0025208291215468807,-0.0028227312033330975,-0.0019089627277159823,-0.001446844713919979,-0.0019745268797159645
2021-12-01,0.008616984539387815,0.0005367306898508648,-0.0003525139729414076,-0.0014056145661499602,-0.0013853897121503976,-0.00026986480418751023
2021-12-02,0.014025899571084747,0.011747956343986257,0.011993701202800328,0.013040946132687184,0.008241353504692305,0.008319000237138406
2021-12-03,-0.010873177637791703,-0.011594287336803462,-0.012114567496333831,-0.012155999339320791,-0.01038440396087088,-0.008993173150231244
2021-12-06,-0.017421655493969686,-0.01849580072566223,-0.01840406535112029,-0.018671772532992216,-0.01817786870505476,-0.017729355080777786
2021-12-07,0.015856572984325995,0.010651543558073202,0.010184345359407867,0.011085561897747192,0.010293966412566835,0.009913100420026908
2021-12-08,0.016393460238311057,0.013999432714101104,0.0138148037387798,0.013295604165023069,0.014931553932815311,0.014761889454272162
2021-12-09,0.002254681971541323,-0.0024785371392832952,-0.0019464796509827244,-0.0024970968995543293,-0.0013842445224924223,0.0005437047272010846
2021-12-10,0.00041217020974448134,0.0016920941276254392,0.002483797329669796,0.0012974200541285164,0.0014324876351571323,0.0016231594901465502
2021-12-13,-0.005385132674786342,-0.00524772915352155,-0.005447679257305355,-0.005083346299503523,-0.005988733474522164,-0.0060562147930293166
2021-12-14,2.0824125491787984e-05,0.004447066703929698,0.004897549035167451,0.006856167353251918,0.0027335562212718882,0.00304006035808548
2021-12-15,-0.005939150594737227,-0.003983173233632004,-0.0042321305715424615,-0.005784450266142587,-0.0036088567186589823,-0.002832964893433124
2021-12-16,0.0004215255369493477,-0.002961531514457392,-0.003217228710343715,-0.0008505192108403,-0.003506046775944798,-0.0028406216521987774
2021-12-17,-0.016504303691806013,-0.014675801460575046,-0.014563220815026503,-0.008449090290605967,-0.01734642378453252,-0.015651413669447944
2021-12-20,-0.019785547714388688,-0.004797991822512792,-0.004232924405886426,-0.0055661942263048455,-0.005875013254432302,-0.006818519950293736
2021-12-21,0.01253652145326269,0.010151290944572568,0.010121432345691874,0.009140869698039858,0.010783981858103059,0.01135068222618987
2021-12-22,0.010380647728187819,0.005843831972085064,0.005588855414788306,0.005827402031900998,0.007794502621625865,0.008205531973335133
2021-12-23,0.008611916212795287,0.006852898954428493,0.006869796776577649,0.009515666134978118,0.0044100316755826385,0.004413887955286148
2021-12-24,-0.00647168817805447,-0.002085072955301387,-0.0019446760602521043,-0.0022424720559914416,-0.004431369744673457,-0.003825290165301064
2021-12-27,0.004557257238062597,0.006959052423194591,0.007102071129960037,0.007390405207073389,0.0071384477475600755,0.006685005600148133
2021-12-28,0.009766063807127379,0.006720224681700296,0.0068234100355041,0.006433698679426026,0.006702804417004246,0.008287922065365076
2021-12-29,0.000831876349985932,0.0032855704006217266,0.0036345800398670256,0.002571034308770305,0.001366752996958495,0.0007216595684678847
2021-12-30,0.0006768940098519969,0.0053273514357830825,0.005308839657897469,0.005804584524573613,0.004991199147472689,0.004741293925469559
2021-12-31,0.009968068111041763,0.007501755066370022,0.0070383561115421964,0.0051326616911696495,0.007986730228559743,0.008010079220047081
2022-01-03,0.013051740024006744,0.008483093844685973,0.006004026626974074,0.007164888492316569,0.0073430671753291115,0.007952469827645721
2022-01-04,0.00944893304880433,0.00734826197169298,0.007156449534001902,0.005732822557042931,0.007134475427441483,0.0071647348392735715
2022-01-05,0.009013214961087267,0.005504315046484518,0.002851393520288995,0.0004476388732865275,0.0012711043178891522,0.0020650016175957145
2022-01-06,-0.006294794599950138,-0.00827340557328216,-0.009274397652340373,-0.012754974209291104,-0.011181400858228828,-0.010705080905057134
2022-01-07,0.0038159716314208956,0.004152080611645489,0.004192578970393955,0.004665833199339133,0.004465711236407689,0.0038937459713041748
2022-01-10,0.00808927524270636,0.003237329694485141,0.0010496461577474878,0.00456551446488985,0.002798000467353422,0.004278741572707178
2022-01-11,0.00032903482220279345,0.002381985951382135,0.0031279844191793426,0.0017216235159555906,0.0014942383063916908,0.0015413127837253973
2022-01-12,0.007418578511686585,0.0011491185540673198,0.0006766984329824445,0.0003834954322759353,0.00020731852678865237,0.0015831428824322677
2022-01-13,0.0045136239302728245,0.0003834234402487924,-0.0017558733966689518,0.002354154010061317,-0.0020410914252042213,0.000961452956908217
2022-01-14,-0.0019661339334512483,-0.004139896023254489,-0.004370449965527822,0.0010581495307550163,-0.0018624498345474678,-0.001318379465186402
2022-01-17,0.003987261940719812,0.0003997777450891443,-0.0005631563257560708,0.002186050965692595,0.001573161039965156,0.002237456432646197
2022-01-18,-0.0163400531022811,-0.008619858414675928,-0.009141650951340348,-0.0113171580384829,-0.005936400160858626,-0.006882999298255078
2022-01-19,-0.005598462287622039,-0.010691755429604186,-0.012503810496096113,-0.014896931112917138,-0.015542342004217138,-0.015283460623740601
2022-01-20,-0.005024788009220907,-0.008633723382775878,-0.009322447586385438,-0.006547232995202812,-0.011370141002938289,-0.010201647221119551
2022-01-21,-0.011223993394586157,-0.0002020810319080719,-0.000915462292698563,-0.003039321469469715,-0.004501340721937964,-0.00521433753393969
2022-01-24,-0.027403703922832354,-0.014548331328701208,-0.016871196477112202,-0.017021648573533953,-0.01884405033703076,-0.017500787482133927
2022-01-25,0.012300887970221906,0.012822873824781929,0.010040203146974534,0.004785656596851827,0.004067997659035345,0.005756919081140694
2022-01-27,-0.00733833615937551,-0.00856617245932734,-0.011690888316890493,-0.014308151708891343,-0.014994230295909405,-0.01346971948503114
2022-01-28,0.0014246298343314227,-0.0030396894583963616,-0.0018966198320944077,-0.00043697420020127995,-0.0014661375605349812,-0.0013784416740064774
2022-01-31,0.013209322409295605,0.012677119302977751,0.013991407871405653,0.013032276946398415,0.014323033127442597,0.013394507804861823
2022-02-01,0.014652210897927275,0.009823768513193831,0.007724175712898839,0.005359427324824944,0.015314364056743142,0.01662461986134185
2022-02-02,0.010270361125729993,0.007421013622138815,0.007636388144257201,0.008901560832430088,0.008424163514115988,0.007599131506434271
2022-02-03,-0.00891462874683292,-0.006514587649148582,-0.005100420397957022,-0.00818445075772171,-0.010769684984929296,-0.011233620060674875
2022-02-04,-0.0016648742364663797,-0.0014937136315832725,-0.002010591754565756,-0.0009391832528192863,0.0005935318122071464,0.0007496617291254182
2022-02-07,-0.013064175612304909,-0.012799832905083077,-0.013132446411748658,-0.013874434768157196,-0.013695125574842475,-0.01414638719851252
2022-02-08,0.0023436049635508485,0.0007946658171722612,0.0009840458550789994,0.00032158453845405356,0.0004409433213462549,0.0005466262872852266
2022-02-09,0.013077034868866444,0.01187618235054242,0.011790849501866067,0.009675358811982062,0.008595026766530947,0.008450563438040237
2022-02-10,0.007048173748584785,0.005369855650231073,0.005095607734730766,0.006941884307213226,0.007997878055984925,0.007822782297354742
2022-02-11,-0.012888122786278227,-0.01360617327065524,-0.012716612752638051,-0.013874367103000218,-0.015298113890003021,-0.015877041566598582
2022-02-14,-0.02847420298468068,-0.01861674354713339,-0.019219446951908907,-0.018713897094710486,-0.018088123164546603,-0.018737847445787326
2022-02-15,0.027774432201042164,0.019124730704113305,0.018914054238184035,0.01916822150672392,0.018842662016791772,0.018869484396484525
2022-02-16,-0.0014782888472870538,-0.0003383733406868319,-0.00021220988257673358,0.0017569608124610703,-0.001018634897615807,-0.0017996264387260346
2022-02-17,-0.001880138656041453,-0.00353552837351895,-0.0032809950691647287,-0.002216872337779355,-0.0034548842472984682,-0.003645484730407026
2022-02-18,-0.0030627508370455548,-0.002049893728488025,-0.001495527477212238,-0.0032886679372291644,-0.0021497709083217716,-0.0025607562958056473
2022-02-21,-0.006810324861674464,-0.0032959475978629124,-0.0030711613968655176,-0.001103139354803935,-0.0026228197925908794,-0.0022078834461048266
2022-02-22,-0.004070864265291547,-0.006556284762473386,-0.0064559315338585535,-0.008410437948816045,-0.006723853598705481,-0.0066882389610510035
2022-02-23,-0.0010361157006151791,-0.0031905433665539488,-0.0033133720708388176,-0.002787496455380285,-0.004023676164503372,-0.004321048984874052
2022-02-24,-0.045482147499745954,-0.03701409986274082,-0.037002947469641785,-0.036795441154999865,-0.0348611677437343,-0.03489157364888673
2022-02-25,0.030146638742843377,0.020704547790468247,0.020203942966107048,0.02029791523386052,0.019112134351561248,0.019206782298531986
2022-02-28,0.01394437823119132,0.004471448972170763,0.004209998637761078,0.004046104205928316,0.0059082462124215645,0.0074540942478004465
2022-03-02,-0.005911333340623704,-0.01181924123868689,-0.012903968099611371,-0.008115456782930757,-0.01423975755163209,-0.01401878335130839
2022-03-03,-0.005147837847651741,-0.002660241523044665,-0.0025644269127780683,-0.00024396330208239754,-0.005823137649501323,-0.005441901540016381
2022-03-04,-0.01621624096563179,-0.009280943331626676,-0.008131241287026792,-0.011208279207096678,-0.010763846053083706,-0.010477246448929419
2022-03-07,-0.012784977193342765,0.006104914816228728,0.005325141328308959,0.007449623448740133,0.0034687603839786757,0.003593517254757629
2022-03-08,0.0072687293385522295,0.008681684663896847,0.01091173636808632,0.007665805846448393,0.008852338082193515,0.008953465430560381
2022-03-09,0.014881034792261789,0.004433511465965363,0.004970051024581631,0.004416910982371923,0.0053209867845422105,0.005147865743965989
2022-03-10,0.012164288717491773,0.010094251128631665,0.009785368764666878,0.010397562948510046,0.009983480504948275,0.009949013569542638
2022-03-11,0.004675525167409015,0.01100894474647032,0.011405463543889308,0.008872352950472066,0.010129910474128452,0.010078125311937372
2022-03-14,0.007556336031731081,-0.0005936063037103302,0.00014129589560311312,0.003107331283576287,-0.0002395280299119485,-4.927234470370601e-05
2022-03-15,-0.012219052885811923,-0.009809382025608705,-0.009519675065220057,-0.012332867027565485,-0.008605528980778503,-0.008829810625080257
2022-03-16,0.01786344223684593,0.012523151835609803,0.0125518869532895,0.014476851672360017,0.013130244494898325,0.013192853358677006
2022-03-17,0.015601106852727743,0.014874338718596067,0.014000741259118335,0.010154633034561189,0.016043829738676987,0.015719768972032373
2022-03-21,-0.009528300814058616,-0.010156298124165868,-0.010641368341276691,-0.010271229744214346,-0.012412274904508289,-0.012232008890733687
2022-03-22,0.00781810248822271,0.002025802271582827,0.002209444052001056,0.00211334461925081,0.0015868583685212023,0.0016934335140432206
2022-03-23,-0.002345439442616584,-0.0019281213416613388,-0.0029266271056132163,-0.0026442850225990855,-0.002024745202660771,-0.002017134539589717
2022-03-24,0.003836062031134772,0.009290145105303491,0.009047702881739587,0.008179028402791786,0.008078740268373774,0.008105249698345326
2022-03-25,-0.004574428610602097,-0.005020120923487364,-0.005113325037904928,-0.005372879038332345,-0.005252676131051132,-0.00532242907347708
2022-03-28,0.004893199056947916,0.0019979162769652556,0.0014716576561738855,0.0017757152275302839,0.002166303314155812,0.0021927376729350178
2022-03-29,0.004944400519331559,0.003550450287313592,0.004023779007724002,0.0032573805071102217,0.005378914733627162,0.00539326821834066
2022-03-30,0.0026016351384150387,-0.0002645551884962981,0.001396446750218494,0.00046621536293580366,0.0013202769385074536,0.001308050258721584
2022-03-31,-0.0014638227644103497,-0.00221743683208812,-0.0010744815412685425,-0.0019326269020099635,-0.0015041578089273274,-0.001491463715112084
2022-04-01,0.0116966846446479,0.011684178669993895,0.011175614569116019,0.011006642850933685,0.014931931231892239,0.012903309910903868
2022-04-04,0.013712820233075783,0.0124281558767485,0.012305151012689572,0.01122103171872783,0.01207449806575777,0.011371866442234648
2022-04-05,0.0024525141311497363,0.009749303194193613,0.00926513212256554,0.008770228878402942,0.011611804329074046,0.010249056608372888
2022-04-06,-0.001149419746117927,0.0006679477036423204,-0.0001553697661468386,-0.0005852983586876947,0.003220604611340449,0.0014289915680469984
2022-04-07,-0.005035452651168004,-0.0035346732230529176,-0.0040009990520602666,-0.005027315876571547,-0.004004366222565457,-0.00440720045946762
2022-04-08,0.01029997516312299,0.005787659140914787,0.005631254101802277,0.0057363257628627266,0.003594469791161061,0.004677915000248469
2022-04-11,-0.0022546517770829105,-0.002092804969020135,-0.002621919012515837,-0.0037093706044081355,-0.001328254982056399,-0.002391925028244513
2022-04-12,-0.010549625990406004,-0.00850814474247899,-0.008461901381177198,-0.009895861589950797,-0.007376116245387058,-0.0077941479067087345
2022-04-13,0.00015827817022579822,0.0012310462627238266,0.0009779147215121125,-0.0008188925763113852,0.00133522565106102,0.0005586473018881905
2022-04-18,-0.004987035262233529,0.0030448500373889045,0.0012140085553396709,-0.0011999449233078933,0.0068452214756135965,0.002524801890826315
2022-04-19,-0.011032584235842111,-0.01773773124345835,-0.01805260220936912,-0.017784642023515453,-0.016410178385653708,-0.017163730323256982
2022-04-20,0.007774828274485776,0.011986020258648358,0.01181187899192401,0.013061772689690365,0.009877566803924072,0.011118261485242363
2022-04-21,0.011860578655143308,0.005780138602452041,0.005405020010430221,0.004313060410493403,0.004469937767164396,0.004442923589544651
2022-04-22,-0.011815704487329794,-0.015797642146481047,-0.015264197255882225,-0.01784413198376692,-0.017362874077173643,-0.017073540504573416
2022-04-25,-0.01639706210411919,-0.014087864446425132,-0.01396731905908248,-0.01378046191848732,-0.01628930757455059,-0.014766952932036951
2022-04-26,0.015228155219965157,0.017275330972782735,0.016560640830596496,0.01723318762044919,0.015013369394837944,0.016677714856366856
2022-04-27,-0.01143823784843459,-0.00557272275292411,-0.005624823079334692,-0.0057676151192085304,-0.006854007377001249,-0.006479504927174525
2022-04-28,0.010618933520702336,0.010252501738928027,0.009452494932363768,0.009958821772885658,0.013206067383203549,0.0117772132615017
2022-04-29,-0.013372547676363006,-0.011131036410465466,-0.011121823201665151,-0.012629371446721192,-0.011901283543643984,-0.011934915458013753
2022-05-02,-0.0048674400016643265,-0.007034724210664155,-0.007114177562643424,-0.0029798482237970063,-0.00791193311914357,-0.008244490233314309
2022-05-04,-0.023107305666428338,-0.015628217359364933,-0.016203073202138957,-0.009150366251124815,-0.021486640603054198,-0.01863360651720892
2022-05-05,-0.0005854635801590366,-0.00084238704746619,-0.00032171095341060676,-0.004935234695888084,-0.00471269572411059,-0.004613970644043063
2022-05-06,-0.013848695164354434,-0.009647093080653077,-0.0105487614187886,-0.007332906082216038,-0.012432563535888622,-0.0115506902910345
2022-05-09,-0.005236817072864419,-0.001068167538863915,-0.0007687095596191863,-0.0015055590642541054,-0.0034953796077430094,-0.0011733166093827118
2022-05-10,-0.010240489139360006,-0.010243068138495251,-0.009765916781632923,-0.01197175851038145,-0.013959978234664126,-0.01416575250869781
2022-05-11,-0.005497332004484941,-0.0008970543791844319,-0.0008062861713755958,-0.004318121829371021,0.0011022286533703858,-0.000483448230029775
2022-05-12,-0.020063988256580817,-0.012109497615802226,-0.011796091783467019,-0.012655504866519673,-0.013733640945541836,-0.012738102425301991
2022-05-13,-0.002724412919483092,0.002809387804314621,0.0026257129454241666,0.004511653275740898,0.002906286777419757,0.004325672664242225
2022-05-16,0.006280317313794425,0.0031332726665590257,0.002306980377557231,0.0012303291886430852,0.0030881253128776467,0.002465690203330176
2022-05-17,0.02916900605096898,0.02336568011604597,0.024409740652978285,0.018797171318462046,0.025896176634428635,0.023612533062476206
2022-05-18,-0.0015407491542207361,0.0022157902123706506,0.002147261884624988,-0.0013180883116485661,0.0036521317574162247,0.000711877814516548
2022-05-19,-0.025416828813694562,-0.02090178902702321,-0.022209529648351288,-0.017672216681746563,-0.020794037918845855,-0.021244813359544555
2022-05-20,0.026826246869979264,0.02850993886658037,0.028680947618592422,0.028819764611405715,0.03144190349175145,0.03013309232121644
2022-05-23,-0.005937901330207478,-0.003166973943205598,-0.003380278036340793,-0.0014928913044703967,-0.005695310903762127,-0.005012359374894299
2022-05-24,-0.009672999499316307,-0.007667415240323357,-0.007701916207516667,-0.008403729190707313,-0.007206385820723844,-0.006422514473547844
2022-05-25,-0.00961284210395864,6.723758673178679e-06,-0.0014481734805131138,-0.001175772851888714,-0.0026131702750128065,-0.00481568724500692
2022-05-26,0.01038809152292363,0.006663711658546043,0.006851321822246309,0.0040304251231988875,0.008376465563097343,0.008373655742894963
2022-05-27,0.008523370919668417,-0.0007228581948506112,0.0003768600031007832,-0.0007214772740160719,0.0005031076367765751,0.0016762022170078578
2022-05-30,0.015312741061914721,0.010278324966337883,0.01131591106041301,0.009377069728543056,0.008096608952077596,0.00927256241745085
2022-05-31,0.0038874076246293993,0.00640922945552479,0.006017783655237599,0.007715208435411316,0.005005237529607293,0.005574831195648601
2022-06-01,-0.006265791515980522,-0.011223489902338712,-0.011192267394780743,-0.009586847725312058,-0.011951842071426532,-0.01159370109712651
2022-06-02,0.004667476235681494,0.006353005539256493,0.004582794177514911,0.006586874861752089,0.0014423423259635377,0.0038032564162313104
2022-06-03,-0.009534736832241111,-0.005243274103392828,-0.007031396451364658,-0.003740383536707334,-0.0067221798637964545,-0.006376623417107017
2022-06-06,-8.281668882336053e-05,0.003099681035560518,0.0029786192882916875,0.00019460703538297548,0.003441231015685658,0.0035367528086776186
2022-06-07,-0.007501062520803501,-0.0015972624017625593,-0.003074844620273509,-0.0053147170493916,-0.003522115267012041,-0.0038064585399872203
2022-06-08,-0.0005617455221893677,-0.004414109534935113,-0.005249992778941794,-0.003448988700567135,-0.004321588667526365,-0.003973980107043148
2022-06-09,0.0044000898846885406,0.00962993823635365,0.009193595292216894,0.009113789706905177,0.009632986761367958,0.010420678927560392
2022-06-10,-0.009240945329216418,-0.008557031245153468,-0.006989458534777268,-0.010188383724607357,-0.006746976847464688,-0.0065144042511259565
2022-06-13,-0.026241157043487326,-0.01828355808528924,-0.01614654514649503,-0.01925615812284018,-0.016960063609134164,-0.017600868075695927
2022-06-14,0.0004515659409773437,-0.004052877218706578,-0.002912414894019278,-0.0008942516709967709,-0.0026589649894868633,-0.001538326295164102
2022-06-15,-0.00012034522261015004,-0.005073317468218966,-0.003711083931528059,-0.0054988703828551,-0.004903166966023312,-0.004874417726814054
2022-06-16,-0.02545318139726037,-0.02138189969152592,-0.019148442933318095,-0.01992382130002334,-0.01919407887888759,-0.020234466101445227
2022-06-17,-0.008666410671005684,-0.014593548013405806,-0.014896328461241759,-0.013527764172361276,-0.013246661387106147,-0.015016314118357707
2022-06-20,-0.0005518181509874521,-0.00024405839028530637,0.0011211836728383772,0.005495126069920529,0.0006100280427277513,-0.00107160445326824
2022-06-21,0.02084646054122795,0.015490527097028205,0.013823340099190135,0.014765101748126036,0.014216561489861753,0.015247063419268923
2022-06-22,-0.01685106328640385,-0.010850610195429057,-0.01017275474104471,-0.01098170415664473,-0.010684254139375321,-0.010533931155174439
2022-06-23,0.013025876495821397,0.013135736476372672,0.014433893817723153,0.009158826878971214,0.013959701450069834,0.011404125012812197
2022-06-24,0.008749671963114894,0.005664762986460212,0.006191237515870163,0.00533250628362408,0.007622320804613449,0.005842837006903187
2022-06-27,0.011358528454388627,0.011136174784332889,0.010239719042074092,0.011279316999220261,0.0077654798632566585,0.008929160654859226
2022-06-28,0.0031386451966018804,0.0042343215132292986,0.0022152110323962536,0.0024894592404949532,0.0028565534299388245,0.004018967435331709
2022-06-29,-0.0030334084218922473,0.004431238165111708,0.0036389269716437106,0.002354449656601209,0.0031881721205918936,0.004729052490406458
2022-06-30,-0.005840902822107591,-0.005297441014395018,-0.003969868173437652,-0.003982370574472916,-0.004330524397637429,-0.0032984435684761024
2022-07-01,0.001987438738817186,-0.0013145897237091244,0.002400986409580786,-0.003128932902780145,0.004139547388850961,0.004787332814261095
2022-07-04,0.002678064897589214,0.010859832038610993,0.012174876431032062,0.010226570592651633,0.013033059987101945,0.013011764953256368
2022-07-05,0.0003350119249114821,0.00011121435661761304,7.00771648515675e-06,0.00022981637917755837,-3.7859104660631295e-05,-0.00010132654803324118
2022-07-06,0.012077708348351413,0.010792047499152227,0.012928961413140181,0.011120271363204877,0.016381047942432014,0.01694826029291753
2022-07-07,0.011738580430583413,0.007415906207027992,0.006732672513257354,0.007374908990260385,0.006792244905741773,0.007088804905640087
2022-07-08,0.005264387136160546,0.009491058166911943,0.009533059398934805,0.007336618154892782,0.007690558990301856,0.007405061828353792
2022-07-11,0.0025796730282413903,0.002930970834950021,0.002691739086137117,0.004476726426300367,0.0041522898980688285,0.004242996705062358
2022-07-12,-0.009370441742764076,-0.008368776090665407,-0.008771755144221394,-0.008089021091219985,-0.010730884393085355,-0.011040890664745485
2022-07-13,0.000673189650398796,0.003998350638403041,0.004361397796448072,0.0011377522101828842,0.0057108001489617815,0.005818670852191402
2022-07-14,-0.0002956806622775878,0.00326585227110222,0.003018711699060773,0.003698916954917906,0.003225854107354344,0.0034707190643266266
2022-07-15,0.006690313658504286,0.007326817755897202,0.007897274853696467,0.009696816723640088,0.009050475272035802,0.009634382744370578
2022-07-18,0.015588849214348662,0.007000975876349563,0.00631289604305458,0.002916532880746305,0.005971609863940401,0.0054380839114698655
2022-07-19,0.00470377636876625,-0.0006860486735809465,-0.00040453329985584046,0.001177984782419312,-0.001164248675546738,-0.0012711705488565217
2022-07-20,0.007488906659157395,0.0037235821127785157,0.0033824205075169804,0.00487461779806245,0.003723530836886572,0.0032986205541996366
2022-07-21,0.008863889741076748,0.0043359883490392236,0.004236436907296583,0.008673338807944986,0.005376688670351186,0.005414062346083409
2022-07-22,0.004995201998713573,0.00613191749789818,0.006595705076967695,0.0027506657694174458,0.006095146366501505,0.0060505864368020695
2022-07-25,-0.0031265363545701606,-0.0058955396932946205,-0.005841928923935042,-0.004613469527124095,-0.005576658834378026,-0.005537950356120255
2022-07-26,-0.007135691912349043,-0.008348863469542743,-0.00877358036050708,-0.007489180146109567,-0.008874488592894459,-0.008876813473458828
2022-07-27,0.010994628403387139,0.006412230645295509,0.0069324187038562555,0.008088978115661368,0.008451380278783248,0.00848101172005936
2022-07-28,0.01649391673418256,0.010951590378254682,0.011213270310155642,0.007582296661144921,0.014095846705401056,0.01388494362832458
2022-07-29,0.014189308492524949,0.0107991178225687,0.010145178700870772,0.013238922089609275,0.011932883171155598,0.011851407835307196
2022-08-01,0.012605118256174589,0.011232534992550836,0.010951365948120899,0.014440015043766507,0.010719270173189856,0.009663287308254045
2022-08-02,0.003572937318118881,0.006065831432355747,0.006058979892677686,0.007725575380523918,0.006687170490839419,0.006835514576721645
2022-08-03,0.00017758546979275246,-0.0016822230864044193,-0.001651858035168151,-0.0007727208322040259,-0.0009924986026663488,-0.001145103269194121
2022-08-04,0.0029283909560208522,0.00036048266513694083,0.0006914184331855006,0.0009418692764846829,0.00019109031404536923,0.00042436821072725775
2022-08-05,0.00034043223055752576,0.00285092086461141,0.002995626145918434,0.0004825474573686934,0.003081735812271975,0.002696639190913963
2022-08-08,0.006682557899685998,0.006418900060011839,0.006259207108445465,0.008109060675827399,0.00680947552815535,0.006752747973456948
2022-08-10,0.0013599001909513275,0.0029828427669703764,0.002784107409078532,0.002489243872835877,0.0027629500395589513,0.002670538949143605
2022-08-11,0.0038047247126834676,-0.002457340806182635,-0.001983236754143301,-0.003103148987894536,-0.0035162374582798127,-0.0034024767762937786
2022-08-12,0.002980004133243923,0.004994350511292984,0.004487495045910875,0.0044222932695206305,0.0037254794252259034,0.003955343590536634
2022-08-16,0.0072128173485893395,0.005932419266403196,0.0063677199096363254,0.00908331286754852,0.0068111192290693035,0.007012657541565635
2022-08-17,0.006589981201654132,0.005263044511914433,0.005363666275751218,0.0023089651626024494,0.00588488589709172,0.00591511297745727
2022-08-18,5.9755367275289784e-05,0.0008228982267750472,0.0006187353861050015,-0.0012843892344314677,0.001851081137373799,0.0013714072821376807
2022-08-19,-0.009316783956216941,-0.009836996457067608,-0.010127326638387033,-0.011046990670993902,-0.01149317979742346,-0.011608882638769389
2022-08-22,-0.01636901356301209,-0.008921409597738905,-0.009439717795158648,-0.009186011304802694,-0.008212941024316057,-0.00823680081980245
2022-08-23,0.009591166693560955,0.0082987216574129,0.008320052822805752,0.008391162596618979,0.006621320296922137,0.0064500714086504944
2022-08-24,0.0015258445301384012,0.003255817954570321,0.0031207665740292136,0.003567093524740678,0.0042905961327435035,0.003917214867749692
2022-08-25,-0.0035462553153804673,-0.00423127612605978,-0.004153626366967051,-0.004752435977272884,-0.005112356043151086,-0.0051955558384850446
2022-08-26,0.006721271890303334,0.005925192557541198,0.005564459771068233,0.0059710720193310906,0.005073385774926165,0.004989730884283986
2022-08-29,-0.010994482908040436,-0.007037921341671573,-0.0067747835251359585,-0.005707208236551509,-0.007110528629911296,-0.006838715296854163
2022-08-30,0.022676787839447154,0.017869976534091565,0.018611468182046825,0.018764006715844793,0.019241334627272774,0.01920592209083147
2022-09-01,-0.008093959201545669,-0.010719908927327439,-0.00996513613442248,-0.01182643700640846,-0.011116460244961338,-0.011356356885786782
2022-09-02,-0.0006180260498372721,-0.0017413944256459745,-0.0016565863089167314,-0.002452115898802896,-0.0006101560285996196,-0.0009645576313866265
2022-09-05,0.00603966621851571,0.002658212341229975,0.0030413242332017845,0.000841499416409738,0.0033938549083648625,0.0037690328799530673
2022-09-06,0.00036449096423693257,0.0033171225783271406,0.0036054377654243276,0.004396378734223785,0.0027994774681171478,0.003169597953484532
2022-09-07,0.0012874540692039858,-0.0034308464156991734,-0.003388767709588681,-0.0042489305019671395,-0.004550878021770713,-0.0038734671823735423
2022-09-08,0.007476507017404443,0.00529072857700064,0.00515452473400875,0.005744854215482916,0.005623332910881004,0.005568565787873634
2022-09-09,0.0028407501524832335,-2.2915934838636928e-05,-0.0004598976356365821,0.001941280276088401,-0.002319033943180098,-0.0021827603655387388
2022-09-12,0.006900732824870264,0.003262486877467433,0.003612896408017101,0.0037452224733781495,0.0019531933689783967,0.0015396672720493425
2022-09-13,0.005333135645657076,0.006182937849666458,0.006339327103360319,0.0054568911363538555,0.008019978350108873,0.0075736085911178985
2022-09-14,-0.0012958154291713795,-0.0024319142974755146,-0.001225774057838752,-0.004827278942254914,0.0018323077404012917,0.0026335492874460043
2022-09-15,-0.005840151069826045,-0.003922161333742024,-0.0032466773664725696,-0.004055111690798496,-0.0017889189127179603,-0.0022239344600700137
2022-09-16,-0.018284883795686633,-0.0175048807467554,-0.0170220859430385,-0.018006041691132388,-0.016435949019387372,-0.01613296118799327
2022-09-19,0.004475786368734397,0.005757795180487236,0.005468723661977265,0.0060137195665210886,0.005394905703929936,0.0055926098120939885
2022-09-20,0.01396264614741092,0.010807863238749455,0.01046275768579686,0.010812694233626748,0.006766933047413983,0.007905316179928616
2022-09-21,-0.008347126278621013,-0.005956449497982038,-0.006313354313914582,-0.005181125656335498,-0.0052253676145838914,-0.004895100054512536
2022-09-22,-0.0011052172275514346,-0.001415130381809712,-0.0012784764030884307,-0.001081864902771221,-0.000964174982840019,-0.0004908742984165821
2022-09-23,-0.017417870408410252,-0.01734108526381023,-0.0177152337029856,-0.019299599275791404,-0.018804898025538575,-0.017998273019616935
2022-09-26,-0.02148921120402795,-0.018180125836209683,-0.02032579451143684,-0.01964693093266103,-0.018063814336526325,-0.017857332587831773
2022-09-27,-9.029234309346657e-05,0.0054456030401608185,0.004858876350530796,0.00505018055655385,0.005520228143787189,0.005890488468558671
2022-09-28,-0.004616685458173243,-0.00041033457732907435,-0.0012574691655937026,-0.0009270347937884458,-0.002553680591888347,-0.001212063550316169
2022-09-29,-5.0925842064581425e-05,0.004763393542423412,0.004750955693923585,0.004669511062569866,0.0038111271844352423,0.004130207366692157
2022-09-30,0.013729333735248999,0.013496815004335173,0.01409774462240366,0.0122716886900088,0.013702978592038582,0.013189304874048529
2022-10-03,-0.010461640525671,-0.006478339750060685,-0.005757015514058573,-0.0073392425175546235,-0.005268561511132788,-0.004910824051857903
2022-10-04,0.02086677294509317,0.0180890865580883,0.018344068526260103,0.01736063902811719,0.015847484153123932,0.015723049337317288
2022-10-06,0.006198444282252169,0.004571342563533836,0.004051422351828425,0.006557637928798994,0.003636210066318116,0.0032835241448053855
2022-10-07,-0.0006092962475545564,-0.002538137312819579,-0.0036813044519253186,-0.002981178846348666,-0.0033251487202269193,-0.002929736277714444
2022-10-10,-0.0031756595494395767,-0.0037202481542562265,-0.0028918650515956062,-0.0040775818350113156,-0.004954051214302956,-0.004488636691817362
2022-10-11,-0.016020070435937967,-0.016934069967847683,-0.016983870679773198,-0.017548231017329684,-0.01571156856956496,-0.01585607541333217
2022-10-12,0.009940367184080385,0.009426499988705803,0.009023923608678368,0.008202017094740763,0.008349907634155475,0.009021838999534685
2022-10-13,-0.006073830776553682,-0.0019261859607928521,-0.0019265302301849146,0.0003987170185862825,0.001459221515575955,0.00017411879304474404
2022-10-14,0.004156823221847775,0.0045835143948219055,0.004881271990471841,0.008540845793825533,0.0074954971184527175,0.006340850719759153
2022-10-17,0.004927035284610073,0.003294406392145363,0.00290408345712432,0.0016004136092735268,0.0019715594580906994,0.0016006136149776507
2022-10-18,0.011318218308696518,0.013367782211810916,0.013096051627758098,0.013719196749093835,0.012620836457306979,0.012900081605517085
2022-10-19,-0.001831101473496485,-0.00021710513353005072,-0.00034041670422153424,-0.0022003342542071497,-0.000240923936433605,-0.00017129966688465056
2022-10-20,0.006289493590636921,0.008857177245333322,0.008884871145349086,0.006494371904003673,0.008443684525710952,0.008790163828061451
2022-10-21,-3.0082496967588786e-05,-0.0023911338250711526,-0.0013984378365108788,0.00017121563585441898,0.000439057244143586,-0.0007699401448069596
2022-10-24,0.007956393970013931,0.007103434009726042,0.006577621865122479,0.0069600590824999515,0.006337342048247482,0.006900508553872373
2022-10-25,0.00019910748574195059,-0.0039656346892733415,-0.005148033229585642,-0.0017526257650488856,-0.005372018190011946,-0.004307815625705927
2022-10-27,0.007679962268650826,0.003337932008734487,0.002167005617320601,0.0031438538091822445,0.004160979500917596,0.003970416008304769
2022-10-28,0.0011360352876596657,0.002957068151060358,0.002253204842371975,0.006642705662386153,0.0001223021305572007,0.001023681402717936
2022-10-31,0.010944767168123825,0.008923150824880204,0.008907198631668679,0.008224334524450413,0.010432101836982382,0.010100066090573814
2022-11-01,0.009372694522597617,0.011097139447194607,0.011897024030059083,0.011674246038124747,0.013052642700956539,0.01190080841694174
2022-11-02,-0.004590583439165618,-0.006434626001692402,-0.006165945226623318,-0.0067137345450196595,-0.0029639261610417906,-0.004424582466652309
2022-11-03,-0.0018785578400887493,0.0019104916070357613,0.0012365249721693014,0.0005684389863845115,2.918785505036267e-05,0.0010920274601212334
2022-11-04,0.005361919407700557,-0.0023579193969575046,-0.0016990481104964248,-0.002616990499525515,-0.002711991248563827,-0.0027903729033319875
2022-11-07,0.003042048359321701,-0.002109841081583376,-0.0020871429437094484,-0.0023597950125981105,-0.003166754876299466,-0.002857525979744599
2022-11-09,-0.0043869155991742926,-0.002880133917825237,-0.002470081814631258,-0.0059866188114423265,-0.0010524291165604073,-0.0003025802597847807
2022-11-10,-0.009261824047105339,-0.0054329722685878025,-0.005202290257820768,-0.006228319013273313,-0.004915699476862896,-0.005229038424725837
2022-11-11,0.009563704626188786,0.00430794444789246,0.006641321488852844,0.0055813644849713115,0.008238322591360068,0.007004249997452657
2022-11-14,-3.7929317253703474e-05,-0.006886587199852573,-0.0060300755818738306,-0.0036063115507762988,-0.007880211921163161,-0.009170080607352023
2022-11-15,0.004690902469920521,0.006073877749455749,0.006044734332407481,0.006509388132580521,0.002318345777041636,0.00258092521282432
2022-11-16,-0.0019758938119670212,0.002127850756024679,0.002069973277630587,0.0005033388135799137,0.004061272423452648,0.0038226811257850066
2022-11-17,-0.005232795316383924,-0.005899184469955392,-0.006131820616691661,-0.005698796686165656,-0.005785799245613482,-0.00509544603477301
2022-11-18,-0.004972033621659294,-0.003810759997733541,-0.003170138695438744,-0.0031898178666814507,-0.0011346320451680672,-0.002088462340915501
2022-11-21,-0.006877233934694266,-0.0018681246128283947,-0.002826553791312402,-0.0022693520553432045,-0.00584134951263426,-0.004418810941385246
2022-11-22,0.004838579499760892,0.0024717695819653903,0.002900470523690704,0.0037953513881710003,0.003217032282661454,0.0027689019055259618
2022-11-23,0.0024325320808840966,0.0015516039378780707,0.0016607525095233763,0.004553102416733422,0.00076051116241206,0.0006257983435299016
2022-11-24,0.009873406045820144,0.009064385174673562,0.01030935264352048,0.013706538850447529,0.009542260643186879,0.008434380584698194
2022-11-25,0.0020173397010017175,0.0007687446076343707,0.0008689018815587368,0.00012307110968192916,-0.0004522179054559453,0.0004102010844877675
2022-11-28,-0.0006934857048860109,-1.8460831042362838e-06,-8.931787271288915e-05,-0.0009028774300404781,0.001299641287450433,0.0008266669751115828
2022-11-29,0.002918705623893595,0.007529420355801996,0.0073838696728320075,0.0072315283941290125,0.009782718916891059,0.009210105981075679
2022-11-30,0.00888120795713073,0.009278470611045342,0.008531918198138855,0.007243088167380981,0.00534947944155437,0.006420286922034734
2022-12-01,0.0036586124997163433,-0.0028123231801619056,-0.002819454406162639,-0.001669624570933937,-0.0025744299364042606,-0.0024948830472105426
2022-12-02,-0.0039584672515019965,-0.003747554388763224,-0.0037789556679834134,-0.006857513081472253,-0.00802166549304043,-0.008634717850963574
2022-12-05,0.0031730650713154597,0.003596320611886649,0.004034991862089,0.001602221041199767,0.0008267295364625172,0.0007513113994835096
2022-12-06,-0.003956764500984278,-0.005035724749532115,-0.004759374487382737,-0.004457713948516955,-0.0034719545126241673,-0.003179739667432154
2022-12-07,-0.005750190579526138,-0.001709329729785472,-0.0022317709481820117,0.0016646284190439315,0.0013737527699600584,0.00057603874211744
2022-12-08,0.0013474421587624272,-0.0005371598175578022,3.6455771217798623e-05,0.0005894129226136993,-0.00018677771344521562,-0.00199285633668465
2022-12-09,-0.006125406005578137,-0.003988938389789434,-0.0032069040864290523,-0.002743012102990614,0.001464706318166538,0.0008606805269531037
2022-12-12,-0.0005137362092493107,-0.0007083853313489081,-0.0005889938519534773,0.00042938756699439657,-0.000534625052951973,-0.0005433964773302385
2022-12-13,0.004930855685949368,0.004580648657407083,0.003938089110488038,0.00384610663888015,0.003398693608440497,0.003777131529496109
2022-12-14,0.005250375572200926,0.0023760683529817526,0.0020233266368248327,0.00108591441340165,-0.0010534869383583595,-0.001494372986818281
2022-12-15,-0.012590502181508492,-0.009118473815197465,-0.009728016461342338,-0.00877656915849034,-0.009498357856867413,-0.009842453929048544
2022-12-16,-0.011593827499111795,-0.012625565901069433,-0.012381285486316075,-0.01112152276566383,-0.010554540107723784,-0.011200668899938966
2022-12-19,0.010664478676586736,0.009756216234161112,0.010406929960992057,0.009648722356217727,0.009812401847466666,0.00897294499641376
2022-12-20,-0.004006330499924504,-0.004634599376518515,-0.004243780062767294,-0.00518914893852929,-0.0031416020883296906,-0.0024667388736317273
2022-12-21,-0.0064055233043896435,-0.0034757096388934408,-0.0059892276486697305,-0.003001080848746827,-0.003336205530838851,-0.0012591963211569747
2022-12-22,-0.0049714927831384995,-0.003719226099001372,-0.003974554016268113,-0.004959812879661616,-0.0039254995445622545,-0.0026863820497877475
2022-12-23,-0.01942694298513364,-0.013368766812029871,-0.015161841334033869,-0.014367965283145854,-0.014222388030002567,-0.013567030869191156
2022-12-26,0.010012840052262923,0.003329823504847629,0.005779790047633014,0.0041756246435555675,0.006035171343389918,0.004509331823614845
2022-12-27,0.009324060239753218,0.006832092416867386,0.008043537933700133,0.0062887775505440675,0.004425363841840036,0.0036184386176630794
2022-12-28,-0.00041428546144063757,-0.0006682466339655122,-9.906015962129406e-05,-0.0003761477269588206,-0.00019446607624170633,0.0002173643372711727
2022-12-29,0.0029538636034497495,0.002379358013476385,0.0023777997600624877,0.0019428284096108216,0.0033131970975523346,0.002799837558893248
2022-12-30,-0.0015336007527968223,-0.0018025323721020873,-0.0014130985460538616,-0.006014767991136624,-0.006616154289460746,-0.0066891895969377994
2023-01-02,0.004208953624883193,-0.0001499142126278343,-0.0011239359464840508,-0.000711807229322591,-0.0010241980750096526,-0.0010713083631497824
2023-01-03,0.0014119787403905225,0.004665926304749406,0.0050393830358119425,0.0038658938385304218,0.005118520817532862,0.00355227044787902
2023-01-04,-0.011172474448443541,-0.007590773568537305,-0.006970949421300648,-0.007163000691453566,-0.006130320658917891,-0.006199958378032265
2023-01-05,0.0005436972609771367,0.0017897128684633556,0.0021611906732308178,0.0017271330521328489,0.002552406418682418,0.004044638418789792
2023-01-06,-0.008719154767950578,-0.008823648788247866,-0.009239960936566871,-0.006587907912513203,-0.009473486219942552,-0.00785351188106919
2023-01-09,0.011615955199372963,0.011683052629390319,0.01236776098134058,0.00985932901687043,0.01247589321825583,0.011804925211029993
2023-01-10,-0.006983822626978575,-0.006115600038597473,-0.006130934031023076,-0.008558349431021982,-0.009129161815291628,-0.008532363159498995
2023-01-11,-0.0031665610290083908,-0.006247520132991878,-0.00666434456578386,-0.002998347879212179,-0.0019175690890008684,-0.0033576074332566596
2023-01-12,0.0003520596141357952,-0.0013607702235211103,-0.000744336287156308,0.0018691761108793406,0.00024693491647772995,0.001257388168248857
2023-01-13,0.005178361085574882,0.002646037744753537,0.0025120052542890316,0.002408002687754595,0.003221474019269311,0.0028851846263354946
2023-01-16,-0.0012225622522177206,-0.0026608770415014493,-0.001751068679160623,-0.0034415975632084636,-0.002162528791922563,-0.0020205202551370326
2023-01-17,0.006723514583754267,0.008385411799923376,0.008762661699868038,0.010018672146756264,0.008829788821600267,0.009378220216681714
2023-01-18,0.0059313062215511185,0.005016618613440764,0.004287087726853694,0.00534261243293432,0.004090206465374968,0.004170306277284487
2023-01-19,-0.002422718788795991,-0.004146603190247847,-0.005030270622928297,-0.004569936722541753,-0.006040188847685446,-0.006081042680871406
2023-01-20,-0.006552296432910298,-0.009468776087139499,-0.010164752739574906,-0.008913181727984373,-0.0076979973579675235,-0.008446878202371284
2023-01-23,0.003878400739447679,0.008103175868044134,0.008748612566912905,0.005520707841791395,0.008243436337182773,0.007772055893145232
2023-01-24,-0.0029278849146995955,-0.0033685387189173388,-0.002545841420596737,-0.0015619060757224741,-0.0016631774034490529,-0.0013400733466349055
2023-01-25,-0.0094216488530413,-0.008045054799982633,-0.008143948526691765,-0.010576832152121685,-0.0106699323775828,-0.010303749397639785
2023-01-27,-0.011236362493262105,-0.009426351963688327,-0.008001067299229225,-0.005816937739002046,-0.00887554649730449,-0.007466248402603936
2023-01-30,-8.136565113539139e-05,-0.00024430975694215333,0.0007327883814883494,-0.0003170142233956119,0.0018330734156640468,0.0015331088752865104
2023-01-31,0.004003863200040312,-0.003507833371548384,-0.004635087924868833,-0.004078197771235255,-0.006437358709074324,-0.004785910934642812
2023-02-01,-0.0065435825470717785,-0.00035156146622458706,-0.0005235513129520961,-0.0022271482327862096,-0.0018806290869170168,-0.00033444079965727397
2023-02-02,-0.0006995181601646321,0.002057890892691939,0.0019971319300879607,-4.679670358309e-05,0.0004814857317905058,0.0008961796002048238
2023-02-03,0.014158419675499703,0.015743945040296525,0.0151827340591159,0.019704299307170395,0.017093761656945088,0.014482302986346065
2023-02-06,-0.0020063055466765733,-0.0013060441016263234,-0.001051887190255416,-0.00267851403665349,-0.0009263576443409973,-0.0016731143421075028
2023-02-07,-0.0034207946606958054,-0.0023471641395970584,-0.002265932783610716,-0.0017251257572852227,-0.001485235081636029,-0.0008602091715722399
2023-02-08,0.00864392595019024,0.005942774078296519,0.00539774625778241,0.006713265942204517,0.006654203636491432,0.006313522419942435
2023-02-09,0.000994291007996812,-0.001084640081706076,-0.0010105918765344034,0.00042796099665381933,-0.0014378449514787963,-0.001814006432664552
2023-02-10,-0.002298510750289021,-0.0007952437974963792,-0.0005629407042657672,-0.000671057295983046,0.00033682113303265315,0.00024681069451082643
2023-02-13,-0.0037022420660068845,0.0026652241136177037,0.0027431174542897835,0.0029501515183437575,0.003834767861738025,0.0024409792118099682
2023-02-14,0.003724103982554396,0.0030321191394889428,0.0026388402926643306,0.0027753819958855064,0.0030167595861802683,0.0031591886915261617
2023-02-15,0.007430337119362036,0.005510294256472169,0.005448397742057075,0.004216050340448007,0.0033066606379568066,0.0030958181530354673
2023-02-16,0.006213764049380047,0.0031506739701869855,0.0031639843427275494,0.0024081247842796306,0.0014534477594109918,0.001452387065702749
2023-02-17,-0.0043822554117817995,-0.0068323127378044305,-0.006413452794350479,-0.006972118674073885,-0.007017323379683537,-0.008019707966971757
2023-02-20,-0.0038690886923159313,-0.007092097088272047,-0.006324960951679192,-0.004868632978611352,-0.006509979085830643,-0.008538660938923977
2023-02-21,-0.0025530182042771236,-0.003981257786216345,-0.00393828717499485,-0.004581559614886671,-0.003957457439674477,-0.0037368566140641097
2023-02-22,-0.013883614620357358,-0.008532286942549056,-0.008748983788779183,-0.010433824869160424,-0.009036712250628616,-0.00895680349713599
2023-02-23,-0.0008225691508508802,-0.0019547422348720625,-0.002067956019343773,-0.003193939684411015,-0.0010538207702021686,-0.0006896709116954487
2023-02-24,-0.0012517772081893513,0.0012755649881029307,0.000861594559702195,0.0016732788409522673,0.0010064000025588075,6.87074561360084e-05
2023-02-27,-0.00544044738759702,-0.0058379260522040755,-0.007037946841248753,-0.0035308428486773005,-0.0067192678858226645,-0.007663533894360166
2023-02-28,-0.006251102931755078,-0.005049137496695588,-0.005084325331001021,-0.0013760539865805567,-0.006051638909642906,-0.0066424379331904695
2023-03-01,0.010271647585615025,0.006352470458698707,0.006512059061568123,0.005549920098741678,0.006364610303158161,0.006453998835153631
2023-03-02,-0.00498937712180226,-0.004511117776111045,-0.004392263808850667,-0.0057972046268824715,-0.005769455545558392,-0.006348279596398025
2023-03-03,0.011023297297564957,0.006906002648929815,0.006614506357329729,0.008176757343450913,0.00854407367015405,0.008336360632690519
2023-03-06,0.005436282222483843,0.004288993624728724,0.004637937839415106,0.002632835541056514,0.005409107583936479,0.004849793974816035
2023-03-08,0.0018322337550888868,0.004125758234106817,0.0038976309216941438,0.0015812443559294468,0.0018639311950834623,0.002617710822342866
2023-03-09,-0.00657906391172855,-0.005052206796295134,-0.005225554318904785,-0.0035366258049409067,-0.007274872401168449,-0.007148179016163077
2023-03-10,-0.005326519174759022,-0.002982029048699858,-0.003245123297196079,-0.005591624449868582,-0.0018555355025824036,-0.001965486546422429
2023-03-13,-0.011673288604308142,-0.010282960234001576,-0.010572413330217242,-0.009285170398424844,-0.009104659770491727,-0.00939947228625607
2023-03-14,-0.007036560423861428,-0.004220171938649417,-0.0038472010786093328,-0.003052539606562101,-0.005613720873422077,-0.0050858187731043
2023-03-15,0.0007750642826701687,0.0014032970602974866,0.0009013283447449568,-0.0023158457620839,-0.0008336066855606581,-0.00018228446823305064
2023-03-16,0.0010930861061933278,0.008595993946196024,0.008012836293144966,0.0063249954973459265,0.009701166698065478,0.009615840761521555
2023-03-17,0.005991307982475124,0.0033925925159514264,0.0034631385855076148,0.007071168401811349,0.0014036529805855889,0.001495305063116677
2023-03-20,-0.008500882415810962,-0.0013044151830112845,-0.0014554097169558592,-0.0015065270771009288,0.0011955902127367148,0.0007197472923220157
2023-03-21,0.0028001882367623626,0.0030699233398399743,0.002718346064985629,0.0013718943237721693,-0.0013870631514669377,0.00021295145625236647
2023-03-22,0.001827893419119987,0.0024801445716608546,0.0023770065545323828,0.002693487277297293,0.0036207194183759655,0.0034300512313724476
2023-03-23,-0.002044266626919021,-0.0017499477676952493,-0.0015054084166063917,-0.0012484230566795914,-0.0019246317700351034,-0.0010362867508189922
2023-03-24,-0.008950575975464406,-0.0051945164232009376,-0.005440437120814695,-0.004422574686221804,-0.0036205528729436817,-0.004302276609415285
2023-03-27,0.0013194688385972369,0.001163544460207567,0.001187886860604414,0.0025364958283376326,0.0023710844896978785,0.0019031020740344622
2023-03-28,-0.0055595001086688155,-0.0015311016147005192,-0.0020450434819018985,-0.002533554397117574,-0.0010082231032170533,-0.0013086205473377415
2023-03-29,0.012348703104939258,0.010432307632683307,0.010507867062275075,0.01018506945065374,0.010439690708662745,0.009501684261051937
2023-03-31,0.01192200830267125,0.008306653778269559,0.009673456669792446,0.009908386951987161,0.008170923259233603,0.008703445311645826
2023-04-03,0.0039808608825303085,0.0019662245348134274,0.0017500940974867038,-0.0009447361177203595,0.002217031579497014,0.0014812607596903769
2023-04-05,0.005927349395769491,0.010128548659862107,0.010158077582558447,0.012451412055190224,0.01030040281143673,0.01055147909362526
2023-04-06,0.0011229179705906076,0.0015877864813249984,0.0018024959623732736,0.0010225748238657795,0.0023774111405917304,0.002472364744849618
2023-04-10,0.005884073602644286,0.004456673125772421,0.003992825931362346,0.0031969895215218976,0.004615316021094642,0.003760195194963145
2023-04-11,0.007334007050478418,0.007519665961751602,0.007041350868569619,0.00602014317038411,0.005346956514008207,0.00850452226365271
2023-04-12,0.00376218669352552,0.0020935527020663042,0.0018814232907850361,0.0036726407182149285,0.0015407942019260786,0.0021799304956606823
2023-04-13,0.0004489756111848601,-5.528848305006611e-05,0.00023290785707931515,-0.0003068565564952917,-0.0013345340934108614,0.000953501784359284
2023-04-17,-0.0012935821743491113,-0.000722844664847228,2.5643336244359936e-05,-0.0003907056444735664,-0.0018870002529048425,-0.00013161325224499447
2023-04-18,3.196709489564835e-05,-0.0033230508414910254,-0.003595426018390244,-0.0013480242164671846,-0.0004313234271818094,-0.001391182383160344
2023-04-19,-0.00369959511544625,-0.004071702005749851,-0.004398017045940788,-0.005114017525497035,-0.00413828994211898,-0.0032968813131735437
2023-04-20,0.0004939377108181492,0.0009931656453595217,0.0009015958537546358,0.000572484334678064,0.001402223720425922,0.0011636652358659196
2023-04-21,-0.0016864033684182737,-0.0010777189147753846,-0.0007266613318950459,0.002386488077611685,-0.0009720301182651767,-2.8758568830331184e-05
2023-04-24,0.005030697945332448,0.0010604962740627531,0.0008280813817351389,0.001439093522323107,-0.0012305932321043725,-5.6218135672590536e-05
2023-04-25,0.002668588957629053,0.0007469389358744377,0.0006522651088421239,0.0005137005274168788,0.003126190574565239,0.0018855761860878037
2023-04-26,0.002030510570529185,0.0037713951869259394,0.004156524198253017,0.003826483762725181,0.004459018077336383,0.004282850658058979
2023-04-27,0.0057284559857851925,0.0047580010608866815,0.004259461607772739,0.003764136610234139,0.005439954831940832,0.005728892754288015
2023-04-28,0.008724393450417443,0.010019238347643872,0.009907195568842965,0.010734516603992293,0.01057307426946126,0.011447693657991585
2023-05-02,0.006843037441146634,0.003617769740435246,0.0033889893427327335,0.0031293961885063433,0.002020594795274598,0.002625412168660674
2023-05-03,-0.0029471456482108196,0.0007334781045026158,0.0004980433548465856,-0.002691764897930829,0.0007149758899511007,0.0001722822959941844
2023-05-04,0.006883669233827061,0.007133091762431246,0.007636720104247882,0.009510143245570271,0.006299987276990783,0.005815556552902031
2023-05-05,-0.0029410828832604,-0.00025556386987152084,-5.542798372379365e-05,0.0004782091846564157,0.0009530236764617591,0.003272710390790678
2023-05-08,0.010012981757733831,0.0069969697743215336,0.007866684881372108,0.008220409310062154,0.006539962767531287,0.005072294438381887
2023-05-09,-0.0004279672699370351,-0.00041169869175966485,-0.0006908806464864964,-0.0003266208636607443,-0.0005680566745897486,-0.0006871086599303758
2023-05-10,0.002354208778188344,0.0027828098395718927,0.003091835298859849,0.003898289068834811,0.0018621755452216966,0.0013651364407645142
2023-05-11,-0.0011264899680658938,0.004200319606693018,0.004675333822687809,0.005087184720591809,0.003038953957989368,4.327329603700386e-05
2023-05-12,-0.0019120979331861345,-0.0017554707707878921,-0.0007453595365440079,-0.002721361597321997,-0.0018503621507015267,-0.0016808477002349816
2023-05-15,0.00406936059085015,0.0050686019692071935,0.005121282203504375,0.002948488282168515,0.005763132459489886,0.0057231325916680025
2023-05-16,-0.002497424513455899,-0.004597613220215615,-0.004052657541399002,-0.001919581588283521,-0.004047844489603154,-0.005188094321479309
2023-05-17,-0.005755217065463647,-0.004651820889342245,-0.0051321071103725005,-0.0045120672440357446,-0.005184649567242224,-0.005531964096730192
2023-05-18,-0.005638091739425121,-0.006462334937189873,-0.005953335390033626,-0.0036690134111910817,-0.007386343105952454,-0.006905592894474635
2023-05-19,0.003019485321734363,0.0017818955513665326,0.0016553178793387632,0.0010435152289797213,0.0014652473094038895,0.0012812785158711555
2023-05-22,0.00849916596455136,0.007000828682187859,0.006185490749973861,0.006908706596119472,0.0071747720999241985,0.008197698367005046
2023-05-23,-0.0007792722707770853,-0.0014212836850314126,-0.0015439488220683004,-0.0002903955101680321,-0.0012839511954422947,-0.0012547438573612942
2023-05-24,0.0007507131036506954,0.0031351373114382906,0.0026185972680441193,0.004398571322416419,0.0030413724195151775,0.0038622663957759156
2023-05-25,0.0029856538549201876,0.002736556038015096,0.002734762666357485,0.005715114007997728,0.0016624749170879788,0.003380882812130191
2023-05-26,0.008338902047239836,0.009195290922434322,0.009019135693187092,0.007506594775331378,0.009643354971969387,0.009430753120488005
2023-05-29,0.005292853093639663,0.003292756534559003,0.0037589827599197453,0.0024823390387721,0.003496221099121703,0.0034482612156332337
2023-05-30,0.0001510551567387179,0.0009361784079937697,0.0011334394227150376,0.0010518609306542025,0.0019184241872371452,0.000977798812412791
2023-05-31,-0.002050917783648214,0.0017179709276821582,0.0015375696466766939,0.0017839252265015684,-0.001099516268962963,0.00230431827954587
2023-06-01,0.00016274549346226896,-2.494298570016875e-05,-0.0012505974875935762,-0.0004912357434463401,-0.002029646560685136,0.00032158279464413435
2023-06-02,0.006734633407652046,0.0073433201343752075,0.00711887545369774,0.007394870373961485,0.006986172035579985,0.008175924107883679
2023-06-05,0.0033222715247293467,0.0004280476469412824,0.0013381954686013057,0.0011936865786567386,0.001188088615420382,0.00144491208377148
2023-06-06,0.0020063958763902605,0.001230545197107793,0.002821260693456387,9.818445662245704e-05,0.0038337863134276346,0.004535919223964376
2023-06-07,0.007122408244240875,0.008418066240546335,0.007774331845651732,0.011555308344606295,0.0075592004412895954,0.008351203954420487
2023-06-08,-0.006060669021669424,-0.007829276617968648,-0.007851909482513596,-0.0062497631813656805,-0.0033341369305222948,-0.004190774759907513
2023-06-09,-0.0030565044691426156,-0.0010107708069632916,-0.0013019482668379248,-0.0005386560418135973,-0.0002481684817927086,-0.00015063663445648084
2023-06-12,0.002607794921035617,0.0007952456293656695,0.0008216541160879717,0.0007601071368670389,-0.0016059397138348975,-0.0009140999849688065
2023-06-13,0.006139828912493475,0.00785542291857407,0.0073738751483570005,0.008670388256122744,0.008809634834665524,0.009059084100933623
2023-06-14,0.0034174760242786455,0.0019302784913501118,0.002441496433845268,0.0028408401230349293,0.0011584153750093125,0.002084862901543033
2023-06-15,0.0006780291097950141,0.003917168132279403,0.0029446607538383233,0.0014671249278594982,0.0027452502547129953,0.004626518124321938
2023-06-16,0.005403223499095669,0.005872438926114716,0.005733225865661392,0.005486846262600303,0.006813069552155857,0.007142834170137405
2023-06-19,-0.0031225175921031395,-0.0038214234244767628,-0.0036566882140408666,-0.0033337387240174763,-0.005139535116868874,-0.004998382101561451
2023-06-20,0.003390843549257317,0.002845616734075186,0.002498023148550351,0.0038373247851967427,0.004423069728983216,0.0034901961533410483
2023-06-21,0.00032760290499839,0.0020531662262453917,0.0012914725117303962,0.0027861218428068134,0.002479962079308738,0.0008872607587323158
2023-06-22,-0.005818758540058394,-0.006394377734003036,-0.006624394121691768,-0.006881330200245506,-0.0056868878345918625,-0.005796988283792707
2023-06-23,-0.006519158854768392,-0.0005234774770340443,-0.002166480206418373,-0.0029271732912603057,-0.0005067018289811164,-0.0007479078389660892
2023-06-26,0.0033949737746508768,0.0033382511203003634,0.0031607349006000348,0.0010662183890888207,0.0034972401383985114,0.0036525549962609753
2023-06-27,0.004340025273200812,0.005072750188327606,0.005064318599151027,0.007068693041816878,0.003942614173161033,0.004812407495748003
2023-06-28,0.00842971564674417,0.007632677520512859,0.00737496606747552,0.009876658328949524,0.010244715415897603,0.01001932334415513
2023-06-30,0.011439554728934579,0.011118408812346773,0.010879913798912007,0.013383183980846734,0.01093483455834208,0.010914017364409515
2023-07-03,0.0028320613282804153,0.001911136865981316,0.002037322755363138,-0.0020722848626936264,0.003922118185652473,0.002197182522355955
2023-07-04,0.003917799173244886,0.0031035374803504204,0.003181470848132821,0.002566782419605197,0.0009133596759590952,2.5427902622407548e-05
2023-07-05,0.003446419853130672,0.002232545845723664,0.0023187188636245837,0.007312343484853463,-0.0012661311228654069,0.00021797752422053553
2023-07-06,0.006593694966170497,0.005580191633692853,0.0056017280835896684,0.004908593397561098,0.0034264082611155447,0.005206514365539335
2023-07-07,-0.009716412094784877,-0.009457393489239165,-0.00948900587764321,-0.008885303231686712,-0.008711574366858387,-0.009155752111965733
2023-07-10,-0.0022217349812664747,-0.0035234597115340175,-0.0034186513971396692,-0.0013656764283587423,-0.002811245520263998,-0.002835422425474879
2023-07-11,0.006962491501671864,0.006300384913919033,0.006213048389586549,0.006619626386177268,0.006341173748293757,0.0064038482063639955
2023-07-12,-0.0006174137986756771,8.654665118048449e-05,0.00013739936153792489,0.0008830203131627894,-0.000811293926589018,-0.0014407405698948427
2023-07-13,-0.002004350516771133,-0.0021271158126217587,-0.002231831039073807,-0.004230978942876957,-0.00010813344784888239,-0.0020395515927819257
2023-07-14,0.008187965729839281,0.007109580859353065,0.006787807941288474,0.007008039169034263,0.007577253201493852,0.0051226358674213756
2023-07-17,0.004450742841269001,0.003621014359278703,0.003525909281550183,-0.00015475132344931124,0.0012980813737608723,0.002401052899308285
2023-07-18,-0.000712901698456685,0.001102108965972349,0.0010285189816042171,-7.140988164981905e-05,0.0021939727406466904,0.0011645144121357164
2023-07-19,0.003683069218528049,0.003407271176824895,0.003488079376900108,0.00044096553842682296,0.004211203751215269,0.0041561822428538555
2023-07-20,0.0060078608635333805,0.008499834546901484,0.008518025205266996,0.0085124416575238,0.00696328218175409,0.008041826103984963
2023-07-21,-0.00793034273348621,-0.0030192471803886347,-0.0027535441135768807,-0.0032440655451098617,-0.0006026119285425123,-0.0011824477432564543
2023-07-24,-0.0010242519267171968,-0.0006146912181274719,-0.0006181225845219608,0.00048314256321489247,0.0013675106035242863,0.0010845434220766287
2023-07-25,0.0031389523510392493,-0.0021452890450988945,-0.002061372023511638,-0.0031541625067996663,0.00030535765702823696,0.0001508068601398921
2023-07-26,0.0027959540639916815,0.0023355471571676924,0.0023882658617405345,0.0034474321150821507,0.0013800994733043788,0.002926268163618029
2023-07-27,-0.0031697748257774492,7.042027435370975e-05,-9.023669019566586e-05,-0.0028498199712025385,0.0040709567081655225,0.003864305962067215
2023-07-28,0.004111239693352462,0.0034572652695811622,0.0035206017543675484,0.0013321684724444543,0.002947892237188151,0.004112873382137186
2023-07-31,0.00834701559644049,0.006532325330814907,0.006536754394566876,0.0061160508428457876,0.007968059758382648,0.007372964417150302
2023-08-01,6.633782959786444e-05,-0.0003375675721138568,-0.0007330553302599006,0.0002602271330398529,-0.0007984287340728255,-0.0002581930035748109
2023-08-02,-0.011135430420788094,-0.011477026675192925,-0.011311075695864724,-0.01276233202046794,-0.012752866580856292,-0.011663447888134643
2023-08-03,-0.006222265100789193,-0.010158792796303799,-0.009973115842246822,-0.010976546197318473,-0.011214813156912268,-0.010682482606714751
2023-08-04,0.0050175656716968525,0.006549545936492719,0.006488062216167018,0.004168283809285599,0.006030329383722404,0.007309397925941029
2023-08-07,0.005185221180566329,0.002355365074096029,0.0024642936503833568,0.0017044511080638674,0.0026788083191732225,0.003115489358300409
2023-08-08,-0.0009024254776287522,0.0022587774879278028,0.002544068674939412,0.001184232488297051,0.0050730154806179865,0.004488251409884376
2023-08-09,0.006475957024382632,0.0026575982104358174,0.002676803822551402,0.003333795546122965,0.0026076169748216666,0.0021649280952602103
2023-08-10,-0.003295226996022322,-0.00623194346280601,-0.006122333819281674,-0.005111828386036715,-0.004306052145626315,-0.005167341186492416
2023-08-11,-0.003595264355011552,-0.00548739247693031,-0.005532513154705402,-0.005350378710112949,-0.004657101712044195,-0.0051990128208347745
2023-08-14,-0.003099747954128031,-0.003327710937921645,-0.0033866641159326413,-0.003715637081567049,-0.0052282973771922234,-0.004332286296513924
2023-08-16,0.0029189394272855274,0.0004603862603390404,0.0008313150100942414,-0.0020343855650528826,-6.890093929444409e-05,-0.00030748030751822676
2023-08-17,-0.0025482392475805436,-0.0034649906043078553,-0.003428044969323364,-0.000772898015320814,3.3137240108371694e-05,-0.0007188403427882595
2023-08-18,-0.003798860105329626,-0.0025682138292881553,-0.002421045608870154,-0.0012123749002974546,-0.0014808712483948185,-0.0011919017820133447
2023-08-21,0.008245099967881274,0.00714983971264792,0.006961643133392844,0.007496487866178396,0.0063696667604618866,0.006006989771418129
2023-08-22,0.0015472278156954883,-0.0007204002297197373,-0.0006835478157637631,-0.0009719512481950514,-0.0025461703808700737,-0.0024114961782258706
2023-08-23,0.002252840872358563,0.003618036633667935,0.00377411081002875,0.0038809128062874793,0.0034615837674004347,0.0029802286018282475
2023-08-24,-0.0031075437775709156,-0.001054803827588975,-0.001276483310911444,-0.000593198326231126,-0.0004376615946670519,-0.0003135025709736151
2023-08-25,-0.006644705415915119,-0.0018126295273255444,-0.002169701739674614,0.00012808797012901166,-0.000588582430031901,-0.0005540804210958095
2023-08-28,0.0032313861620480986,0.003970749404180374,0.00436084694208414,0.0026722151250061408,0.0031533430303660338,0.0030757141073906808
2023-08-29,0.003486291093335976,0.0013640549936644695,0.00141368410708333,0.0019670052609727213,0.0018202414153759886,0.0018764341226802407
2023-08-30,0.0015643071352000712,0.0006012637930415989,0.0007404655226113076,0.0005576411097907962,0.0008102191232861474,0.0017665466526952792
2023-08-31,-0.004509791265671102,-0.0034169880883843564,-0.0029980719047338865,-0.004165356865396961,-0.002545374276968183,-0.0017964547061299371
2023-09-01,0.013751930914179195,0.008772539698743803,0.008427819739234805,0.005347562012961656,0.007626096372504402,0.007544074624101304
2023-09-04,0.0085660075748091,0.0027532251761470837,0.003164780388652014,0.0014997465794347553,0.002557314208215611,0.0037028874868358934
2023-09-05,0.0027945910256360527,0.0015199076501194572,0.0015376289533054338,0.0021620327969223353,-0.0015216149726436996,-0.0011215817256652273
2023-09-06,6.516836350553025e-06,0.0024489547867213705,0.002478695600439289,0.004753563855182527,0.00364463654440723,0.00439383727284338
2023-09-07,0.005990286485193886,0.005315433115590285,0.005447946343410347,0.004358577895046866,0.002968440414082849,0.003518216180167611
2023-09-08,0.004499556270595551,0.0047049662971941734,0.00420741782081335,0.0049826878704593925,0.0035412528675946393,0.003889955908028773
2023-09-11,0.010040929619928807,0.009184663014852459,0.008837595833563435,0.006962548497251071,0.008772431268543756,0.007503643852456193
2023-09-12,-0.006135657614299135,-0.0018866826095806028,-0.00108754074311204,0.0005159851092095196,-0.0020974976949719414,-0.0028339699372528946
2023-09-13,0.005113238322123631,0.006369831846276411,0.005694051988259495,0.007028271297242447,0.008374115214297623,0.008154406394766995
2023-09-14,0.004428244031992601,0.0019115249686167035,0.0018775780344904135,0.0010543450261154158,0.0015112822805624624,0.0016863854170057395
2023-09-15,0.004819967773398376,0.003292020705234487,0.003558119347569152,0.0028059469349385364,0.0036314098308356524,0.003730478142241779
2023-09-18,0.000773963108743453,0.0010994459744844286,0.0010603755479300623,0.0020096296827490402,-0.00021526886498990198,0.0002640611660194819
2023-09-20,-0.00698819544873895,-0.007195656783429571,-0.00723124179131274,-0.009153442142312035,-0.010481373886153299,-0.009954454650541638
2023-09-21,-0.007343939918637046,-0.007895692642714135,-0.007767818204350042,-0.00503513898189479,-0.005915802526013527,-0.006723268279157749
2023-09-22,-0.0027606836765094417,0.00010952880892975772,-7.442872957732767e-06,-0.0006022521593878761,-0.0013595822217817859,-0.0023353331088047683
2023-09-25,0.0017606703144804334,0.005554439001891105,0.005146063203452479,0.002450405752746545,0.00298615400977952,0.003455314409888157
2023-09-26,0.0006832537406646986,0.00015361142186221585,-0.00022685899053353,0.0009057735983370771,0.000680259435364025,0.0009739605892768908
2023-09-27,0.002603315304676471,0.0016273625891492429,0.0019313309936716395,0.000492402070793022,0.0010696708921651209,0.0007415714236932978
2023-09-28,-0.011577967678920987,-0.010995680198212688,-0.01166421791293076,-0.010350228704769714,-0.010881609490268972,-0.011595152820077226
2023-09-29,0.009498219702334037,0.004882492211711731,0.004542837436307167,0.004015098376704372,0.003375482651861017,0.003387472727173979
2023-10-03,-0.0054116445205115386,-0.0007641154476987377,-0.0006759636062806636,-0.0022497190777051885,0.0011201346642216183,-0.0003571178724305977
2023-10-04,-0.008330267057645599,-0.0047900147446657635,-0.004213229364322366,-0.006887435424249259,-0.005586616507975298,-0.004633434024951974
2023-10-05,0.003946820434278575,0.006387372125166489,0.006729169098700005,0.007096077000454545,0.006422874090313512,0.007936585469770795
2023-10-06,0.006318200253767784,0.0066970212223786026,0.00684896909520361,0.004924187764441836,0.006806951189179892,0.0059779814552799425
2023-10-09,-0.007056435855204892,-0.006975903989731424,-0.0060791371984277726,-0.006843812688101635,-0.005669318422894821,-0.005387861468925052
2023-10-10,0.010773909212435257,0.006901896243268444,0.006342905896843181,0.0065668912011566105,0.005185597981304642,0.005542557471400758
2023-10-11,0.0059219180164740304,0.006319352289424351,0.006290044218696962,0.005862195498519161,0.005655426064968034,0.004725434928542594
2023-10-12,-0.000942263190228885,-0.003164032138209437,-0.003570325650098444,-0.001649625172205908,-0.005327690066673099,-0.004546647505454785
2023-10-13,-0.0010725698432095128,0.002701275072066107,0.002821336217525812,0.0010994033891588743,0.00301525203457381,0.002240026641139822
2023-10-16,0.00015944686602664725,-0.0047544951832323955,-0.0048900628043838466,-0.0035377915534209065,-0.004673666221734893,-0.004755525855486609
2023-10-17,0.004839261353552638,0.003240527266347003,0.0032500682028138764,0.0023572834037754145,0.002486744136431291,0.0018261722469043132
2023-10-18,-0.004507312021561719,-0.004132509878334128,-0.004234206835377861,-0.004900769848440745,-0.0019536011367399285,-0.0027467803778643313
2023-10-19,-0.00027961767159412104,0.0031593430422902948,0.003270723873865785,1.2903310312705526e-05,0.0031223730519044654,0.0020620735912533256
2023-10-20,-0.00604686795675051,-0.004354162420826414,-0.004087868337545514,-0.0039954963980216385,-0.0044802254548410555,-0.0034303570029183637
2023-10-23,-0.013716340233525692,-0.011041639152758168,-0.010817031450032426,-0.012070111975324569,-0.011395016587516835,-0.0123052902221435
2023-10-25,-0.0062895211563511865,-0.008099119836197068,-0.008205714424808653,-0.007608250315030859,-0.00949240818130028,-0.008465420218817792
2023-10-26,-0.01497169518216641,-0.017491944333910544,-0.01790266086749434,-0.01703905616577911,-0.017952249190474515,-0.017808314258426102
2023-10-27,0.011462263838905262,0.010544350291170571,0.010107740126953514,0.010568597774348746,0.011910565798564447,0.01122672617841977
2023-10-30,0.0021539218341615025,0.004887145079395371,0.00493294430829044,0.005571057844848286,0.004473531019347111,0.004421750049089727
2023-10-31,-0.0008784886635014545,-0.00040533081061682076,-0.00013855020701189141,-0.004055597639526857,-0.0007553303718632307,-0.001368696462145316
2023-11-01,-0.0057211021149700236,-0.006801642987177223,-0.006659812454794696,-0.004604585873791731,-0.004950234576114909,-0.004613777146872849
2023-11-02,0.008900519672938232,0.009001072876225862,0.009204884908994595,0.010436048955261103,0.010370820956638306,0.010082008954038112
2023-11-03,0.006383821359730688,0.0036148506660460644,0.0037780331359663277,0.006850439535278468,0.004951012839513603,0.004947720928909216
2023-11-06,0.009985649185144205,0.010121132350707636,0.010265678432955339,0.01057835613619149,0.01061034256162589,0.010335875847864655
2023-11-07,0.0011911751362785328,0.001290220967047708,0.001775978625031664,0.0029502556258281503,0.002779179741777226,0.0022220424884762642
2023-11-08,0.0038332112644403047,0.0037321013606712206,0.003486674904925658,0.0036930082843960703,0.0022434155716772285,0.0036395092996686744
2023-11-09,-0.0008723596567158352,-0.0027164171349105147,-0.0025385545793536347,-0.002213224185962248,-0.0012609146010596124,-0.002795998316599435
2023-11-10,0.0016034448263093385,0.000599579214946305,0.0005838106295530636,0.0011204390664530293,0.001588522920436044,0.0018395102809637236
2023-11-13,0.004458281851310107,0.0004158792775808595,0.0006044405507216734,0.0012779238306337266,0.0005046302836782324,0.0005589924262566826
2023-11-15,0.011318198514714339,0.009560341200110168,0.009687054448048179,0.010713736496537101,0.008949289111712985,0.010402810630892365
2023-11-16,0.00597188770170181,0.00560045207681116,0.005445673437741895,0.0011034176841161884,0.0007052138318897876,0.0026217049700259323
2023-11-17,0.0007378373738283436,0.0031308992131376047,0.0030620493576972068,0.0005267781824271943,0.0008251521056842305,0.0003849676671584597
2023-11-20,-0.002261581855718063,-0.00185456188957687,-0.0014851388305079974,-0.00219911147030286,-0.0016199628662784736,-0.0012773757992253216
2023-11-21,0.003268541846810186,0.0018659359060699912,0.0015675019845063775,0.0027247605410935993,0.0020553693232661847,0.00139215334550661
2023-11-22,0.0015672660953382255,0.003971991273786465,0.00395797759944629,0.002436875443260449,0.0026867117392496737,0.002947633407633329
2023-11-23,-0.0024964307883488437,-0.0032112744033540295,-0.0030883199812061393,-0.001031371596630151,-0.0008801761874228195,-0.0013353700849833873
2023-11-24,-0.0016766876103825948,-0.0025014865538175147,-0.002490805763367701,-0.0014188507056980628,-0.00224180633894739,-0.0033411497660977407
2023-11-28,0.007226299940120294,0.0020453516109965294,0.001443588922766587,0.001881976344871059,0.001562171487987912,0.0024539996068178947
2023-11-29,0.007752658667483994,0.008742823785366675,0.009566195004863944,0.009605897754839719,0.009964009120217707,0.009319570364942006
2023-11-30,0.006449776200128751,0.0038042666079390482,0.003750846711156872,0.007006830314296305,0.006607798018801674,0.0060078442026126905
2023-12-01,0.0060156433983151085,0.00822734312341367,0.008102082675835068,0.008048155839867878,0.010683771684887763,0.011472835850019757
2023-12-04,0.01864058587551974,0.016137300273654297,0.01728861281566766,0.013624829284633298,0.01863019835314715,0.01743340913035761
2023-12-05,0.008279641861969854,0.006880108260719728,0.0078690777162028,0.002566040102443826,0.008356583901122976,0.006028705635904278
2023-12-06,0.0024391574689008357,0.005894937341624554,0.00476258299022213,0.008618088913970999,0.0037793504651182632,0.004996089771286011
2023-12-07,0.0007277768186424418,-0.0013270165585166512,-0.0011279802578047443,-0.001991577466941028,-0.003238385527348567,-0.00451213495918644
2023-12-08,0.0010111260678819804,-0.0007350509014255411,-0.0005571922537372009,-0.00025113936999149127,-0.0012401007476639221,1.697366222587959e-05
2023-12-11,0.0014533527262723855,-0.0001984558497623275,9.34951945649931e-05,0.0008352103575639388,0.0004461659061068649,0.0014035547228941738
2023-12-12,-0.002989002705847534,-0.0030712133001519065,-0.0038033616928219195,-0.0033710340380458705,-0.0031215153887455215,-0.003340387434435472
2023-12-13,0.003818841238530811,0.003852353050037805,0.00446781580505141,0.0023007897116647733,0.006185916750023935,0.004622489909133907
2023-12-14,0.010572737175541738,0.006051317716101225,0.00586084858483637,0.007930512511923107,0.003436888620503866,0.00521235361069401
2023-12-15,0.013576689101369954,0.009079604806990856,0.009120729258006936,0.012654353840253402,0.005371517889898188,0.0061109952019510454
2023-12-18,-3.495709308979169e-05,-0.002608158940743576,-0.002508800496787071,-0.0003117232058877297,-0.003933606325220615,-0.0033059870840366637
2023-12-19,0.0026069195138228697,0.004792806731682983,0.005504362273514963,0.004374991168332322,0.006805236190640121,0.005054865969195833
2023-12-20,-0.019467354461609705,-0.013462234545792604,-0.014772093517973265,-0.015047017084667255,-0.01544972375663357,-0.01452870623143649
2023-12-21,0.003207050602533414,0.0019348841358445576,0.0024346264140170455,0.001706005312777338,0.0019395070836823926,0.0006358328097755265
2023-12-22,0.009798182278190863,0.005351023189087421,0.005484199961371264,0.0090877952359247,0.003655741681327045,0.005471161761588519
2023-12-26,0.006768353991705452,0.0024909710125614495,0.0029409436359443377,0.002277329509209732,0.0034641280973774294,0.003193886529930612
2023-12-27,0.010166252052592927,0.007556716708015854,0.007551647827450379,0.008473594031875174,0.009177613310946006,0.008738347771887731
2023-12-28,0.007983893020286946,0.008050704110830444,0.008611923049698891,0.005897701230793615,0.009360158363826334,0.00809502844340539
2023-12-29,-0.0016582199660700376,-0.000676821482817653,-0.0013572574370637495,0.0011495565646169176,-0.0019188057815080922,-0.0012338381662568678
2024-01-01,0.001118510303014082,0.0019536994364090523,0.0021027255721112383,0.0017899349703517518,0.0021402735248289445,0.0028241050238853307
2024-01-02,-0.0027248231896319416,0.002074757863390568,0.00228287306557662,0.005751373772950754,0.0031908723113912886,0.002673737880996848
2024-01-03,-0.005953687157816974,-0.004803429390859816,-0.0044388349453017345,-0.004541459146398693,-0.002357793972772337,-0.003872890495100726
2024-01-04,0.00526310478988554,0.005155773074665003,0.005470787767901127,0.0066607643727000405,0.004367892587399164,0.005141202465383416
2024-01-05,0.001587543462366182,0.00021609200552067954,-0.000333161195928087,-0.002609895070931248,-0.0003658018587985904,-0.00028432819039786905
2024-01-08,-0.007458520015015187,-0.010240192128832266,-0.010136927511163329,-0.010006796595710313,-0.010789550939657623,-0.01054235836063623
2024-01-09,0.00332565327647843,-0.0002941385495521246,-0.00034432343324320596,-0.0006245560807049662,0.0015208352129508734,0.0008162369909000572
2024-01-10,0.0010607593016986826,0.0016547550598332876,0.0016192380046610613,0.002387076590411988,0.00151249249610783,0.0005571168638313584
2024-01-11,0.00036545417008473756,-0.0029816883835524733,-0.0030814969165681772,-0.003967941000809643,-0.0016431651973844827,-0.00197394364555847
2024-01-12,0.008494995475732969,0.002218597554376506,0.0013899704008198308,-0.0005993468446110508,0.002184126940923906,0.0023532437630945087
2024-01-15,0.009165246130057553,0.004533676807566088,0.004523993186239148,0.002797526869623955,0.005441014656415574,0.006061290050513735
2024-01-16,-0.002929149919600762,-0.0010765375297476889,-0.0009585984590113567,-0.000933265366877715,-0.0013542296895675437,-0.001619533286562194
2024-01-17,-0.013433055705551977,-0.016073867379743177,-0.016266480713592706,-0.017004610848090122,-0.0178894258772993,-0.016875911368988264
2024-01-18,-0.002803446790961874,-0.0050191321851312705,-0.005208027854659189,-0.006113033233096969,-0.000975265072768457,-0.0014524119495482042
2024-01-19,0.01178322525329673,0.007714721931119165,0.007432869124749637,0.005600059746699144,0.006911436261511257,0.007483650101512195
2024-01-23,-0.01578470698530657,-0.015324645967571831,-0.014727388961107667,-0.01390656517310898,-0.01321844510507753,-0.013382356903103035
2024-01-24,0.013859992079275059,0.01137261043231474,0.011739765198802855,0.011956559432630999,0.009502892775314652,0.010600632522735373
2024-01-25,-0.004368496557974624,-0.008351207901519195,-0.008470061041596593,-0.009260264894310897,-0.010652639358300974,-0.011716223957108725
2024-01-29,0.0157214207729191,0.006431485860099603,0.006660236839806766,0.006537417370412641,0.00448659306591915,0.00684025282050256
2024-01-30,-0.00960065087660006,-0.011249313520775125,-0.011334746200832677,-0.014480236616931357,-0.009456634938906736,-0.009010823234998418
2024-01-31,0.012015743884271297,0.016444481445078173,0.01667096223135783,0.016571922026015398,0.01756297896008681,0.017707596808248197
2024-02-01,-0.0030439951325156446,0.0018544907909430579,0.001610828950828062,0.0008092619862568464,-0.004268109936779637,-0.0001588961876046787
2024-02-02,0.010517364251903983,0.005718982124343679,0.005614668438310105,0.008591220094037434,0.0060984540205399704,0.006493753586866581
2024-02-05,-0.0023127331972601067,-0.0014448153485706067,-0.0016123052900168743,0.0002486003375980891,0.0016132984094419825,0.0021466738661116112
2024-02-06,0.008633190222652232,0.0066901755470613125,0.006846078459432113,0.0033524757657440256,0.0072773817671818964,0.005484240927006312
2024-02-07,0.0018213544164301116,0.004132407868814643,0.004029268965404622,0.0015971893634330594,0.003056567408157981,0.0015015008058319968
2024-02-08,-0.006592246634569448,-0.011148770406781203,-0.010704926626576334,-0.007037182175669312,-0.008821008987657817,-0.00713004700440012
2024-02-09,0.0027796143722706177,0.00916013589813099,0.009102924419377236,0.006096337273007535,0.007253978838100119,0.007100265495372431
2024-02-12,-0.006337701733305608,-0.003001620866323277,-0.0030638620193644515,-0.005196229655200893,-0.0002494948242341131,-0.003058240032469518
2024-02-13,0.0027931868509718347,0.008909962278208563,0.008831321065312692,0.006823631573909109,0.0064146167416725824,0.006542194923084487
2024-02-14,0.006475879825776729,0.001819596777657994,0.0018480435955537144,0.000248024198566273,-0.0017868673207120955,-0.0005800790789072144
2024-02-15,0.005668147787042398,-0.003651312680366317,-0.003686353480100527,0.0018737207606765232,-0.002172948946212654,-0.002300694893461135
2024-02-16,0.007852626890405806,0.007918203590674437,0.007928757381622171,0.003891924554482993,0.008276086670165966,0.007956963730653369
2024-02-19,0.004406189489531047,0.011982164390408181,0.012077807762405924,0.012311453389257283,0.012456893724922476,0.012318187384965394
2024-02-20,0.0018246247793054435,-0.0032459953826696275,-0.0033324518304526183,-0.0013552022900299,-0.0050980621931972624,-0.002415713930119506
2024-02-21,-0.006179227628756424,-0.003091642593166211,-0.0030491217728414793,-0.005455461418196842,-0.003560138437947324,-0.0037695084726308854
2024-02-22,0.01095334053352391,0.012375635377736345,0.012606941772958635,0.011146616322563384,0.012135116514485914,0.011470098050163666
2024-02-23,0.0007523047202359144,-0.0014463757888515307,-0.0017924687536105032,-0.0013188830515843894,-0.00035618145163366375,-0.00011790786776299665
2024-02-26,-0.005578227850429735,-0.007222792969634729,-0.007231075151794265,-0.006683034896945359,-0.00636343497474361,-0.0021770260229555406
2024-02-27,0.0038146260996459224,0.007405369146855965,0.007708590743676608,0.008978819273232911,0.008864904128570088,0.009256645970264179
2024-02-28,-0.014108989048210004,-0.012504113531935345,-0.01257458714912182,-0.013030565380623367,-0.009403380259749105,-0.010067739607758638
2024-02-29,0.0006362950215258329,-0.001947060713833849,-0.002540673348539032,0.0008691658941646981,-0.0020438785572850673,-0.0017681854302299292
2024-03-01,0.01415146337089871,0.005495298618468003,0.0054642062501842345,0.0018947905249816074,0.003643691060093474,0.004321592353090763
2024-03-04,0.003536627415131684,0.002325270961688537,0.0021522597891774757,0.005500380277281198,0.003848287626347668,0.004473933618316923
2024-03-05,-0.0023777762996421412,-0.0016697376601242505,-0.0019607884535346727,-0.0002913273001742605,0.0018989068500203429,0.0009635114297329543
2024-03-06,0.0037578208248435657,0.011760857907129147,0.011643953701301295,0.008931094169097344,0.011343651042811275,0.01066814321252033
2024-03-07,0.0038876299049878564,0.00398359670146565,0.004054988509907712,0.0021338399695351,0.005025023157092772,0.005621749293135173
2024-03-11,-0.004652774190122349,-0.001447159567320248,-0.0014490153634146206,-0.002555189591989199,-0.0024748442973088723,-0.0031681050196284964
2024-03-12,-0.005708604070047799,-0.004677401457432218,-0.004582920999888145,-0.0051196800634553145,-0.005082277187295957,-0.00486515897666503
2024-03-13,-0.021424485500525565,-0.007651929635090508,-0.007655873567514768,-0.011825339089800564,-0.014170656543202933,-0.01480836390241621
2024-03-14,0.009628027493081044,0.006043400498076187,0.0062584003398129286,0.005863090800279687,0.008284156571380928,0.009249996183760779
2024-03-15,-0.006092374807129633,-0.0019341312646418574,-0.00206339427713431,-0.002095174841251375,-0.0029467901264850858,-0.001881088228126913
2024-03-18,0.003489006869102599,0.0023317482824283045,0.0020777885512035283,0.0008005344293021918,0.003300907125906305,0.0006414676420486883
2024-03-19,-0.011048438950735602,-0.013154337917030653,-0.013280990882022597,-0.0178861775983468,-0.014359108526639321,-0.015683174362689883
2024-03-20,0.003318175234556183,0.0005323506633687332,0.00043665603942263345,0.0005694140594133004,-0.00033721301484785976,0.0010435757072962274
2024-03-21,0.011383499923330256,0.005496507376263747,0.0054665627217266935,0.006756950248295412,0.005530745646372765,0.006183896286635775
2024-03-22,0.0067335947484378315,0.009737695088232913,0.009505143744218666,0.009076324429459949,0.012309187816467188,0.011507662630831254
2024-03-26,-0.0020734499847816566,-0.006196174100431381,-0.0060948079042671965,-0.007231630866245729,-0.0059682893533230825,-0.00619043327433641
2024-03-27,0.001847732731919048,0.0009720835453708981,0.0009086584600892234,-0.00018375654089029477,0.0013029193763654848,0.0014015632214315092
2024-03-28,0.013158359160337077,0.010971589733912254,0.011092338221692399,0.010137583614624163,0.01114699538978028,0.011811063417375827
2024-04-01,0.00828954824918363,0.0031886672000085354,0.00317509918622748,0.002840583436946963,0.0013017157434953958,0.001151901462306538
2024-04-02,0.0021839154649686667,-0.005596706190983276,-0.005792873993216112,-0.006175261093535171,-0.006080641483024114,-0.004097962372387594
2024-04-03,-0.0010842884284401368,-0.00010242309608795219,-0.00012293702351450116,0.0014030293853111715,0.000499917164918253,-0.0003411286242476755
2024-04-04,0.0020479128650048245,0.0028678555007907924,0.003170676785158552,0.0015355275160859137,-0.00014222484454094644,0.0009151570516106254
2024-04-05,-0.0023105064832485596,-0.0014234750472815528,-0.0012517460571822758,-0.0013307669132463468,-0.0011290148173552657,-0.0024151915319643794
2024-04-08,0.006329709295728273,0.002651426717032686,0.002385549534744991,0.002545238520328537,0.002609057090635132,0.002721509163225386
2024-04-09,0.0004694739887903923,0.0012557127085450412,0.0012839953682767732,8.447542882096776e-05,0.0015764795724768472,0.0014448667639213838
2024-04-10,0.005610669199039948,0.007027055371749675,0.007289260274187391,0.008077021757665793,0.008399580874834563,0.008123149376462186
2024-04-12,-0.01098767666657147,-0.01166757991453528,-0.011065334057213817,-0.011657964721026804,-0.01053018419158076,-0.010222841983935974
2024-04-15,-0.008083769162672883,-0.010912854147459523,-0.01128801786451122,-0.011745912120621614,-0.01161997666291444,-0.011280047647883581
2024-04-16,-0.0046666428069417065,-0.006824909456495982,-0.007144088405055384,-0.00580648783620111,-0.009132964461587458,-0.007805919623031374
2024-04-18,-0.00890238614416,-0.006571750987429755,-0.007207341567971504,-0.005871687228542595,-0.002761911212206739,-0.0025831780185525777
2024-04-19,0.006787762772905045,0.0057366840071822675,0.00592949381595035,0.0044367495222465475,0.00386418269991696,0.0026637624831115014
2024-04-22,0.008781457269542136,0.01008818520946634,0.0101577139013655,0.010438893969571272,0.011445209765237056,0.010387604190060913
2024-04-23,0.0023312565326353537,0.0011868662783198483,0.0016022685253099366,0.0029342807743534816,0.005553713192567362,0.003456550179090178
2024-04-24,0.004897033318946738,0.003696611965316398,0.0033686956118222484,-0.00010182710770300968,-6.284563006511744e-05,-0.0016188078738714406
2024-04-25,0.009437829373117386,0.005637206523406716,0.005503009461171535,0.009044853259879184,0.00571979147325894,0.00999133823609391
2024-04-26,-0.006157522029086805,-0.006168187501234684,-0.006687758524775123,-2.8070980069643328e-05,-0.007950605979396407,-0.003472494442674605
2024-04-29,0.004367569464377333,0.010005170149117256,0.009829200078977904,0.006029380215534788,0.0046826518998675905,0.006907061424942634
2024-04-30,-0.0007568013221512504,-0.005052982746209493,-0.00563516114691404,-0.006778294920212251,-0.004636408346359713,-0.0044652609417639225
2024-05-02,0.0037745471353409473,0.000903522640277468,-3.3516437122985956e-05,-0.0014289317162455891,-0.0034386913595703815,-0.0032832899621190264
2024-05-03,-0.004283701166183241,-0.00788073019594773,-0.008432664306657275,-0.007592307835536534,-0.0076703404870025835,-0.005821102729067069
2024-05-06,-0.003348014669076466,0.007014891913604536,0.005870133465979945,0.004782468888986136,0.00459253094100089,0.004569668873038066
2024-05-07,-0.0066825912370931245,0.0033540117972050334,0.001794184172595122,0.0024031042171442805,-0.004822318499825954,-0.004556903783427791
2024-05-08,6.757319089896257e-05,-0.004620083487744789,-0.0023182416849178897,-0.004249632774252667,-0.0002965026598428567,-0.001734700343069434
2024-05-09,-0.016344148753500973,-0.012122464006425877,-0.011810595396245264,-0.008898288994541197,-0.011094687858460312,-0.01187633230889798
2024-05-10,0.007201137096066751,0.006600072433507442,0.006930082223693872,0.006034062011510029,0.008263126389829307,0.008625240248795218
2024-05-13,0.0038349348469668173,0.004034385166819473,0.003840755172741294,0.0027114117662265513,0.0013697864186692338,0.0013510972923857557
2024-05-14,0.005999589532426554,0.0014901052167436168,0.0034874126418983718,5.136870366974529e-05,0.002577279504933639,0.002351609974221142
2024-05-15,0.0015553262622723045,-0.003642507365905369,-0.003041948705944669,-0.0027835160666262165,-0.00016564061717319568,0.00014858739856074554
2024-05-16,0.008687398028617326,0.011832114994824759,0.011652479823949416,0.011497468366520585,0.008937323377276537,0.008804866228284533
2024-05-17,0.0038127172539042338,-0.0014501401173501534,-0.000529883184438411,-0.0016226640955933327,0.0005352735756713869,0.00024507601772277485
2024-05-21,0.011045857845349831,0.003591651363770075,0.00695755387980441,0.0002485662836814587,0.004190902168559029,0.0038163472375440906
2024-05-22,0.00403702279484729,0.0059286002342353195,0.005443475658220953,0.003942418519300116,0.0022398646483573308,0.002300477118403385
2024-05-23,0.012605675128820357,0.01068287520362865,0.010208330674443194,0.013064224488057788,0.01150566735542918,0.01149721889675079
2024-05-24,-0.0017061517124916973,-0.002657250301339361,-0.00227636374849085,-0.0025375081088351422,-0.0016391872621533915,-0.0018954969562612039
2024-05-27,-0.002749957641642516,0.002283875637282364,0.0022480626621392942,0.001403545602166306,0.0008003506249048247,0.0008688810653325299
2024-05-28,-0.002527405923110037,-0.0010718409330182437,-0.001434957664362782,-0.0012412622254881166,-0.0019724911737315446,-0.0016097938459909093
2024-05-29,-0.0037235402850040447,-0.003684112672227938,-0.0025360159896558225,-0.005221787364582195,-0.0015151186634334553,-0.0016380686221925847
2024-05-30,-0.015268937826745124,-0.010642518015270743,-0.01039622879653674,-0.008283428300753196,-0.007660785757284393,-0.007935205666863733
2024-05-31,0.0012360398352301667,-0.0011472004234886705,-0.0014595729931823518,-0.0011591439787737065,0.00010367727322275371,-6.076183518987109e-05
2024-06-03,0.030458381874317188,0.014553122021110287,0.01476804965750732,0.013625427261647644,0.015516013615493427,0.01657092829844481
2024-06-04,-0.057987008900660164,-0.027693948178296714,-0.0284252997096198,-0.02588049761359102,-0.02992405225508006,-0.03192490606104352
2024-06-05,0.033373620902907526,0.037699126875068316,0.03814882252770557,0.037454168546015944,0.038475496745771026,0.03809885726183972
2024-06-06,0.009676001018171076,0.009220843324833694,0.008994312196416911,0.007863914919583409,0.00774021389809992,0.00839912432636044
2024-06-07,0.02335633437037689,0.01764810979493315,0.017810542314212717,0.01573640363170118,0.01563642956298815,0.015856110020833973
2024-06-10,0.0006383072198453579,-0.005455250589971207,-0.005508705855008933,-0.0042654009390356885,-0.0038138098501365085,-0.0033521601329202094
2024-06-11,0.002289245442089022,-0.0011179962562256301,-0.0011392124089552806,-0.001242155059626449,-0.0019953505230419703,-0.001994790706616136
2024-06-12,0.004188842939589457,0.0014208467099926726,0.0015009952135953243,0.0006033556360665979,0.0009804537221545662,0.0011529430169945377
2024-06-13,0.004550957651792474,0.0012650116733348375,0.0012646996366693245,0.0008567050114237675,-0.0007494233361214286,-0.0008652169559526226
2024-06-14,0.0035235540513493904,0.0005276023816269634,0.0006369001012727705,0.0007225033757577808,0.0006692308324223462,0.0006696842650281002
2024-06-18,0.003335465467584906,0.0005441727221021081,0.000599255880873142,-0.0017467486158207813,0.0005616837098158288,0.0006211888207073769
2024-06-19,-0.0074387817875670005,-0.00373615837987665,-0.004064864873651894,-0.0075799867291595725,-0.0036438582589660724,-0.0031100372361623236
2024-06-20,0.0012220289162174656,0.0026550629473506993,0.0026728697045727175,0.0018412141902579113,0.0037446964835553542,0.0034026249781242395
2024-06-21,-0.0024430162210134507,0.002576681600101162,0.0027144773355799972,0.002706421818917783,0.002544631486091029,0.0023229418049793785
2024-06-24,0.002872271441290805,0.0024552689740415107,0.002393454461672696,0.0041013726818251404,0.0030341897589735048,0.00306244049955697
2024-06-25,0.002018800727511129,0.0041584579104398285,0.004028137950130372,0.002252772128606007,0.004373339263172016,0.004692707044641752
2024-06-26,0.0012269445941345775,0.002208388495789909,0.002153353607525642,0.00208939264079279,0.0029781534746685335,0.003251628357106443
2024-06-27,0.009640013644747054,0.008300934784510789,0.008402784487134485,0.008724223529029906,0.008197609768993438,0.007852139924769866
2024-06-28,0.00018780020649772122,-0.002222618239424232,-0.0020701146008896606,-0.003137640553901783,-0.003271655921213716,-0.00329809647922203
2024-07-01,0.004532381248384715,0.004632039354736133,0.004432715424435541,0.005868326937790927,0.004653429581394863,0.004777311305616852
2024-07-02,-0.0008576052604683858,-0.003943063547998402,-0.0039972328217444085,-0.003532377563243927,-0.0019685334578330724,-0.0014921625651073335
2024-07-03,0.006813129303813763,0.005180368624432136,0.005127867021384575,0.004984569564049354,0.004499708028562317,0.004637442335923802
2024-07-04,0.0009254911727931011,0.005971102072001291,0.00596451548017036,0.006404900720638079,0.004574571987007117,0.004872653613392068
2024-07-05,0.00629445157357781,0.007352664823183585,0.007741810962320324,0.0057455699161530665,0.007089304141536287,0.006968432136880669
2024-07-08,-0.00023799492471238018,0.0004237873692232865,0.000355701573117331,-0.0005270445893749331,0.0001326561014374216,0.0002781455348323512
2024-07-09,0.00637857285810991,0.009476122726588907,0.009609937111850356,0.007930895090640079,0.011035629451772697,0.009375006518893546
2024-07-10,-0.0029441501456263764,-0.0023478584051829883,-0.0023086786277224536,-0.0046494369668368205,-0.004699702523109682,-0.0044672667335629475
2024-07-11,-2.041713305440257e-05,-0.0015846257181770284,-0.0015973627167513481,-0.002100583987207875,-0.0020034148543717984,-0.0015599594632519729
2024-07-12,0.007171137585477718,0.009220323629517663,0.009185438629936735,0.008811428675692302,0.010456016485869479,0.011339087563487983
2024-07-15,0.004738232157584239,0.0042949745211672274,0.004350748280327933,0.004449505700246377,0.0046936105860474545,0.004528081785722328
2024-07-16,0.0010790880234933927,0.0037931053288542084,0.0037784002825773794,0.0020078426159739434,0.0028771724615099963,0.002893649914423705
2024-07-18,0.005488047536783146,0.008521863247052713,0.008520950536888151,0.008897643881524957,0.008478378045983346,0.008819327174059305
2024-07-19,-0.015664130246882776,-0.008559020580246879,-0.008727106376929989,-0.009194843943149202,-0.009619804853159837,-0.008816283429268712
2024-07-22,0.0003645589038129399,-0.0018500393907429794,-0.0019725405221372823,-0.0015899496233793527,-0.0006688288839510018,-0.0009044323099791963
2024-07-23,0.0007434187054411274,0.004067526879345404,0.004109323144003861,0.0016460667509558854,0.0037508396762888216,0.004267788671574669
2024-07-24,-0.0027738941949505278,-0.006835669999175666,-0.0068279696747759015,-0.006977721546107419,-0.0074448020755473205,-0.007170164156169986
2024-07-25,-0.00035583616749337334,-0.0030529493846570546,-0.0030765790134346634,-0.0013429043064223118,-0.0021400648507484844,-0.0016561098063977034
2024-07-26,0.02008338118299646,0.018644808466142346,0.018983990688377833,0.018950444566197676,0.019560860014074782,0.02034329452490434
2024-07-29,0.0005126803743290768,-0.0014672135528629665,-0.001517623803537428,-0.0016150886914783474,-0.0024923359633177364,-0.0028744147313027875
2024-07-30,0.0005512804285187707,-0.0026197834712144694,-0.0026645437812046462,-0.004212236262672763,-0.0030616556924715475,-0.00298464166871246
2024-07-31,0.0056172819362972784,0.0067802443681102,0.006824968384882696,0.007000963032823098,0.007006276736851012,0.0067544391666896535
2024-08-01,0.003482022389132446,0.00715853239523085,0.005819358343740283,0.0018455330544067694,0.0036894345284164305,0.0035821909231673267
2024-08-02,-0.014814465967723822,-0.007319750210165886,-0.00802511546430866,-0.009108281786490797,-0.009062683521963736,-0.010924714782718746
2024-08-05,-0.026912617487736382,-0.014974486190123095,-0.016389834691799925,-0.017113716495542705,-0.015316942277427803,-0.015318595820310449
2024-08-06,-0.0014098274045477098,-0.0008072053401579082,0.00018418990177849722,-0.0015195793024309705,-0.0005469282035901889,-0.0003036161250239627
2024-08-07,0.01608220650948457,0.0093330417014855,0.009142371103152976,0.010771112231955062,0.009631688388203165,0.009011143495453814
2024-08-08,-0.011407218436227138,-0.008843450819214872,-0.00958727345801256,-0.010057587500093617,-0.006498412470718769,-0.006817805317917593
2024-08-09,0.011922345830176869,0.009441352693846812,0.009786304332634914,0.011834968926757372,0.007608801966830248,0.010474496224713057
2024-08-12,-0.0019163813416314588,-0.0028851149589644706,-0.0031044871828517936,-0.0010262465600928677,-0.0002152086511850713,-0.00039724409612724586
2024-08-13,-0.0059123663090837105,-0.003894754348343395,-0.004561218939837861,-0.0026095974012883515,-0.005729462784200659,-0.005705547848001341
2024-08-14,-0.003023133231080572,-0.0013186689670873731,-0.002400828453645625,0.00250569694681703,0.0017897769085947121,0.0013121635105268167
2024-08-16,0.017942995249641103,0.014159893768444117,0.013483563929564329,0.018180204098282325,0.014557521841571278,0.015634876857199005
2024-08-19,0.0034596975232359327,0.0015846193322988115,0.0012334911550802127,0.0006340384198596473,-0.0008152646610303833,-0.0007338885348805982
2024-08-20,0.005366272935710915,0.0053937410958445255,0.005955838381305489,0.0056779586620899275,0.005710085079722855,0.005721390656421931
2024-08-21,0.004974775665398824,0.006789642085858893,0.007177230768127693,0.0035891661291989,0.005029316873835494,0.005353822191005155
2024-08-22,0.0011466101798140228,0.0017686373337485212,0.002051624378582577,0.002177286035053011,0.0021015793437440334,0.002431159402402144
2024-08-23,0.001020111487326609,0.0021137364524693057,0.0016069439420774874,0.003951023442309992,0.004402674704299159,0.003020883820790071
2024-08-26,0.008217871092575456,0.002892873494300358,0.0038200142574144553,0.005752175484723762,0.003764466982148703,0.004358356319372161
2024-08-27,-0.001850721403070197,0.001558109572466368,0.00216197003164646,0.0030525312508152967,0.0014659116661126484,0.0010598853217948113
2024-08-28,0.0013328398859505848,-0.0010327286542330138,-0.001822937347289092,0.004752771943238381,-0.00014673404643855302,0.0006105063565246835
2024-08-29,0.0024427411650473916,0.0026848282975200513,0.0027589125717526614,0.004555082848544001,0.0026971867337045744,0.0026543568230048284
2024-08-30,0.005514451254860324,0.004521034111507876,0.004376410035754178,0.006088688075386288,0.0038445115897424538,0.004267362624962849
2024-09-02,0.0010279693377504852,-0.0004651387472328648,0.00026759557421221166,-0.0012244297091719132,0.0026640199779410893,0.0038648668368112
2024-09-03,-0.001231614184752359,0.0019909904566067847,0.002227970100130875,0.002293641219753615,0.0016376768103722361,0.0018807816490700304
2024-09-04,-0.0032512114978643443,0.002756573343967183,0.002784437078790056,0.0003980167724792896,0.00018592475948266466,0.0010688708872204234
2024-09-05,-0.003213612598115948,-0.002702899935304778,-0.0036646494746499837,-0.0034634894542560257,-0.0032079515896513465,-0.002573595019561663
2024-09-06,-0.009484187440456694,-0.004821968769169314,-0.00492668624104188,-0.006437058548436175,-0.0071952703085272265,-0.006574778877146966
2024-09-09,-0.00024272093019861917,0.008005648790951218,0.007221685816668266,0.007979829866497139,0.008472351708462977,0.008507773275606199
2024-09-10,0.0054774458148454,0.004098260104912972,0.003264158043650632,0.00608648621528755,0.005031983676873848,0.005874322615302489
2024-09-11,-0.003722698166710139,0.002513174915144474,0.002492608813368275,0.0013060056243470073,0.003967744917837614,0.004469821774404388
2024-09-12,0.020515689876144487,0.012206691320040148,0.012877772155874169,0.014178712475022792,0.014363030471526669,0.013842532304869495
2024-09-13,0.00017709413071785942,-0.0029060849865373294,-0.0023196587559500986,-0.0011229188223347412,-0.0011225515622051286,-0.0009249252271972556
2024-09-16,0.00028629323574366327,-0.000339403642011268,-0.0003112740712478679,0.0008613986172506674,0.00107495584948216,0.0008729504692935419
2024-09-17,0.00020683244716751667,0.0005260677014123017,0.0010446062193428236,0.0027208828676875247,0.003441290253380358,0.0033167918837137085
2024-09-18,-0.004113978201726663,-0.0011029982206563458,0.0012848738407192709,-0.0018384898589868144,-0.0011546197343823583,-0.002452215568073661
2024-09-19,-0.0005977085153028031,0.005728612434860305,0.005730300651032364,0.004361829896482949,0.006237908554756388,0.0061017179815776226
2024-09-20,0.013691926614055798,0.01455454718788613,0.015967872758220033,0.014637112213129909,0.015432623249764695,0.015018653652624716
2024-09-23,0.00723338723198041,0.006421247881845792,0.006405467068909792,0.006993263893691839,0.008204330668144444,0.006968022971982872
2024-09-24,0.0018548001282734353,-0.005197375754615559,-0.004875157408710168,-0.0045357608075356146,-0.003836002319310026,-0.0037848958254799074
2024-09-25,0.0026844218890221374,0.0024373970422406363,0.002752667446828499,0.003435744517133359,0.0026536688460404995,0.002470068765860709
2024-09-26,0.010821907439681606,0.010639914070333916,0.011384566035852653,0.008459134749144911,0.00959108534036531,0.009467109742362811
2024-09-27,0.002275916292943802,-0.0009331101960377195,-0.0007090635317992381,-0.0015891610087639513,-0.0023054278521551954,-0.0018746593717150122
2024-09-30,-0.009091448204653185,-0.011273919017626415,-0.01214023896359281,-0.014312161262352303,-0.014801616892287286,-0.01475739069605816
2024-10-01,-0.00015045272973036086,-0.003675155271348756,-0.004595003558443369,-0.006269257305839508,-0.0040049931193881705,-0.0029626837384036805
2024-10-03,-0.018915977263179257,-0.018539687460150073,-0.01809820993760363,-0.018959536857953603,-0.019400982161836784,-0.018305956047014512
2024-10-04,-0.009082449169218128,-0.012116661507314075,-0.010552866000888714,-0.010925985433190784,-0.01425976414205633,-0.014546120445558398
2024-10-07,-0.010478846669330126,-0.008800633722109333,-0.009661737320821734,-0.010522378773329667,-0.007735351996863593,-0.008989657301384155
2024-10-08,0.006135477583117863,0.0036547056461162944,0.004721253069131401,0.0037825190232574357,0.006513873430049099,0.005528010757532464
2024-10-09,0.0007112773928600229,-0.004314520998325434,-0.004273931900531985,-0.004120937293878628,-0.0020374441721915148,-0.0031116192128618535
2024-10-10,0.00012843809350878883,-0.001271616310354452,-0.0015218721913973408,-0.003342397328061299,3.61574043370211e-05,0.0017676311326711974
2024-10-11,0.0007587357066123341,-0.0012807105325953385,-0.001063540185424573,-0.00098753283422829,-0.0003762392324931137,-0.0010615557106793197
2024-10-14,0.0042209118273543195,0.00543456460643511,0.005292964881705808,0.0036720767085991193,0.007281701561414023,0.0057404855157858975
2024-10-15,-0.004653183945780776,-0.003054664900709439,-0.0026511271493831947,-0.005545238010743608,-0.003357054074669222,-0.0019855461253059864
2024-10-16,-0.0034751005192483935,-0.0008558369413195113,-0.0005339619576334408,0.0008464146877208669,-0.0011568374469493722,-0.0011987017510336968
2024-10-17,-0.011212721260384584,-0.010864041308423193,-0.009975662860272714,-0.02162245243819469,-0.008689221244038854,-0.010988744184897354
2024-10-18,0.005423249490686571,0.0020563790264408574,0.0026555265270401165,0.0015440467096010954,0.0016932370291124976,0.003050546385907242
2024-10-21,-0.005747601461781113,-0.0026349035273268324,-0.0027051749813617023,0.0037067619855907447,-0.004671864936342819,-0.0039646431941177795
2024-10-22,-0.014326642096136932,-0.009751331190422421,-0.010739432066466943,-0.00986948855373233,-0.01053097870696635,-0.008863557547446282
2024-10-23,-0.003144595407919964,-0.004403076996402184,-0.00493494524425262,-0.00303765567243649,-0.0030730403771149794,-0.0035726287782743855
2024-10-24,-0.001461284600821765,-0.006492180340276683,-0.004611806720087786,-0.008171405009293345,-0.004699535976036595,-0.0061450792099208874
2024-10-25,-0.009513205145409947,-0.002342373149390713,-0.0042235872979789445,-0.004049031256373995,-0.0049400200170083754,-0.00430423609489625
2024-10-28,0.006920109500993008,0.006671146199123363,0.006582277965385594,0.005968175251783379,0.007168048343095026,0.008937547962404755
2024-10-29,0.004775818500126304,-0.002420795611776546,-0.0017415396845069941,-0.004513073921646551,-4.297473116751226e-05,0.001271062851762469
2024-10-30,-0.004086357165447707,-0.005243796382215471,-0.00553048517272612,-0.0034316308427882383,-0.008074352806755008,-0.007618477339011932
2024-10-31,-0.0030036142056298677,-0.0041576234985835955,-0.002115613999323166,-0.006663558609032459,0.0030625544833678678,-0.0042080826889690365
2024-11-01,0.005076347971343888,0.001273340548861975,0.0014025526850760994,0.002506281179770307,0.0023432794564108316,0.0014951290357512158
2024-11-04,-0.013048019336416144,-0.005438539287207833,-0.005626676274644375,-0.007231249052095158,-0.009868816900243493,-0.008459790642693327
2024-11-05,0.009847716571753078,0.0019005872295683947,0.002850403897513738,0.0022563881827987672,0.005851869421197832,0.0045944050434111655
2024-11-06,0.012758719573064155,0.013544723803992319,0.013711952084359387,0.01376069603321068,0.010488028937331115,0.012912414214338683
2024-11-07,-0.011291383741889132,-0.010853187174408818,-0.010418563865212687,-0.005741284744163163,-0.003992431928532022,-0.008070233695168535
2024-11-08,-3.9429646435839e-05,0.003978380824295387,0.0039033019926832647,0.002399062772427449,0.006655486083409937,0.005333665379899743
2024-11-11,-0.00409254342796928,-0.006452126459975861,-0.005982698032841706,-0.007636948854552744,-0.004075515995221116,-0.0009612092572664304
2024-11-12,-0.012139783428786029,-0.009620672180002128,-0.00963820436154836,-0.008501024111573828,-0.008300086310572224,-0.008343376856762437
2024-11-13,-0.014556359865154469,-0.00803552435181692,-0.008666926905007956,-0.009327606856726133,-0.01005454550323094,-0.009560254150534967
2024-11-14,-0.0017921540067842726,-0.006339160376904358,-0.005817815312467143,-0.008158068862692908,-0.005906205737258375,-0.006227897882504721
2024-11-18,-0.002686071114145258,-0.010602178111823266,-0.010534684017870138,-0.012478497511207047,-0.008321190192362762,-0.009102645212737851
2024-11-19,0.0031393363416290553,0.006930859250724619,0.006690162422838207,0.00527442866325506,0.0045762678923977965,0.0063680484292135565
2024-11-21,-0.0077474986487340225,-0.006347209291592515,-0.006189082084460339,-0.0061212526981429,-0.0032640534427355017,-0.0043522973949548975
2024-11-22,0.024007699055899858,0.026256720845294148,0.02652278842816345,0.02580281798900494,0.028780483770305905,0.027010355371376006
2024-11-25,0.010147317669069235,0.003970367922767806,0.004909378357751822,0.009999440259524988,0.004305063258655809,0.004588156603561537
2024-11-26,-0.003446958003092843,0.002697463788438155,0.002307368862875556,-0.001310186339272956,0.002714679435179574,0.0019988089790748155
2024-11-27,0.0029134011942529106,-0.0011983710108575368,-0.0011854392405512254,-0.0020487721742010238,-0.002523205396170001,-0.0017266409539127808
2024-11-28,-0.015318032902097534,-0.014734730128713958,-0.014583161125897732,-0.013094467008563124,-0.015926220834218175,-0.015361295928340705
2024-11-29,0.009306863331144647,0.01014544320822085,0.010132501525457173,0.011714309500907476,0.009171081815819205,0.009003184606598276
2024-12-02,0.008684810484146877,0.005565870143033366,0.004739735989006879,0.008043546720183805,0.006087887844996224,0.005736220723323485
2024-12-03,0.008095101657405668,0.004141196037075406,0.003927497161754401,0.002341780397956053,0.004144800529705222,0.00364694343646255
2024-12-04,-0.0017389372828742233,-0.0022101285676468557,-0.0029743080807362082,-0.004910973105701262,-0.0032282545826417914,-0.00292201354349221
2024-12-05,0.008736059020121149,0.00775171651378466,0.007263258282223899,0.010803658581989974,0.0083375987967474,0.007843185352498483
2024-12-06,-0.0004390779131657292,-0.001720306029768253,-0.0017156843317474788,-0.0024728263174571812,-0.001972988947316651,-0.0015541182723820125
2024-12-09,-0.0021923097997862693,-0.0076599771813635805,-0.00830260671309174,-0.006612497950082645,-0.008060915515994634,-0.007436565489378483
2024-12-10,-0.0008304158005377851,-0.0009129666763584136,-0.001523113134266866,-3.833341350586647e-06,0.0005123834831526996,0.0006507479280523417
2024-12-11,0.00184071881269479,0.0040890953753961595,0.0040455737358772725,0.004359568857622805,0.003687859564789894,0.0039013653737421123
2024-12-12,-0.004060103682596471,-0.005577234674499793,-0.006025418761994871,-0.003132542148075482,-0.005251464444225489,-0.00661396415861381
2024-12-13,0.007969461588574277,0.008699572180557407,0.00855779727071864,0.012666772265384214,0.010044257348601465,0.010256884800017789
2024-12-16,-0.004059632443916767,-0.0018358036122549043,-0.0015052988768847458,-0.0025907956004317468,-0.003972056764917416,-0.00290165477089294
2024-12-17,-0.01319063845800145,-0.008998855084438878,-0.009279519636030938,-0.00806429675435727,-0.007849979232100492,-0.007534573971600659
2024-12-18,-0.004670101968574639,0.0012118027606515904,0.0015440185534982894,0.003575082632019088,-0.0007011005613616124,0.0009722660689199111
2024-12-19,-0.007607659416107089,-0.0012641054618597533,-8.037652355535191e-05,0.0024244497047152575,-0.0025978612697768935,-0.0008619011785094073
2024-12-20,-0.014866710369714743,-0.007917435339149393,-0.007682425204698077,-0.008578371254650375,-0.011205058268048153,-0.009389753663927278
2024-12-23,0.005452147391557574,0.0041700911542701885,0.003917986673830486,0.0031302289518097734,0.004384364709807709,0.0037574461164875455
2024-12-24,-0.0026773602537149468,0.0006009386102208835,0.0010664755654777348,3.094674028368896e-05,-0.00027090085930607717,0.0005354585490611137
2024-12-26,0.002486685800198526,-0.00016937102105515933,9.198191381029391e-05,0.002986953401078675,0.0016439414090147011,0.0019732103181707267
2024-12-27,0.0019082873222042978,0.006756376420337115,0.007276587755439896,0.006215954290941636,0.0037913014076429623,0.005442634855589034
2024-12-30,-0.006778114111248021,-0.0005159857255551327,-0.0003220016395446383,0.0020266957984185294,0.0003979580449437939,-0.0003203507619692418
2024-12-31,0.0022341149613054247,0.00010754665281130136,0.0005214234802419851,-0.0003036578441656733,-0.0005410943335500498,0.0009696065321222367
2025-01-01,0.0026130030354110886,0.0016540171330408555,0.0015428262318540236,-0.0016946124927745185,-0.000788094145088071,-0.0003122668905453633
2025-01-02,0.02305390640046154,0.014959542760591308,0.015250410550968905,0.013810882570343502,0.013893839699945917,0.014182920776659688
2025-01-03,-0.005113411809502552,-0.008543660237028157,-0.008452491497695867,-0.008645863041795083,-0.008777340326710858,-0.00879485243538479
2025-01-06,-0.016743100158750985,-0.014631537463028029,-0.015060782698751208,-0.008892104972140486,-0.01148391983064248,-0.011789070071121685
2025-01-07,0.0036550974722366386,0.0016862272568332311,0.001689769163938521,0.0021286959477285336,0.0015297602310227725,0.0022728450429839843
2025-01-08,-0.0009317841667721629,0.000857671929690013,0.0008587250048844622,-0.0019669765424750415,-0.00013716754381381678,-0.002122828223590338
2025-01-09,-0.005613405685059438,-0.00026886011154120466,-0.0004491362044406147,0.0011673468893926826,-5.920716282243059e-05,0.0011096884112476038
2025-01-10,-0.0060349018060494464,-0.006641127984838557,-0.00673259310963665,-0.0053742284765185555,-0.004018026644886043,-0.004198439267795276
2025-01-13,-0.01845034501799505,-0.014304031428971815,-0.014380374765039408,-0.013964917836289111,-0.01241226183209458,-0.01230738251920958
2025-01-14,0.005836359722338451,-0.006715947364577782,-0.006018026626137911,-0.011504471025406852,-0.010975888969071469,-0.007497343665565362
2025-01-15,0.0014767843328797096,0.0008027009698013325,0.0007776003704442539,-0.0016056627730872263,-0.0005088982773647779,-0.0003140674135981801
2025-01-16,0.004124377076282511,-0.004079905295580784,-0.003824324958952269,-0.00324567304517791,-0.006101406105312588,-0.00431987983407947
2025-01-17,0.0010028834431987563,0.003703915519348967,0.0032260892474915035,0.0033321535020565153,0.002056042154663936,-0.0025550989387455834
2025-01-20,0.00855739450313785,0.0027143407590213054,0.00293223477501065,-0.0013335150434580943,-0.0004817082831507491,0.0020324402177113424
2025-01-21,-0.011908158847414817,-0.006565706714139132,-0.006807968669960404,-0.006134508785389126,-0.007196882920184261,-0.007458195266346686
2025-01-22,0.00425886052646683,0.0067874942083204284,0.006662901744196561,0.004358344294348258,0.007765681114949997,0.008373571459111714
2025-01-23,0.005333083916645728,0.0011052287203341745,0.0010977802296187147,0.0003118605844515351,0.0018522412237315772,0.0017092954232455616
2025-01-24,-0.004737849111451621,-0.009536662636796181,-0.009347682163391925,-0.009275744917163223,-0.006126454515182773,-0.004478265905940007
2025-01-27,-0.013851617504277929,-0.010512573973899122,-0.010574480003781105,-0.0102437460702969,-0.01205905782382496,-0.01035126392514577
2025-01-28,0.0007427412346752826,-0.0005998012563775811,-0.00018095682595694815,-0.004078601983189602,-0.003506385776652403,-0.002412269557270327
2025-01-29,0.011915496262832687,0.004421006471924036,0.0046416564544392285,0.007252229690977812,0.007229837052183024,0.009039145720586535
2025-01-30,0.006028287957624449,0.007598352515882324,0.007343805307923607,0.009344916054931998,0.007045987892726948,0.0066608382446757845
2025-01-31,0.013445959500437669,0.016197674287455815,0.01616685181168212,0.012276062047720426,0.015569965778071338,0.014329101910491438
2025-02-01,-0.0031144182469607135,0.0038047935577714773,0.003089709799967156,0.004245740546053928,0.006934099931288648,0.005217606882638445
2025-02-03,-0.004011068976125283,-0.006587992285298068,-0.006192479038679583,-0.006083869563976802,-0.004014686158908779,-0.004658512480923117
2025-02-04,0.013826421843685264,0.01036801436543682,0.01061198693864079,0.009956748745398158,0.007581304457162759,0.008337624053908945
2025-02-05,-0.0012526022646225897,-0.001139433613952974,-0.00021533204759974548,-0.0023721917156140585,-0.0030433539981511715,-0.0029708109364847274
2025-02-06,-0.004967847858717466,-0.001161419454537785,-0.0008770942870836625,-0.0036253807382310974,-0.0043532163227166815,-0.003350014247045698
2025-02-07,0.0022355460012659497,-0.001246149416971107,-0.0011162160722973675,0.00017133040843532628,-0.00010569435070756404,0.000124801730365642
2025-02-10,-0.009212756467806598,-0.006627608016858041,-0.006491104792256234,-0.005007807982509014,-0.004174007106056916,-0.004118564059553319
2025-02-11,-0.01651287286142817,-0.016526554403056233,-0.016535418071383756,-0.016106031857023462,-0.017408597296587537,-0.017054388289635344
2025-02-12,-0.0011083952208927105,0.0013762576602299073,0.0016169147370568614,0.0017035186529675678,0.0028768982567852755,0.002705857634032762
2025-02-13,0.002572483126580269,0.0021028312655142056,0.0020776098507306277,0.002372235625590216,0.0029632388009606537,0.002634159962249507
2025-02-14,-0.009326829981173377,-0.0064677927303855125,-0.00653205738206489,-0.006174293529702302,-0.005688688836249261,-0.005826520495259693
2025-02-17,0.003653435967553549,0.0016998031024280619,0.001399240194983164,-0.0007190201624940719,-0.0006270233702759165,-0.00029452110341271053
2025-02-18,0.0012015325077536533,-0.0018296928637743595,-0.001806483730444561,-0.0020621489400839722,-0.0027493799174598843,-0.002051629736478107
2025-02-19,-0.0005986829139182075,-0.003929625113110566,-0.004159240335176387,-0.00352124966581251,-0.004888898626094243,-0.004546818073550165
2025-02-20,0.00352979889873289,-0.003491570126939209,-0.0035053558128920934,-0.0037609225904985232,-0.0019613035616172034,-0.0021503165750776463
2025-02-21,-0.005156188894023183,-0.0067658200055203,-0.006931521258430351,-0.0065533266801164084,-0.007398180985641484,-0.0072285175735223636
2025-02-24,-0.009895631164408282,-0.005634966315995565,-0.005983579806324091,-0.007158298240103498,-0.005738183626862472,-0.005465142513794841
2025-02-25,-0.002371025900770826,-0.002490962665878732,-0.00272176811661641,-0.0004061472091240559,0.0006635050802243588,0.00010107892398545943
2025-02-27,-0.0011380393594143617,0.000714688959328179,0.0003177834023313906,0.0013218608451271985,0.0006397199571994557,0.001009289266607529
2025-02-28,-0.023686619511934383,-0.01790659326481672,-0.01771096867285502,-0.020784181701991093,-0.02390303924303699,-0.023125746637080904
2025-03-03,0.0037826798879389105,-0.0022383547317629993,-0.0028566396723807667,-0.002019147545377169,-0.001969146321071853,-4.8354245686398273e-05
2025-03-04,-0.0033952127188105925,-0.0032711525189067225,-0.003005884459711939,-0.002658971372640851,-0.004832340199023327,-0.004105523926581528
2025-03-05,0.017077372467638935,0.009881124964028133,0.010004582823351975,0.008992931097703591,0.00960362317910976,0.010821371604295197
2025-03-06,0.01243674050558567,0.012399238913099239,0.013836598166310974,0.010053298539773416,0.01039732832665957,0.008357371731494373
2025-03-07,-0.0001501640890564774,-0.0008431168709884507,0.0004168467951942603,-0.0019076478447533152,-0.0007660960398987392,-0.0007448022205045113
2025-03-10,-0.005273042232245593,-0.001004280038300229,-0.0009514833609607363,-0.0008755221080750708,0.00023340391211939404,-0.0005923615920934868
2025-03-11,0.001545656454326446,0.0017628915542708384,0.0017052825323863093,0.0016144089470307146,0.0014364559553426454,0.002071533254326339
2025-03-12,-0.004115098036181632,-0.004789617369563838,-0.003989411416099867,-0.005955907673714658,-0.004764068687335381,-0.00563692800253645
2025-03-13,-0.0027834858321141957,-0.003431486411203986,-0.003913926987682288,-0.0017663019882426204,-0.0018684516621610891,-0.001878655468360731
2025-03-17,0.00656210836307833,0.007451450830619376,0.007337133294958165,0.007380551378609532,0.008430164499356702,0.006827221473190106
2025-03-18,7.277290795683037e-05,0.00028644952713046263,0.0002856565540080321,0.0002743458427921189,0.0002863786348197484,0.0002867083334760311
2025-03-19,0.01830887237454136,0.014736549558559495,0.01596754710769991,0.011983986945100944,0.011536552696482485,0.014178673772958617
2025-03-20,0.01156788436022269,0.010820710226819545,0.010334607126038679,0.01093064889603989,0.01134902918459011,0.013304415667424777
2025-03-21,0.007363498358903903,0.006879390596807711,0.006591504103854432,0.0077025577984039095,0.009174329907957229,0.010425848419356036
2025-03-24,0.013125031148406918,0.012068585281821552,0.011847852988946476,0.01445677557333555,0.01152992322876264,0.010106354356816463
2025-03-25,-0.0008919046429041852,-0.00020499675776925168,-0.001218473103113702,0.0006209626743692591,-0.0005039032776673514,0.00026681756099139264
2025-03-26,-0.008054355476443058,-0.008740629058874402,-0.009182755428291514,-0.008236694487527193,-0.009095918714780415,-0.008668300917906577
2025-03-27,0.004893160706573854,0.0016366521393586875,0.0018776505146013422,0.0026395500216141285,0.0022283278546308084,0.0008588927635052047
2025-03-28,-0.004550589933566426,-0.002094795329753879,-0.0016212679275900864,-0.003831523050814257,-0.0031432831657366386,0.001226057836000929
2025-04-01,-0.011842748714060118,-0.015918723093894385,-0.014954148539179648,-0.013494130686604924,-0.014994721040370524,-0.0146352390080914
2025-04-02,0.003908327620943198,0.004432358268395391,0.004771585866342953,0.006712484090247904,0.004224579951485898,0.0037049728498976327
2025-04-03,-0.0015219248600063236,-0.005697831428035963,-0.004596340014973365,-0.0019149578473414985,0.0004606379872316006,-0.0010843649517966758
2025-04-04,-0.022391950602005606,-0.012216168881836608,-0.0108420595602107,-0.015547054400831914,-0.0022443871355442868,-0.0023526950779776045
2025-04-07,-0.02850791864927419,-0.022492342999207826,-0.021623111328814157,-0.02752429697985516,-0.021822313348369364,-0.021175508735798283
2025-04-08,0.0189776606716867,0.014948336327442802,0.014795419909570121,0.01789377559275856,0.01815493003595387,0.017212513697071507
2025-04-09,-0.0056670387033146185,-0.00021668107691139894,0.0003601736827163716,-0.004491160396383671,0.0017737239344085742,0.0015842324705679389
2025-04-11,0.020491992307503107,0.014743200992363412,0.014545411932028303,0.01989966084678264,0.014541909506772146,0.013402035910528149
2025-04-15,0.01875253937378853,0.01929376540923921,0.019128031042344822,0.020777045208788373,0.019723081273269435,0.019615712613361442
2025-04-16,0.004688494015391757,0.00408771744859986,0.004312739816501397,0.0062529305094777225,0.00500818781583598,0.007519554983061168
2025-04-17,0.01221946940554809,0.013077099089509792,0.013371384849066354,0.014053104609394233,0.014861873605635732,0.016468760482270296
2025-04-21,0.011890211441818094,0.006535850971550642,0.005921438668781935,0.006878430099816003,0.004503204083095929,0.004337929676268248
2025-04-22,-0.0009730246450167475,0.005517409844864424,0.0053658945708803425,0.002308036119133937,0.0057071489336840055,0.00466261675702306
2025-04-23,0.010134375229879353,0.006938251483117018,0.004951734701126288,0.004848719366961557,0.003957788006750732,0.004660415103758433
2025-04-24,-0.0013192593980135428,-0.005932960602585321,-0.005907102639551409,-0.005337484179279415,-0.005552649888209207,-0.0068245133284721045
2025-04-25,-0.01183232643097318,-0.006984695423407172,-0.007684587288145665,-0.00963823445427374,-0.009709522330610712,-0.009739564466555028
2025-04-28,0.010773292479848498,0.009459433298593445,0.010143432985624718,0.009637390905109398,0.005985590577309505,0.006631104457094962
2025-04-29,-0.0026214264678541335,-0.0008179560062006224,-0.001304829059435198,-0.0035022703950640744,-0.0025607019205200173,-0.002941939163490199
2025-04-30,-0.002258196997689469,0.0023764524861721865,0.0022548719857333546,0.005504729137978022,0.0004110737838953639,-0.0006499737373748175
2025-05-02,-0.004069026413390705,-0.0041321536393836645,-0.003669262961294535,-0.004280844395589448,-0.002385062345518537,-0.0019856173774973115
2025-05-05,0.00601816805620623,0.007674082958212522,0.0076189601497249565,0.006647611419244704,0.007953817385894254,0.007788198465293049
2025-05-06,-0.0023104380525578337,0.0010233744305891772,0.0015890552437377427,0.002166644921783766,-0.0010358567029546922,-0.0012365270673009696
2025-05-07,9.1446124788959e-05,-0.0038522244406185902,-0.003950591301914172,-0.0023789394422675083,-0.0025941471960063125,-0.002381752259495693
2025-05-08,-0.007256872616152873,-0.0067785114285405495,-0.007475084521606008,-0.005601217693447762,-0.006174394330444785,-0.0065432025880599026
2025-05-09,-0.00664828747527208,-0.011439336841253872,-0.011876026696864057,-0.013744791546156624,-0.011702147475105524,-0.011550099051063478
2025-05-12,0.03662505449361027,0.03336581881196795,0.03342502163778797,0.030487311228170867,0.03324017717366034,0.03309950536203847
2025-05-13,-0.010137161172662147,-0.012395002602305753,-0.01236584396631882,-0.011282422661934735,-0.011377248641897613,-0.01084167358090719
2025-05-14,0.005712538719163874,0.0016838596437374269,0.0010074921699990149,0.003694762224842791,0.0030070559952224546,0.003027836724223834
2025-05-15,0.01556698914011296,0.01334492840067158,0.01367647608015207,0.013151827233247902,0.012794108933180188,0.012718598543519933
2025-05-16,-0.000804332354163765,0.002057108403721936,0.001955323182362397,0.0009211911591993227,0.0023373993510421424,0.0023054781147166335
2025-05-19,-0.0019281834505762317,-0.0031801255477661716,-0.0028092050178443774,-0.00276105994321843,-0.0031725207738259606,-0.0030361400060706953
2025-05-20,-0.009750377169106657,-0.012213112985307802,-0.013086742631724073,-0.011384898128017297,-0.011353699079201062,-0.011298457253220751
2025-05-21,0.006226102634149587,0.004468304501744858,0.005102437586826902,0.004665536262880892,0.004080456408691689,0.004358954514511062
2025-05-22,-0.009642978712733074,-0.010358241434533956,-0.00992919446651122,-0.009768654655087935,-0.010882352474107886,-0.010708766946210108
2025-05-23,0.00860015363634688,0.010909939873870159,0.011210461322243313,0.009742766724465212,0.010347533062650655,0.01045987071446432
2025-05-26,0.0069508632201412505,0.006698910310390695,0.0067801570283564285,0.006117982783654066,0.006319513195371778,0.0064473823576154405
2025-05-27,-0.006626090149609936,-0.007540600662258908,-0.007498119299710078,-0.007605323302466655,-0.007681316246925929,-0.007317577651014123
2025-05-28,-0.004608132255682043,-0.008498966360323462,-0.008384128572445457,-0.008317256313180626,-0.007053260036384335,-0.006548052220332315
2025-05-29,0.003435254532620728,0.0011662160637177922,0.001021156460875956,0.002453792226466774,0.00038428479386024646,0.00017701847959750828
2025-05-30,-0.0071063311844443856,-0.005953531394119504,-0.005944495439117387,-0.005623949468478738,-0.005621790730858485,-0.005392247924693702
2025-06-02,-0.0006427250442676721,-0.0004674358535490682,2.0797788281095263e-05,-0.0007407639851688322,0.0009809914736393292,0.0007652521899214034
2025-06-03,-0.006557579036137837,-0.007523662701196343,-0.006621523268046277,-0.008349996969111949,-0.006887942955938117,-0.007637257043449674
2025-06-04,0.001334111077598251,0.0013030886682364583,0.0015593494665295006,0.0025773435497927354,0.0018904804652248764,0.0010485585816669076
2025-06-05,0.0035390911903793224,0.002684313228533516,0.0045354403129870685,0.002734639358057806,0.0030954341584633754,0.0025538031067524366
2025-06-06,0.011496086998011414,0.008403000228405288,0.00847725123122235,0.007467324334818663,0.006722425837803912,0.008897015807561309
2025-06-09,0.005293408956123698,0.005472778246497354,0.005109288038353743,0.006005252590077279,0.003573814071962028,0.004781363024655724
2025-06-10,0.0032164337870066733,0.002128580031622799,0.0024977281600123942,0.002352256416974635,0.0007858806157587908,0.0002234908356643819
2025-06-11,0.0020406428260693827,-0.001727821682743742,-0.0020338503172489903,-0.0010734491493039396,-0.0019239889698497799,-0.002000456860832246
2025-06-12,-0.00914625553756511,-0.010021429627676288,-0.01045457286632965,-0.010048070068510528,-0.012077983240544914,-0.011471316513656212
2025-06-13,-0.004631842752330308,-0.004744578170228798,-0.004688338759480409,-0.004739667628892866,-0.004524333517558345,-0.005144027099814336
2025-06-16,0.010202746489579691,0.008689328177568874,0.007473713200077314,0.010193410437346569,0.007202255995916513,0.006998726222928497
2025-06-17,-0.004801733889530535,-0.004446539183976369,-0.006000937547381721,-0.004084110720039799,-0.0050632046589830695,-0.00441469939576834
2025-06-18,-0.002487385074283766,-0.0020941688979873403,-0.0006331744976388206,-0.0012052068840596836,-0.0004725722179316988,-0.0007990559445442385
2025-06-19,-0.0008124901061194832,-0.0005510946757849055,-0.0005800651165689852,0.000518942540321621,-0.0027918040452184893,-0.0032595468140843623
2025-06-20,0.010317293068917825,0.008163441586756902,0.009337089989678238,0.009351492831737172,0.010916995388847328,0.008857271709412369
2025-06-23,-0.0035889634042585916,-0.003780093209453294,-0.0005722497167742273,-0.0037028175575556923,-0.0010145899196059714,-0.0027420558868104516
2025-06-24,0.0032318542873569145,0.0023896351319835337,0.0030165830336068965,0.002322193625074159,0.0008069420088315586,0.0008552415543986501
2025-06-25,0.007232911386648006,0.008694166544264872,0.004781977606105083,0.01004312718390787,0.007027065117872966,0.008105194777059758
2025-06-26,0.009192038423424146,0.005359791366015923,0.004564656812264648,0.007379794514187511,0.005624246670899969,0.0045746360946420025
2025-06-27,0.0036329342258377283,0.006037820339408181,0.005188385306710669,0.006823111832290478,0.005874872494827205,0.00549165888090661
2025-06-30,-0.0037402265184588233,-0.004306091684794797,-0.003475057668320204,-0.006754410937446506,-0.0005578066981849,-0.0019020727288311093
2025-07-01,0.0009217326307357557,0.0019743859287507126,0.0014454257245247826,0.00045910527515547416,-0.0009861858461927653,-0.0009642134349633935
2025-07-02,-0.00036926308418670306,0.0009031568501134436,0.0002771336760503879,-0.0009357811706631706,-0.0025577911482258463,-0.0021409908765805947
2025-07-03,-0.0014355107947706053,-0.0008967283478069116,-0.0006394959927435899,0.0014246984767211255,0.0016472537924418487,0.0015205418357433149
2025-07-04,0.002948609134534278,0.0026392334070544053,0.0038392167851316076,0.003722947421170428,0.005173614018976472,0.004640749854415951
2025-07-07,-0.0005887638433612742,0.003343404325299524,-0.0006738506245704527,0.002421173492348039,-0.0014867381078309734,-0.0004982326443542366
2025-07-08,0.0004887899101432493,-0.002987604763344863,-0.0033073347257106056,-0.004364749669216917,-0.0025625316456602838,-0.004523293030718471
2025-07-09,-0.0018365940184063645,-3.373047564280481e-05,-0.0012516320794011904,-0.00021875480540135448,-0.0006730251932454302,3.951688483410775e-06
2025-07-10,-0.004705273094372051,-0.006179328442120433,-0.005418725644373831,-0.008189759689653062,-0.005648524897947678,-0.005422173440958529
2025-07-11,-0.006798846273752031,-0.001702865969219694,-0.002830438456134323,-0.0011964339750821032,-0.00037525166422304815,0.00010314798311942489
2025-07-14,-0.0027724026082578583,-0.0022128056249359415,-0.002495454460578841,0.0011548781483928213,0.001106121668043118,0.0017431588000989637
2025-07-15,0.004568207828147014,0.006288710623342211,0.006491681739928524,0.008272755514349733,0.00709313688174634,0.007058922026019224
2025-07-16,0.0013238910318648378,0.00013809817117447945,0.00021956080248385816,-0.0003656961884171471,-0.0005064688510674869,-0.00023239676736610507
2025-07-17,-0.0021690878413875817,-0.002312737416841886,-0.002842829819323916,-0.001170421978208186,-0.0014502116834583423,-0.0011534890702669743
2025-07-18,-0.002753113890958554,-0.007274322816552414,-0.006135840987244598,-0.0035702572458794256,-0.0020641714091553915,-0.0035006291996016745
2025-07-21,0.0012215685508028674,-2.394359745089454e-05,-0.000500678358037908,0.0002493623035400305,0.0010015400834418268,0.0021623017472075807
2025-07-22,-0.0032281308228236955,-0.0018082612325631459,-0.00036375470580923396,-0.0011443410015254986,-0.00015059790246646303,-0.0007364502199483148
2025-07-23,0.004409478514216631,0.002369455590948398,0.0017005377290359913,0.0025107332339540113,0.0009592396065851204,0.0013318246575259954
2025-07-24,-0.00619586576284138,-0.005302401663022978,-0.0033623410612019784,-0.007124516930241097,-0.00230058600969399,-0.00257684070929071
2025-07-25,-0.008938892598345266,-0.004580764020829817,-0.00588475845276399,-0.004976118965797518,-0.00593425077877217,-0.005471272479315366
2025-07-28,-0.007212188775683826,-0.010838184201623732,-0.009846363464327207,-0.005924012589403709,-0.0035887110139958215,-0.001358745297227113
2025-07-29,0.005334478433534819,0.003958723902684937,0.0040138406532519945,0.004412038605105386,0.004247683942200169,0.004282799600714893
2025-07-30,0.0011277609841721993,0.0007996916305780729,-2.933793469317523e-05,0.0005907572999225466,-0.0018122373235435537,-0.0008747514536755132
2025-07-31,-0.0036283001246263146,-0.0007994949930141839,-0.0028909548009563475,-0.002050085197547168,-0.002539037752167651,-0.002858419424336728
2025-08-01,-0.010287527520518024,-0.014575706158462032,-0.01444962172516421,-0.015526802397388179,-0.010840028620006449,-0.011518599209872372
2025-08-04,0.010372262377922466,0.006104228399182016,0.008382568829152916,0.007182328737380973,0.0050959458688369175,0.004605674231039351
2025-08-05,-0.0003676237314394776,-0.0010243480246078314,-0.0009687796786639831,-0.0015461253488066953,-0.003188383316822521,-0.0026479925467979854
2025-08-06,-0.004606756610054786,-0.0029910530852944317,-0.0029514325356293364,-0.004414740139680915,-0.000628985420289401,-0.001012176116518818
2025-08-07,0.001445356605682361,0.0011223478073927623,0.0008546611568622369,0.0002498796231229566,0.002234675002811088,0.0015067028447083314
2025-08-08,-0.007224102879090881,-0.003191932402549041,-0.004247571085562567,-0.0035216460207810507,-0.004820697006254466,-0.004631844358376413
2025-08-11,0.007672082374635106,0.007091136988185539,0.007340072643864935,0.007807919990612747,0.00597219391244459,0.007179201933566384
2025-08-12,-0.0006405903682916939,0.0011873337650191648,0.0006367110411821465,0.0008563035768753276,-0.0015038737493570824,-0.0016896971931506185
2025-08-13,0.008015573819216769,0.008823956559267715,0.007790645227146949,0.00998206886811359,0.008473383155367331,0.007716304443210458
2025-08-14,-0.0009434380002071857,0.0007145058863085833,-0.0004179309452862443,-0.0010147816149950065,0.0008670582416907024,-0.0002652127178923333
2025-08-18,0.014710659615066037,0.012136534203525872,0.013647324624600037,0.00613193663928527,0.0070512815408274076,0.007360295512832137
2025-08-19,0.0025630875375505227,0.0006713821057370674,0.0005887661960699967,-0.0010869760016907946,-0.002419837346289906,-0.0010305081728624356
2025-08-20,0.004431653224924706,0.0013649592941054813,0.002000237729433103,0.00207792601174654,-0.0006020514839675363,0.0005003191707548087
2025-08-21,0.0008522108691818874,0.0036159443310727945,0.00258231089802279,0.004634993622752126,0.002399370722268739,0.001050774528376885
2025-08-22,-0.00797501906270266,-0.005171327938361727,-0.0062856574302385115,-0.005545391849936878,-0.008967574776871056,-0.008396014438301604
2025-08-25,0.0051033912517869035,0.0035075435786398297,0.003744029159367026,0.0036369648778048075,0.002791817383140775,0.00267214132726068
2025-08-26,-0.00920574374810387,-0.007774077682216538,-0.008620281888003112,-0.008893652680776905,-0.008492482665737093,-0.009151323656054634
2025-08-28,-0.005964493616791872,-0.0048725923897614,-0.0050449350992906525,-0.006835570409138054,-0.005621438563465869,-0.006643480639467677
2025-08-29,-0.0011875168288660444,0.002915392638244557,0.002435368292353539,0.002849273753717795,0.0030772861083790733,0.0035394030569165604
2025-09-01,0.010448253539103494,0.006755244225039351,0.006718551084641014,0.007552321375542477,0.006910640541692674,0.007327190845702524
2025-09-02,0.0005142711587008739,0.0017493644489606928,0.0018723130114014536,0.0021643867979885584,0.0003549572072727421,0.00041323429711080293
2025-09-03,0.00649616180259558,0.004331283728137275,0.004094550080664505,0.005213795852870934,0.00474564674952071,0.0050424157697668524
2025-09-04,0.0010648727407648719,-0.0007369105678126898,-0.0007599470761806455,-0.0010254463431854884,-0.0005660724819320311,-0.00042783388057254914
2025-09-05,-0.0006232234513883475,-0.003086016475537996,-0.003308421039529252,-0.003072308218252665,-0.002319661688920081,-0.0021155142144281044
2025-09-08,0.0001703132060484068,-0.0015424099360834003,-0.0015087085924516803,0.0016474215416344908,-0.0022486919212606083,-0.0022177995933519035
2025-09-09,0.00719619646445677,0.0037214317873678748,0.0037742065020051696,0.002956999120010059,0.004856780119763816,0.004730137861875379
2025-09-10,0.005440538529695664,0.00601482057637161,0.006073736269038237,0.005662125826327651,0.005820486904908375,0.006338448588089269
2025-09-11,0.0004275325080508639,0.0009579137549243402,0.0010855081519758674,-0.0004204585012109517,0.001499755027094586,0.0016776551232523492
2025-09-12,0.0047905144086877495,0.003471336732083495,0.0033285542703141314,0.005194598870375107,0.0018064261524706436,0.0026198427026598997
2025-09-15,-0.003416790439647861,-0.003936252880275109,-0.0038384201534145566,-0.0044509113805827945,-0.003617084549565679,-0.0034193536662223043
2025-09-16,0.008403096952404997,0.006549354896542979,0.0066734520540819246,0.00798308392167694,0.0067605048291654365,0.006577473512126471
2025-09-17,0.0033805621298104356,0.002395392114325247,0.0024619917676833667,0.002308131602150187,0.001373404146253961,0.0024656281753947604
2025-09-18,0.0022929067449278338,0.002114807492463307,0.0022022076763994047,0.0019752550335081823,0.0019467695700262858,0.0014843953020968908
2025-09-19,-0.0028156432772483923,-0.0025678713273106077,-0.002434205127279706,-0.0023811477450628614,-0.001968145417693851,-0.0015728591626789476
2025-09-22,-0.004947267428144025,-0.004120174455368713,-0.004284518754508397,-0.00445698062910245,-0.0035511002117254845,-0.0035402160534085915
2025-09-23,-0.00048747975825744335,-0.0025327854934688145,-0.0024534767941383996,-0.0019886095630643518,-0.0007046951437746144,-0.000828223491148821
2025-09-24,-0.002697758148783802,-0.00022096442124678434,-9.736768596834647e-05,-0.000734994502578524,-0.001794952865492984,-0.0017717824449356163
2025-09-25,-0.0070018406405090595,-0.006860423953583455,-0.0069310176739196105,-0.005498235494424929,-0.006348004105953679,-0.005793530316643243
2025-09-26,-0.011871016948174351,-0.006463553146582909,-0.006442967695221919,-0.0059105601629025045,-0.008012457242813579,-0.007692317611052662
2025-09-29,-0.00045609306391764144,0.001157920415392523,0.0012376662778717676,0.0006873716878768158,0.0014633113052988102,0.0013136708973360972
2025-09-30,0.0006835103772147486,-0.00048700871159879913,-0.0005151817545176972,-0.00027298114950645165,-0.0020448338792704492,-0.001466729980596698
2025-10-01,0.00595975501540981,0.006227012304504569,0.005855304323177881,0.005644744066643965,0.007533652306055621,0.007494725930386762
2025-10-03,0.0042351855854768795,0.0027537005051446036,0.002443951518297467,0.002055685564279734,0.0033807554112074995,0.0026244682488518246
2025-10-06,0.005685029239851706,-0.000916670532329428,-0.0008607102334497174,-0.00012394087699254538,0.0009165662020234494,0.0010866146213837219
2025-10-07,0.0007269575524587453,0.001051792777418798,0.0013206962991444884,0.0013846552040270247,-0.0009352664338307896,-0.0011679657673048698
2025-10-08,-0.00296274460287186,-0.005144988106435582,-0.005066575168637024,-0.0052032134696118355,-0.001141916696199484,-0.005117027703201978
2025-10-09,0.0068639831499043,0.004986264879688493,0.004823327224346115,0.005291125537945177,0.0022076730551795626,0.003539675852832746
2025-10-10,0.005156787835044261,0.0076401818300099004,0.007622996817225244,0.008049501774945065,0.007521006557280164,0.008229777502547806
2025-10-13,-0.001994585681118782,-0.004766138317103064,-0.0047590644032615564,-0.003971084967018673,-0.002384767254232953,-0.0033647221948906597
2025-10-14,-0.00438984822212088,-0.003208789570876525,-0.003049843115219484,-0.003052451182690219,-0.003131552948718651,-0.004326201419882179
2025-10-15,0.008698019694019307,0.008667286987949514,0.0084523946129654,0.007591395603328253,0.00644958327049956,0.007622055377041803
2025-10-16,0.011122985914857926,0.011023506792694517,0.011134180649917329,0.010556828558358005,0.012454987632804657,0.011320520834611561
2025-10-17,0.0023370834392740375,0.005944146700397227,0.006001780669040939,0.008038842251569967,0.008067056004645832,0.00732382863120181
2025-10-20,0.006394430750343508,0.0022890094282273965,0.001791937363544934,0.004966200110888042,0.004695744396511114,0.003246409532711244
2025-10-21,0.001595262604510875,0.0005915362631938969,0.00047319658404090944,0.0004308980185859254,0.000340919625578241,0.0004293494045248076
2025-10-23,0.0021048275048763674,0.0005458852832922327,0.00029304819374795677,-0.0023927923544982766,0.0019066085594698777,0.0017998423115564801
2025-10-24,-0.003791816354395702,-0.006032275267087476,-0.00615853454873886,-0.006539156381867407,-0.007689752431663377,-0.005645366169586746
2025-10-27,0.005194607333508524,0.005124650762239274,0.0052459307474132955,0.006523491253276758,0.006666829416284118,0.005062523826675736
2025-10-28,-0.0017651999444431555,-0.0032207112833674443,-0.0031849617256957258,-0.0021825725946652786,-0.0029823271906761783,-0.003255252329526106
2025-10-29,0.004072890025481312,0.005874624134637695,0.00543586069492226,0.007854253986613663,0.006750742683432398,0.005265696107189419
2025-10-30,-0.005908998563021291,-0.004529410367964511,-0.004397846264411127,-0.007585739594572824,-0.006238257573689453,-0.005886003575997126
2025-10-31,-0.004667928322321694,-0.00287742289723471,-0.0028266512437691233,-0.0037431217627355916,-0.003599706841320558,-0.00206398238502965
2025-11-03,-0.00046163101427446274,-0.004075388017933878,-0.004056396204173476,-0.0027478827377933317,-0.0045527591254622135,-0.002586009368389674
2025-11-04,-0.006940441257256804,-0.008870719508211833,-0.009222864297049042,-0.00799984413459518,-0.007310004459892028,-0.006922966413473677
2025-11-06,-0.005313094707104001,-0.007431285884313334,-0.008167475411245973,-0.007545431795779673,-0.006959214528772132,-0.006154350639492553
2025-11-07,0.0009472531964271644,0.001213682179354495,0.0015297879007589918,0.00011688687818014375,-0.0015244087165196133,-0.0008722838117299133
2025-11-10,0.004111320727413973,0.003963508416660974,0.003539481411038871,0.00323743393575292,0.00398665269219903,0.002561488766115649
2025-11-11,0.0028967505484590672,0.006066000338256796,0.006290901643567502,0.005663828574568906,0.00582877613871586,0.005225766842826477
2025-11-12,0.007294951615051682,0.004373889476888588,0.004017652661317275,0.006083257511872087,0.005743447521886763,0.005200863262609831
2025-11-13,0.0006249567254772377,0.0005649716381560488,0.0008389720042625526,-0.0003901453899831401,0.0004530679361226112,-0.0001490623868139069
2025-11-14,0.0009932342672970519,0.0008850674989413676,0.0012331347805812774,0.0008237728537214167,-0.0004230112139195952,0.0006284299848814321
2025-11-17,0.003745741878607769,0.0038810688541297393,0.0037525730288555962,0.0037972611731195557,0.004716268121728949,0.004482701160434191
2025-11-18,-0.005025003301883737,-0.004340582268825347,-0.0042499438210058214,-0.0020634829689413405,-0.0021435267041965303,-0.0022902892256419618
2025-11-19,0.005545475193453953,0.002929755381089252,0.0021141069021354277,0.0022026627855789675,0.0022775203049856564,0.004104148094931348
2025-11-20,0.0033554930922774836,0.0040405839028201706,0.004123695458949554,0.003691987399736724,0.004253929490309995,0.004543310478709715
2025-11-21,-0.0053867905959678174,-0.0028027844160023563,-0.003653227653439234,-0.0019054424976698535,-0.002241045012319365,-0.003349964164944416
2025-11-24,-0.0047011060371687785,-0.0038326907095654534,-0.004663042239676229,-0.00547564675346171,-0.0028486997419945514,-0.003152074758786772
2025-11-25,-0.0013850325619660822,-0.0031032124613036925,-0.002445296047888546,-0.0021803973454682744,-0.0027275107541505994,-0.0019657166677479096
2025-11-26,0.012558354399268716,0.010437753094039309,0.010778586163599627,0.007857386106274952,0.008397941890957564,0.008190198336872161
2025-11-27,-0.0013419970385141898,-0.0013329172137698869,-0.0014077245573894245,-0.003985210409705907,-0.003377451389936588,-0.0033032781130142093
2025-11-28,0.000812722763563365,-0.0006794044386056393,-0.0007483045270205765,-0.0017014661701714026,-0.00038012515962431017,0.00013219312112588592
2025-12-01,0.0009651567349639999,0.0009184715366566598,0.0006619736908846333,0.0011925465872313513,0.001182758881594886,0.001494873634655408
2025-12-02,-0.0023191153303948444,-0.0005425324319872564,-4.0045286922949755e-05,-0.0003931731970919309,-0.001341562029535927,-0.0023174613222702763
2025-12-03,-0.00395332024584885,-0.006720838012193316,-0.006736623090410666,-0.005816572994774791,-0.0071344114007252084,-0.006253220982571405
2025-12-04,0.003612898168431496,0.002691325756067892,0.0026484561508863997,0.002943494189315922,0.0024992236773331163,0.002691042947349759
2025-12-05,0.004985887783189798,0.004425825898544426,0.004154723737576219,0.0017725931819878825,0.004331584102941726,0.004679099567238024
2025-12-08,-0.010244978431279323,-0.009344322595162203,-0.009174655443961715,-0.007858301399597034,-0.009627048121165237,-0.008763876357437661
2025-12-09,-0.005382023977847541,-0.004528660364505839,-0.0050793226509166555,-0.004410009945877085,-0.0013355352944137075,-0.0013133063267864059
2025-12-10,-0.000371959732354273,-0.0006210202685956211,-0.0007192800553075302,-0.0013879007280734519,-0.00019325487200429043,0.00013649649203974684
2025-12-11,0.005336004081151379,0.003225239871011301,0.0032033856199564117,0.004761265116007973,0.0026543497879914233,0.0024758729689419623
2025-12-12,0.0065651703273261735,0.004684829916883703,0.004127598041788319,0.004593173961912885,0.004452764453215988,0.004076387758217974
2025-12-15,-0.0015204706957265214,-0.0022151632445378527,-0.00205862650904407,-0.002551401460655705,-0.0012280123069893171,-0.0020590609498454897
2025-12-16,-0.0072613868347856355,-0.0026467508745595214,-0.0022453053250065962,-0.002509935686771224,-0.0020026696416372437,-0.0027022350287642547
2025-12-17,-0.00013575074465218602,6.648664166192613e-05,-0.00011413914456213666,-0.0010138385296830606,0.0002552372219252083,0.00034511512604564474
2025-12-18,-0.0005882681401607707,-0.0029984049116024095,-0.003101762215706869,-0.002622125626663351,-0.0010879982208825327,-0.0013112289463498177
2025-12-19,0.005261149964559495,0.005702632604800381,0.005786467392027582,0.004298838142350994,0.0044416379097368276,0.004431286712514075
2025-12-22,0.008153883516937632,0.007437191761323435,0.007219601293900452,0.007716253021490129,0.0071575618585111925,0.007492606654284063
2025-12-23,0.0008704647288189152,0.0032794332969768667,0.003208291094262834,0.004371848112371896,0.002828073468685281,0.0034573239583284556
2025-12-24,-0.0012738446621883806,0.0010164660672220883,0.0008425706229807193,0.0002317004464883062,0.0004948660437750116,-0.0001169177041197185
2025-12-26,-0.0026006069255051943,-0.0033297851838189597,-0.003484495966931662,-0.002279370225634228,-0.002564182707534943,-0.002351509139562804
2025-12-29,-0.003400368303922311,-0.0034304723059592496,-0.0031491211239026364,-0.002712101006577755,-0.004882683457934161,-0.004568670532975917
2025-12-30,0.000942534383124911,0.0005966588896940646,0.0003938003591350816,0.0007928262956732369,-0.00026370975126441785,-0.0006031146331383513
2025-12-31,0.00849615063904949,0.00683183057926382,0.0068441669742750864,0.007085998175674632,0.006520536498864444,0.0072767266516175245
2026-01-01,0.0017124661183732797,-0.0052417015340764615,-0.005480281333180435,-0.008293439639063857,-0.009966481637906952,-0.010076940958949714
2026-01-02,0.007770212981723713,0.010209388936667646,0.009368287544218635,0.00752081141197233,0.009818293671214643,0.010236796963173624
2026-01-05,0.0009959297416482988,0.0017905836165817452,0.0009660556889501512,0.0029777009708995984,-0.000529883483667028,-0.0001826953566692541
2026-01-06,0.0033475000443703626,0.006103002984941222,0.0062683774316795345,0.009127965388433263,0.00447125177902658,0.0038601336060996153
2026-01-07,-0.0006492177611881634,-0.00010873794945399657,0.000622932147909162,0.002166350336869627,0.0027160481934354204,-0.00019151983929145949
2026-01-08,-0.012559201792574711,-0.007594510601739517,-0.00846913228250008,-0.009044919706558206,-0.009444877543752405,-0.008524891366340994
2026-01-09,-0.006113678829048247,-0.009973206673389537,-0.009245470697348265,-0.0101198588980793,-0.00814938707067331,-0.008812415643655733
2026-01-12,0.006274362330184739,0.007868528065581129,0.007615350744854716,0.008622085044128263,0.00908500728360993,0.009227135329999955
2026-01-13,-0.0014311919861895502,-0.001061757403905477,-0.00048712929788417077,0.0002343757007322315,-0.0001454183311371892,-0.0004236706452652887
2026-01-14,-0.0007600999759282666,-0.005388176906161854,-0.006788006711228249,-0.0038777977066904454,-0.008102929028117097,-0.006790691318061133
2026-01-16,0.00040589500281140646,-0.0007331418633017939,0.000935866023027893,0.0011384185414090677,0.0014921298598025044,-0.000489884780751358
2026-01-19,-0.0024370521768964167,0.000509553337534508,-1.7865458473976387e-05,-0.0029863114812941505,-0.002563479650685176,-0.0030070537647832714
2026-01-20,-0.01784507462090466,-0.016992683662234238,-0.017354525498705385,-0.016649593425299758,-0.01582197910961798,-0.01490415723561839
2026-01-21,-0.0013879190250623813,-0.004056394720479849,-0.0037713255668937254,-0.004474276355682502,-0.004276489110107143,-0.004592324418659888
2026-01-22,0.009950957921975954,0.00732891920710008,0.006945329049118539,0.007746925553785417,0.00590710670537908,0.005918757687429086
2026-01-23,-0.008578224629149183,-0.003939460599394843,-0.00343437788733555,-0.00407082812892457,-0.002703589573888228,-0.004589839680243742
2026-01-27,0.006861223023670853,0.0009046951586002474,0.0008530363563835437,0.0054661079709770475,0.002320689356313202,0.0018878769241685205
2026-01-28,0.0088135865799611,0.004369386953249527,0.004310146686286644,0.006989581155803139,0.0073157036733220585,0.007774515358623063
2026-01-29,0.003093200834978915,-0.0009561858855054286,-0.0016874581669051876,0.0006563734172579101,-0.00019951882933672092,0.0006495251745217688
2026-01-30,-0.0042296544667227,-0.0017750817843175909,-0.002225627605976562,0.00018459148267436273,-0.004745641851145701,-0.004463059402624223
2026-02-02,-0.011356112915959154,-0.013171845496622895,-0.012360281761693665,-0.012247087788815489,-0.013125033243759559,-0.012161539280421364
2026-02-03,0.023317810273871475,0.021034926899072055,0.020282273771340877,0.01930538884632607,0.02096109312204239,0.020441387852030722
2026-02-04,0.0012472944868733976,0.0030486341531535768,0.0010852780851501812,0.004947338807727366,0.0026805639326347476,0.0028739411550415916
2026-02-05,-0.0033199939429126592,-0.0067618638114673845,-0.006989583354260626,-0.006756024894770352,-0.0069886337824086545,-0.007358181757069168
2026-02-06,0.001827595441562981,0.010606563651121335,0.010688216815623021,0.011779205806952188,0.01086617142041667,0.011623864451676374
2026-02-09,0.00791010892684336,0.0073782279862324865,0.006968378288117917,0.004610309428715156,0.010161142666347713,0.00855489734548905
2026-02-10,0.003884214090604523,0.00021285178862718484,9.1252235040105e-05,0.00242368380804102,0.0017804112859541692,0.0014742799675521248
2026-02-11,0.002369705987653809,0.0028916093598596523,0.002563775928274011,0.002848605485670555,0.005470047435048709,0.002702286804585314
2026-02-12,-0.005857735415160176,-0.0028530966545781767,-0.004467745397617927,-0.0023558072069202016,-0.0031778197080697297,-0.0037036315083963387
2026-02-13,-0.012782863804340122,-0.01230681216075848,-0.012471931192247637,-0.012697598531127282,-0.013613366914536181,-0.014399284300494877
2026-02-16,0.007506914902551317,0.00560716997870999,0.005564637928458179,0.006675897265732233,0.007150730326105612,0.008218206421040127
2026-02-17,0.0031681796771310293,0.004603300782469925,0.005149851524151859,0.004182479056324558,0.00274155005719432,0.0033225915092949063
2026-02-18,0.003605054480476301,0.0032270787533164036,0.0025312077539436143,0.0033190460731098363,0.003907864395986116,0.003646096168480066
2026-02-19,-0.013165768371793733,-0.012699265315200513,-0.012820732345120312,-0.014671557760490134,-0.013467731390480507,-0.013162839451837603
2026-02-20,0.006800871312572376,0.004059242364068735,0.003291699968233989,0.006576024000074478,0.005578660549323405,0.0054997230366636085
2026-02-23,0.005005035409297411,0.006558292147354919,0.00652416295699815,0.007921789968733512,0.007502711089249254,0.007567592909036401
2026-02-24,-0.0074007448032029684,-0.010016195611797911,-0.01140706902128294,-0.0072077876627257955,-0.007647060285208767,-0.009054507745649934
2026-02-25,0.0062954429518927435,0.0017371130505658317,0.001695901030126212,0.0017841468206567872,-0.0026372516072425863,-0.0015391410336779913
2026-02-26,0.00154241564566121,0.0019750219333389365,0.0021558815669404886,0.0013071354200307511,0.003282240791849111,0.0020572154994832866
2026-02-27,-0.012549975444514928,-0.01403841195118247,-0.01374126310631563,-0.013559974488707608,-0.013043680830413584,-0.012971526351937834
2026-03-02,-0.00989159395975297,-0.007402167553778236,-0.0067460796853581724,-0.008125522064521697,-0.005500809981982814,-0.005865436482757761
2026-03-04,-0.01719364584575924,-0.011457807462872362,-0.01155694333958353,-0.015348361489519808,-0.010498499152382521,-0.010133973797652882
2026-03-05,0.013282219916433049,0.003926281999595644,0.003789588743767621,0.005627326347850525,0.005915142966941835,0.006351346983393602
2026-03-06,-0.007877044628838498,-0.009035929024143352,-0.008495727844670408,-0.00797758708707633,-0.007561033344476024,-0.008608708384355467
2026-03-09,-0.01778600515325098,-0.014230334305126728,-0.012988667344640513,-0.013256430820480978,-0.0103851596771018,-0.012101855097724249
2026-03-10,0.010699802627808185,0.008403376197844257,0.007537657525329462,0.008234071978699622,0.0038258513103449437,0.004863453142490093
2026-03-11,-0.013569043672948878,-0.01117910705184642,-0.010141153007490836,-0.01306512391230569,-0.01036187975249521,-0.011460983455787914
2026-03-12,-0.007763009516528254,-0.009182976885824552,-0.008195590416582394,-0.010364515943949312,-0.006869867603878257,-0.007087708297950145
2026-03-13,-0.022098852622107437,-0.01405021993725743,-0.013494716845508653,-0.014571719321699102,-0.012086729726330962,-0.012734691583487194
2026-03-16,0.007215743448474937,0.006591211543097104,0.005569282625147326,0.00966295864363076,0.004464847150910351,0.0048018030718122925
2026-03-17,0.005229806313825005,0.001409594251373711,0.000993822653797842,3.366673985905153e-05,0.0012366366611600565,0.0019003354864009993
2026-03-18,0.00793933915276046,0.005231174238809243,0.004568563055005447,0.005958607710329621,0.004049143181831628,0.004577502563639967
2026-03-19,-0.028661122900622546,-0.025661715711309135,-0.024767370486401954,-0.029964558169781122,-0.023000721471533002,-0.02332671682922011
2026-03-20,0.009142376799280722,0.005119542550534683,0.0048155529289843485,0.004417012459870983,0.00633289804828745,0.00661560533300208
2026-03-23,-0.024969129919286355,-0.02614559970961968,-0.0259469191550794,-0.02261231186523946,-0.023627989636318722,-0.025008696489598234
2026-03-24,0.015562366210309521,0.018119498215989592,0.017468047924627562,0.01708800275474428,0.013301191224635724,0.013039319291707676
2026-03-25,0.01671617560221387,0.015726644907730146,0.01578495630103433,0.01888190243004268,0.014699487594767507,0.015206751037533184
2026-03-27,-0.013525217749235706,-0.0069112154550177805,-0.005631777499484761,-0.01190997462452019,-0.0066743770563847836,-0.007798458919628364
2026-03-30,-0.01681061365216386,-0.018121483691458717,-0.017415176550797704,-0.018462425463667657,-0.016391148830588502,-0.017227796416479466
2026-04-01,0.01234445069179587,0.0010732857950354901,0.0017531409688459336,0.0006527370561967012,-0.0011338604365739393,0.0015014084066660742
2026-04-02,0.0013354862701370112,-0.0001729344795825987,0.00044811320756170934,0.00027574374092167916,0.0036214896507744286,0.002579931529559306
2026-04-06,0.010911125764092483,0.0021687260522614054,0.0030720060284896143,0.00022993386777397148,0.0015705831671354127,0.001752721764846
2026-04-07,0.007962154908522397,0.010841734853708738,0.01309138255955243,0.011716461461295931,0.009147759721863945,0.010405431954077426
2026-04-08,0.028880564975692538,0.005410741791419131,0.0023403781527205902,0.013442933751821724,0.008155539664067278,0.01229868236019192
2026-04-09,-0.001088429081772132,0.002512681745575257,0.002275721759032819,-0.000588423543976549,0.0020483644379685273,0.00036387171891144295
2026-04-10,0.008604639106975733,-0.002783234842787783,-0.006531098992818997,-0.0011436980047338599,0.0010372568002695324,0.002657450101433256
2026-04-13,-0.009360368923021074,-0.009018333532338819,-0.008363368792225663,-0.0053976536080475365,-0.006435816941537775,-0.006055530917932586
2026-04-15,0.016817210119600814,0.016768539633938807,0.016349617893570954,0.012482325011659953,0.010113365854842998,0.012051903140991332
2026-04-16,0.00013239168709176167,-0.001876138018728041,-0.0013353928942086023,-0.0021211035713660977,-0.0014999608457808167,-0.0016349352239350815
2026-04-17,0.007258958352456131,0.008755720412009133,0.005421187601770272,0.005678990480543333,0.008214386152886015,0.008027163849655882
2026-04-20,0.00036032410987861215,-0.0023582458450276678,-0.0022193191112677485,-0.0022130521988942197,-0.0015185966655556576,-0.001476685968613151
2026-04-21,0.007842373920079913,0.00919747179213436,0.005230327810397939,0.005690018220249756,0.005578207043555996,0.006339061424442322
2026-04-22,-0.007136854641147092,-0.004565641042088706,-0.005204041070067197,-0.01147414428204353,-0.01370030182437422,-0.01311450581632972
2026-04-23,-0.0027084518199856815,0.004398541673754191,0.004437521048842782,0.003212227042766064,0.01237174082267492,0.005215535194555367
2026-04-24,-0.01049648924177847,-0.016246442178242858,-0.016520077757461202,-0.01911538425504829,-0.015552812352205594,-0.016474682275705407
2026-04-27,0.01043952292479727,0.015525712345210451,0.01617633163545917,0.015795332260218824,0.009692478032266676,0.01001226393408955
2026-04-28,-0.0019946274772708076,0.007911073809652893,0.008888053216397648,0.0035121234896612727,0.007038404265522888,0.0035674558565777577
2026-04-29,0.0076346709886179285,0.01573954672204188,0.016745096885684062,0.011974402238779857,0.009781989582958998,0.010684387345089155
2026-04-30,-0.005473703607298276,-0.0003651520603121625,0.0009866392937538711,-0.001038938218768693,-0.002235886240551071,-0.002946250258114245
2026-05-04,0.004487329693497142,-0.0032809562804083257,-0.003717813132003303,-0.0038805447105559354,-0.002580723814361828,-0.0012606462463321073
2026-05-05,-0.0014799146149917985,-0.004552855700519066,-0.005301870966026911,-0.004113771360371765,-0.004849210701771759,-0.0045234285564563
2026-05-06,0.00910146112775435,-0.0022758978363277152,-0.0005907501441132822,-0.004977921451957039,0.00046709738179097,-0.0004956373707349542
2026-05-07,1.7403363442639952e-05,-0.0008477142855485235,-0.0002066165296072081,-0.001827291381388214,-0.0007159371329456294,-0.00023738225286244665
2026-05-08,-0.0017544420691155392,-0.0011096996209316121,-0.0023197885165927583,-0.0009238483115532521,-0.005482238144606471,-0.0033092066733932776
2026-05-11,-0.011205731288545432,-0.009607310967558345,-0.010563548446323574,-0.008521138490286519,-0.010278319654556547,-0.011769440120060704
2026-05-12,-0.017397651088839276,-0.0074050707771054596,-0.0055594377044906,-0.009972236159135676,-0.006728989539952761,-0.00587746767433239
2026-05-13,0.0030982317764221036,-0.0005982281655266974,0.0002444694617605607,-0.0012250448662825323,0.00025830926467335184,0.0018864548447223698
2026-05-14,0.009491919534974844,0.010502464779722023,0.013860888839910705,0.004636258259850259,0.011790148109224017,0.01562881512852118
2026-05-15,-0.0005013345851324034,0.003934455809120477,0.003093297366501222,0.0037961663635309372,0.0017142332655641006,0.0007399143629270089
2026-05-18,-0.0003884901761954827,-0.0016221324040208438,-0.0033312977116580988,-4.171378326517242e-05,-0.004138815212851733,-0.003566688799342707
2026-05-19,-0.0010066178798651695,0.00019795509323764946,-0.0022168498159956277,0.0025036252486198406,-0.0013687518335395803,-0.0028179331781330278
2026-05-20,0.0015208602154646608,0.0032807435206843837,0.0029366981967678682,0.002682654399343268,0.0012586093579421793,0.0020341944178601536
2026-05-21,0.0020766802483071765,-0.000711114732584058,-0.0007242921657640519,-0.002726750284575532,-0.0033427564181081138,-0.0024723985639857234
2026-05-22,0.0009409734296118226,-0.0029141263173824033,-0.002833938508663262,-0.0035797115403277315,-0.0030483388179640483,-0.0027646994608140404
2026-05-25,0.010479216162795332,0.004505060068078151,0.005216679147609238,0.003338437261440133,0.004951626772596591,0.0041301619981910145
2026-05-26,-0.003252407329136958,-0.005516719159180771,-0.00510782668852019,-0.004740273930678568,-0.001983465418377034,-0.003051367665302846
2026-05-27,0.002900215432538315,-0.0017406401294555295,-0.0007666786662692362,-0.0013054128731108602,-0.0002876359356344879,0.00034172041035470703
2026-05-29,-0.013817872971923002,-0.015731256417599655,-0.01673422963493756,-0.014090880973379266,-0.015630748366611564,-0.016121198191108944
2026-06-01,-0.005336596633820542,-0.0031789632895155634,-0.001294558964062317,-0.0016222032080196462,-0.004830924956539516,-0.005160205390426055
2026-06-02,0.004605790691657141,0.000746802411950804,0.0016213550023934386,0.0034367035722065852,-9.814538215710523e-06,-0.00010137421590259267
2026-06-03,-0.00666862063583198,-0.00312582268181539,-0.004511772226347215,-0.005470993781527587,-0.0027991840967815317,-0.0035835389414171142
2026-06-04,0.00023685043921323036,0.00025811851276763835,0.0002819874112229817,-0.0012367245894325434,0.001639481802456575,0.001015734959357491
2026-06-05,-0.0024973676165794493,-0.004354121903535151,-0.00505599570604929,-0.001804904153019234,-0.004711589042468104,-0.005250530222848458
2026-06-08,-0.009080096567282082,-0.007953323083858963,-0.007676239696074558,-0.005151048127499592,-0.005415542043832308,-0.005433243063019599
2026-06-09,0.0035757909126715873,-0.0007471039766811844,-0.0007687549970054075,-0.0006570669444658855,0.001038244346648092,-0.000402807171534722
2026-06-10,-0.003276950621379157,-0.00482183711494194,-0.005630361284559652,-0.004674368351028775,-0.004956259402211782,-0.00547419568190669
2026-06-11,-0.0037626733572667342,-0.0035774266490945397,-0.003803360139324154,-0.00392918983119157,-0.003180965778477664,-0.0029303290938666295
2026-06-12,0.012210506150410775,-0.001141293900451622,-0.0018332957763998476,0.0017637297607943471,-0.0014533589937956869,-0.000306125165684444
2026-06-15,0.007493599592080558,-0.0011445411373016516,-0.0009854626264622292,0.001204996774066131,-0.002018512364061667,-0.0010146230492849098
2026-06-16,0.004412981197174029,0.0093392603395948,0.008638363450467812,0.01096579178815561,0.009963590862488762,0.01141568551297037
2026-06-17,0.0035884737298630845,0.003937922094899694,0.004480031640269673,0.0021867097108022454,0.004411374149240093,0.004168145980241638
2026-06-18,0.0016634415933445056,-0.0002789534394628606,-0.0008451427680765438,-0.001483075984076151,0.0021985057752448747,0.0020013338125682576
2026-06-19,-0.00456386777704027,-0.0036504185367655945,-0.0044080728823149415,-0.007545755195190558,-0.00017149031804760849,-6.100581044397348e-05
2026-06-22,0.0030969159387049658,0.0004095213588808646,0.0009365350421710536,0.001777751662322732,-0.0011059826691982109,-0.0006886221596093037
2026-06-23,-0.010225774664679263,-0.00914479818293538,-0.009842951933718638,-0.00786452622201414,-0.008572870003413006,-0.008568763856871517
2026-06-24,0.0034599882221676755,0.0017655973396593254,0.002504231017572833,0.004596883993865227,0.0005074504641250548,-0.0006435083139289458
2026-06-25,-0.0014671280647173544,-0.005040911366379471,-0.0057623894218833405,-0.005579411598249099,-0.005404147281742267,-0.005897350005385023
2026-06-29,-0.003453354595716728,0.0025213989211578655,0.002617087119139078,0.0021234909468230844,0.0027294173706645425,0.002502976871569778
2026-06-30,-0.0034978548428239945,-0.007352788156973183,-0.007597665746315674,-0.009698691738194909,-0.006107854346273985,-0.006055458801511266
2026-07-01,0.003680902822598554,0.0011237937336001846,0.003133782607944039,0.0013397620236181478,0.0002305059414161938,0.0024442419346428312
2026-07-02,0.01022769648658941,0.007756799925405764,0.006715597327405535,0.007609909398887233,0.006123074648365834,0.006352097577837069
2026-07-03,0.0062133925402724464,0.007019105303283065,0.005870914122067872,0.007427290867463354,0.00647574740851555,0.00670103100861674
2026-07-06,0.003370728976882631,0.0013533796746725544,0.0020793672742714393,-0.00022508695634646707,0.0019655052190217714,0.001880413295229825
2026-07-07,0.0010152994440166155,-0.0006730630197087661,-0.000916114146990059,-0.00021399588910651766,-0.0028762774634990594,-0.003046509613946243
2026-07-08,-0.01671379368569191,-0.011131495167178547,-0.012172423103613233,-0.011762685727072106,-0.012611263899758508,-0.012730456319378572
2026-07-09,0.0006748112816632003,-0.004612205732468634,-0.0032818140107918805,-0.00469816325287471,-0.005124969905906109,-0.004183260157481789
2026-07-10,0.008309002050253585,0.004579973985364293,0.005081026842364695,0.00474456701274637,0.004904033181463787,0.005333200316392185
2026-07-13,0.002223608706481423,0.003956271130254696,0.002448351293736158,0.00608645299871113,0.0015868323657564814,0.0028473956149035044
2026-07-14,-0.005288488583394044,-0.0008225137599901896,-0.0017773009333572993,-0.0026091941419930436,-0.001067542015385857,-0.0023523291809372853
2026-07-15,-0.001202898654243679,-0.0031272463750519706,-0.002571273140485452,-0.003597677217651904,-0.005329608610423099,-0.004475669438049416
2026-07-16,0.0015249551390710437,-0.0005738028530078839,-0.0004160198357214529,-0.0004076468492694405,-0.0010299220907151272,-0.00016102997710494983
2026-07-17,0.008762584605894928,0.008214038609915614,0.008107119815001194,0.009715787694278208,0.007190592321631918,0.006296244031012491
2026-07-20,0.0020468484407269397,0.005138739607782949,0.004354239730010835,0.003272094473889264,0.006944671955063282,0.0068910355457696155
2026-07-21,0.0012674284412531958,-0.00010328905011808948,0.0005157371909153118,0.0005720537010873389,0.00020599184887017704,1.3179031232808973e-05
2026-07-22,-0.003723624417802979,-0.0004095338390417058,-0.00022335418270837798,8.95737124687535e-05,-0.0005802208681557903,-0.0005111746999225449
2026-07-23,-0.0035773893795856397,-0.006298111786482659,-0.006633970958916489,-0.005363880840407858,-0.007109216273795957,-0.006775367223093513
2026-07-24,-0.0036471881920473494,-0.004372397040185928,-0.004187662683220416,-0.0032068809002863807,-0.004697838044644977,-0.0033213879999305137
2026-07-27,0.008800503454886564,0.00019226404805069985,0.0006112052451756915,-0.00034637082383371254,4.10447649550668e-05,0.0010065813926822048
2026-07-28,0.0018613008178056242,-0.001376357898766559,-0.0014470864356501655,-0.0017023884363943538,-0.00358107858344183,-0.004562342259384355
2026-07-29,0.008550799131881687,0.003632315012140715,0.00396979484931133,0.004611032718296397,0.006302944925791851,0.005155495017260704
2026-07-30,0.003456229100370446,0.007716782989410264,0.007415463512595397,0.006750542477797407,0.006863947990889243,0.00721165050602122
2026-07-31,0.004176318274733351,-0.0010952495994472327,-0.00046989600262861437,-0.0006958304238473662,-0.0008363262893246206,-0.0005169265587616962
2026-08-03,0.015812977857932644,0.011228658118016304,0.011218805089759656,0.013817255921763921,0.010773633315478126,0.012018584766359277
2026-08-04,-0.005016583010241831,-0.003579478324698096,-0.0032004785992477297,-0.004753893736426903,-0.0016355651935681314,-0.00235355151193258
2026-08-05,0.0014186623449553863,-0.00017704703957004803,0.00030313248604197306,0.0005473595027095591,0.0009552723964508219,-0.00010341310339789138
2026-08-06,-0.0032127373594228762,-0.004929822305206234,-0.004746592299801148,-0.006449228750569889,-0.004448415493117793,-0.005176097039774215
2026-08-07,0.0006639198658829506,0.0008990368005855266,0.001133488427704137,0.00030726651655736854,0.0013646096673723856,0.0006142079985448172
2026-08-10,0.00036906232152780414,-0.001832460397608044,-0.0017096708458236621,-0.00017765555231740642,-0.002442487638019176,-0.0019109505632253741
2026-08-11,-0.004227242927946923,-0.004168337343582515,-0.004409195516169842,-0.002805558197341348,-0.005491058842769163,-0.00470860519339195
2026-08-12,-0.002164245077208154,-0.0013896137535074132,-0.001201748012674718,-0.0023771001496732426,-0.0017820508732351516,-0.001830156455193273
2026-08-13,-0.000630294830425208,-0.0011770927885649315,-0.0012681921296532873,-0.0015271455095750151,-0.0008630251191581701,-0.0010127215393692553
2026-08-14,-0.0022963701626028737,-0.0013481242017758847,-0.0017191961671149968,4.651411690870591e-05,0.0006306923277598674,-0.0008143989446713481
2026-08-17,-0.004237655498949099,-0.004539547085953049,-0.004383529908996937,-0.003179136575161767,-0.0023732540952228036,-0.0018510069054457738
2026-08-18,-0.005506730585376159,-0.002384027750843424,-0.002726303993204034,-0.0023746617472961136,-0.003927150151302423,-0.004013357280696037
2026-08-19,-0.0022180769911751344,-0.003976254518787721,-0.0036612689636752503,-0.004376838142437638,-0.004107243522715312,-0.004663966972597975
2026-08-20,0.005332477737811551,0.005229152317917559,0.0050029947636551116,0.0061410701804868045,0.005528921100694384,0.005117032716973462
2026-08-21,0.0003984026461287726,0.001824534392732333,0.001644080349481478,0.0027578478048542543,0.0022355538920169424,0.003249257900936122
2026-08-24,0.0006383764842928532,0.0005371679180169744,0.0007244865832854305,-0.0002899735041467857,0.0009594649622951339,0.0003406114351943803
2026-08-25,0.0031618216405427616,0.0030784153155569986,0.0029657040959728985,0.003469913255444967,0.002965870205837179,0.002478602864492914
2026-08-26,-0.005712859730323823,-0.0067591985843233286,-0.006431963287713852,-0.005202852678051312,-0.007888011017951016,-0.00701929568264945
2026-08-27,-0.0027542521608768023,2.0370563736359266e-05,-7.514650156967309e-05,0.0018205950591871347,-0.0002938564831651218,-0.00020925221825151695
2026-08-28,0.004874130745364523,0.0054549776507874575,0.005546189734968825,0.00585330574147391,0.0070634710653252565,0.005698671129048543
2026-08-31,-0.0033032073302105202,0.003800030465689073,0.0030421344201798576,0.001827685217423139,0.0014055032196703798,0.002305421727713967
