Rebalance date,Holding start,Holding end,Model,Scenario mean return,Scenario method,Scenario VaR 95%,Scenario CVaR 95%,Realised mean return,Realised VaR 95%,Realised CVaR 95%,VaR exceedance rate,Gross exposure,Effective number of assets,Weights at 10% cap,Zero weights
2020-12-31,2021-01-01,2021-01-29,Equal weight,0.0007314024699615791,filtered recent-weighted blocks with stress mixture,0.01637773980057815,0.026406090033387966,-0.0004293206031268761,0.01722400240169853,0.018018069421626804,0.1,1.0,39.000000000000014,0,0
2020-12-31,2021-01-01,2021-01-29,Original covariance MVP (matched),0.0005501638034117413,filtered recent-weighted blocks with stress mixture,0.011371168657984727,0.01764243835915198,-0.0016077992128490134,0.016631725381573783,0.020697856114787846,0.15,1.0,12.995362516652525,4,20
2020-12-31,2021-01-01,2021-01-29,Dynamic covariance MVP (matched),0.0005841295098575734,filtered recent-weighted blocks with stress mixture,0.011267460451098664,0.016995061634179187,-0.0014380120386658466,0.01646758440826913,0.01951337825769078,0.15,1.0,12.935420116607547,6,19
2020-12-31,2021-01-01,2021-01-29,Empirical CVaR (matched),0.0006760697899514652,paired empirical blocks,0.012304467561949733,0.015477062124308348,-0.0027026278043864862,0.01951574221924984,0.021205357646796978,0.2,0.9999999999999999,11.461168641962558,7,23
2020-12-31,2021-01-01,2021-01-29,Filtered-stressed CVaR (matched),0.0007009356833683216,filtered recent-weighted blocks with stress mixture,0.010987831064346233,0.016070869964554264,-0.001990963717020785,0.018550878867574103,0.01982955728172126,0.2,0.9999999999999998,11.632866362871464,5,23
2020-12-31,2021-01-01,2021-01-29,Regularized filtered CVaR (matched),0.0006762097701830069,filtered recent-weighted blocks with stress mixture,0.011441073636960526,0.015684611027995485,-0.0017738032952300195,0.01727422555075274,0.018349622316065357,0.15,1.0,12.687671841609696,4,21
2021-01-29,2021-02-01,2021-02-26,Equal weight,0.00032413429521034864,filtered recent-weighted blocks with stress mixture,0.019974979826867266,0.02832689300866281,0.003969349462664708,0.017296103489636235,0.035142344210632934,0.05,1.0,39.000000000000014,0,0
2021-01-29,2021-02-01,2021-02-26,Original covariance MVP (matched),3.445520818228628e-05,filtered recent-weighted blocks with stress mixture,0.014895651707726687,0.020493300806436805,0.0018180448372921384,0.014860389531220897,0.03114417671895328,0.05,1.0,13.664496752442771,3,21
2021-01-29,2021-02-01,2021-02-26,Dynamic covariance MVP (matched),2.093264632183041e-05,filtered recent-weighted blocks with stress mixture,0.01452323278447728,0.02046720332299213,0.0020570199530156796,0.015027456627327974,0.03184676032966014,0.05,1.0,13.054323279109129,3,22
2021-01-29,2021-02-01,2021-02-26,Empirical CVaR (matched),0.000967759706124226,paired empirical blocks,0.01154910727626956,0.013715937103976998,0.0014851608022568544,0.016497164559424814,0.0314689929223138,0.15,0.9999999999999998,12.213026212793082,6,23
2021-01-29,2021-02-01,2021-02-26,Filtered-stressed CVaR (matched),1.014372660923267e-05,filtered recent-weighted blocks with stress mixture,0.013020410039164758,0.018258898676693693,0.0029220093327469742,0.016164081208951714,0.030599923326407374,0.1,0.9999999999999999,10.923288316665548,7,26
2021-01-29,2021-02-01,2021-02-26,Regularized filtered CVaR (matched),-3.4565208674008295e-05,filtered recent-weighted blocks with stress mixture,0.01419272690650629,0.018256555294275934,0.002688606621476867,0.014761263625109603,0.03060156070733535,0.05,1.0,11.750271442116537,5,24
2021-02-26,2021-03-01,2021-03-31,Equal weight,-0.0001006255313006351,filtered recent-weighted blocks with stress mixture,0.03114643967459482,0.04361450744325948,0.0011631287962438315,0.017741646067529662,0.018078200631044237,0.0,1.0,39.000000000000014,0,0
2021-02-26,2021-03-01,2021-03-31,Original covariance MVP (matched),-0.0003281090431430718,filtered recent-weighted blocks with stress mixture,0.023026287772229603,0.029102509406791044,0.0020367512599482607,0.01590786742540271,0.01734691901568241,0.0,0.9999999999999999,13.296602330753426,3,20
2021-02-26,2021-03-01,2021-03-31,Dynamic covariance MVP (matched),-0.00029378379732103227,filtered recent-weighted blocks with stress mixture,0.023170448368588142,0.028496935789258597,0.0020024880607126196,0.015882888402953148,0.017824927408182006,0.0,1.0000000000000002,12.496561932606943,4,24
2021-02-26,2021-03-01,2021-03-31,Empirical CVaR (matched),0.0006672542219300392,paired empirical blocks,0.015911117181491435,0.018799628086597485,0.0017396002349150581,0.01375504424092531,0.01575590340206796,0.047619047619047616,1.0,11.07376926641593,6,27
2021-02-26,2021-03-01,2021-03-31,Filtered-stressed CVaR (matched),-0.00020862469027876877,filtered recent-weighted blocks with stress mixture,0.021337638833110226,0.025696518028496276,0.002463344934066077,0.016954255464395503,0.01773411135352159,0.0,0.9999999999999993,10.961538803964395,6,27
2021-02-26,2021-03-01,2021-03-31,Regularized filtered CVaR (matched),-0.00022072145186676176,filtered recent-weighted blocks with stress mixture,0.021332290732914063,0.025615617920128165,0.002517814663657467,0.016860703414115386,0.01769033562418125,0.0,1.0,11.253700470687567,6,26
2021-03-31,2021-04-01,2021-04-30,Equal weight,0.0006177773081231934,filtered recent-weighted blocks with stress mixture,0.02068607343851534,0.03304708425879768,0.0016935925180238357,0.020699517648183598,0.03657116373465877,0.05263157894736842,1.0,39.000000000000014,0,0
2021-03-31,2021-04-01,2021-04-30,Original covariance MVP (matched),0.0004430873659713271,filtered recent-weighted blocks with stress mixture,0.015801986760198467,0.02623664992785053,0.0009625764912406951,0.01085602251704699,0.01639940608621363,0.05263157894736842,1.0000000000000002,12.937152222729466,5,21
2021-03-31,2021-04-01,2021-04-30,Dynamic covariance MVP (matched),0.0004228290823527933,filtered recent-weighted blocks with stress mixture,0.016773813878250974,0.026076138983123387,0.0012251290007975982,0.011278268397821858,0.017295828073848715,0.05263157894736842,1.0000000000000002,11.855648625735958,6,23
2021-03-31,2021-04-01,2021-04-30,Empirical CVaR (matched),0.001711233770383027,paired empirical blocks,0.015154300383012811,0.019754460797250645,0.0013966419296225555,0.012764639953415207,0.017228719059146122,0.05263157894736842,1.0000000000000036,12.07364384537667,6,24
2021-03-31,2021-04-01,2021-04-30,Filtered-stressed CVaR (matched),0.0007134096164147334,filtered recent-weighted blocks with stress mixture,0.016933992695324952,0.024936797862974053,0.0014112438488503491,0.012147865315933594,0.015165549002731434,0.0,1.000000000000428,11.185689657406076,8,26
2021-03-31,2021-04-01,2021-04-30,Regularized filtered CVaR (matched),0.0007169361851106954,filtered recent-weighted blocks with stress mixture,0.017674727324607568,0.024675263532693587,0.0019467511211736649,0.010408518995670479,0.01257934429004306,0.0,1.0000000000000002,11.317341695295525,6,26
2021-04-30,2021-05-03,2021-05-31,Equal weight,0.00020496603355167826,filtered recent-weighted blocks with stress mixture,0.020727689750067675,0.03437960425279523,0.003314053486792888,0.008599212689541818,0.010848509675096984,0.0,1.0,39.000000000000014,0,0
2021-04-30,2021-05-03,2021-05-31,Original covariance MVP (matched),0.00011240239217368907,filtered recent-weighted blocks with stress mixture,0.013029470522398811,0.020484759415862263,0.0025068872636853624,0.006247459318127254,0.010723260434716915,0.0,1.0,12.330938979249138,7,22
2021-04-30,2021-05-03,2021-05-31,Dynamic covariance MVP (matched),0.00011672147444005132,filtered recent-weighted blocks with stress mixture,0.0130826067177402,0.02018140434102228,0.002495813145459009,0.0064726342488441516,0.010497196575255191,0.0,1.0000000000000002,12.017690189973958,7,23
2021-04-30,2021-05-03,2021-05-31,Empirical CVaR (matched),0.0007364500526605101,paired empirical blocks,0.01139292134784156,0.014067890316015,0.003002148084028833,0.008462185519126844,0.010878941383516099,0.0,1.0,11.479816443464255,6,25
2021-04-30,2021-05-03,2021-05-31,Filtered-stressed CVaR (matched),0.00021184432932770152,filtered recent-weighted blocks with stress mixture,0.01380843783382384,0.018583424452945984,0.0023347801056693715,0.008716828541078702,0.009345992201408651,0.0,0.9999999999999996,10.399173028496588,8,28
2021-04-30,2021-05-03,2021-05-31,Regularized filtered CVaR (matched),0.00020226582682209384,filtered recent-weighted blocks with stress mixture,0.013177473880945164,0.018620287882283443,0.0022814714483044263,0.008088308085166567,0.009914286002386299,0.0,1.0,10.893631430080116,7,25
2021-05-31,2021-06-01,2021-06-30,Equal weight,-0.00010865939139429807,filtered recent-weighted blocks with stress mixture,0.015139625517756758,0.022915091711806803,0.001025294380121032,0.007709746386710744,0.008272647849917516,0.0,1.0,39.000000000000014,0,0
2021-05-31,2021-06-01,2021-06-30,Original covariance MVP (matched),-0.000199399032579871,filtered recent-weighted blocks with stress mixture,0.011334747927941842,0.016358640664966683,0.0013691312670578964,0.0035680984513926147,0.004855754104998334,0.0,1.0,12.92700914060571,4,21
2021-05-31,2021-06-01,2021-06-30,Dynamic covariance MVP (matched),-0.00023521431809638233,filtered recent-weighted blocks with stress mixture,0.011780901142576,0.016453406660427293,0.0014494670683074058,0.003079283904663771,0.004145251509403583,0.0,1.0,14.68155580387209,1,18
2021-05-31,2021-06-01,2021-06-30,Empirical CVaR (matched),0.0011793984303664668,paired empirical blocks,0.010136236845392603,0.011867377879611306,0.0011415393841728118,0.005150708506709705,0.005858941209061063,0.0,0.9999999999999998,13.120258262146065,4,20
2021-05-31,2021-06-01,2021-06-30,Filtered-stressed CVaR (matched),-0.00021305836393305984,filtered recent-weighted blocks with stress mixture,0.011707873557035457,0.014721712496615389,0.0018671390457447965,0.0021126510231201023,0.003168137983608723,0.0,1.0000000000000056,11.711669453476551,6,25
2021-05-31,2021-06-01,2021-06-30,Regularized filtered CVaR (matched),-0.00020170398287937098,filtered recent-weighted blocks with stress mixture,0.011703107302272456,0.014293882092831976,0.0018747356070748173,0.002008125678729142,0.003236177811093403,0.0,1.0,11.7961729304824,7,24
2021-06-30,2021-07-01,2021-07-30,Equal weight,0.00011526224325912984,filtered recent-weighted blocks with stress mixture,0.009490910399227946,0.014896513401531893,0.0011572192104950907,0.008098618875568083,0.008658973467182068,0.0,1.0,39.000000000000014,0,0
2021-06-30,2021-07-01,2021-07-30,Original covariance MVP (matched),0.00011730551238307195,filtered recent-weighted blocks with stress mixture,0.006774895364463378,0.008251604101423513,-0.0002583435311476263,0.006939150440471132,0.01231880535228317,0.14285714285714285,1.0,15.069757904296369,4,15
2021-06-30,2021-07-01,2021-07-30,Dynamic covariance MVP (matched),0.00013837121597239262,filtered recent-weighted blocks with stress mixture,0.006535274340194076,0.00849977430183588,0.00012601594220644936,0.006761674866323552,0.010998637318252066,0.09523809523809523,0.9999999999999998,18.421253390632394,0,10
2021-06-30,2021-07-01,2021-07-30,Empirical CVaR (matched),0.0006292500361703537,paired empirical blocks,0.006745180262859349,0.007636503622489774,-0.000758508889061409,0.009206215542426305,0.012815748089408436,0.09523809523809523,1.0,14.218237008369918,3,17
2021-06-30,2021-07-01,2021-07-30,Filtered-stressed CVaR (matched),0.00022821735077767222,filtered recent-weighted blocks with stress mixture,0.006131045684534607,0.006974562214767167,3.124543114714194e-05,0.007544633775231216,0.01248064127557064,0.14285714285714285,0.9999999999999987,12.874108948012802,5,21
2021-06-30,2021-07-01,2021-07-30,Regularized filtered CVaR (matched),0.00025634286149827843,filtered recent-weighted blocks with stress mixture,0.006063409528844234,0.0069759496659328735,9.338608476039161e-05,0.007830713936727978,0.012511744581056465,0.14285714285714285,1.0,13.135073333450814,2,20
2021-07-30,2021-08-02,2021-08-31,Equal weight,7.02399447906974e-05,filtered recent-weighted blocks with stress mixture,0.009027840131613056,0.013951246968788456,0.003392855426128176,0.0037968870505474903,0.008293164626584346,0.047619047619047616,1.0,39.000000000000014,0,0
2021-07-30,2021-08-02,2021-08-31,Original covariance MVP (matched),5.70674041729222e-05,filtered recent-weighted blocks with stress mixture,0.006131085079353039,0.007998050017970446,0.003672857958373913,0.0030081473310994184,0.003543724469412224,0.0,1.0000000000000002,21.4896274146481,0,9
2021-07-30,2021-08-02,2021-08-31,Dynamic covariance MVP (matched),6.198035062652656e-05,filtered recent-weighted blocks with stress mixture,0.005924740233869349,0.007993579963009357,0.003635752773767852,0.0032330917909612587,0.003524774267292036,0.0,1.0,22.01686601918211,0,9
2021-07-30,2021-08-02,2021-08-31,Empirical CVaR (matched),0.0007442984269125569,paired empirical blocks,0.004787218879865749,0.0058278096680346655,0.0037655274815967922,0.0028874473916042196,0.003528190911680269,0.0,1.0000000000001148,18.89852364461349,1,12
2021-07-30,2021-08-02,2021-08-31,Filtered-stressed CVaR (matched),4.207516991972856e-06,filtered recent-weighted blocks with stress mixture,0.005626816389778776,0.006916233367807503,0.003743416349286714,0.003313261911519366,0.003891196420911589,0.0,1.0,15.368520880804272,4,14
2021-07-30,2021-08-02,2021-08-31,Regularized filtered CVaR (matched),3.6279192834701606e-05,filtered recent-weighted blocks with stress mixture,0.005755126782376026,0.0070626542893615606,0.0037156045069877473,0.0037900789410834925,0.00415585261308583,0.0,1.0,16.122658582008835,1,17
2021-08-31,2021-09-01,2021-09-30,Equal weight,0.00028444351624465504,filtered recent-weighted blocks with stress mixture,0.01301126347197564,0.020013555376731496,0.002064279453392774,0.005590717277519415,0.009641427354692932,0.047619047619047616,1.0,39.000000000000014,0,0
2021-08-31,2021-09-01,2021-09-30,Original covariance MVP (matched),0.0003137639057400268,filtered recent-weighted blocks with stress mixture,0.006321696992744738,0.008966567077600681,0.0022040722192306823,0.006148082331247944,0.00622392616755039,0.0,1.0,18.834570018826856,1,12
2021-08-31,2021-09-01,2021-09-30,Dynamic covariance MVP (matched),0.0003271596519604351,filtered recent-weighted blocks with stress mixture,0.006359063447366242,0.008321063340981117,0.002227714531048707,0.005364969320334454,0.005918623037415845,0.047619047619047616,1.0,17.216321720170203,2,14
2021-08-31,2021-09-01,2021-09-30,Empirical CVaR (matched),0.00041380287549211317,paired empirical blocks,0.00582890663663225,0.006983704811602397,0.002038095471254995,0.0060190069142078625,0.006172503883021804,0.09523809523809523,1.0000000000000007,16.003679701528537,3,16
2021-08-31,2021-09-01,2021-09-30,Filtered-stressed CVaR (matched),0.0003444361430881129,filtered recent-weighted blocks with stress mixture,0.005533715614469169,0.007054162848137736,0.0022473354394786835,0.006002391791908566,0.0061888485987738676,0.09523809523809523,1.0,12.918232842536504,3,20
2021-08-31,2021-09-01,2021-09-30,Regularized filtered CVaR (matched),0.00037922951751976936,filtered recent-weighted blocks with stress mixture,0.005781930493764433,0.0071704592400287405,0.0023371413786031823,0.004611922439871219,0.005379531692097515,0.047619047619047616,1.0,14.764108238334819,4,16
2021-09-30,2021-10-01,2021-10-29,Equal weight,0.0008283223498766564,filtered recent-weighted blocks with stress mixture,0.010813073861178482,0.016858621429248162,-0.00042061611784267525,0.015276673105430448,0.02101496864400027,0.1,1.0,39.000000000000014,0,0
2021-09-30,2021-10-01,2021-10-29,Original covariance MVP (matched),0.0004592686818926625,filtered recent-weighted blocks with stress mixture,0.006800974096238119,0.009614130400614254,-0.00032538626179229335,0.011120594484319105,0.016885295538482184,0.2,1.0000000000000002,17.35796967163066,1,11
2021-09-30,2021-10-01,2021-10-29,Dynamic covariance MVP (matched),0.0004480974090672092,filtered recent-weighted blocks with stress mixture,0.006778597856122971,0.009406638769690685,-0.000436712085198015,0.010877783781038585,0.0164415240021695,0.2,1.0000000000000002,16.583860804175462,2,13
2021-09-30,2021-10-01,2021-10-29,Empirical CVaR (matched),0.00047500577675854683,paired empirical blocks,0.005244653559903319,0.005861345778952178,-0.0002500052054494362,0.010999610465880024,0.019137270812459035,0.3,1.0000000000000344,14.100905898789069,4,15
2021-09-30,2021-10-01,2021-10-29,Filtered-stressed CVaR (matched),0.0005440762077812011,filtered recent-weighted blocks with stress mixture,0.005998613812829241,0.007628299548391589,-0.0006943094148679031,0.012014608548297022,0.017726698120158816,0.3,1.0000000000000004,14.70693579643248,3,18
2021-09-30,2021-10-01,2021-10-29,Regularized filtered CVaR (matched),0.0005197756221001368,filtered recent-weighted blocks with stress mixture,0.005922467150420091,0.007741899579086085,-0.0008941393634519269,0.011898376310289303,0.01670366621928845,0.25,1.0,15.40582275807263,3,16
2021-10-29,2021-11-01,2021-11-30,Equal weight,0.00031143510659265337,filtered recent-weighted blocks with stress mixture,0.018421372975754347,0.02628231372059218,-0.001018631916150418,0.017944663300336703,0.027833783479894767,0.05,1.0,39.000000000000014,0,0
2021-10-29,2021-11-01,2021-11-30,Original covariance MVP (matched),0.00013872532628961384,filtered recent-weighted blocks with stress mixture,0.009369339318510826,0.01358842438011279,-0.0013023457410696279,0.015580625080849635,0.017379571173239777,0.15,1.0,15.610989853570901,3,17
2021-10-29,2021-11-01,2021-11-30,Dynamic covariance MVP (matched),0.00013080125044088873,filtered recent-weighted blocks with stress mixture,0.009110128829452419,0.013215970596821077,-0.0013292647858453824,0.015558635505504681,0.017920430563079286,0.15,1.0,15.187923422536423,3,19
2021-10-29,2021-11-01,2021-11-30,Empirical CVaR (matched),0.0006827449406948111,paired empirical blocks,0.006282231832272611,0.008203525482040093,-0.0012817404506877204,0.013906793393869668,0.017669118332741766,0.2,1.0000000000000022,13.369245157234287,4,20
2021-10-29,2021-11-01,2021-11-30,Filtered-stressed CVaR (matched),0.00010393548089610721,filtered recent-weighted blocks with stress mixture,0.009438112138628635,0.011785883187061969,-0.0005620758894871959,0.016306819424420187,0.020982915493448696,0.15,0.9999999999999657,11.629500731325841,6,24
2021-10-29,2021-11-01,2021-11-30,Regularized filtered CVaR (matched),0.00015457242585552674,filtered recent-weighted blocks with stress mixture,0.009197045634978907,0.01160341237876611,-0.000557099600405794,0.01242110028338712,0.019156796349830602,0.15,1.0,12.744410777196428,6,23
2021-11-30,2021-12-01,2021-12-31,Equal weight,0.0003298134134529006,filtered recent-weighted blocks with stress mixture,0.02150590879529932,0.030492486339220286,0.0014268249517970233,0.017400718290904563,0.01848622342940716,0.0,1.0,39.000000000000014,0,0
2021-11-30,2021-12-01,2021-12-31,Original covariance MVP (matched),5.329023542601705e-05,filtered recent-weighted blocks with stress mixture,0.011065289076025622,0.015474780292164574,0.001313008800836717,0.0144754911075284,0.016641161867521292,0.13043478260869565,1.0000000000000002,12.79720695740576,5,22
2021-11-30,2021-12-01,2021-12-31,Dynamic covariance MVP (matched),5.117295844316024e-05,filtered recent-weighted blocks with stress mixture,0.010833994025610836,0.015433956905847038,0.0013204390746117817,0.014437470367817949,0.016548064220740753,0.13043478260869565,1.0,12.155986687980448,6,23
2021-11-30,2021-12-01,2021-12-31,Empirical CVaR (matched),0.0006392547263122608,paired empirical blocks,0.0066500636595229826,0.00882250052812326,0.0015613985676135756,0.011755439418991263,0.015373556197746054,0.13043478260869565,0.9999999999999987,12.336658889619406,4,24
2021-11-30,2021-12-01,2021-12-31,Filtered-stressed CVaR (matched),0.00024276927881623997,filtered recent-weighted blocks with stress mixture,0.010313919103775842,0.014621287669247847,0.000769497199791417,0.016858980533906297,0.017889444681875918,0.13043478260869565,1.0000000000000002,11.830228659475603,5,25
2021-11-30,2021-12-01,2021-12-31,Regularized filtered CVaR (matched),0.0002703060001650169,filtered recent-weighted blocks with stress mixture,0.010677130768482236,0.01451782675124478,0.0011437758841430904,0.015139497112465846,0.01678458446837122,0.08695652173913043,1.0000000000000002,11.771090361660395,6,24
2021-12-31,2022-01-03,2022-01-31,Equal weight,0.0006224131971439133,filtered recent-weighted blocks with stress mixture,0.02140313238901239,0.028226244559746025,0.0001880802988625998,0.01685192798594781,0.02764143367313062,0.05,1.0,39.000000000000014,0,0
2021-12-31,2022-01-03,2022-01-31,Original covariance MVP (matched),0.00016691773848292625,filtered recent-weighted blocks with stress mixture,0.012781971499894388,0.018511162610119584,-0.0004558044624631879,0.010996127865138467,0.014540609602608499,0.05,1.0000000000000002,13.80777045828398,3,18
2021-12-31,2022-01-03,2022-01-31,Dynamic covariance MVP (matched),0.0001577760345242675,filtered recent-weighted blocks with stress mixture,0.012930675651303786,0.017987475769712685,-0.001521401833426608,0.012808634973897283,0.017043502579176646,0.05,0.9999999999999998,13.585665943767186,4,20
2021-12-31,2022-01-03,2022-01-31,Empirical CVaR (matched),0.00037691401322151633,paired empirical blocks,0.011173174232217283,0.013705988008731068,-0.0015912025781071309,0.015005193087919786,0.0170639872977607,0.25,0.9999999999999999,11.801057012345757,5,26
2021-12-31,2022-01-03,2022-01-31,Filtered-stressed CVaR (matched),0.00034813389000147034,filtered recent-weighted blocks with stress mixture,0.012648555976930102,0.016601134958405935,-0.0021862810775544134,0.01574841079510385,0.019152609789591733,0.15,1.0000000000000002,11.049696497360541,6,27
2021-12-31,2022-01-03,2022-01-31,Regularized filtered CVaR (matched),0.0002822012959666686,filtered recent-weighted blocks with stress mixture,0.013043617667290114,0.01670929389143742,-0.0015654283715862533,0.01542720228177963,0.01755240415761202,0.15,1.0,11.721262169481578,7,25
2022-01-31,2022-02-01,2022-02-28,Equal weight,3.4028958799733056e-05,filtered recent-weighted blocks with stress mixture,0.022531046237930678,0.03179044207708306,-0.0004626760358725,0.02914912618187887,0.04554488349902683,0.1,1.0,39.000000000000014,0,0
2022-01-31,2022-02-01,2022-02-28,Original covariance MVP (matched),0.0001550214255428421,filtered recent-weighted blocks with stress mixture,0.01465558858502249,0.020075351870415613,-0.0014051124618959133,0.019454987694567525,0.03692461426400387,0.1,1.0,14.123215285600466,4,19
2022-01-31,2022-02-01,2022-02-28,Dynamic covariance MVP (matched),0.0001696350006588034,filtered recent-weighted blocks with stress mixture,0.013906546344288381,0.02002411480231065,-0.001442248702488507,0.020015759415805266,0.03688996126657305,0.1,0.9999999999999998,12.835517848771957,4,21
2022-01-31,2022-02-01,2022-02-28,Empirical CVaR (matched),0.000815734444019272,paired empirical blocks,0.009787989260326271,0.013336716726876056,-0.001599705283080915,0.019571876259811022,0.03665175276200916,0.2,1.0,11.728237943426231,6,24
2022-01-31,2022-02-01,2022-02-28,Filtered-stressed CVaR (matched),0.00015534585982097525,filtered recent-weighted blocks with stress mixture,0.015094067088185566,0.018897296390491196,-0.0012854215567935227,0.018865913844372386,0.03475792451874016,0.15,1.0000000000000002,11.071649627986412,7,26
2022-01-31,2022-02-01,2022-02-28,Regularized filtered CVaR (matched),0.00016150610024078421,filtered recent-weighted blocks with stress mixture,0.015273460673061462,0.018648646826487127,-0.0013585291273266182,0.01950962554755167,0.034831916716140304,0.15,1.0,11.188191089840222,6,26
2022-02-28,2022-03-02,2022-03-31,Equal weight,-0.0007352934348809833,filtered recent-weighted blocks with stress mixture,0.03547872852636935,0.05427626783562879,0.0017116090765762124,0.013857701618804076,0.014999183717482167,0.0,1.0,39.000000000000014,0,0
2022-02-28,2022-03-02,2022-03-31,Original covariance MVP (matched),-0.0001597688372564781,filtered recent-weighted blocks with stress mixture,0.020774024004735547,0.028877158233287955,0.0016328653021984742,0.010553934342039589,0.010880643793876455,0.0,0.9999999999999999,10.93746347860418,8,24
2022-02-28,2022-03-02,2022-03-31,Dynamic covariance MVP (matched),-0.00012990927804786288,filtered recent-weighted blocks with stress mixture,0.0201965885223182,0.027808902623736306,0.0017909199822863937,0.011082235144436467,0.011700454867036317,0.0,1.0,10.524374019458838,9,28
2022-02-28,2022-03-02,2022-03-31,Empirical CVaR (matched),0.0017313516350300731,paired empirical blocks,0.013602325398193957,0.01889803711844498,0.0015931489253830046,0.010952351777780419,0.011590553967376342,0.0,1.0000000000000517,11.447951031291055,7,26
2022-02-28,2022-03-02,2022-03-31,Filtered-stressed CVaR (matched),-0.00013504991907212303,filtered recent-weighted blocks with stress mixture,0.02024326044800309,0.02801319065068683,0.0013339546015685635,0.012883309508263838,0.013218608957817329,0.0,1.0000000000000002,10.537873483639007,9,27
2022-02-28,2022-03-02,2022-03-31,Regularized filtered CVaR (matched),-0.00013467321353208568,filtered recent-weighted blocks with stress mixture,0.020273449843627424,0.02801924917938775,0.0013738732205554342,0.012703003957650597,0.013012464941671572,0.0,1.0,10.534131039814495,8,27
2022-03-31,2022-04-01,2022-04-29,Equal weight,-0.0002213194451115085,filtered recent-weighted blocks with stress mixture,0.023076914765724287,0.03771770884955463,-0.00026954339585203585,0.013343597385889049,0.016216664447443012,0.0,1.0,39.000000000000014,0,0
2022-03-31,2022-04-01,2022-04-29,Original covariance MVP (matched),3.7257176954184554e-05,filtered recent-weighted blocks with stress mixture,0.015464269928799691,0.021997010618457203,0.0005978860463398744,0.016180738628567372,0.01771625962297002,0.10526315789473684,0.9999999999999999,12.289711490337893,4,21
2022-03-31,2022-04-01,2022-04-29,Dynamic covariance MVP (matched),5.0381366619285316e-05,filtered recent-weighted blocks with stress mixture,0.015283533843549208,0.02185904159342641,0.00023350829747207874,0.015731777567272415,0.018095276307135637,0.10526315789473684,1.0,12.958532825370705,4,22
2022-03-31,2022-04-01,2022-04-29,Empirical CVaR (matched),0.0011274040729980232,paired empirical blocks,0.013686627757348243,0.017627075551027063,-0.00045342525091850616,0.017907774916632164,0.018145094141474655,0.15789473684210525,1.0000000000000002,10.933596384613372,8,26
2022-03-31,2022-04-01,2022-04-29,Filtered-stressed CVaR (matched),2.9910378461276732e-05,filtered recent-weighted blocks with stress mixture,0.0151892700257189,0.021078223239321667,0.0007388113037392058,0.016522539241248604,0.017628990952014742,0.15789473684210525,1.0000000000000002,10.715459554125003,7,27
2022-03-31,2022-04-01,2022-04-29,Regularized filtered CVaR (matched),4.2739142805829043e-05,filtered recent-weighted blocks with stress mixture,0.01511253730382097,0.02102749037266231,0.0002681307899171043,0.01722978904119126,0.01731475830527062,0.10526315789473684,1.0000000000000002,11.349687618592492,7,25
2022-04-29,2022-05-02,2022-05-31,Equal weight,-0.0012043133612715164,filtered recent-weighted blocks with stress mixture,0.020316346199326978,0.030665998021559338,-0.0017801207514028376,0.023148026679571707,0.024386559346041857,0.14285714285714285,1.0,39.000000000000014,0,0
2022-04-29,2022-05-02,2022-05-31,Original covariance MVP (matched),-0.0005646450831643343,filtered recent-weighted blocks with stress mixture,0.016095865312610536,0.022449141187254093,-0.00019973556788871146,0.015588075307910506,0.018260399232739203,0.047619047619047616,1.0,13.264132319849468,3,21
2022-04-29,2022-05-02,2022-05-31,Dynamic covariance MVP (matched),-0.0005945579639933997,filtered recent-weighted blocks with stress mixture,0.015691543825540458,0.02237374919843018,-0.0002400498242046785,0.016152203417088014,0.01919910539432694,0.09523809523809523,1.0,13.207666856795262,4,21
2022-04-29,2022-05-02,2022-05-31,Empirical CVaR (matched),0.0013640712623206556,paired empirical blocks,0.016718446069335036,0.021969455169224047,-0.000403152477043926,0.012674729935913159,0.015192891308535537,0.047619047619047616,0.9999999999999978,10.66824332145602,9,26
2022-04-29,2022-05-02,2022-05-31,Filtered-stressed CVaR (matched),-0.000540643919458425,filtered recent-weighted blocks with stress mixture,0.01573607739783706,0.02068813220012463,-0.001033393804722958,0.02101793124751953,0.021237338320880657,0.09523809523809523,1.0,11.589233460482408,6,25
2022-04-29,2022-05-02,2022-05-31,Regularized filtered CVaR (matched),-0.0005382514659267104,filtered recent-weighted blocks with stress mixture,0.015411716531601328,0.02047687488014938,-0.000980569877342055,0.018678022909298014,0.020042914401335325,0.09523809523809523,1.0,12.122730327161717,6,23
2022-05-31,2022-06-01,2022-06-30,Equal weight,-0.0010457142707739132,filtered recent-weighted blocks with stress mixture,0.022717752678056355,0.03467957571126803,-0.0023947504400174996,0.025125184945374492,0.02591164773730684,0.09090909090909091,1.0,39.000000000000014,0,0
2022-05-31,2022-06-01,2022-06-30,Original covariance MVP (matched),-0.00027728457153175664,filtered recent-weighted blocks with stress mixture,0.016167819079415852,0.02465346516549248,-0.0016301397315750374,0.01786908200880857,0.01964791974540807,0.09090909090909091,1.0000000000000002,11.937396145019639,5,23
2022-05-31,2022-06-01,2022-06-30,Dynamic covariance MVP (matched),-0.00018714002156134397,filtered recent-weighted blocks with stress mixture,0.016527378708878018,0.02415865157003468,-0.0015701644196197803,0.01592240810969298,0.017533108691879393,0.045454545454545456,1.0,12.752565048098122,5,22
2022-05-31,2022-06-01,2022-06-30,Empirical CVaR (matched),0.000706321525822045,paired empirical blocks,0.015077269985796095,0.020079709053459315,-0.0017085235155541703,0.01874909335140499,0.019396872064173804,0.09090909090909091,1.0000000000000002,10.809339089080687,6,27
2022-05-31,2022-06-01,2022-06-30,Filtered-stressed CVaR (matched),-0.00010797650698799369,filtered recent-weighted blocks with stress mixture,0.016132708267981515,0.023589790117148422,-0.0017560903863791894,0.016638837533000536,0.01797478345471401,0.09090909090909091,1.0000000000000608,11.788577333432103,6,25
2022-05-31,2022-06-01,2022-06-30,Regularized filtered CVaR (matched),-0.00010300228670410963,filtered recent-weighted blocks with stress mixture,0.015799175317643514,0.023488868868301455,-0.0016786507795555343,0.01731136976462437,0.018819894795415324,0.09090909090909091,1.0,11.359252527879082,7,24
2022-06-30,2022-07-01,2022-07-29,Equal weight,-0.0010154147018021763,filtered recent-weighted blocks with stress mixture,0.027410591320175225,0.03487996854768032,0.005050721586535233,0.0072446385907663224,0.008275128014048432,0.0,1.0,39.000000000000014,0,0
2022-06-30,2022-07-01,2022-07-29,Original covariance MVP (matched),-0.0003014664393359376,filtered recent-weighted blocks with stress mixture,0.015808826149649065,0.022231224128861315,0.003895591405957458,0.008089585433793085,0.008175521981582941,0.0,1.0,12.017873016877155,6,21
2022-06-30,2022-07-01,2022-07-29,Dynamic covariance MVP (matched),-0.00021616356550553206,filtered recent-weighted blocks with stress mixture,0.014504357294341897,0.021736685759437414,0.00416647150820857,0.008481312111762302,0.008567064241476423,0.0,1.0,11.93521857759547,6,22
2022-06-30,2022-07-01,2022-07-29,Empirical CVaR (matched),0.0009968102681543031,paired empirical blocks,0.01358149552545888,0.016342389647978354,0.003943280222125772,0.007213908289635914,0.007586221835807042,0.0,0.9999999999999988,11.583492036543632,6,24
2022-06-30,2022-07-01,2022-07-29,Filtered-stressed CVaR (matched),-9.67568039213712e-05,filtered recent-weighted blocks with stress mixture,0.013881173846215223,0.018568625335384625,0.004759105885466021,0.008543357564953096,0.009581926959878473,0.0,1.0000000000000002,10.851412646427008,9,24
2022-06-30,2022-07-01,2022-07-29,Regularized filtered CVaR (matched),-4.642675775655385e-05,filtered recent-weighted blocks with stress mixture,0.013803913527873114,0.018566737625277642,0.004790126577946572,0.008574158555447397,0.009755342311748745,0.0,1.0000000000000002,10.900638777929661,7,24
2022-07-29,2022-08-01,2022-08-30,Equal weight,-0.00019371118065893828,filtered recent-weighted blocks with stress mixture,0.018130266419816486,0.0261572936899572,0.002464666915957373,0.011335621482988015,0.01633549172621184,0.0,1.0,39.000000000000014,0,0
2022-07-29,2022-08-01,2022-08-30,Original covariance MVP (matched),0.00026654194902219554,filtered recent-weighted blocks with stress mixture,0.011494528028871458,0.015525369829960957,0.0024606797206204465,0.009013306228745003,0.009852584707969746,0.0,0.9999999999999998,12.790910176603754,6,21
2022-07-29,2022-08-01,2022-08-30,Dynamic covariance MVP (matched),0.00019819755172291358,filtered recent-weighted blocks with stress mixture,0.011478926473144791,0.015583081498047031,0.002460075239300864,0.009506412417840155,0.01013500283994992,0.0,1.0,13.687517079572942,5,17
2022-07-29,2022-08-01,2022-08-30,Empirical CVaR (matched),0.0010777918606860897,paired empirical blocks,0.01074527976695772,0.014995556361997684,0.0026063730620742636,0.009280000172204574,0.011052928787810614,0.05,1.000000000000004,11.039369870671003,8,25
2022-07-29,2022-08-01,2022-08-30,Filtered-stressed CVaR (matched),0.0002848622929443814,filtered recent-weighted blocks with stress mixture,0.010997640621083393,0.01489593623517202,0.0024347500096551663,0.008394446120382386,0.011536626539716486,0.05,1.0,11.906990979995843,6,24
2022-07-29,2022-08-01,2022-08-30,Regularized filtered CVaR (matched),0.00031559850335319246,filtered recent-weighted blocks with stress mixture,0.011147856501736943,0.015108739335800023,0.0023357209796069332,0.008428872539637167,0.011646277684689899,0.05,1.0,11.979961688565568,6,25
2022-08-30,2022-09-01,2022-09-30,Equal weight,-0.0007292521108139623,filtered recent-weighted blocks with stress mixture,0.017387388062083817,0.025656778796154918,-0.0011020618352576201,0.018313568346772228,0.01973300355036805,0.09090909090909091,1.0,39.000000000000014,0,0
2022-08-30,2022-09-01,2022-09-30,Original covariance MVP (matched),-0.0005401600552069902,filtered recent-weighted blocks with stress mixture,0.011785961180797326,0.016479878485684264,-0.0010121160610547595,0.01769405513681139,0.017731846628456407,0.13636363636363635,1.0,12.703248119579031,4,21
2022-08-30,2022-09-01,2022-09-30,Dynamic covariance MVP (matched),-0.0005355398992595336,filtered recent-weighted blocks with stress mixture,0.011471289376923953,0.016113558582326458,-0.0010280923787597224,0.017859493143726264,0.01885360182532844,0.13636363636363635,0.9999999999999999,12.740502754163426,3,20
2022-08-30,2022-09-01,2022-09-30,Empirical CVaR (matched),0.00048437170238160957,paired empirical blocks,0.010253904204267406,0.013685649668741156,-0.0013858450684771167,0.018991265560920616,0.019187571871067198,0.18181818181818182,1.0000000000000002,10.981531593993434,7,26
2022-08-30,2022-09-01,2022-09-30,Filtered-stressed CVaR (matched),-0.0002509665414000758,filtered recent-weighted blocks with stress mixture,0.010687059279219974,0.014995702958273974,-0.0010841008358454774,0.017691787413761786,0.01841708414988668,0.18181818181818182,1.0,10.821476058660975,7,26
2022-08-30,2022-09-01,2022-09-30,Regularized filtered CVaR (matched),-0.00024899263600918403,filtered recent-weighted blocks with stress mixture,0.010805953119039194,0.015032940110438542,-0.0008405170244050252,0.01748318197850414,0.017928717479083103,0.18181818181818182,1.0,11.037140076492596,8,24
2022-09-30,2022-10-03,2022-10-31,Equal weight,-0.0007795055678549375,filtered recent-weighted blocks with stress mixture,0.020470066194243526,0.02706676505421016,0.002834880167481326,0.01097535815748434,0.015968586397417196,0.0,1.0,39.000000000000014,0,0
2022-09-30,2022-10-03,2022-10-31,Original covariance MVP (matched),-0.0005528995089184482,filtered recent-weighted blocks with stress mixture,0.013751894163078118,0.018596611900494296,0.002460330806836126,0.006824103452656301,0.016856205133538638,0.05263157894736842,1.0,13.794260229859995,3,20
2022-09-30,2022-10-03,2022-10-31,Dynamic covariance MVP (matched),-0.0006474293830181579,filtered recent-weighted blocks with stress mixture,0.01301202283578914,0.018001829142559597,0.0022822726403446737,0.006348164925194447,0.016901572711820467,0.05263157894736842,1.0,12.765951703555025,3,20
2022-09-30,2022-10-03,2022-10-31,Empirical CVaR (matched),0.0010796906594759744,paired empirical blocks,0.009928591098981851,0.013264373726746548,0.002766716845357031,0.007355833186612632,0.017465905918295044,0.05263157894736842,0.9999999999999879,11.886852953761482,4,24
2022-09-30,2022-10-03,2022-10-31,Filtered-stressed CVaR (matched),-0.0006369381599726008,filtered recent-weighted blocks with stress mixture,0.01422828416592976,0.01724580049115551,0.0024636504505707963,0.006437126816313498,0.015616876811871183,0.05263157894736842,1.0,12.153093951047651,6,23
2022-09-30,2022-10-03,2022-10-31,Regularized filtered CVaR (matched),-0.0006142499194142895,filtered recent-weighted blocks with stress mixture,0.014035383799909144,0.01684412050367123,0.0024555925998320004,0.005642760588980196,0.015761700258253453,0.05263157894736842,1.0,12.47897907916422,5,24
2022-10-31,2022-11-01,2022-11-30,Equal weight,4.960618849300863e-05,filtered recent-weighted blocks with stress mixture,0.017248249151031805,0.024045189926863438,0.0011137709116023655,0.006705192099993573,0.008010722932150327,0.0,1.0,39.000000000000014,0,0
2022-10-31,2022-11-01,2022-11-30,Original covariance MVP (matched),0.0002311132727356953,filtered recent-weighted blocks with stress mixture,0.0124447320890156,0.016302902237543847,0.0009234389194318368,0.0064695590075601744,0.006570277943489815,0.0,1.0,15.306877232828022,2,16
2022-10-31,2022-11-01,2022-11-30,Dynamic covariance MVP (matched),0.0002447332420575326,filtered recent-weighted blocks with stress mixture,0.012630601389429803,0.016017416077175262,0.0011694437976364112,0.006125500850764198,0.006161541142801498,0.0,1.0,15.81662005831534,2,16
2022-10-31,2022-11-01,2022-11-30,Empirical CVaR (matched),0.0003659263812038136,paired empirical blocks,0.012635107879876685,0.013908466892964275,0.0010908425500805981,0.006377280910487651,0.006584071394546052,0.0,1.0000000000000004,12.591612585202283,5,23
2022-10-31,2022-11-01,2022-11-30,Filtered-stressed CVaR (matched),0.00035228664016085114,filtered recent-weighted blocks with stress mixture,0.012106525218397187,0.01455095416523848,0.0010701747170386452,0.005726665947636187,0.006757513059735858,0.0,1.0,11.626099222779182,6,24
2022-10-31,2022-11-01,2022-11-30,Regularized filtered CVaR (matched),0.0003580707774474462,filtered recent-weighted blocks with stress mixture,0.012222372570431066,0.014436621450871203,0.0009192445753674468,0.005234470737698938,0.007140073659711753,0.0,0.9999999999999999,12.36019271344103,4,23
2022-11-30,2022-12-01,2022-12-30,Equal weight,-2.921193730038709e-05,filtered recent-weighted blocks with stress mixture,0.012006978276460164,0.016209766406579163,-0.00132860199178611,0.012521497713879401,0.015962563338431067,0.09090909090909091,1.0,39.000000000000014,0,0
2022-11-30,2022-12-01,2022-12-30,Original covariance MVP (matched),5.219634793787675e-05,filtered recent-weighted blocks with stress mixture,0.00953957551276061,0.013088308688122052,-0.0015428789641771772,0.0124894029930993,0.012975525072794088,0.09090909090909091,1.0,14.355300515106427,2,18
2022-11-30,2022-12-01,2022-12-30,Dynamic covariance MVP (matched),3.098771253337856e-05,filtered recent-weighted blocks with stress mixture,0.009282552493760452,0.012759699780595142,-0.0014757506182577027,0.012297583158036474,0.013755198274312689,0.13636363636363635,1.0000000000000002,17.322943731576604,0,10
2022-11-30,2022-12-01,2022-12-30,Empirical CVaR (matched),0.0008612197180035789,paired empirical blocks,0.01029883470382829,0.011840170733996824,-0.0016793600501859953,0.011064994972341891,0.012759546071507272,0.09090909090909091,1.0,12.93503541962747,4,23
2022-11-30,2022-12-01,2022-12-30,Filtered-stressed CVaR (matched),5.170871118185096e-05,filtered recent-weighted blocks with stress mixture,0.009097370901500168,0.011494924410150608,-0.0016018312241025138,0.010514339502121958,0.012407096028278617,0.13636363636363635,1.0000000000000002,13.537425160558861,4,18
2022-11-30,2022-12-01,2022-12-30,Regularized filtered CVaR (matched),4.6152247345271104e-05,filtered recent-weighted blocks with stress mixture,0.009125613016468049,0.011480971933245066,-0.0017590243906870024,0.011124405828248864,0.012401255443727105,0.13636363636363635,0.9999999999999999,13.274210775580652,4,18
2022-12-30,2023-01-02,2023-01-31,Equal weight,-0.00038858495175097955,filtered recent-weighted blocks with stress mixture,0.014679682813646455,0.02088505406719036,-0.0009820815452276027,0.011151762211892537,0.011516114221856744,0.0,1.0,39.000000000000014,0,0
2022-12-30,2023-01-02,2023-01-31,Original covariance MVP (matched),-0.00023125407927669848,filtered recent-weighted blocks with stress mixture,0.008885802607444964,0.013036447500682303,-0.0013466283007224351,0.009512124292430642,0.009547951097564712,0.09523809523809523,1.0,16.27323841421388,1,13
2022-12-30,2023-01-02,2023-01-31,Dynamic covariance MVP (matched),-0.00022788843871484436,filtered recent-weighted blocks with stress mixture,0.00931755451262024,0.012873011770587969,-0.0012403110861964888,0.009258776726036538,0.009736020840763516,0.047619047619047616,1.0,16.481831346119804,1,14
2022-12-30,2023-01-02,2023-01-31,Empirical CVaR (matched),0.0008726642934938415,paired empirical blocks,0.008078002826567083,0.009910280786188944,-0.0011574470870034553,0.009016260111354944,0.00984336788409373,0.14285714285714285,0.9999999999999999,13.428071971189151,5,19
2022-12-30,2023-01-02,2023-01-31,Filtered-stressed CVaR (matched),-0.00018560044534037334,filtered recent-weighted blocks with stress mixture,0.008994477972666365,0.011524972038070576,-0.0011624089093069626,0.00945296120609291,0.010098439400384228,0.19047619047619047,0.9999999999999999,11.895887254748981,6,24
2022-12-30,2023-01-02,2023-01-31,Regularized filtered CVaR (matched),-0.00016652434487158076,filtered recent-weighted blocks with stress mixture,0.0089631818052532,0.011498994917784462,-0.001007053658603324,0.008585552696874412,0.009466649509895987,0.047619047619047616,0.9999999999999999,12.740373815871443,5,23
2023-01-31,2023-02-01,2023-02-28,Equal weight,-0.0004277050206126086,filtered recent-weighted blocks with stress mixture,0.012190230594518604,0.0159659560156829,-0.0007418947629439371,0.006858815270955613,0.013920256308310489,0.05,1.0,39.000000000000014,0,0
2023-01-31,2023-02-01,2023-02-28,Original covariance MVP (matched),-0.00010441863415762641,filtered recent-weighted blocks with stress mixture,0.008287343332705983,0.009393209867698569,-0.000228949637198907,0.007224371133523729,0.008501633209223407,0.05,1.0,15.56941963970787,1,16
2023-01-31,2023-02-01,2023-02-28,Dynamic covariance MVP (matched),-1.8317028710416295e-05,filtered recent-weighted blocks with stress mixture,0.0079087642124889,0.009074678744165406,-0.0003219023503409549,0.007065955723704962,0.008720538784510845,0.05,1.0,17.057400262810763,2,13
2023-01-31,2023-02-01,2023-02-28,Empirical CVaR (matched),0.0004946143610489179,paired empirical blocks,0.007066988383573609,0.00843238561635892,-9.941212359607185e-07,0.007163179912353501,0.010366251308702114,0.05,1.0000000000000007,13.29824845757062,5,19
2023-01-31,2023-02-01,2023-02-28,Filtered-stressed CVaR (matched),2.3023874013250333e-05,filtered recent-weighted blocks with stress mixture,0.006786180661132558,0.00805330395819176,-0.0003804165463170305,0.007161681326102051,0.008953630616055863,0.1,0.9999999999999997,13.494531399710269,3,21
2023-01-31,2023-02-01,2023-02-28,Regularized filtered CVaR (matched),3.545086116633776e-05,filtered recent-weighted blocks with stress mixture,0.007024597989965029,0.008195494369879687,-0.000791497682874185,0.008600354337086377,0.008866170429740642,0.2,1.0,14.31304792677801,2,20
2023-02-28,2023-03-01,2023-03-31,Equal weight,-7.845371083582786e-05,filtered recent-weighted blocks with stress mixture,0.012934929696425991,0.015777977820611393,0.00032075805535610455,0.008879656673533774,0.010209885973506064,0.0,1.0,39.000000000000014,0,0
2023-02-28,2023-03-01,2023-03-31,Original covariance MVP (matched),4.0626175216653476e-05,filtered recent-weighted blocks with stress mixture,0.008678886763293604,0.010398778341729498,0.0011745823065887149,0.005135987076715957,0.007715588377320646,0.047619047619047616,0.9999999999999999,16.603182964484954,0,18
2023-02-28,2023-03-01,2023-03-31,Dynamic covariance MVP (matched),5.5470854009023264e-05,filtered recent-weighted blocks with stress mixture,0.009141410135777727,0.010458434173313763,0.0011369297811186102,0.005385042415031493,0.007987050873035938,0.047619047619047616,0.9999999999999999,17.50133604622829,0,18
2023-02-28,2023-03-01,2023-03-31,Empirical CVaR (matched),0.00038044884533139383,paired empirical blocks,0.007754389099918665,0.009471233428127786,0.0009652973688853815,0.005765655817913767,0.0075171126938828325,0.047619047619047616,0.9999999999999997,12.53119183894324,6,23
2023-02-28,2023-03-01,2023-03-31,Filtered-stressed CVaR (matched),0.00015925520809170098,filtered recent-weighted blocks with stress mixture,0.0073296859674039615,0.009408012346442356,0.0010381819571229634,0.007274902234973294,0.00819401178943777,0.047619047619047616,1.0000000000000984,12.302136491803942,5,25
2023-02-28,2023-03-01,2023-03-31,Regularized filtered CVaR (matched),0.00012093817844233659,filtered recent-weighted blocks with stress mixture,0.0076254226355797145,0.009343622762177645,0.0010447995258467454,0.007138112936069492,0.008275313444868228,0.047619047619047616,0.9999999999999999,13.285099769912856,3,20
2023-03-31,2023-04-03,2023-04-28,Equal weight,-0.00032331284426782294,filtered recent-weighted blocks with stress mixture,0.012918615847071128,0.01629719309725631,0.002721720649286527,0.002077388995355657,0.003893171481328986,0.0,1.0,39.000000000000014,0,0
2023-03-31,2023-04-03,2023-04-28,Original covariance MVP (matched),-0.0002579770837311354,filtered recent-weighted blocks with stress mixture,0.00829754603891008,0.010592482553393357,0.0023470465116698326,0.0034937785574711143,0.004181382948979391,0.0,1.0,15.590877298580452,0,17
2023-03-31,2023-04-03,2023-04-28,Dynamic covariance MVP (matched),-0.00028057589078900845,filtered recent-weighted blocks with stress mixture,0.008329802242171318,0.010493896095855191,0.002291650222566718,0.0037758537170846005,0.004499098907776025,0.0,1.0,14.301213160288889,0,19
2023-03-31,2023-04-03,2023-04-28,Empirical CVaR (matched),0.00043788381451674536,paired empirical blocks,0.006422373705483256,0.008727068717822955,0.002464089555008835,0.002122922427395261,0.005176817410266868,0.0,0.9999999999999998,12.358625803109625,5,20
2023-03-31,2023-04-03,2023-04-28,Filtered-stressed CVaR (matched),-0.0003210020930953861,filtered recent-weighted blocks with stress mixture,0.0073454982365005125,0.009770160929089527,0.00247650687033835,0.002420028228500631,0.0041825743132854875,0.0,1.0000000000000002,13.151225029908963,4,21
2023-03-31,2023-04-03,2023-04-28,Regularized filtered CVaR (matched),-0.0002695750839873436,filtered recent-weighted blocks with stress mixture,0.007731266216175134,0.009841885588284775,0.0029221646721857,0.0017697918992425786,0.0033805532505473963,0.0,0.9999999999999998,13.52996394826391,3,21
2023-04-28,2023-05-02,2023-05-31,Equal weight,-2.9807609458479856e-05,filtered recent-weighted blocks with stress mixture,0.00946418390428308,0.01181043143218441,0.0015057197514538245,0.005518670213932336,0.005710906655275671,0.0,1.0,39.000000000000014,0,0
2023-04-28,2023-05-02,2023-05-31,Original covariance MVP (matched),-4.5180722149837045e-05,filtered recent-weighted blocks with stress mixture,0.006662195548634561,0.007783642743254205,0.001869698039035348,0.004709187532671169,0.0056138928560127005,0.0,1.0,15.762965993301025,2,15
2023-04-28,2023-05-02,2023-05-31,Dynamic covariance MVP (matched),-2.11973931340686e-05,filtered recent-weighted blocks with stress mixture,0.00640479226637506,0.007739282261152262,0.001962787923890352,0.005035035976498844,0.005543242309165972,0.0,0.9999999999999998,17.129007218170933,2,10
2023-04-28,2023-05-02,2023-05-31,Empirical CVaR (matched),0.0008333139236822953,paired empirical blocks,0.006336275052896625,0.007427574911576099,0.0022301156987265722,0.0037016924523771344,0.004082216338909385,0.0,1.0,14.936855524707669,2,19
2023-04-28,2023-05-02,2023-05-31,Filtered-stressed CVaR (matched),8.873512310310357e-05,filtered recent-weighted blocks with stress mixture,0.006335540298852505,0.007325839101814681,0.0015797815164163348,0.005105217746341198,0.006308142957355295,0.045454545454545456,1.0,14.063778607113038,2,18
2023-04-28,2023-05-02,2023-05-31,Regularized filtered CVaR (matched),6.155703989916475e-05,filtered recent-weighted blocks with stress mixture,0.006458122212172587,0.007281079424124251,0.0016330629711995344,0.0054849195073122525,0.0062440859207852015,0.045454545454545456,0.9999999999999998,15.05955363134666,1,17
2023-05-31,2023-06-01,2023-06-30,Equal weight,-2.1501022437057135e-05,filtered recent-weighted blocks with stress mixture,0.008481940771160617,0.011819818990510378,0.002109556120881945,0.006071397560108933,0.006281405269602577,0.0,1.0,39.000000000000014,0,0
2023-05-31,2023-06-01,2023-06-30,Original covariance MVP (matched),2.25535444347048e-05,filtered recent-weighted blocks with stress mixture,0.006012659123063262,0.008305627355815168,0.0024192045737803335,0.006257625377803567,0.007020772261487101,0.09523809523809523,1.0,17.79743206383528,0,13
2023-05-31,2023-06-01,2023-06-30,Dynamic covariance MVP (matched),9.188464982315456e-06,filtered recent-weighted blocks with stress mixture,0.005815551430874684,0.008937489798223942,0.0022013160687471543,0.006494335627926796,0.0071627513051880365,0.09523809523809523,1.0000000000000002,22.531153060586057,0,7
2023-05-31,2023-06-01,2023-06-30,Empirical CVaR (matched),0.00020685991038242582,paired empirical blocks,0.006318152089607084,0.00782795551418258,0.002772122171238983,0.006217306960024958,0.006502767716198116,0.047619047619047616,1.0,13.553079298098682,2,22
2023-05-31,2023-06-01,2023-06-30,Filtered-stressed CVaR (matched),0.00019536606009504343,filtered recent-weighted blocks with stress mixture,0.006147860807094679,0.0067522668162338095,0.002701646667102678,0.0051202533568613946,0.005329516246062484,0.0,0.9999999999999992,13.625490245515469,3,21
2023-05-31,2023-06-01,2023-06-30,Regularized filtered CVaR (matched),0.00017077168181886055,filtered recent-weighted blocks with stress mixture,0.006094074543964542,0.006849460800511386,0.0030096070024576323,0.0049275938357141525,0.005308560450487301,0.0,1.0,15.981391724044826,3,17
2023-06-30,2023-07-03,2023-07-31,Equal weight,0.00021497987112124875,filtered recent-weighted blocks with stress mixture,0.008549235282455893,0.012296192805177332,0.0017986041485750434,0.007737759918114193,0.008718892091605276,0.047619047619047616,1.0,39.000000000000014,0,0
2023-06-30,2023-07-03,2023-07-31,Original covariance MVP (matched),0.0002126057327716474,filtered recent-weighted blocks with stress mixture,0.007099696414409767,0.009203734423921828,0.0016768722374655072,0.0034705985599557147,0.006440492188966593,0.047619047619047616,1.0000000000000002,18.787629548201156,2,10
2023-06-30,2023-07-03,2023-07-31,Dynamic covariance MVP (matched),0.0002109684674840444,filtered recent-weighted blocks with stress mixture,0.007120815538492443,0.00947950416318962,0.0016823541434832004,0.0033661918526768477,0.006404325131144651,0.047619047619047616,1.0,18.962390354319876,2,10
2023-06-30,2023-07-03,2023-07-31,Empirical CVaR (matched),0.0005391293324451602,paired empirical blocks,0.0061821147711925385,0.007429182770438093,0.001189849723862912,0.004249225709168144,0.006545249877076054,0.047619047619047616,1.0,12.320209411081343,5,23
2023-06-30,2023-07-03,2023-07-31,Filtered-stressed CVaR (matched),0.00026313456267470446,filtered recent-weighted blocks with stress mixture,0.0067397666004462755,0.008545704462430288,0.0019764298530246752,0.002737682381309894,0.005709568775927107,0.047619047619047616,1.0000000000000002,12.792701435316564,5,20
2023-06-30,2023-07-03,2023-07-31,Regularized filtered CVaR (matched),0.00028688278797029754,filtered recent-weighted blocks with stress mixture,0.006642234741093356,0.00834554928094398,0.001825607763606131,0.0027720450365201887,0.0059323416571923715,0.047619047619047616,1.0,14.98769723870648,3,15
2023-07-31,2023-08-01,2023-08-31,Equal weight,0.000269095919629358,filtered recent-weighted blocks with stress mixture,0.009962563127284064,0.013092572430865432,-0.0003924547208174568,0.00652089229937099,0.008826324341465238,0.045454545454545456,1.0,39.000000000000014,0,0
2023-07-31,2023-08-01,2023-08-31,Original covariance MVP (matched),0.00031493517651575776,filtered recent-weighted blocks with stress mixture,0.006457292791644814,0.00851261342051703,-0.0008367545413654188,0.009966646416596352,0.010800259243207138,0.09090909090909091,1.0,18.095219611824923,0,13
2023-07-31,2023-08-01,2023-08-31,Dynamic covariance MVP (matched),0.0003868628180452684,filtered recent-weighted blocks with stress mixture,0.006686838286651735,0.008382040600950071,-0.0007786157891339293,0.009783174709172577,0.010623663275982726,0.09090909090909091,1.0,18.140909239216167,0,13
2023-07-31,2023-08-01,2023-08-31,Empirical CVaR (matched),0.0005502060431788884,paired empirical blocks,0.005100086741902111,0.006045925366310002,-0.000877141463310924,0.010713533467722258,0.011856729918570678,0.13636363636363635,0.9999999999999999,12.838118229231359,3,22
2023-07-31,2023-08-01,2023-08-31,Filtered-stressed CVaR (matched),0.0005274810001518871,filtered recent-weighted blocks with stress mixture,0.00503738816901638,0.006564779841297271,-0.0006344587593293045,0.01094695546886809,0.011987216992927534,0.13636363636363635,1.0000000000000002,12.027663760904854,6,22
2023-07-31,2023-08-01,2023-08-31,Regularized filtered CVaR (matched),0.0004874995459344917,filtered recent-weighted blocks with stress mixture,0.005272407168269366,0.006673099559877937,-0.0005105112096300962,0.010435483449133826,0.011170802337299508,0.09090909090909091,1.0,11.915213583611022,4,23
2023-08-31,2023-09-01,2023-09-29,Equal weight,0.0003290552847353152,filtered recent-weighted blocks with stress mixture,0.008494949490198285,0.012617877732099294,0.0020222243501901395,0.007485630938245163,0.011717239531181603,0.05,1.0,39.000000000000014,0,0
2023-08-31,2023-09-01,2023-09-29,Original covariance MVP (matched),0.0002997847498122642,filtered recent-weighted blocks with stress mixture,0.006846319506643455,0.009115728218011047,0.0015992406371639141,0.007981513258858196,0.011148244257479817,0.15,1.0000000000000002,19.16087678475968,0,11
2023-08-31,2023-09-01,2023-09-29,Dynamic covariance MVP (matched),0.0002990745532643758,filtered recent-weighted blocks with stress mixture,0.0067353274503352935,0.009073800872553637,0.0015102973436686225,0.00791086498079193,0.011802786770305232,0.15,1.0,20.470962283754012,0,10
2023-08-31,2023-09-01,2023-09-29,Empirical CVaR (matched),0.0005474767433171744,paired empirical blocks,0.005808855235854867,0.007174501963697745,0.0013464910405636913,0.009174297728460285,0.010488804702818271,0.1,1.000000000000002,13.550535626628275,4,21
2023-08-31,2023-09-01,2023-09-29,Filtered-stressed CVaR (matched),0.0002642281819460829,filtered recent-weighted blocks with stress mixture,0.005632988356559716,0.007721407379745759,0.0009526556625040617,0.01046879730849517,0.010983505761425405,0.15,1.0,13.612047516999072,4,21
2023-08-31,2023-09-01,2023-09-29,Regularized filtered CVaR (matched),0.0002858646324760782,filtered recent-weighted blocks with stress mixture,0.005640866800459847,0.007320509400394382,0.0009294427182620598,0.010041837277199936,0.011689374750411747,0.15,0.9999999999999999,12.956469630873231,2,21
2023-09-29,2023-10-03,2023-10-31,Equal weight,0.00045418743990120996,filtered recent-weighted blocks with stress mixture,0.010676743713264523,0.014765595042177464,-0.0011778226331764137,0.013823333690741393,0.014821089724718094,0.1,1.0,39.000000000000014,0,0
2023-09-29,2023-10-03,2023-10-31,Original covariance MVP (matched),0.000265511814504222,filtered recent-weighted blocks with stress mixture,0.006847580953170003,0.009118807638261218,-0.0007152295564428617,0.011417255704390903,0.01726652130046303,0.2,1.0000000000000002,18.298753808961855,0,14
2023-09-29,2023-10-03,2023-10-31,Dynamic covariance MVP (matched),0.0002792662862001706,filtered recent-weighted blocks with stress mixture,0.006778252768184571,0.008813897429926165,-0.0006699540153437338,0.011213668807123475,0.01768665893376528,0.15,1.0,17.092652927820534,1,14
2023-09-29,2023-10-03,2023-10-31,Empirical CVaR (matched),0.0006847485058466486,paired empirical blocks,0.005088291503785309,0.006020569572272658,-0.0012875291494413841,0.01237367742702867,0.0168187598043309,0.25,0.9999999999999998,14.729971451500159,2,18
2023-09-29,2023-10-03,2023-10-31,Filtered-stressed CVaR (matched),0.00031822382437434176,filtered recent-weighted blocks with stress mixture,0.0063597627107922685,0.007673769565695859,-0.0007890475816561753,0.011793687457547478,0.017675721078120425,0.15,1.0000000000000027,11.578840567339803,4,24
2023-09-29,2023-10-03,2023-10-31,Regularized filtered CVaR (matched),0.00029852769368484376,filtered recent-weighted blocks with stress mixture,0.006425485895288682,0.007762117043390743,-0.0009366518486514047,0.012666472014261368,0.017545948755031078,0.15,0.9999999999999998,12.715846733974942,4,21
2023-10-31,2023-11-01,2023-11-30,Equal weight,6.125092068343239e-05,filtered recent-weighted blocks with stress mixture,0.014536985246571495,0.017013498797534544,0.0033869859959044534,0.0026873551280293304,0.005689605527879555,0.0,1.0,39.000000000000014,0,0
2023-10-31,2023-11-01,2023-11-30,Original covariance MVP (matched),3.289826865285143e-05,filtered recent-weighted blocks with stress mixture,0.009320625322510287,0.01243670691190168,0.002564756797305315,0.00332347480746713,0.006018615889923419,0.0,0.9999999999999999,16.576150635822383,1,16
2023-10-31,2023-11-01,2023-11-30,Dynamic covariance MVP (matched),5.777241040862321e-05,filtered recent-weighted blocks with stress mixture,0.008751096203180308,0.012023631691585362,0.0026460641729142234,0.003192485135669798,0.0057777314940567785,0.0,1.0,15.275102513610038,1,18
2023-10-31,2023-11-01,2023-11-30,Empirical CVaR (matched),0.0007937324921994162,paired empirical blocks,0.007563560351690058,0.009072004050936285,0.0030923376066738584,0.002313110184226203,0.0040015142697084356,0.0,0.9999999999999997,13.444000243348649,5,21
2023-10-31,2023-11-01,2023-11-30,Filtered-stressed CVaR (matched),0.00014349382131112687,filtered recent-weighted blocks with stress mixture,0.00883133640516982,0.010880212966065459,0.002815736253247352,0.0022677064246360034,0.003948118931616366,0.0,1.0,11.55860372634623,7,23
2023-10-31,2023-11-01,2023-11-30,Regularized filtered CVaR (matched),9.15897888891254e-05,filtered recent-weighted blocks with stress mixture,0.008600961491411489,0.01098165476340607,0.0028202274058042993,0.0033213303237292903,0.00390806423827058,0.0,0.9999999999999999,12.895147712481164,2,24
2023-11-30,2023-12-01,2023-12-29,Equal weight,-4.9912280502797685e-05,filtered recent-weighted blocks with stress mixture,0.011314404199569758,0.013788506305097134,0.0041565081524857555,0.0038504078327672234,0.019003556070234136,0.05,1.0,39.000000000000014,0,0
2023-11-30,2023-12-01,2023-12-29,Original covariance MVP (matched),-0.00018093162883099943,filtered recent-weighted blocks with stress mixture,0.008320954607395344,0.010809411504108347,0.0032609222573533317,0.0035657575466772704,0.013250167688014531,0.05,0.9999999999999998,14.620165274960021,2,19
2023-11-30,2023-12-01,2023-12-29,Dynamic covariance MVP (matched),-0.00017044605168836085,filtered recent-weighted blocks with stress mixture,0.008394769070665001,0.010612627813079513,0.0033485010153898264,0.0043475573970158145,0.014483951830273196,0.05,1.0,15.48792387194664,2,18
2023-11-30,2023-12-01,2023-12-29,Empirical CVaR (matched),0.0008222213436234982,paired empirical blocks,0.007158272360064247,0.009064943686096744,0.0034943139066683907,0.003930214229333578,0.014834926174249224,0.05,0.999999999977983,13.762008562900363,4,19
2023-11-30,2023-12-01,2023-12-29,Filtered-stressed CVaR (matched),-0.0001852230487829252,filtered recent-weighted blocks with stress mixture,0.007836805413048108,0.009490951510398435,0.0031539967174774907,0.004205905084699742,0.015150127397010568,0.05,1.0000000000000664,12.097574409296033,4,23
2023-11-30,2023-12-01,2023-12-29,Regularized filtered CVaR (matched),-0.00013795719993963223,filtered recent-weighted blocks with stress mixture,0.007696459306353062,0.009517849828692937,0.003112862970342759,0.005085964372642436,0.01428420699987336,0.05,0.9999999999999998,12.655344396438492,3,22
2023-12-29,2024-01-01,2024-01-31,Equal weight,0.0009793564835649403,filtered recent-weighted blocks with stress mixture,0.012446916944194067,0.01800998872760631,0.0008498374370488934,0.01363609705700533,0.014881586247229257,0.09523809523809523,1.0,39.000000000000014,0,0
2023-12-29,2024-01-01,2024-01-31,Original covariance MVP (matched),0.0006218569028179679,filtered recent-weighted blocks with stress mixture,0.009034195851507755,0.011944627879662108,-0.0007417128450615077,0.016075250712502563,0.016116605298604685,0.19047619047619047,1.0,14.222556849149678,2,20
2023-12-29,2024-01-01,2024-01-31,Dynamic covariance MVP (matched),0.0006166057057057059,filtered recent-weighted blocks with stress mixture,0.009035059070250389,0.01189212473981194,-0.0007289291111809433,0.01551775735072304,0.015928428349803465,0.19047619047619047,1.0,14.288419260198992,2,20
2023-12-29,2024-01-01,2024-01-31,Empirical CVaR (matched),0.0007694864607671218,paired empirical blocks,0.007895682110721409,0.00971962995113091,-0.0011681299714917733,0.014950251351522954,0.01604636076672723,0.23809523809523808,1.0000000000000016,12.680714109065475,3,23
2023-12-29,2024-01-01,2024-01-31,Filtered-stressed CVaR (matched),0.0006067101961613375,filtered recent-weighted blocks with stress mixture,0.0093644969154149,0.011012179827221595,-0.00046520332251455507,0.014292744525120398,0.016128490415775725,0.19047619047619047,0.9999999999999993,11.096226150078046,7,27
2023-12-29,2024-01-01,2024-01-31,Regularized filtered CVaR (matched),0.0006107518030611048,filtered recent-weighted blocks with stress mixture,0.00920365122253876,0.01101601820248301,-0.0003724703841851438,0.01431618054311128,0.015631710860605247,0.19047619047619047,1.0,11.550170320764865,6,23
2024-01-31,2024-02-01,2024-02-29,Equal weight,0.00020919747726939826,filtered recent-weighted blocks with stress mixture,0.018622491359936523,0.025560075918178358,0.0011879128442074695,0.006813056356353268,0.010325880685760196,0.0,1.0,39.000000000000014,0,0
2024-01-31,2024-02-01,2024-02-29,Original covariance MVP (matched),0.00024447928369992545,filtered recent-weighted blocks with stress mixture,0.011894017822388778,0.016701603923655866,0.001416194981455091,0.011357420291760786,0.011860121342165419,0.047619047619047616,1.0,13.01899270606114,3,22
2024-01-31,2024-02-01,2024-02-29,Dynamic covariance MVP (matched),0.0002520730315290219,filtered recent-weighted blocks with stress mixture,0.011637075718711356,0.016719164730030423,0.0013877468215629028,0.01090175743897211,0.011657285894099145,0.047619047619047616,1.0,12.711852695281548,4,22
2024-01-31,2024-02-01,2024-02-29,Empirical CVaR (matched),0.0012370558949373685,paired empirical blocks,0.007093514747083059,0.008529211260563541,0.001308231672577597,0.007285404789673601,0.010023038421032644,0.09523809523809523,0.9999999999999999,11.636299721510593,4,26
2024-01-31,2024-02-01,2024-02-29,Filtered-stressed CVaR (matched),0.0003598464629765774,filtered recent-weighted blocks with stress mixture,0.01210570976438325,0.015470262328138196,0.0014274268025952395,0.009033504854532125,0.009183812075433482,0.0,1.0,10.930256571844561,8,27
2024-01-31,2024-02-01,2024-02-29,Regularized filtered CVaR (matched),0.0003389481143108494,filtered recent-weighted blocks with stress mixture,0.011792006602304008,0.015801504958993677,0.0017799763233959773,0.00735686117079656,0.008520003500856627,0.0,1.0,11.550290616971061,5,25
2024-02-29,2024-03-01,2024-03-28,Equal weight,0.0004570848903877345,filtered recent-weighted blocks with stress mixture,0.013374174373756317,0.01745744720916573,0.0012117052215607578,0.01274664747278473,0.021230404897523356,0.05555555555555555,1.0,39.000000000000014,0,0
2024-02-29,2024-03-01,2024-03-28,Original covariance MVP (matched),0.0004469167853460941,filtered recent-weighted blocks with stress mixture,0.01218320610494742,0.013858021880560262,0.001296101649028018,0.008336104834118946,0.013413820687621977,0.05555555555555555,1.0,13.990272229640507,4,20
2024-02-29,2024-03-01,2024-03-28,Dynamic covariance MVP (matched),0.0004434724024942337,filtered recent-weighted blocks with stress mixture,0.011973441068695967,0.013781829829845698,0.0012425193252237326,0.00836031425524536,0.013536389011696414,0.05555555555555555,0.9999999999999998,14.16702771036097,4,20
2024-02-29,2024-03-01,2024-03-28,Empirical CVaR (matched),0.0010121881158625709,paired empirical blocks,0.0075620038748571644,0.008906781567668342,0.0003041181487724936,0.01262985217915507,0.018134013394410873,0.1111111111111111,1.0000000000000013,11.71453415464418,4,25
2024-02-29,2024-03-01,2024-03-28,Filtered-stressed CVaR (matched),0.0006362781524386297,filtered recent-weighted blocks with stress mixture,0.009112138751027678,0.011329732930813654,0.0012358328766646175,0.014135475427582948,0.01472255681787284,0.1111111111111111,0.9999999999999997,12.153704859279701,5,24
2024-02-29,2024-03-01,2024-03-28,Regularized filtered CVaR (matched),0.0006630306906491414,filtered recent-weighted blocks with stress mixture,0.008994594492547137,0.010896618748020455,0.0011649245243269503,0.014884168836247954,0.01609487889084635,0.1111111111111111,1.0,11.489705511066521,5,22
2024-03-28,2024-04-01,2024-04-30,Equal weight,-5.838902566483756e-05,filtered recent-weighted blocks with stress mixture,0.015543693919201997,0.020360271795247055,0.0009166358787808841,0.009005849257757418,0.011149391599485668,0.0,1.0,39.000000000000014,0,0
2024-03-28,2024-04-01,2024-04-30,Original covariance MVP (matched),-0.0002652778952944033,filtered recent-weighted blocks with stress mixture,0.011568177141060417,0.015220638962247651,-2.3355510382911314e-05,0.010863932355347687,0.01174765371345629,0.05,1.0000000000000002,13.702382123121977,1,23
2024-03-28,2024-04-01,2024-04-30,Dynamic covariance MVP (matched),-0.00036545836021756236,filtered recent-weighted blocks with stress mixture,0.011564962364180609,0.015012590211970395,-9.046591633251728e-05,0.011144569933234483,0.011202172900332624,0.0,1.0,13.537536839988748,1,24
2024-03-28,2024-04-01,2024-04-30,Empirical CVaR (matched),0.0010259861930482185,paired empirical blocks,0.008553158070945128,0.01037347423036056,1.6908230724922486e-05,0.011668112274767831,0.01172173566854998,0.1,1.0000000000002107,12.128912096241775,6,23
2024-03-28,2024-04-01,2024-04-30,Filtered-stressed CVaR (matched),-0.00016712120778193386,filtered recent-weighted blocks with stress mixture,0.010523402751629503,0.013199390402572795,-0.00038804674060328884,0.010597104804541735,0.01156301354386864,0.1,1.0000000000000002,12.482739256600277,5,21
2024-03-28,2024-04-01,2024-04-30,Regularized filtered CVaR (matched),-0.00015286070879540708,filtered recent-weighted blocks with stress mixture,0.010734558630731552,0.013245341433711233,3.851130412612247e-06,0.010304422161280942,0.011195554109393048,0.05,1.0,11.371844170361486,6,22
2024-04-30,2024-05-02,2024-05-31,Equal weight,1.0673534079794731e-06,filtered recent-weighted blocks with stress mixture,0.012321431093972962,0.018221212014018703,0.0003512051465868709,0.0153393273071782,0.015852503730093052,0.09523809523809523,1.0,39.000000000000014,0,0
2024-04-30,2024-05-02,2024-05-31,Original covariance MVP (matched),-0.00013125279391197584,filtered recent-weighted blocks with stress mixture,0.01057562893245337,0.013562989006024232,0.0005115722314287799,0.010727407229595821,0.011449977820134682,0.09523809523809523,1.0,12.745227195103723,4,23
2024-04-30,2024-05-02,2024-05-31,Dynamic covariance MVP (matched),-4.690948260928843e-05,filtered recent-weighted blocks with stress mixture,0.009925624544011337,0.013443076017144773,0.0007736693975375262,0.010463371525207717,0.011162443605789326,0.09523809523809523,1.0,12.544313740367624,5,22
2024-04-30,2024-05-02,2024-05-31,Empirical CVaR (matched),0.00030841065084944325,paired empirical blocks,0.007426749671952166,0.00847637236126144,0.00012418959779930794,0.008359459532639037,0.008609587369534703,0.14285714285714285,1.000000000000283,11.084536995309662,7,24
2024-04-30,2024-05-02,2024-05-31,Filtered-stressed CVaR (matched),-2.4004602239278623e-06,filtered recent-weighted blocks with stress mixture,0.008786213767146316,0.010665910648727173,0.00030822811580933425,0.007726346383991721,0.009395940982185937,0.047619047619047616,1.0000000000009637,12.13268002980766,4,23
2024-04-30,2024-05-02,2024-05-31,Regularized filtered CVaR (matched),-9.082267722464576e-06,filtered recent-weighted blocks with stress mixture,0.00887233989967941,0.010668009658585638,0.0002745729355297724,0.00792242520409464,0.009890716015205126,0.047619047619047616,1.0,12.74042640566134,4,21
2024-05-31,2024-06-03,2024-06-28,Equal weight,9.514660424743942e-05,filtered recent-weighted blocks with stress mixture,0.013311689860843884,0.018753139299792686,0.0035502088479184217,0.01231328965489475,0.05638125149517885,0.05263157894736842,1.0,39.000000000000014,0,0
2024-05-31,2024-06-03,2024-06-28,Original covariance MVP (matched),0.00018256185051688902,filtered recent-weighted blocks with stress mixture,0.008343825300347454,0.010388393341057907,0.0035309749611643466,0.007539799776799723,0.027272210741121638,0.05263157894736842,1.0,13.210427665025389,3,20
2024-05-31,2024-06-03,2024-06-28,Dynamic covariance MVP (matched),0.00019695568109149382,filtered recent-weighted blocks with stress mixture,0.008499642224885013,0.010596967756825337,0.0035256870121152762,0.00765617166945824,0.027982029715168437,0.05263157894736842,1.0000000000000002,12.916002190098489,4,20
2024-05-31,2024-06-03,2024-06-28,Empirical CVaR (matched),0.0008716159180660517,paired empirical blocks,0.006664163676960551,0.008254672274741566,0.0029649570213065276,0.009370632134498527,0.025739029686427706,0.10526315789473684,1.0,11.587210487632086,5,26
2024-05-31,2024-06-03,2024-06-28,Filtered-stressed CVaR (matched),0.00013703559696484762,filtered recent-weighted blocks with stress mixture,0.007823957827508624,0.008950025906977084,0.0033202407737280616,0.006324800745755833,0.02955833348876199,0.05263157894736842,1.0,12.091377558163595,6,23
2024-05-31,2024-06-03,2024-06-28,Regularized filtered CVaR (matched),0.00010912670929456122,filtered recent-weighted blocks with stress mixture,0.007968519954242687,0.009002052013769581,0.0033341740310537543,0.006095726382720622,0.031464430738048346,0.05263157894736842,1.0,12.546985492025899,5,23
2024-06-28,2024-07-01,2024-07-31,Equal weight,0.0004886408123525505,filtered recent-weighted blocks with stress mixture,0.023620300131197362,0.03399686915826524,0.0022011924408216112,0.0029140379509161205,0.009377428170447597,0.0,1.0,39.000000000000014,0,0
2024-06-28,2024-07-01,2024-07-31,Original covariance MVP (matched),-7.193965390742883e-05,filtered recent-weighted blocks with stress mixture,0.011244663352145934,0.01387603770298861,0.002592008417377151,0.006687058297291956,0.007760711446101163,0.0,1.0000000000000002,12.378880167377641,5,23
2024-06-28,2024-07-01,2024-07-31,Dynamic covariance MVP (matched),-7.094544964804987e-05,filtered recent-weighted blocks with stress mixture,0.011106220294361997,0.01380260956760994,0.0026045776303832108,0.006678580796672747,0.007839273167551678,0.0,0.9999999999999999,12.192315557938306,5,23
2024-06-28,2024-07-01,2024-07-31,Empirical CVaR (matched),0.0007877549267562217,paired empirical blocks,0.009589344457229948,0.012430765259855182,0.0021543033862754454,0.0068628222639306085,0.008178928437686726,0.0,1.0000000000000018,11.826303538097882,4,24
2024-06-28,2024-07-01,2024-07-31,Filtered-stressed CVaR (matched),-1.3450498073865892e-05,filtered recent-weighted blocks with stress mixture,0.01070320027409997,0.013510409274622373,0.0025142386852435496,0.007309969242276495,0.00866391933857668,0.0,0.9999999999999999,11.585124980836511,6,25
2024-06-28,2024-07-01,2024-07-31,Regularized filtered CVaR (matched),-2.094066342486874e-05,filtered recent-weighted blocks with stress mixture,0.010714359727649997,0.013288009513135428,0.002655390576699358,0.0070508284094755146,0.00814907923741514,0.0,1.0000000000000002,12.063256156297026,5,23
2024-07-31,2024-08-01,2024-08-30,Equal weight,0.0005341000695584947,filtered recent-weighted blocks with stress mixture,0.015844466457611242,0.02533638221412054,0.0007683425619083829,0.014841473628527502,0.020938444964576287,0.047619047619047616,1.0,39.000000000000014,0,0
2024-07-31,2024-08-01,2024-08-30,Original covariance MVP (matched),0.000270194776099551,filtered recent-weighted blocks with stress mixture,0.010610003404245545,0.01459073302338967,0.0014016867523254715,0.008860174586491121,0.011959564557566273,0.047619047619047616,1.0,11.599415586675645,7,23
2024-07-31,2024-08-01,2024-08-30,Dynamic covariance MVP (matched),0.00027282884439833264,filtered recent-weighted blocks with stress mixture,0.011718632373339987,0.015965736806615522,0.0011869403575987649,0.009640803541760001,0.013074548104763276,0.047619047619047616,1.0,12.169343432481227,6,22
2024-07-31,2024-08-01,2024-08-30,Empirical CVaR (matched),0.0009672982547677631,paired empirical blocks,0.009940044314073838,0.011971134001968697,0.002161612982839337,0.010127438937737168,0.013681096389737227,0.09523809523809523,1.0,11.480992644077284,6,26
2024-07-31,2024-08-01,2024-08-30,Filtered-stressed CVaR (matched),0.0004121128850006416,filtered recent-weighted blocks with stress mixture,0.010021683389785225,0.013200555313990982,0.0013637961349383138,0.009029178169681424,0.012224298600364697,0.047619047619047616,0.9999999999999999,11.63059608107934,5,26
2024-07-31,2024-08-01,2024-08-30,Regularized filtered CVaR (matched),0.00041257146155651526,filtered recent-weighted blocks with stress mixture,0.009931700437447077,0.012735668988634334,0.0014302420138863888,0.010914246303925713,0.013159441831897682,0.09523809523809523,1.0000000000000002,12.148783655097416,3,25
2024-08-30,2024-09-02,2024-09-30,Equal weight,0.00012861091289059084,filtered recent-weighted blocks with stress mixture,0.013055568624777551,0.019697005699409038,0.001493636075989043,0.009011868273864672,0.009260395327881022,0.0,1.0,39.000000000000014,0,0
2024-08-30,2024-09-02,2024-09-30,Original covariance MVP (matched),0.00010505498040335289,filtered recent-weighted blocks with stress mixture,0.009580399067566988,0.012759720958496262,0.0020336892574545984,0.005044884475967703,0.008040880334018428,0.047619047619047616,1.0,12.14119683153035,6,23
2024-08-30,2024-09-02,2024-09-30,Dynamic covariance MVP (matched),0.00012798947137647159,filtered recent-weighted blocks with stress mixture,0.009261320201962481,0.013039649328726149,0.0022589442886701097,0.004992047123763851,0.0084491538308991,0.047619047619047616,1.0000000000000002,12.57741364510027,6,22
2024-08-30,2024-09-02,2024-09-30,Empirical CVaR (matched),0.0006206382366577826,paired empirical blocks,0.008804777454623346,0.010252038165073502,0.0018985396311657573,0.006447550981019007,0.010252151611587084,0.047619047619047616,0.9999999999999999,11.986615506877095,7,23
2024-08-30,2024-09-02,2024-09-30,Filtered-stressed CVaR (matched),0.00015199703207396844,filtered recent-weighted blocks with stress mixture,0.008946445348922617,0.011668664568827957,0.0023847287012331722,0.007204359256613644,0.01086533576258961,0.047619047619047616,1.0000000000000002,10.962476611261208,8,26
2024-08-30,2024-09-02,2024-09-30,Regularized filtered CVaR (matched),0.00012258285188585273,filtered recent-weighted blocks with stress mixture,0.009183597070630158,0.011705494792386969,0.0024509731555751512,0.006594923464470058,0.010559049122190588,0.047619047619047616,1.0,11.057217596800411,8,26
2024-09-30,2024-10-01,2024-10-31,Equal weight,3.226399423234133e-05,filtered recent-weighted blocks with stress mixture,0.011809360332134072,0.018905562875103043,-0.003162617198920317,0.014220703146139312,0.016652922671736004,0.09090909090909091,1.0,39.000000000000014,0,0
2024-09-30,2024-10-01,2024-10-31,Original covariance MVP (matched),3.4565689291480744e-05,filtered recent-weighted blocks with stress mixture,0.009113629232351058,0.013503871590674104,-0.0038054866702716505,0.012091351590163594,0.015356305570998516,0.18181818181818182,1.0,12.429982375019287,4,23
2024-09-30,2024-10-01,2024-10-31,Dynamic covariance MVP (matched),5.802480774059725e-06,filtered recent-weighted blocks with stress mixture,0.009317802931408695,0.013592394570260718,-0.0036030551207897315,0.010721393844081247,0.014423418812429168,0.22727272727272727,1.0,13.046664489456576,5,22
2024-09-30,2024-10-01,2024-10-31,Empirical CVaR (matched),0.0009581560826492591,paired empirical blocks,0.007638756125681358,0.010456404832677619,-0.004622979638944694,0.018603579427345328,0.02044016347278065,0.2727272727272727,1.0,11.402389392393687,5,25
2024-09-30,2024-10-01,2024-10-31,Filtered-stressed CVaR (matched),0.0002495173509804782,filtered recent-weighted blocks with stress mixture,0.009785100919261913,0.011940866302117959,-0.0031644976982626092,0.01413087155989329,0.016863949438712368,0.13636363636363635,0.9999999999999983,11.90478636156442,7,23
2024-09-30,2024-10-01,2024-10-31,Regularized filtered CVaR (matched),0.00022825953143942306,filtered recent-weighted blocks with stress mixture,0.01027877304896005,0.012015298056934721,-0.0034032699143424785,0.014433705339540422,0.016460036802341226,0.13636363636363635,1.0,11.211199948657406,7,25
2024-10-31,2024-11-01,2024-11-29,Equal weight,-0.0001583698969313565,filtered recent-weighted blocks with stress mixture,0.011098695030542529,0.017220946909639785,-0.0004525198236790315,0.014598839935044931,0.015190849381579833,0.2631578947368421,1.0,39.000000000000014,0,0
2024-10-31,2024-11-01,2024-11-29,Original covariance MVP (matched),-0.00010525401995394803,filtered recent-weighted blocks with stress mixture,0.00988371934950664,0.012608179806131544,-0.00045658097260988054,0.011229986801587774,0.014306490405979307,0.15789473684210525,0.9999999999999998,13.04815095382207,4,20
2024-10-31,2024-11-01,2024-11-29,Dynamic covariance MVP (matched),-0.00011288368058880234,filtered recent-weighted blocks with stress mixture,0.009911342135812856,0.012516771552297893,-0.00030366257986938066,0.010813525871430854,0.014161427347585149,0.15789473684210525,1.0,13.879717714116033,4,19
2024-10-31,2024-11-01,2024-11-29,Empirical CVaR (matched),0.00026583847931233316,paired empirical blocks,0.009573653862526718,0.010603929071326833,-0.0003457780229682934,0.012142168040410907,0.012694470256187407,0.10526315789473684,1.0,11.644474923743815,7,22
2024-10-31,2024-11-01,2024-11-29,Filtered-stressed CVaR (matched),-2.445324183012656e-06,filtered recent-weighted blocks with stress mixture,0.00853047527229817,0.011110288179245274,0.00023561659529658998,0.010626246151440057,0.015587480034650443,0.15789473684210525,0.9999999999999999,11.564846803678636,7,23
2024-10-31,2024-11-01,2024-11-29,Regularized filtered CVaR (matched),-3.6331080961773244e-05,filtered recent-weighted blocks with stress mixture,0.009438584280979838,0.011299420290707018,0.00012422677992298095,0.010119102021278822,0.01499584328556808,0.10526315789473684,0.9999999999999999,12.887138739329185,5,20
2024-11-29,2024-12-02,2024-12-31,Equal weight,-0.0007041385572982611,filtered recent-weighted blocks with stress mixture,0.016854654141870325,0.024957562500070207,-0.000758743767722707,0.013202783663738948,0.014064804452186455,0.0,1.0,39.000000000000014,0,0
2024-11-29,2024-12-02,2024-12-31,Original covariance MVP (matched),-0.0005148995560617987,filtered recent-weighted blocks with stress mixture,0.01377556590668856,0.01984885456497488,0.00018961547221053897,0.008071031053982214,0.008496407433950139,0.0,1.0000000000000002,12.365968482294521,2,21
2024-11-29,2024-12-02,2024-12-31,Dynamic covariance MVP (matched),-0.0005409667521477896,filtered recent-weighted blocks with stress mixture,0.013592712208548866,0.019621429800087235,0.00014964281566442388,0.008449322682262823,0.00881416311211455,0.0,1.0,11.492066407821573,6,23
2024-11-29,2024-12-02,2024-12-31,Empirical CVaR (matched),0.0003734354535625936,paired empirical blocks,0.011466718805795438,0.015129058205076967,0.0010499669807916266,0.007955979382389199,0.00837119764703379,0.0,1.0000000000000007,11.099063851040597,6,25
2024-11-29,2024-12-02,2024-12-31,Filtered-stressed CVaR (matched),-0.0003699413421427959,filtered recent-weighted blocks with stress mixture,0.012141516476291433,0.017130615408982898,-9.58307530575646e-05,0.008125421637341245,0.00968221803837208,0.0,0.9999999999999996,11.784109505061027,7,25
2024-11-29,2024-12-02,2024-12-31,Regularized filtered CVaR (matched),-0.0003874211543249055,filtered recent-weighted blocks with stress mixture,0.012355957058691754,0.016913529155768187,0.00031242467982095024,0.007518377959293253,0.008493928186336198,0.0,1.0,12.301539165549679,7,23
2024-12-31,2025-01-01,2025-01-31,Equal weight,-0.0005542511628840286,filtered recent-weighted blocks with stress mixture,0.01511253161447463,0.021615734535420948,0.0004074226394794529,0.016450148478095592,0.01773471392816772,0.08695652173913043,1.0,39.000000000000014,0,0
2024-12-31,2025-01-01,2025-01-31,Original covariance MVP (matched),-0.00023480612716326663,filtered recent-weighted blocks with stress mixture,0.011707703836890064,0.01556428104530679,-0.0008577546171988029,0.014184649451931961,0.014562726453683991,0.08695652173913043,1.0,13.698934042959566,2,21
2024-12-31,2025-01-01,2025-01-31,Dynamic covariance MVP (matched),-0.0002448570967894924,filtered recent-weighted blocks with stress mixture,0.011664374931830125,0.01556262894874468,-0.0008425021477620957,0.014260241974518634,0.014817957084895734,0.08695652173913043,1.0000000000000002,14.202163553752344,2,21
2024-12-31,2025-01-01,2025-01-31,Empirical CVaR (matched),0.0005176109100306145,paired empirical blocks,0.01028500715329036,0.012091016587875333,-0.0014394417481600112,0.010713235573947358,0.012458847536843223,0.13043478260869565,1.0,11.117538870666769,6,25
2024-12-31,2025-01-01,2025-01-31,Filtered-stressed CVaR (matched),-5.331601989982353e-05,filtered recent-weighted blocks with stress mixture,0.010256625210513758,0.014209502270938668,-0.0011676933682502613,0.012144624563985879,0.012493185600866138,0.13043478260869565,1.0000000000000016,11.537275744258869,7,25
2024-12-31,2025-01-01,2025-01-31,Regularized filtered CVaR (matched),-3.800296877887622e-05,filtered recent-weighted blocks with stress mixture,0.010403723346847863,0.013716022401979631,-0.0007987943115013288,0.011621295711227574,0.012202125447822855,0.13043478260869565,0.9999999999999999,12.193367585298159,4,23
2025-01-31,2025-02-01,2025-02-28,Equal weight,-0.0010556777890284395,filtered recent-weighted blocks with stress mixture,0.017777311508046467,0.02253349927999169,-0.0032768285006565243,0.016964780420998186,0.023879395837160373,0.05,1.0,39.000000000000014,0,0
2025-01-31,2025-02-01,2025-02-28,Original covariance MVP (matched),-0.000587833379873621,filtered recent-weighted blocks with stress mixture,0.011047000435593118,0.014269198738345909,-0.0030635423770617102,0.016738557886746185,0.018185848904218566,0.1,1.0,12.928641149146157,5,22
2025-01-31,2025-02-01,2025-02-28,Dynamic covariance MVP (matched),-0.0005840208114441445,filtered recent-weighted blocks with stress mixture,0.011642590918657773,0.014144008580499627,-0.0030637332520818085,0.01674167590485435,0.018032725413804643,0.1,1.0,12.530246026991199,6,22
2025-01-31,2025-02-01,2025-02-28,Empirical CVaR (matched),0.0007614104610013098,paired empirical blocks,0.009333977905519729,0.010622650639277403,-0.0032015723015643453,0.01652157080650519,0.020884957659215747,0.1,1.00000000000037,11.79470828311873,5,24
2025-01-31,2025-02-01,2025-02-28,Filtered-stressed CVaR (matched),-0.0005238949249921075,filtered recent-weighted blocks with stress mixture,0.011168010060786673,0.013438663609474539,-0.0031936976147785,0.017885049677418854,0.02387063112051415,0.1,0.9999999999999999,12.37095667335972,5,22
2025-01-31,2025-02-01,2025-02-28,Regularized filtered CVaR (matched),-0.0005391198880043427,filtered recent-weighted blocks with stress mixture,0.010899773511182822,0.013286276888731035,-0.0031121669099409945,0.017498016459389133,0.02315299675492357,0.1,1.0,12.956551530018917,5,21
2025-02-28,2025-03-03,2025-03-28,Equal weight,-0.0004584788900055155,filtered recent-weighted blocks with stress mixture,0.017477382003222082,0.025639602766654036,0.003538215655829416,0.005555486972204021,0.008101312544420836,0.0,1.0,39.000000000000014,0,0
2025-02-28,2025-03-03,2025-03-28,Original covariance MVP (matched),-0.0001357734407712045,filtered recent-weighted blocks with stress mixture,0.011164791069669151,0.01617778227106088,0.0027398612862344768,0.005110621177680592,0.00869032839374928,0.0,1.0,12.259739551953109,6,23
2025-02-28,2025-03-03,2025-03-28,Dynamic covariance MVP (matched),-0.00020735774543092472,filtered recent-weighted blocks with stress mixture,0.011338927895985926,0.016274791012125315,0.0028632094377829143,0.004431531420493967,0.009137843012287768,0.0,1.0000000000000002,12.150919671199944,6,23
2025-02-28,2025-03-03,2025-03-28,Empirical CVaR (matched),0.0002776082386811247,paired empirical blocks,0.009109459036316448,0.011809212732448398,0.0026512739376297247,0.006090181662685127,0.008175558681636256,0.0,0.9999999999999956,11.538602163590893,7,24
2025-02-28,2025-03-03,2025-03-28,Filtered-stressed CVaR (matched),-7.669949529663016e-05,filtered recent-weighted blocks with stress mixture,0.010700903615442616,0.015420697292743731,0.0026512154481652637,0.005251172238545488,0.009051860675396739,0.0,1.0,12.036467543097544,7,24
2025-02-28,2025-03-03,2025-03-28,Regularized filtered CVaR (matched),-8.281674413042606e-05,filtered recent-weighted blocks with stress mixture,0.010918743382286166,0.01566430922388092,0.0030385824481376465,0.005842833378217075,0.008631637465288772,0.0,1.0,11.481840441650904,7,24
2025-03-28,2025-04-01,2025-04-30,Equal weight,-0.00027531522956422715,filtered recent-weighted blocks with stress mixture,0.015561434851581624,0.021461281734867454,0.0012524354318580366,0.02307935000341952,0.028822578400428595,0.10526315789473684,1.0,39.000000000000014,0,0
2025-03-28,2025-04-01,2025-04-30,Original covariance MVP (matched),-0.0001797218596982148,filtered recent-weighted blocks with stress mixture,0.010963940330605954,0.014616053558462164,0.0017025130155867145,0.016224948043822886,0.022746042523916776,0.15789473684210525,0.9999999999999999,12.609786909559135,5,21
2025-03-28,2025-04-01,2025-04-30,Dynamic covariance MVP (matched),-0.00017397784937865296,filtered recent-weighted blocks with stress mixture,0.011640085251715645,0.014629390687903917,0.0017993661604433961,0.015205504040380534,0.021833107202425144,0.10526315789473684,1.0000000000000002,12.284988631693999,6,22
2025-03-28,2025-04-01,2025-04-30,Empirical CVaR (matched),0.0008475304499714355,paired empirical blocks,0.009862761839141983,0.011372693465608881,0.0018429606986617747,0.016790524320369992,0.027726984475334518,0.15789473684210525,1.000000000000005,12.81564160914463,5,21
2025-03-28,2025-04-01,2025-04-30,Filtered-stressed CVaR (matched),-2.2502382469005433e-05,filtered recent-weighted blocks with stress mixture,0.010660518008713647,0.013902592735590557,0.0023200652152424984,0.015291298464195658,0.021900795991645242,0.10526315789473684,0.9999999999999994,11.016689799001716,8,24
2025-03-28,2025-04-01,2025-04-30,Regularized filtered CVaR (matched),-3.5852046020968566e-05,filtered recent-weighted blocks with stress mixture,0.010632970086068163,0.013597602104776367,0.0021950919840771506,0.015003023778996705,0.021180000182004558,0.10526315789473684,1.0,11.75137076901586,6,23
2025-04-30,2025-05-02,2025-05-30,Equal weight,-0.001194924992996844,filtered recent-weighted blocks with stress mixture,0.021150010238694554,0.028325241332581918,0.0008431527259146728,0.009809377203626356,0.009934034115276675,0.0,1.0,39.000000000000014,0,0
2025-04-30,2025-05-02,2025-05-30,Original covariance MVP (matched),-0.0004651056666534875,filtered recent-weighted blocks with stress mixture,0.012336744798199052,0.017600599394894938,-0.00013576473228036037,0.012212672866094211,0.012257660869839098,0.0,1.0,11.323532923557513,7,25
2025-04-30,2025-05-02,2025-05-30,Dynamic covariance MVP (matched),-0.0004231473801950776,filtered recent-weighted blocks with stress mixture,0.012660949807982469,0.01769598493536983,-0.00012293073558982117,0.012270832026331668,0.012665859214073066,0.047619047619047616,1.0000000000000002,11.18533312625419,7,26
2025-04-30,2025-05-02,2025-05-30,Empirical CVaR (matched),0.000851898569348776,paired empirical blocks,0.01232572553327542,0.014674275710032233,-6.451342467350205e-05,0.011382442560232133,0.012558011780842177,0.047619047619047616,0.999999999999967,11.168132181390495,7,26
2025-04-30,2025-05-02,2025-05-30,Filtered-stressed CVaR (matched),-0.0004635378699541487,filtered recent-weighted blocks with stress mixture,0.013432103248940005,0.016765624603118402,1.488752263362207e-05,0.011349251616922575,0.011488927663458574,0.0,1.0,11.064203788844006,6,26
2025-04-30,2025-05-02,2025-05-30,Regularized filtered CVaR (matched),-0.0004465709824157768,filtered recent-weighted blocks with stress mixture,0.013612650722751501,0.016899936875891673,0.00011493678961428807,0.011285806215742258,0.011375162346138865,0.0,1.0,10.982118531718996,7,26
2025-05-30,2025-06-02,2025-06-30,Equal weight,-5.173310416888323e-05,filtered recent-weighted blocks with stress mixture,0.01907098237164451,0.027003258126525497,0.001654812683923927,0.006538571673491242,0.007852244565508815,0.0,1.0,39.000000000000014,0,0
2025-05-30,2025-06-02,2025-06-30,Original covariance MVP (matched),3.326506029041842e-05,filtered recent-weighted blocks with stress mixture,0.014037599065814818,0.01918142701496714,0.0009826299593896813,0.0075188978040908756,0.008773009685791894,0.0,1.0,12.292546805314785,6,23
2025-05-30,2025-06-02,2025-06-30,Dynamic covariance MVP (matched),-6.523567412910769e-06,filtered recent-weighted blocks with stress mixture,0.014003782898558928,0.018773306968236904,0.0010886153661607283,0.006612849426574323,0.008565921624835535,0.0,1.0,12.865187733565174,4,23
2025-05-30,2025-06-02,2025-06-30,Empirical CVaR (matched),0.000983903959244242,paired empirical blocks,0.010011137221169294,0.01609987192451945,0.0013282694992211906,0.008351849888689089,0.009193977349802884,0.047619047619047616,0.9999999999999989,10.880624519196552,7,27
2025-05-30,2025-06-02,2025-06-30,Filtered-stressed CVaR (matched),2.9320385981306298e-05,filtered recent-weighted blocks with stress mixture,0.013348913990525686,0.017224194954243776,0.0009646735755213902,0.00688012641756989,0.00948102998614955,0.0,1.0000000000000024,11.540025219901857,7,24
2025-05-30,2025-06-02,2025-06-30,Regularized filtered CVaR (matched),3.3142560388399674e-05,filtered recent-weighted blocks with stress mixture,0.01300848008952365,0.01786015941333534,0.0007015953916044514,0.007632037001062719,0.009550321241359162,0.0,1.0,11.574290557820172,7,24
2025-06-30,2025-07-01,2025-07-31,Equal weight,-0.0005820993616422486,filtered recent-weighted blocks with stress mixture,0.013700561269261894,0.01729731284460445,-0.0013234908204216116,0.007348495501719418,0.008188184836690064,0.0,1.0,39.000000000000014,0,0
2025-06-30,2025-07-01,2025-07-31,Original covariance MVP (matched),-0.0003811265437731084,filtered recent-weighted blocks with stress mixture,0.01073904264720471,0.013369182907706877,-0.0010785104113508611,0.007182395878023687,0.009262837278786238,0.043478260869565216,1.0,12.44285429949085,4,21
2025-06-30,2025-07-01,2025-07-31,Dynamic covariance MVP (matched),-0.00034750668378517126,filtered recent-weighted blocks with stress mixture,0.008713973069805866,0.01270358823530027,-0.0013323725896989703,0.006140789488601434,0.008187814701709708,0.043478260869565216,0.9999999999999997,12.872424381527312,2,19
2025-06-30,2025-07-01,2025-07-31,Empirical CVaR (matched),0.0005760258876371676,paired empirical blocks,0.010290549652944613,0.012365209102237673,-0.0006672541781077401,0.006976366108898315,0.007609526600081504,0.0,1.0000000000000007,12.680697640205954,4,24
2025-06-30,2025-07-01,2025-07-31,Filtered-stressed CVaR (matched),-0.00034799543316949775,filtered recent-weighted blocks with stress mixture,0.00889715168404669,0.011437409740998782,-0.0005573628165134577,0.005438256503455341,0.005775113679264145,0.0,1.0000000000000109,11.60505675036642,7,25
2025-06-30,2025-07-01,2025-07-31,Regularized filtered CVaR (matched),-0.0003854517373055101,filtered recent-weighted blocks with stress mixture,0.009765072364466023,0.011405100793940564,-0.000397100183350904,0.005271560098161549,0.005414632244226352,0.0,0.9999999999999999,11.74623901316135,3,24
2025-07-31,2025-08-01,2025-08-29,Equal weight,6.756373485137772e-05,filtered recent-weighted blocks with stress mixture,0.0070884643271771925,0.010283234329889627,0.00036099141271332783,0.009522179146025121,0.010244998466991902,0.21052631578947367,1.0,39.000000000000014,0,0
2025-07-31,2025-08-01,2025-08-29,Original covariance MVP (matched),6.376839992477195e-05,filtered recent-weighted blocks with stress mixture,0.005513724958511951,0.007347869761394149,0.0005151681313850507,0.008840254494613377,0.013727200478801226,0.10526315789473684,0.9999999999999998,14.12573085510507,2,14
2025-07-31,2025-08-01,2025-08-29,Dynamic covariance MVP (matched),-2.603615796097081e-07,filtered recent-weighted blocks with stress mixture,0.005402999729201309,0.007483080106576872,0.000373835868875079,0.009586358023337085,0.013689373483092196,0.15789473684210525,1.0,18.478827063560175,0,12
2025-07-31,2025-08-01,2025-08-29,Empirical CVaR (matched),0.0005201204439215512,paired empirical blocks,0.006508910826972109,0.007427132214271672,-0.00011006938970770424,0.009837450795604403,0.014618113260726677,0.15789473684210525,0.9999999999998171,13.579068570923278,3,22
2025-07-31,2025-08-01,2025-08-29,Filtered-stressed CVaR (matched),0.000196321288021376,filtered recent-weighted blocks with stress mixture,0.005125981818415297,0.006204811184219248,-0.0004436042874092666,0.00899658089923685,0.010231568728485924,0.21052631578947367,1.0,13.136786325003047,5,20
2025-07-31,2025-08-01,2025-08-29,Regularized filtered CVaR (matched),0.000153471454975889,filtered recent-weighted blocks with stress mixture,0.005215140635769274,0.0060927610016874665,-0.0005415705106530375,0.009480685084568197,0.011204072924808076,0.21052631578947367,0.9999999999999999,13.289589482115115,3,20
2025-08-29,2025-09-01,2025-09-30,Equal weight,-0.0002709497805046513,filtered recent-weighted blocks with stress mixture,0.010802662954623147,0.015430762714856012,0.0007504649973741836,0.006958591962279928,0.00945402418680007,0.045454545454545456,1.0,39.000000000000014,0,0
2025-08-29,2025-09-01,2025-09-30,Original covariance MVP (matched),-7.062214207310185e-05,filtered recent-weighted blocks with stress mixture,0.0076739712779811675,0.00905275221407479,0.00029869419408610343,0.006475470399043848,0.006742067968680593,0.0,1.0000000000000002,14.819778034993304,3,20
2025-08-29,2025-09-01,2025-09-30,Dynamic covariance MVP (matched),-5.330015644692992e-05,filtered recent-weighted blocks with stress mixture,0.007691927956621777,0.00898305004872588,0.0003128570445773398,0.006467410660485097,0.006764280640537374,0.0,1.0,14.754376974877461,3,20
2025-08-29,2025-09-01,2025-09-30,Empirical CVaR (matched),0.0004961103291443698,paired empirical blocks,0.0054307661036795,0.006566229340469187,0.0005791139690888811,0.0055570621775164674,0.005835626762426721,0.09090909090909091,1.0,14.157490409911299,3,19
2025-08-29,2025-09-01,2025-09-30,Filtered-stressed CVaR (matched),-2.8450828103684275e-05,filtered recent-weighted blocks with stress mixture,0.0067170924911296535,0.008113687239594936,0.00019825438846939644,0.006226610887723044,0.00726955389841134,0.045454545454545456,0.9999999999999997,12.3705027584449,5,24
2025-08-29,2025-09-01,2025-09-30,Regularized filtered CVaR (matched),-3.2079443400377784e-05,filtered recent-weighted blocks with stress mixture,0.006618468247224627,0.008032205044169958,0.0004123889417590924,0.0056955235465783755,0.006816678172560766,0.045454545454545456,1.0,12.578888991386941,5,22
2025-09-30,2025-10-01,2025-10-31,Equal weight,-7.266398225819204e-05,filtered recent-weighted blocks with stress mixture,0.0101730571120442,0.013871245894837115,0.0021502804071224734,0.004603647969103522,0.0052454671537269905,0.0,1.0,39.000000000000014,0,0
2025-09-30,2025-10-01,2025-10-31,Original covariance MVP (matched),-5.9497304729369034e-05,filtered recent-weighted blocks with stress mixture,0.006341914346314,0.008254142518176641,0.0015474030852834894,0.005158624727261491,0.005548423611828137,0.0,0.9999999999999997,14.916610691741809,1,16
2025-09-30,2025-10-01,2025-10-31,Dynamic covariance MVP (matched),-4.392815150571102e-05,filtered recent-weighted blocks with stress mixture,0.006535945857655422,0.008175092162302488,0.0014806977648072598,0.005082059674179011,0.005574889373744068,0.0,1.0,15.034368790395495,1,17
2025-09-30,2025-10-01,2025-10-31,Empirical CVaR (matched),0.000373548134342728,paired empirical blocks,0.005057412690308098,0.006704665097684666,0.0016366649963329215,0.006425016830135828,0.006980922107723848,0.14285714285714285,0.9999999999999999,13.868292825684428,2,20
2025-09-30,2025-10-01,2025-10-31,Filtered-stressed CVaR (matched),1.208507101102004e-05,filtered recent-weighted blocks with stress mixture,0.005909534973134633,0.007381425375082204,0.0019675570196090748,0.00626586298802048,0.006911442460001761,0.09523809523809523,1.0000000000000522,12.750347217614346,4,23
2025-09-30,2025-10-01,2025-10-31,Regularized filtered CVaR (matched),-3.023425653636714e-05,filtered recent-weighted blocks with stress mixture,0.005614048588539762,0.007227381005836187,0.0016478677901235396,0.005565245579607621,0.005725123846361804,0.047619047619047616,0.9999999999999999,14.0051744365478,4,19
2025-10-31,2025-11-03,2025-11-28,Equal weight,-0.00011055482926119919,filtered recent-weighted blocks with stress mixture,0.00882645117827414,0.01142483068707114,0.0006552926765123842,0.0056561246874954315,0.006969225527301706,0.0,1.0,39.000000000000014,0,0
2025-10-31,2025-11-03,2025-11-28,Original covariance MVP (matched),-0.00017113653664416182,filtered recent-weighted blocks with stress mixture,0.006530150389133934,0.008638759698177104,0.00013720439602797765,0.007576581204907139,0.008897505906053815,0.10526315789473684,1.0,16.376232786084515,2,16
2025-10-31,2025-11-03,2025-11-28,Dynamic covariance MVP (matched),-0.00016416618449104057,filtered recent-weighted blocks with stress mixture,0.006760652278707518,0.008553108229221488,1.5125302347960623e-05,0.008282971882264602,0.009249081148095608,0.10526315789473684,1.0,17.053410654135742,1,14
2025-10-31,2025-11-03,2025-11-28,Empirical CVaR (matched),0.0007825613360158799,paired empirical blocks,0.005838641055536663,0.007621177936915157,-6.531489336699642e-05,0.007578210026470096,0.00804635064011233,0.10526315789473684,1.0000000000000064,13.14008606098963,5,19
2025-10-31,2025-11-03,2025-11-28,Filtered-stressed CVaR (matched),-0.00013300115834159181,filtered recent-weighted blocks with stress mixture,0.0060595751417114214,0.007611733148701509,0.00013222275017160884,0.006955717492862033,0.007362769199574706,0.10526315789473684,0.99999999999752,13.290872634700229,4,21
2025-10-31,2025-11-03,2025-11-28,Regularized filtered CVaR (matched),-0.0001708335890165073,filtered recent-weighted blocks with stress mixture,0.00622573812729598,0.007687916443632879,0.00027560620846551917,0.006227431347583126,0.006968532439810005,0.05263157894736842,1.0,14.317723875377894,4,21
2025-11-28,2025-12-01,2025-12-31,Equal weight,0.00015594819239096415,filtered recent-weighted blocks with stress mixture,0.008020443344730867,0.010643221003507062,0.00028913092479334923,0.00712316540629975,0.008775704738984036,0.045454545454545456,1.0,39.000000000000014,0,0
2025-11-28,2025-12-01,2025-12-31,Original covariance MVP (matched),0.0001413068674595611,filtered recent-weighted blocks with stress mixture,0.00590022784772431,0.0071524347756813655,0.0002450300785324087,0.006587013059963055,0.00803166080350525,0.09090909090909091,1.0000000000000002,16.34053179732436,1,17
2025-11-28,2025-12-01,2025-12-31,Dynamic covariance MVP (matched),0.00013617383362352648,filtered recent-weighted blocks with stress mixture,0.00587384412831851,0.0072194358486947705,0.0001893439737466401,0.006633400703000926,0.007955032137335326,0.09090909090909091,1.0,15.946886468365262,1,17
2025-11-28,2025-12-01,2025-12-31,Empirical CVaR (matched),0.00015711390812340193,paired empirical blocks,0.004865182828389199,0.005971708298872159,0.00032619857659861595,0.0057123067868824545,0.006830324405351483,0.09090909090909091,0.9999999999999039,14.225532029599943,3,18
2025-11-28,2025-12-01,2025-12-31,Filtered-stressed CVaR (matched),0.0002047988513698782,filtered recent-weighted blocks with stress mixture,0.004976577463682573,0.005996870374802628,0.0002678755326365862,0.0070068886836313566,0.008386249740789057,0.09090909090909091,1.0000000000000004,13.182268280169689,4,22
2025-11-28,2025-12-01,2025-12-31,Regularized filtered CVaR (matched),0.0002109345343656007,filtered recent-weighted blocks with stress mixture,0.00524875679474119,0.006198584379019092,0.00030710445895677736,0.006139157123567349,0.0075056083809980825,0.09090909090909091,1.0,14.787041105433985,3,18
2025-12-31,2026-01-01,2026-01-30,Equal weight,-0.0003080987383340167,filtered recent-weighted blocks with stress mixture,0.009267696860393422,0.012241825061926646,-0.00038135677666493957,0.01277204731688665,0.0177975381094152,0.1,1.0,39.000000000000014,0,0
2025-12-31,2026-01-01,2026-01-30,Original covariance MVP (matched),-0.00027750907127807085,filtered recent-weighted blocks with stress mixture,0.007059407337969917,0.008557150188603821,-0.0009763368031952596,0.010205343356084029,0.01685164261245342,0.15,0.9999999999999999,16.904895476791552,0,17
2025-12-31,2026-01-01,2026-01-30,Dynamic covariance MVP (matched),-0.0002943527089061094,filtered recent-weighted blocks with stress mixture,0.006495391181128903,0.008467846233446688,-0.001085215055370319,0.009538254389593903,0.0172198722296392,0.2,1.0000000000000004,17.102636386227108,0,16
2025-12-31,2026-01-01,2026-01-30,Empirical CVaR (matched),0.00046986474816009883,paired empirical blocks,0.005381832741574201,0.006365890759282604,-0.0003835757831572744,0.010341366420610579,0.016608920743919193,0.2,1.0000000000000022,13.589417139246137,3,20
2025-12-31,2026-01-01,2026-01-30,Filtered-stressed CVaR (matched),-0.00025061666735809375,filtered recent-weighted blocks with stress mixture,0.006128886369523482,0.007407908277683868,-0.0012134427567997833,0.0096205320796401,0.01565776393456271,0.25,0.9999999999999231,12.736017054712912,6,21
2025-12-31,2026-01-01,2026-01-30,Regularized filtered CVaR (matched),-0.00024581900432841,filtered recent-weighted blocks with stress mixture,0.006353183255630352,0.007301874842449996,-0.0014382680636172663,0.009744261130934618,0.014785654004828092,0.25,1.0,13.047050850368446,4,21
2026-01-30,2026-02-02,2026-02-27,Equal weight,0.00012187543793097739,filtered recent-weighted blocks with stress mixture,0.0110490695274229,0.015017413305472979,0.0002951796287516182,0.012979092463025366,0.012979234541886188,0.2,1.0,39.000000000000014,0,0
2026-01-30,2026-02-02,2026-02-27,Original covariance MVP (matched),-9.659736302609006e-05,filtered recent-weighted blocks with stress mixture,0.008134405316868348,0.010742669319355797,3.4179565753101117e-06,0.01262829107076887,0.013646508333002945,0.25,1.0,14.797843460885685,2,16
2026-01-30,2026-02-02,2026-02-27,Dynamic covariance MVP (matched),-0.0001198979335906819,filtered recent-weighted blocks with stress mixture,0.007804378356829622,0.010362850242663164,-0.00036222660455670645,0.012711441852583414,0.0132240615895644,0.25,1.0,13.851258700587382,4,19
2026-01-30,2026-02-02,2026-02-27,Empirical CVaR (matched),0.000261078001564904,paired empirical blocks,0.006411845751617777,0.007592585597237306,0.00035980947793041486,0.013506579905652233,0.014672781862677581,0.3,0.9999999999999997,13.767319457614525,3,17
2026-01-30,2026-02-02,2026-02-27,Filtered-stressed CVaR (matched),8.050162738471163e-05,filtered recent-weighted blocks with stress mixture,0.007012361557893756,0.009117027627078887,0.0003822590899937667,0.013339245880613547,0.013882057909603493,0.25,0.9999999999999918,12.403422698994504,3,25
2026-01-30,2026-02-02,2026-02-27,Regularized filtered CVaR (matched),5.184009168958335e-05,filtered recent-weighted blocks with stress mixture,0.007288031131958952,0.009016170329369341,0.00013946376551932752,0.013098945477631227,0.01456184064474985,0.3,0.9999999999999999,12.9214046645058,3,22
2026-02-27,2026-03-02,2026-03-30,Equal weight,-0.00018656117772458818,filtered recent-weighted blocks with stress mixture,0.015264771928301467,0.01926135545021729,-0.004973340403004485,0.025638048559854874,0.02897528771229095,0.3157894736842105,1.0,39.000000000000014,0,0
2026-02-27,2026-03-02,2026-03-30,Original covariance MVP (matched),-0.0005103461389654139,filtered recent-weighted blocks with stress mixture,0.012072900176874485,0.01457691177959617,-0.004632404041071204,0.025743368331806703,0.026400766249860555,0.2631578947368421,0.9999999999999998,13.475531780358759,2,20
2026-02-27,2026-03-02,2026-03-30,Dynamic covariance MVP (matched),-0.0005040786377139761,filtered recent-weighted blocks with stress mixture,0.011469281410321414,0.014257917670613794,-0.0044158151826702505,0.02490210426177425,0.02617780446878499,0.3157894736842105,0.9999999999999998,12.635607824410627,4,23
2026-02-27,2026-03-02,2026-03-30,Empirical CVaR (matched),0.0006377897404372623,paired empirical blocks,0.007834824153771874,0.009348536211394308,-0.004984777421978482,0.023595099698290958,0.030077522948424716,0.5263157894736842,1.0000000000000002,13.140383660836736,3,22
2026-02-27,2026-03-02,2026-03-30,Filtered-stressed CVaR (matched),-0.0004955526044295808,filtered recent-weighted blocks with stress mixture,0.01112126373581298,0.013500090507686087,-0.004121009773256668,0.023093225897926707,0.023886832344249383,0.21052631578947367,1.0000000000000062,11.778990469466212,5,25
2026-02-27,2026-03-02,2026-03-30,Regularized filtered CVaR (matched),-0.00045836162236011555,filtered recent-weighted blocks with stress mixture,0.011252613346637375,0.013603213733510915,-0.004391614148194782,0.023550408670741596,0.025270208185132814,0.3157894736842105,0.9999999999999999,12.021456762057019,5,22
2026-03-30,2026-04-01,2026-04-30,Equal weight,0.00014647315788938534,filtered recent-weighted blocks with stress mixture,0.026556952408703968,0.03216585709901493,0.004161632031446102,0.009261749962828018,0.01089482225743892,0.0,1.0,39.000000000000014,0,0
2026-03-30,2026-04-01,2026-04-30,Original covariance MVP (matched),-1.6417225138933706e-05,filtered recent-weighted blocks with stress mixture,0.01573603412430912,0.02036195191822431,0.003200777718695289,0.00931101135241007,0.01692378586379701,0.05,1.0,11.514833956473785,6,24
2026-03-30,2026-04-01,2026-04-30,Dynamic covariance MVP (matched),-8.989207477719694e-05,filtered recent-weighted blocks with stress mixture,0.016155643495283343,0.020692370139925215,0.002947526472551136,0.008669913105981367,0.01695430026233775,0.05,0.9999999999999998,10.943136395008155,7,26
2026-03-30,2026-04-01,2026-04-30,Empirical CVaR (matched),0.0009141737399558644,paired empirical blocks,0.009750498950333702,0.014493837119511261,0.0021744934478637374,0.011481516646602168,0.01965255624112702,0.1,0.999999999999993,11.42876617307778,7,25
2026-03-30,2026-04-01,2026-04-30,Filtered-stressed CVaR (matched),-4.370078205045199e-05,filtered recent-weighted blocks with stress mixture,0.0163402590692777,0.01959878641863983,0.0024031919738127013,0.01343466248646747,0.016037911784335782,0.0,1.0,11.244395692297958,6,27
2026-03-30,2026-04-01,2026-04-30,Regularized filtered CVaR (matched),-7.383580366068008e-05,filtered recent-weighted blocks with stress mixture,0.016449596720437873,0.01945066149644019,0.0023564190385913153,0.013003222455917967,0.01693659700926024,0.05,1.0,11.729139511023293,5,25
2026-04-30,2026-05-04,2026-05-29,Equal weight,-7.117895933409157e-05,filtered recent-weighted blocks with stress mixture,0.023179278461731893,0.03124212195192332,-0.00032537434870311523,0.014160873876880739,0.017169014031471058,0.0,1.0,39.000000000000014,0,0
2026-04-30,2026-05-04,2026-05-29,Original covariance MVP (matched),-0.0002710656969375128,filtered recent-weighted blocks with stress mixture,0.013483036034510463,0.018168287771113872,-0.001804465519334904,0.010105117530399516,0.015989479409901697,0.05263157894736842,1.0,12.224350888202995,6,23
2026-04-30,2026-05-04,2026-05-29,Dynamic covariance MVP (matched),-0.00022090287970730457,filtered recent-weighted blocks with stress mixture,0.013400064591200255,0.017498159656302265,-0.0017610421880201674,0.011045783938797158,0.016984727230698764,0.05263157894736842,1.0,12.073261185305416,5,23
2026-04-30,2026-05-04,2026-05-29,Empirical CVaR (matched),0.0006126793951239308,paired empirical blocks,0.011204992860329027,0.0160607362960501,-0.002283823867504792,0.010073027421332842,0.01430810230100289,0.05263157894736842,1.0,11.969743033800013,6,24
2026-04-30,2026-05-04,2026-05-29,Filtered-stressed CVaR (matched),-0.00015046363382135658,filtered recent-weighted blocks with stress mixture,0.012215641939192307,0.016271631364721786,-0.0020394116613518106,0.010612777373246951,0.01580195595727885,0.05263157894736842,1.0,10.992794797639641,7,26
2026-04-30,2026-05-04,2026-05-29,Regularized filtered CVaR (matched),-0.00019978879844858666,filtered recent-weighted blocks with stress mixture,0.012474602303602363,0.016854405199840154,-0.0017150001882143156,0.012007917080913083,0.016327741760750487,0.05263157894736842,1.0,11.12622247298222,6,27
2026-05-29,2026-06-01,2026-06-30,Equal weight,2.1549134656638578e-06,filtered recent-weighted blocks with stress mixture,0.014892394154891103,0.018426487320612056,-0.00046263830648414874,0.009114565414838072,0.009779191928457026,0.0,1.0,39.000000000000014,0,0
2026-05-29,2026-06-01,2026-06-30,Original covariance MVP (matched),-0.00010885921053780344,filtered recent-weighted blocks with stress mixture,0.009444475846537452,0.011681736035877143,-0.0017450711182943758,0.00796914168674901,0.008694714120915917,0.0,1.0000000000000002,12.322019421616863,6,23
2026-05-29,2026-06-01,2026-06-30,Dynamic covariance MVP (matched),-0.00010165977818650723,filtered recent-weighted blocks with stress mixture,0.009077679524262357,0.01148403180144555,-0.001856706401695127,0.007767779643892694,0.008948716396055054,0.047619047619047616,1.0000000000000002,12.730728096941824,4,21
2026-05-29,2026-06-01,2026-06-30,Empirical CVaR (matched),0.0004367747169501036,paired empirical blocks,0.009779954781515297,0.013288917959766059,-0.0013563242746893734,0.008079281214383421,0.008949639672602493,0.047619047619047616,1.0,12.015652725962669,6,25
2026-05-29,2026-06-01,2026-06-30,Filtered-stressed CVaR (matched),-0.00012480358312507147,filtered recent-weighted blocks with stress mixture,0.008572915729947615,0.0105282229206993,-0.0013594834341903086,0.0062543711450791534,0.00750165432122543,0.047619047619047616,1.0,12.155050028381426,5,23
2026-05-29,2026-06-01,2026-06-30,Regularized filtered CVaR (matched),-0.0001554333290230248,filtered recent-weighted blocks with stress mixture,0.008667263206956525,0.01050077870148578,-0.0014621063349415963,0.006327782121975618,0.007518457142496446,0.047619047619047616,1.0,12.513567032850133,5,22
2026-06-30,2026-07-01,2026-07-31,Equal weight,-6.227113554748062e-05,filtered recent-weighted blocks with stress mixture,0.010417391874585001,0.013860925406790296,0.0017722741516663977,0.004986086158109945,0.010920625979176238,0.043478260869565216,1.0,39.000000000000014,0,0
2026-06-30,2026-07-01,2026-07-31,Original covariance MVP (matched),-1.0371961329933717e-05,filtered recent-weighted blocks with stress mixture,0.0067623512096225726,0.009020340379549623,0.0006359631337562022,0.006264683154631142,0.008788775076622866,0.043478260869565216,1.0,12.325088849784624,4,22
2026-06-30,2026-07-01,2026-07-31,Dynamic covariance MVP (matched),-2.1884161974727758e-05,filtered recent-weighted blocks with stress mixture,0.006822187236844689,0.008865177005683397,0.0006648512939238086,0.006511962896933617,0.009474633231369206,0.043478260869565216,1.0000000000000002,14.31117870928817,3,18
2026-06-30,2026-07-01,2026-07-31,Empirical CVaR (matched),-1.468842528847908e-05,paired empirical blocks,0.005886321308425862,0.007068427662570896,0.0006697407301111336,0.005486454740488103,0.008681887702213117,0.043478260869565216,1.000000000000258,11.972661667769353,6,24
2026-06-30,2026-07-01,2026-07-31,Filtered-stressed CVaR (matched),-8.455734454331872e-05,filtered recent-weighted blocks with stress mixture,0.005867901143462255,0.007270668427134307,0.00013611455771811605,0.006985345636448979,0.009889747498313195,0.08695652173913043,1.0000000000000007,12.049891839341896,5,21
2026-06-30,2026-07-01,2026-07-31,Regularized filtered CVaR (matched),-0.000144495283773101,filtered recent-weighted blocks with stress mixture,0.005603857466424729,0.007050694892181046,0.00037252322800719416,0.006663032307435514,0.00977896950766309,0.08695652173913043,0.9999999999999999,13.639664839586418,5,17
2026-07-31,2026-08-03,2026-08-31,Equal weight,0.0002151903578565259,filtered recent-weighted blocks with stress mixture,0.008189684977439778,0.010882214783120795,-0.0003899255927730273,0.00550551059764743,0.00564805792011527,0.0,1.0,39.000000000000014,0,0
2026-07-31,2026-08-03,2026-08-31,Original covariance MVP (matched),0.00012856597079326237,filtered recent-weighted blocks with stress mixture,0.006191779971621688,0.00795664392216754,-0.00016221898281189241,0.004941620261124813,0.0059406779797287704,0.047619047619047616,1.0,15.208209906798528,2,17
2026-07-31,2026-08-03,2026-08-31,Dynamic covariance MVP (matched),0.0001450328681771334,filtered recent-weighted blocks with stress mixture,0.005960869691818929,0.007968762815469535,-0.00015397345828777482,0.004752983877418286,0.005691262193099669,0.047619047619047616,1.0,16.143722567133103,2,17
2026-07-31,2026-08-03,2026-08-31,Empirical CVaR (matched),0.00011929990959110667,paired empirical blocks,0.005498111919183982,0.006397365570579987,0.0001812276937591241,0.005435570892836219,0.005963046948305979,0.047619047619047616,1.0,12.884602722801201,2,21
2026-07-31,2026-08-03,2026-08-31,Filtered-stressed CVaR (matched),0.00035073731534899214,filtered recent-weighted blocks with stress mixture,0.005069949222812076,0.006126563779804409,-7.5742036156442096e-06,0.005481178116386142,0.0067438948880684055,0.09523809523809523,0.9999999999999999,14.174464040347692,2,19
2026-07-31,2026-08-03,2026-08-31,Regularized filtered CVaR (matched),0.000303401211774191,filtered recent-weighted blocks with stress mixture,0.004892791322358965,0.006129923409596976,-0.00013676628718332638,0.005212008501772402,0.006176398938149224,0.09523809523809523,0.9999999999999997,15.264280974995474,2,17
