Date,Equal weight,Original covariance MVP (matched),Dynamic covariance MVP (matched),Dynamic-factor CVaR (matched)
2017-02-01,0.014310399556933808,0.0028890494848901643,0.0043567538741674135,0.0042485122443887136
2017-02-02,0.005147441030186646,0.004814121509575931,0.003812041490493504,0.007020136791504157
2017-02-03,0.002124386217237103,0.004544972500989173,0.003981747524501462,0.006435209558622326
2017-02-06,0.008413889107416247,0.006391049108484363,0.00628831727341048,0.010256180259375927
2017-02-07,-0.005801994717532054,-0.006870076449139163,-0.006349799428448004,-0.00790885945526099
2017-02-08,0.002731078292594331,-0.002603126816145429,-0.002421032975629134,-0.00018342866358966333
2017-02-09,-0.0006006531157263705,0.0009043774784239023,0.0011400907405960722,0.0002316009200126186
2017-02-10,0.004332154512789243,0.002181755862145331,0.0016773480862689724,0.002587862942436376
2017-02-13,0.0012134923919025035,0.004220730724207207,0.00458751833998183,0.005781696296277467
2017-02-14,-0.0006385488628716013,0.0009067171198234507,0.001447152077565989,-0.0005780377599279387
2017-02-15,-0.006565035202944316,-0.0036380302967191193,-0.003868138907943107,-0.006885830121451025
2017-02-16,0.010822077799133637,0.007555684177046729,0.00716869186611063,0.011416006149570087
2017-02-17,0.00126302458324035,0.0044673050230203395,0.00405185942210097,0.005297792479157265
2017-02-20,0.007097694267153662,0.0073304825909492515,0.007242538339391546,0.008071960470281778
2017-02-21,0.0046852567317761645,0.003101628310356029,0.0032045275100010913,0.0028480710660488545
2017-02-22,-0.0008210779960026989,0.007401994753426488,0.008706228281541717,0.007570239135402453
2017-02-23,0.0007822900989425717,0.0015680566799837429,0.0011093596257508742,0.001364691113751608
2017-02-27,-0.0057065647258790625,0.0018677955085904425,0.0010389028278196466,0.0029382465636525737
2017-02-28,0.0006831518616188643,-0.0020759992896379593,-0.0014364626891895775,-0.003409590505995364
2017-03-01,0.006610164690273881,0.005510351638567189,0.0055413408643294115,0.005608084474308733
2017-03-02,-0.007795382993054717,-0.0033664748324025036,-0.0037133533573386803,-0.0024508294141054833
2017-03-03,0.0002731681095852177,-4.6663324043045825e-05,-0.0013103550152230787,7.824888132490992e-05
2017-03-06,0.005993725600147526,0.007754862743851015,0.007935767232001277,0.008082848077129348
2017-03-07,-0.0018120228937855492,0.001280693738494161,0.0013305159985672467,-0.00021298180946293732
2017-03-08,-0.0025718790451375517,-0.002809609032453057,-0.002503767083884624,-0.002235434119116096
2017-03-09,-0.0023103640354488336,-0.005906088704403855,-0.005431815049044027,-0.005906127923771416
2017-03-10,-0.0008508945675815396,0.0017642723644128396,0.0012216197958667622,0.0026222763614932865
2017-03-14,0.017866040858321112,0.015679310417813994,0.01638779179847947,0.015399234135185774
2017-03-15,-0.0005856635634939442,-0.004154442561999576,-0.0033191898276184136,-0.004378188690742822
2017-03-16,0.013113265246870794,0.009880905324861862,0.010112193932649383,0.008112039746220372
2017-03-17,-0.003130957120529911,-0.0002625640737718778,-0.0008521976350765719,-0.0001624825658285184
2017-03-20,-0.0010852223156395842,-0.0030112622223592094,-0.0024284039152933337,-0.003359071986294458
2017-03-21,-0.0015425235437959357,-0.0030934435480600283,-0.003008138305271694,-0.0024045175856847734
2017-03-22,-0.010004618003105415,-0.006864709477282177,-0.007419702494953049,-0.008697798061035348
2017-03-23,0.006165773177570997,0.005247929865593603,0.005280318214094454,0.0036357586991636057
2017-03-24,-0.0005716707608836444,-0.0003325865993075094,0.00022534374799737414,0.0004829841423557501
2017-03-27,-0.008567911963091215,-0.009658354717922868,-0.009209192571761856,-0.009505773443439466
2017-03-28,0.005244761496878619,0.0036124228271341326,0.0035950822432723874,0.0053891884004957325
2017-03-29,0.0032112239415328023,0.0055174566942334064,0.005277747716451234,0.0063531377363846035
2017-03-30,0.0032395312378274213,0.0029699831803915175,0.003483103659951342,0.004855427234299069
2017-03-31,0.003126543376783818,0.0030665284573500587,0.003050837911994996,0.001073191505456348
2017-04-03,0.004436548851351836,0.0001795779099601438,0.00019282081728663346,-0.001902457120854897
2017-04-05,0.008188342134231554,-0.00035826086400018065,3.895046242572309e-05,0.00022064262409225125
2017-04-06,0.0014431432284145703,0.0019979322919200498,0.0018633656826443712,0.0012054712338688774
2017-04-07,-0.0060357602197391785,-0.004083513053327791,-0.003943840998553975,-0.004058628919600513
2017-04-10,0.0022475436419040766,-0.0027305618974990363,-0.0026113913661701777,-0.006286820143787784
2017-04-11,0.0030355581816539127,0.0046924108655602165,0.0046166661696783705,0.004727750152465717
2017-04-12,-0.004555890926462297,-0.004329384292127686,-0.004706489612172333,-0.0039191018605355815
2017-04-13,-0.0077276540200008955,-0.008069123878347842,-0.008076717445968721,-0.01010726015054818
2017-04-17,-0.003837988228551185,-0.001660061859170153,-0.002300882356767342,-0.0004961872885869844
2017-04-18,-0.0072892283925758,-0.004518040900069596,-0.00435481562806514,-0.00303139543206473
2017-04-19,0.00243238832836476,0.00144345273914053,0.0013337681425909897,0.0014761399428444156
2017-04-20,0.00476263918046942,0.0035941906885325146,0.0033741192196976655,0.003654784795844219
2017-04-21,-0.003218617552068155,1.071391631972732e-05,0.00031287345957878196,-0.0005075287486378966
2017-04-24,0.010174554930024223,0.006695356910626003,0.006848344106693335,0.005674867962798426
2017-04-25,0.010323545314517294,0.008613977477772374,0.008920967358223508,0.007595418102447198
2017-04-26,0.0015423303119298543,-0.0004631845782695769,-0.0001780099034908284,0.0009516357574275514
2017-04-27,-0.001216631216091109,0.0018226706584919734,0.0018526954709451506,0.0036169510126357403
2017-04-28,0.0014823579242398896,-0.0046745916769550255,-0.004722223295097286,-0.006111879361914345
2017-05-02,-0.0010100569990892404,-0.0007099831391694012,-0.0007713035369023307,-0.0009313759195586106
2017-05-03,0.0009427314388939707,0.005929686382325603,0.00559885267950256,0.007659767405237187
2017-05-04,0.007401628769010145,0.000654521506390376,0.00119016433125363,0.0015652541398706937
2017-05-05,-0.007167120791324363,-0.005393239426626633,-0.0054401128818267145,-0.004198507051746727
2017-05-08,0.004460789606962331,0.004277533231702352,0.0046504316317388505,0.0027427846681223854
2017-05-09,0.0014525590835610903,0.002002426120496162,0.0020265374219323755,0.0011183761768157826
2017-05-10,0.011632885209228295,0.010748466638152189,0.01064847026748588,0.01095712387689177
2017-05-11,0.004214968209769193,0.0005008556214718615,0.0006427242108481784,0.0025367749253569437
2017-05-12,-0.0028112150048877444,0.0013658609554758653,0.0010941438640652875,0.0013726050608990216
2017-05-15,0.0061488465993535775,0.0011580058642403713,0.0013332328243689726,0.0016183673218169248
2017-05-16,0.004789065658095001,0.005486905340661611,0.005670182179065229,0.007334612270198708
2017-05-17,0.0010526645771829141,-0.001731395579610801,-0.0017304371614351019,-0.00035121338793783405
2017-05-18,-0.013561093008187324,-0.005753313149971107,-0.005904939364113201,-0.005844693214445947
2017-05-19,-0.0019558165773708655,3.884060740038699e-05,-0.00013001205410932172,0.0005477766787801014
2017-05-22,-0.004639468871167358,0.00025156674505937416,6.812433507780353e-05,-0.0008636370461996623
2017-05-23,-0.006880781167449499,-0.011175962914310264,-0.010716583492344249,-0.012272236911481181
2017-05-24,-0.008901210121876078,-0.00741323832450278,-0.007307813774250598,-0.007048928969179571
2017-05-25,0.010612815945374807,0.008196963132800952,0.008924126341514026,0.0077860454094855975
2017-05-26,0.010428452611110786,0.0041186200708172895,0.004312916016628975,0.0035597941438888173
2017-05-29,-0.005992789948023307,0.0006944551852095716,0.00027173626202867167,0.006287078036975596
2017-05-30,0.006034277012393945,0.0009959315847880507,0.0012581190962241086,-0.00045302609599298053
2017-05-31,0.0020880228623627057,0.001142443969114048,0.0011128512183357702,0.0013948354644807873
2017-06-01,0.0017746686940158067,0.0021979377692551245,0.0022248872691730376,0.002537306881818772
2017-06-02,0.005656259261183485,0.007208858838670949,0.007232087946998306,0.007350878958654908
2017-06-05,0.00573618345123747,0.003210148408912701,0.0033531116792099194,0.003314954230864526
2017-06-06,-0.0042237870061709515,0.004523641431266657,0.004880111800764667,0.003995855952645716
2017-06-07,0.003861615161600521,-0.0025236490013475733,-0.0027714621171559843,-0.001536496420058076
2017-06-08,-0.00048290523323799657,-0.0009064293849526416,-0.000951272640693919,0.001543198591727193
2017-06-09,0.0005124839149449092,-0.000766433697629527,-0.0007540687637393731,0.001120980898490137
2017-06-12,-0.005586826911486676,-0.003172149277580953,-0.0031955153379244683,-0.0036731656856701022
2017-06-13,-0.0005811340507874608,-0.0016810869019568252,-0.0017557707673479558,-0.00040744494547648863
2017-06-14,0.0004431781687349726,-0.002618513448144497,-0.002832216845935411,-0.0016574657833396055
2017-06-15,-0.002620830211767902,-0.002253136023032308,-0.0021691029281577646,-0.0008218223531363955
2017-06-16,-0.0002547539672473994,-0.004857854037287201,-0.004858799074715281,-0.00549045763477163
2017-06-19,0.004801150134930564,0.0031421409145051863,0.0032098321194219378,0.0020947361577660956
2017-06-20,0.001441431606419577,0.00021673549391032693,0.0002228717206682908,-0.0007251197560048764
2017-06-21,-0.0019676338670966543,-0.002917503563612199,-0.0026031674176411304,-0.0002812788272019127
2017-06-22,-0.0019949912221257733,-0.0017491242863103412,-0.001683493968397312,-0.0025272313872729078
2017-06-23,-0.006539488507649675,-0.0031071534059257605,-0.0028667081980917547,-0.002992438290070196
2017-06-27,-0.006579236758118216,-0.006633992393379389,-0.006450698530365425,-0.006144545082519229
2017-06-28,0.0023353216015446904,0.0027656520086661008,0.002703656087072583,0.0039247515371064875
2017-06-29,0.0035336849467574602,0.0015385316909546612,0.0015973619510314112,0.0014143508245766743
2017-06-30,0.0033969488334627943,0.005794537510355023,0.006019902313472534,0.005395184999448329
2017-07-03,0.008017022950428209,0.00520548597085762,0.005356512473727432,0.005254750738315772
2017-07-04,-0.0008522186136170659,-0.0012303077581360278,-0.0013303715748364212,-0.0022349304695080474
2017-07-05,0.005281784898792816,0.0007410327165846367,0.0012317044214594161,0.00037319742147241483
2017-07-06,0.001206081329690127,0.0001638281863372311,0.0002467683491599015,-0.0004614670881277856
2017-07-07,-0.0014186814672849947,-0.00161407741009791,-0.0017020311607973825,-0.0022677552716708948
2017-07-10,0.01136126169784464,0.014871781280866997,0.014604546807450693,0.013793840215479119
2017-07-11,-0.0011040054815005663,-0.0006078722816698476,-0.0006470713839701797,-0.0005653364274996089
2017-07-12,0.003660919357931905,0.000962434469179839,0.001037948209740763,0.0030891144010679362
2017-07-13,0.0077202495965183445,0.005065052425820788,0.005226458943369056,0.004963962344677506
2017-07-14,0.0007403969982051183,-0.0031446896670878815,-0.0029327023169962363,-0.0031030517473213154
2017-07-17,0.007187306716261995,0.00684348354186691,0.006794413637816866,0.007636738849518857
2017-07-18,-0.002143067465814498,0.00029645246285310307,0.00028721237904315365,0.002764112658700484
2017-07-19,0.010737699586985396,0.010471961235336202,0.01037812179890809,0.008502610471204479
2017-07-20,-0.0010396094180740662,-0.002807475705879446,-0.0025159133071943228,-0.0032045437296654793
2017-07-21,0.006035258798431787,0.01041205797082477,0.009883213900304711,0.009916721679866517
2017-07-24,0.0031827326750145653,0.007693340427021241,0.007394717906133184,0.007980713436523564
2017-07-25,0.00031027811733712123,-0.00129181262683141,-0.001133007153572613,-0.002062290807456901
2017-07-26,0.0056709274260380365,0.003732553252650951,0.0037173256425255593,0.004262794294136487
2017-07-27,-0.005567671886063205,-0.004307733084256166,-0.004261558796196671,-0.0022599776198545625
2017-07-28,-0.004388809795819595,-0.003957565183679956,-0.004091223934725823,-0.006799327879231095
2017-07-31,0.007779170707709149,0.0021224969674636905,0.002330939575804129,0.0031726417650404844
2017-08-01,0.007058574992713979,0.0028776029159981445,0.0031261732980938273,0.0030076018045701223
2017-08-02,-0.0017432927943546437,-0.001904485277693659,-0.0018502967113054804,-0.0018238073260802641
2017-08-03,-0.004540684776157281,-0.0043499429965532296,-0.0042654176065912855,-0.006246058975784054
2017-08-04,0.008944872526584269,0.005550218265442849,0.005231909295728783,0.004047581944978537
2017-08-07,0.00317323096692074,-0.0023475867039870796,-0.002242289930212227,-0.0018521195036987521
2017-08-08,-0.006079620676882531,-0.006289743736319712,-0.006356354370276994,-0.006183782933669092
2017-08-09,-0.010594985289867777,-0.007510882271268442,-0.007717691625167904,-0.007370638096065286
2017-08-10,-0.012038021753270376,-0.008284665999990904,-0.008696143522242777,-0.0077883530037442614
2017-08-11,-0.008938758433780973,-0.007561515588037651,-0.0074675443829063225,-0.005747168822501156
2017-08-14,0.014429467335320106,0.00738354117921483,0.007854659138912269,0.00841052204899152
2017-08-16,0.007694059324880171,0.006550387457105522,0.00618523046836621,0.007196507490170322
2017-08-17,-0.0010239340949114411,-0.0031580772068833035,-0.0028232019908654687,-0.0026645112650165483
2017-08-18,-0.0034688485309790945,-0.008012028309068683,-0.007662795845007085,-0.010913860814029265
2017-08-21,-0.0092694433189849,-0.010236230290516674,-0.010079332554374975,-0.012218099939788302
2017-08-22,0.001549685133222279,0.0016024680066563822,0.0015802893980766128,0.002433054472520745
2017-08-23,0.008340614193739031,0.005471238444053541,0.005704855599874621,0.005775814522784592
2017-08-24,0.003761381245057371,0.0015381144699650059,0.0016914756552514772,0.0024331484666367306
2017-08-28,0.008012567503737866,0.00996962055331727,0.009559519915186665,0.009818823221738115
2017-08-29,-0.01180303308654964,-0.011167208393352604,-0.011179636805293977,-0.011321214334463075
2017-08-30,0.009426116170579273,0.005300907634700931,0.005748505909038719,0.005424539887721758
2017-08-31,0.00351298182028815,0.006336092150466778,0.006138935650636972,0.00785659837620631
2017-09-01,0.006814165245720536,0.005804043441496777,0.0040670054341557845,0.0035182895584880683
2017-09-04,-0.00443391065847095,-0.006692744386572955,-0.007046851233932515,-0.006316570131134994
2017-09-05,0.005490741478186489,0.005294372300340624,0.005190110374684606,0.002688527780839666
2017-09-06,-0.0014690140815729004,-0.0045757643911136505,-0.004456545491175548,-0.0042017182628271785
2017-09-07,0.006334589438937527,0.0038517641376894494,0.003940453073874372,0.004156419340763362
2017-09-08,-0.0032205061930861887,-1.5749822259250937e-05,-8.095815618829158e-05,-9.109399325912695e-05
2017-09-11,0.007688534475998011,0.00904250314173597,0.009436214460498131,0.008508053644851564
2017-09-12,0.007883256876078925,0.007319938775198372,0.007889259340759994,0.006652859836833809
2017-09-13,-0.002625592133964363,-0.001154489764689228,-0.0014965073659697118,-0.002461609600356531
2017-09-14,0.0008632418645318544,-0.002125334503724205,-0.0023887004139397944,-0.005906213170016176
2017-09-15,0.0023429756150936676,0.002546228677684411,0.0025597992068278554,0.002481051343425111
2017-09-18,0.006012142018295909,0.007393189405729795,0.007305278475547055,0.00851505940326098
2017-09-19,-0.0024814779470396647,-0.0004966989110380091,-0.0002727566622932619,-0.00022130888885824138
2017-09-20,-0.0010470853994386702,-0.0007165780511130646,-0.002006270089543032,-0.0026741925765565093
2017-09-21,-0.0010486755619484218,0.001784934350718312,0.0008880463320103387,0.000942447419740277
2017-09-22,-0.01710278418557174,-0.010118800822014386,-0.009709557536989577,-0.007718142156716082
2017-09-25,-0.011736226326466016,-0.011667037962494721,-0.011864692543904059,-0.01102524422157793
2017-09-26,0.001370352366410756,-0.004958187796914379,-0.005698845203934546,-0.0070726351737891305
2017-09-27,-0.013077430880651142,-0.00847855050771714,-0.007685949076350711,-0.00724261839201985
2017-09-28,0.004746912319581127,0.0021491337126117367,0.0014783926288135642,0.00018777632194528593
2017-09-29,0.004761727784552407,0.0014843409274525328,0.0021842901781242733,0.0019786907443614847
2017-10-03,0.0072860205247229914,0.00619845443285364,0.006111807709822114,0.006633446191020174
2017-10-04,0.0029804037359009434,0.003770977162682743,0.0038248343862960017,0.002935624221792422
2017-10-05,-0.0012287068985550225,-0.0010754231053216202,-0.001429782278516067,-0.0006306843784411973
2017-10-06,0.011872900989910805,0.008083398230117517,0.008238944204631424,0.006013237919726654
2017-10-09,0.0019706545902075084,0.00014726993477553638,0.00014685370766769838,0.0018075957817559598
2017-10-10,0.0036379889210816957,0.005037892293326246,0.004828808737306682,0.005657520144709454
2017-10-11,-0.0027858537521888546,0.0046758882112736865,0.005429194024923188,0.001987224624133875
2017-10-12,0.009958364161199577,0.009419747991543194,0.009422905857398911,0.007725607951945578
2017-10-13,0.006562390915584033,0.009342640627165503,0.009912528831934844,0.006787237271909519
2017-10-16,0.006516856712688051,0.00653783653929835,0.006552275834678514,0.008196979495736433
2017-10-17,0.0018898448322270328,0.0012981186432356006,0.0016906259735197642,-0.00010660365179202816
2017-10-18,-0.004834521943344456,-0.00352284949502005,-0.0037285274893958885,-0.0012383606464169714
2017-10-19,-0.006168837836060866,-0.00393510002137359,-0.0034898758758812216,-0.005282210527289105
2017-10-23,0.006908326579028711,0.006251911857141374,0.006295093422545332,0.006349259839001025
2017-10-24,0.002711134147094435,0.001144505122740005,0.0007061220276055856,0.00031996791826552644
2017-10-25,0.010080683740929684,0.002061609751609444,0.0013526662814192028,0.003293758118140306
2017-10-26,0.0021772868008548686,-0.0008169137593929405,-0.0012423268848891554,-0.002908093830783406
2017-10-27,0.002301244614015187,-0.0028809151498726806,-0.0033788941523255826,-0.0020895450339817384
2017-10-30,0.003475121971649513,0.0010326544341269276,0.0007657384279091881,-0.00017775750813610542
2017-10-31,0.0014746031246103517,0.005297929174466363,0.005525029510167115,0.0011120541705716095
2017-11-01,0.006653406862054573,0.0032573459032179224,0.002895810186135149,0.005878526014073225
2017-11-02,0.0014407598677455915,0.0006441481428783777,0.001701906414734552,-0.002619988563922525
2017-11-03,0.0008683368661432275,-0.0023952600189655034,-0.0010143382715741404,-0.0029893626708725773
2017-11-06,0.006822003880398805,0.004473433714508254,0.00765869482085919,0.0029525393558049143
2017-11-07,-0.010853787078966812,0.0007701987335305419,-0.0029651957055065537,0.0006704833661620106
2017-11-08,-8.908300504257508e-06,0.005394531655466136,0.0037914152499330094,0.004321112660005404
2017-11-09,0.0023843085836664215,-0.000421324465719505,0.0003920328140857648,0.0010691804569329514
2017-11-10,0.0048208958182139345,0.00140601865552417,0.0013457895113029588,0.004014714061217417
2017-11-13,-0.01002155197947726,-0.0029479585874458572,-0.005027770136714537,-0.0034418047242456085
2017-11-14,-0.002902196691366314,-0.004227711570529293,-0.003260345637427903,-0.0034219687985684714
2017-11-15,-0.008273325360293866,-0.004246589425553553,-0.004562707748629512,-0.005306816206607011
2017-11-16,0.006700502463061006,0.005604815984760999,0.005197671490993866,0.008371223968606137
2017-11-17,0.0066826929547884,-0.002274408801186594,0.0007161761466251002,-0.003408924040940595
2017-11-20,0.0006814670212540097,6.27621356941926e-05,0.0011852859801342397,-0.00032727503399580706
2017-11-21,0.006492249819807468,0.002834874725184228,0.004270238348995942,0.005261764755371636
2017-11-22,0.0011780619303284727,0.0011125356714689393,0.00102995601513016,0.0008672741309255344
2017-11-23,-0.00027712149274532736,-0.00011795101293617105,-0.0011003476997475047,0.0011113191290928292
2017-11-24,0.0024703127413733678,0.0035562193188814037,0.0037091148635693795,0.004235225211125055
2017-11-27,0.0006789143123774748,0.0020877509990885144,0.002309036561214753,0.0014166330075066381
2017-11-28,-0.0038678492173323514,-0.0016409088582106121,-0.002157920968810525,-0.0027337177079794837
2017-11-29,0.00033995891865889463,-0.0017902898209669843,-0.000929512382795393,-0.001563049178130096
2017-11-30,-0.010788229657911798,-0.010791856816347607,-0.010303658003402792,-0.011040607913661531
2017-12-01,-0.011162882586483059,-0.01103575972862999,-0.010685851903538688,-0.012325141294834582
2017-12-04,-0.001411253521192203,9.940642861209727e-05,-0.0003179866662181218,-0.000663586109996317
2017-12-05,-0.00400623608473254,-0.006785466279691966,-0.006496856070125992,-0.007172682803270516
2017-12-06,-0.008455509667813148,-0.0022920786501357247,-0.002724250171136523,-0.002015545422394832
2017-12-07,0.01573028536941691,0.01320636667016965,0.01324588816101347,0.016123436888762766
2017-12-08,0.009387565831984062,0.006727887128321336,0.007116076168868392,0.007216094523972568
2017-12-11,0.004637199528033714,0.007387350693799008,0.0070663745927008565,0.006356938158250183
2017-12-12,-0.005503586979493482,-0.007329977730112627,-0.007287870063704341,-0.009364510105426688
2017-12-13,-0.005341975028352585,-0.0017531962912010707,-0.0019554221300015417,-8.349124112372443e-06
2017-12-14,0.005985750056141515,0.004892898471960483,0.005169863742141167,0.006925558422979797
2017-12-15,0.006830610778928323,0.004584491902216286,0.00509616562122224,0.0020441456936600246
2017-12-18,0.007522957157812029,0.00556828393324443,0.0056065988745245855,0.0023627365306692276
2017-12-19,0.008645926085196383,0.004000883370259589,0.004560464420713872,0.0035481727207827035
2017-12-20,-0.0006470795178598477,-0.0009032991359886565,-0.000993121781215518,-0.002295119490398992
2017-12-21,0.0001422938959815378,0.0007462366374924672,0.00043343369828102675,0.00231099823558196
2017-12-22,0.004930224261948123,0.003578102878536425,0.003698288664154662,0.0038231336037786176
2017-12-26,0.0032104201956096464,0.0009741287206992657,0.0009633782552795575,0.0018417296191548943
2017-12-27,-0.0019856865880263225,-0.0020296929026734616,-0.0021421104916616654,-0.0015016253401872268
2017-12-28,-0.0009266519574252119,-0.0030982664127416192,-0.002934894838911645,-0.004441097979672349
2017-12-29,0.006130017984705359,0.01230894105905062,0.011807149366118312,0.013860612956384702
2018-01-02,-0.008609361432959695,-0.005550644504737151,-0.005936327507660976,-0.0053171840233758125
2018-01-03,0.00011280805678695973,-0.0015436506317376458,-0.0015638656831447211,0.0004313813709843342
2018-01-04,0.010008736318705018,0.004599394881648445,0.004900411049089553,0.005537731982638918
2018-01-05,0.008853995114742727,0.006600529627310803,0.006963578201671365,0.0064598053014606905
2018-01-08,0.004244708023608448,0.005669118864409919,0.005618896375221844,0.006093908896225971
2018-01-09,-0.00024278834508883497,0.0004678810756437793,0.0005567685110529309,0.0017758004467022547
2018-01-10,-0.0003496400781803084,0.005745372557949661,0.005308533199677094,0.007927895481218514
2018-01-11,0.0004980247797984909,0.0018631796452089457,0.0017902883063994545,0.002990133618758018
2018-01-12,-0.0005131038903855494,-0.0006358803229326653,-0.0006201044798161554,-0.00021266348132182493
2018-01-15,-0.00044491942227218423,-0.000788833007170995,-0.0007539946539653893,-0.0019248285403170916
2018-01-16,-0.0035440174727239793,0.005737788221291638,0.005049752728492779,0.005691293348762645
2018-01-17,0.007308145818438974,0.003813064851619282,0.003951486273580355,0.0008142586319122262
2018-01-18,-0.0069233395170729545,-2.973981929299958e-05,-0.00024072475640319637,-0.0034246635429351856
2018-01-19,0.006464190524094314,0.005518889682531943,0.005698448069231067,0.004249847242884616
2018-01-22,0.007079363895115373,0.011415450610122927,0.011632674506954143,0.013595767861145063
2018-01-23,0.010206330289759737,0.005860973753118568,0.0057664268011229265,0.008465825380632229
2018-01-24,-0.002460128155141881,0.004162746296030765,0.00397358716725519,0.00440077246760096
2018-01-25,-0.002878195506489129,-0.0035853156366134208,-0.003412742168099906,-0.002475017953169925
2018-01-29,0.002557215170052453,0.005128185723054659,0.005181497428094777,0.00760309368934645
2018-01-30,-0.008214496535814407,-0.00965175682551609,-0.00967068862436092,-0.007223539958513023
2018-01-31,-0.006360745415083084,-0.0036015452538666463,-0.0036087322227844215,-0.0036395493643853194
2018-02-01,0.0005421631672096839,-0.00033818566770870936,-0.0002967548114655719,0.0022175493716015226
2018-02-02,-0.02338723186046511,-0.02094166981059171,-0.02156410594599599,-0.016274534242372102
2018-02-05,-0.006353165443839386,-0.004069504643285107,-0.004266328894191769,-0.004555008857116889
2018-02-06,-0.013271469582517416,-0.013844550021175954,-0.013404925826090939,-0.015382731812833911
2018-02-07,0.0019501342674797578,-0.0005693309123963745,-0.0005019456427390936,-0.002561008670795636
2018-02-08,0.012993907536999937,0.005375064999602955,0.005717816871892385,0.011063553324137032
2018-02-09,-0.0058283054077889,-0.006391270539367352,-0.006548807626581173,-0.005840613350948106
2018-02-12,0.008954951256836891,0.010986708237461756,0.011157109042500456,0.010963593037410495
2018-02-14,-0.001185196511042221,0.005504866596078519,0.005090122828446726,0.007497059671380068
2018-02-15,0.002726285963900216,0.007137951563337328,0.006739125928834946,0.005696042242289864
2018-02-16,-0.009383364383389338,-0.009024033948077187,-0.009026254481697266,-0.009162212384057998
2018-02-19,-0.011237235731433653,-0.003063863396351397,-0.0033267995054340003,-0.005853749357995576
2018-02-20,0.0028344722031559827,0.001310266305087487,0.0011587455980670539,0.0025791736220471834
2018-02-21,-0.0004631176103472741,0.003525879475230473,0.0030972532309760693,0.0025908369837952193
2018-02-22,-0.002216799220863575,0.0009890772813329275,0.0007134597061385002,0.0008099238649968773
2018-02-23,0.012459798687250794,0.00688717625166513,0.007046264062169017,0.004854418083302144
2018-02-26,0.008377007147010718,0.00670128631008839,0.007064647978177107,0.004152173530799235
2018-02-27,-0.0027194401243340978,-0.001714015780618354,-0.0019401461009439722,-0.0005240203442556171
2018-02-28,-0.004429467733860277,-0.00273736367197193,-0.0029131196717398417,-0.00165775859533982
2018-03-01,-0.0025681577976568674,-0.0008397343636669492,-0.0007899865750756795,-0.00163977686770442
2018-03-05,-0.008380487137353735,-0.009204768453812497,-0.00932717886871977,-0.00988210386746051
2018-03-06,-0.00947671054642157,-0.007735737853855797,-0.007356863166598315,-0.00860590297882936
2018-03-07,-0.009995637950915248,-0.0006889178932818416,-1.3505283216757745e-05,-0.0018036081002382191
2018-03-08,0.0047187385453490984,0.005636176359541089,0.005332332774746602,0.005947210804106695
2018-03-09,-0.0029777422133918756,-0.002907088859250581,-0.0028948037419548405,-0.002609370271854354
2018-03-12,0.01499777024241472,0.012774737472888532,0.012813478767877865,0.01516560249783849
2018-03-13,0.002053334724991665,-0.0010284667426395423,-0.0012524689985917627,0.002110038635709601
2018-03-14,0.00041888791484666235,-0.0031149545526144608,-0.0029415147242299673,-0.0023768850143630507
2018-03-15,-0.0033088174103961896,0.0025040868321802912,0.002436430009418273,0.0016974253297412903
2018-03-16,-0.013470991370143879,-0.01136853059005231,-0.011242538981547524,-0.011263164746586618
2018-03-19,-0.012312234423763675,-0.008151070926681924,-0.008509957962190971,-0.00952810008816707
2018-03-20,0.0067560791400102065,0.0036143124327483326,0.004070106792659189,0.005778867467293446
2018-03-21,0.0019628287314050518,0.003962224686630871,0.003682194911100662,0.0042067853850074
2018-03-22,-0.0062335767446821105,-0.0039217260799293135,-0.004079636666122235,-0.004765975037056506
2018-03-23,-0.008452263366521332,-0.0032140026136195615,-0.0028215220164310452,-0.004040165925551316
2018-03-26,0.01198858521411008,0.003361074884966322,0.0029413008067684997,0.00477472880846192
2018-03-27,0.008048033446791445,0.007921615814602777,0.008218234221770577,0.007544873015471078
2018-03-28,-0.00744018397538663,0.001035615973874141,0.0013108032728420915,-0.0024342202047794763
2018-04-02,0.012999342167710622,0.012245724614429309,0.011969108709056462,0.012037877504326448
2018-04-03,0.0010299952420262043,-0.0016832606720524842,-0.0016038795652126368,-0.005159750870350083
2018-04-04,-0.012576189753336558,-0.011017821697973926,-0.010891315448906501,-0.011040503130974374
2018-04-05,0.019459453533237678,0.011289786680417463,0.011507527563124047,0.01142074805760899
2018-04-06,-0.00032676482639823544,-0.0018364602203707746,-0.0020416452740995065,0.0006771307667964159
2018-04-09,0.003459891252181919,0.003996965056511489,0.00369954439469053,0.005663060874742918
2018-04-10,0.006638276914972933,0.004207020610426338,0.0044076864472501484,0.0034627865784525765
2018-04-11,0.004030459905067942,0.005798083143405253,0.005962378055177743,0.0060329330271402005
2018-04-12,0.0011164453337348366,0.0043184327076761205,0.004872796216431458,0.002629432320227742
2018-04-13,0.002786797499006934,0.005639850316295552,0.005680186593880803,0.008022226435826455
2018-04-16,0.005971762056640644,0.005090786039670926,0.004823788493075496,0.005901583221212468
2018-04-17,0.0019840634149868924,0.00804093227675419,0.008163809206182895,0.006006048474141323
2018-04-18,-0.0011608057751170066,0.0008641873639200098,0.0008193746599888567,-0.0006735936226475993
2018-04-19,0.008912372252729185,0.004362907329138766,0.004791957886536588,-0.000517407364889917
2018-04-20,0.0011086427457446528,0.00987181570061112,0.010614819264338687,0.009442062786306838
2018-04-23,0.0026646178090662595,-0.002132822109570142,-0.002342991017046989,0.0003219761055201298
2018-04-24,-0.0025912989696785455,-0.007415691069602905,-0.007915646769648083,-0.005614601168648035
2018-04-25,-0.004340873840239018,-0.0016632575111805107,-0.001333409935446631,-0.002116740244441182
2018-04-26,0.0016840547083980088,0.005053016672491493,0.005185288328420698,0.0034623678785147146
2018-04-27,0.005787128272114649,-0.00476972867179941,-0.0051556293390661555,-0.0038297683974681234
2018-04-30,0.005490756327021283,0.011843531569823408,0.012149388973651913,0.008432021010870257
2018-05-02,-0.008663248763227611,-0.008570183524681127,-0.00761500889814292,-0.008830052068577425
2018-05-03,-0.004197619068905104,-0.004622160876523389,-0.004559893043586442,-0.0067007723136473215
2018-05-04,-0.006019405309926635,-0.008369161788923125,-0.008300949930331147,-0.00973670480722279
2018-05-07,0.009384448351494313,0.01074910079897001,0.010369209592698391,0.01081525892847435
2018-05-08,0.0011294415262396733,0.0030396592448459388,0.0020211492145837504,0.0013851494343590373
2018-05-09,-0.00073060457919471,0.00028643903469776326,0.0003328327666386559,-0.001320958828801432
2018-05-10,-0.0043923838114458,-0.0031092452301467195,-0.0036626542640460402,-0.0024326204207696135
2018-05-11,0.006321016222325062,0.007080114537719107,0.007097493321876272,0.008607042883521168
2018-05-14,-0.00016467839174386274,-0.0010452058929965946,-0.001019969349574738,-0.002046359884922242
2018-05-15,0.0007448585725027332,0.0003165733833715566,0.00010160830052311008,6.223915962512774e-05
2018-05-16,-0.0041153833927106065,0.0018502244828401588,0.0013318505503659148,0.00028625394465188144
2018-05-17,-0.00042166529737185066,8.072549406204672e-05,0.0007851365118919153,0.0011079938110803178
2018-05-18,-0.009171803351808151,-0.007531632813374723,-0.007727081504022132,-0.011287335299828295
2018-05-21,-0.011775064542272413,-0.007265671241519706,-0.007674626568138698,-0.007878256765216599
2018-05-22,0.0071172306570795405,0.0025214833816388656,0.002653734671293308,0.006405132810815812
2018-05-23,-0.008987648122361008,-0.00629770125423184,-0.006163882998069492,-0.006587712301938065
2018-05-24,0.007009154045037419,0.004266163663954886,0.004207955228957431,0.007383992822038651
2018-05-25,0.011108328535247562,0.004960814671863091,0.005314727496157304,0.006793396327658835
2018-05-28,0.005366969492267417,0.005440201499358441,0.006097295116026806,0.0034613150535666402
2018-05-29,-0.003595192134559729,-0.005254492505911367,-0.004980932824260702,-0.0014043558532468143
2018-05-30,-0.0017940581845662942,0.0010903255538994613,0.0017581733368662728,0.0012459107902474391
2018-05-31,0.0055935244103479664,0.009507114965548982,0.009409896353931486,0.011042752527503816
2018-06-01,-0.00544771264824536,-0.004836586532036035,-0.004699937355072391,-0.009817749868264515
2018-06-04,-0.0048389226516076,-0.007410918189563484,-0.007527316122552867,-0.00790364758223772
2018-06-05,-0.005696625539390888,-0.005973243068498309,-0.006041531692492829,-0.006552146058201994
2018-06-06,0.012320501259083086,0.009989510897605235,0.009801270445623414,0.008266942651878741
2018-06-07,0.009933868298644122,0.007607420822645179,0.007724998746439519,0.00806083107992566
2018-06-08,0.0033247960376633938,-0.0007021223755601463,-0.0008686044816100258,0.0003342217620495837
2018-06-11,0.003365233430118824,0.002272042258693723,0.0023925867533979095,0.0021027592811715726
2018-06-12,0.0025892605434857012,0.002333210712516527,0.0023820643893594866,0.0030894496628160384
2018-06-13,0.0028076538021235774,0.005081460653670644,0.0052596349332583725,0.007726304050048591
2018-06-14,-0.004219837536279473,-0.007240664749146303,-0.007364032691226812,-0.006458048795637453
2018-06-15,0.0023860907718267275,0.002408095329572231,0.002341463836469857,0.004814015035605024
2018-06-18,-0.0039241313071191886,-0.0019396814997499913,-0.0017687561006487044,-0.0023239729381933534
2018-06-19,-0.00801576888048489,-0.006913767960548978,-0.006978376108435611,-0.00867278754058285
2018-06-20,0.002271919530586852,0.000853557615564021,0.0009381047635921876,0.0007610928997215396
2018-06-21,-0.008304463373673647,-0.0076276800133963756,-0.007420341400780918,-0.008168761630894118
2018-06-22,0.008307317640437278,0.005623842509539022,0.005715472012405024,0.009860784725973074
2018-06-25,-0.005259097393043567,-0.009389155580144571,-0.009296338429863008,-0.008100177646998311
2018-06-26,0.00012548452022142045,0.0007177353142591937,0.0007927679793485673,0.0014511481224900764
2018-06-27,-0.0073043225334090975,-0.003696176768014843,-0.0038083722195750465,-0.004580929374113882
2018-06-28,-0.008166407039654733,-0.015232137491136373,-0.01535933817422853,-0.00988144870418253
2018-06-29,0.014466169749063128,0.016384281573745864,0.01589786787021082,0.014557742841596
2018-07-02,-0.007305396615454171,-0.007390546631295142,-0.006817219442457754,-0.00563336706098208
2018-07-03,0.006027288654731519,0.006330884591461351,0.007353558764200406,0.007217275206706248
2018-07-04,0.002751637977040913,0.002374422443306763,0.002500108602973909,0.0014459036651814927
2018-07-05,-0.0022933808248632222,0.0035272357722517596,0.003017446031941497,0.003405147623135626
2018-07-06,0.001676118126488228,-0.0012105982793116702,-0.0019422804236747734,0.00014858625191128212
2018-07-09,0.006466746154579581,0.007617124040800214,0.007981880728224956,0.0060606689606651325
2018-07-10,0.011449467064824838,0.009804937700795054,0.009615267243150444,0.009605383886819148
2018-07-11,-0.004075860669402022,-0.0018073421548001254,-0.001465797155822404,-0.0032265191833629678
2018-07-12,0.003520752113736425,0.004350838853776993,0.004945283232011214,0.0017651441887231458
2018-07-13,-0.002990892271116179,-0.0011062767801083163,-0.0010412619278292745,0.0015507425975143075
2018-07-16,-0.013376549974551993,-0.005771928653944224,-0.00696582449953579,-0.004403081657753065
2018-07-17,0.009145530206129543,0.004951190347000189,0.00443672867283972,0.007975735279283244
2018-07-18,-0.006864909645770461,-0.003324703712093027,-0.00310827622653474,-0.003275249765362016
2018-07-19,-0.003306092723746978,-0.0017708125910622296,-0.0024901482494997795,-0.0016719328045645375
2018-07-20,0.006681411438803766,0.009402351996541412,0.010868974489135666,0.013415837637658853
2018-07-23,0.00812469410798738,0.00847003119182164,0.00781344281228791,0.009890091400197776
2018-07-24,0.007391357719413118,0.0045011603836738355,0.003947579151506906,0.007985674572744364
2018-07-25,-0.005235500107140989,-0.008638049426160567,-0.00830592359069765,-0.008428142748888255
2018-07-26,0.005652237936649862,0.005257960021086696,0.004882319565845389,0.001889132921083736
2018-07-27,0.007648538889547184,0.00566705540335988,0.005057102153337039,0.002665928854104634
2018-07-30,0.006270145736355721,0.0059935443516178875,0.0049208374889795365,0.0014384586524384348
2018-07-31,0.00967704105725039,0.007315412028364107,0.00845370765440434,0.00421078931790832
2018-08-01,0.0011103157493825388,0.0012200867445514383,0.0012596816593933933,0.0017931790110925115
2018-08-02,-0.004364458491799665,-0.007358397695948174,-0.007233024985657109,-0.007219299735548277
2018-08-03,0.007039823767930277,0.003333750470477097,0.0033943026448843418,0.0020754640283233857
2018-08-06,0.002759198931484832,-0.0027607740440674195,-0.0028849638320239596,-0.0027984894171615743
2018-08-07,0.00023533675521074198,0.002827075796875665,0.00232438176629875,0.002752096145255311
2018-08-08,0.006002470885520694,0.002747616926650387,0.0028361149478948805,0.0030420390533018662
2018-08-09,0.0021006696705977703,-0.0015569335844483573,-0.0014013935809877747,-0.002856236561673493
2018-08-10,-0.004798169069894964,-0.00015440892145873937,-9.471880837425115e-05,-0.002324180232622575
2018-08-13,0.00030842916566936433,-0.001405397439312053,-0.0013493410528992223,0.00025389706949649384
2018-08-14,0.011126403324381785,0.0052649012038084465,0.005179369067819356,0.00638582489007101
2018-08-16,-0.00238228640205335,-0.0036756395318141414,-0.004073412245407135,-0.0034718647737793824
2018-08-17,0.009614228475084748,0.00597494284437388,0.0058827609045317975,0.00738315867539599
2018-08-20,0.006104381191388017,0.004691375639289703,0.004948632674842374,0.003002982874595
2018-08-21,0.0040380001859600615,0.0033076872295269982,0.0033218336041951732,0.0034533542818753504
2018-08-23,0.0027409412886387242,0.0045129509382004504,0.004822023091668014,0.004415530299787021
2018-08-24,0.0007543777050828854,8.523219771951977e-05,0.00014968415986497236,-0.0012757694941551822
2018-08-27,0.010747108998166931,0.011931104938825106,0.012176716052130806,0.012004643302658706
2018-08-28,0.001965164312922849,0.0011333989041057723,0.0010884229521395546,0.0007181957256034452
2018-08-29,-0.0005893010057748086,-0.0025648804973052108,-0.0027024411651587767,-0.0024208927321744365
2018-08-30,0.0012254618229207426,0.0008330949842897061,0.0010571853414554633,0.00037580595427854496
2018-08-31,0.004975686220714899,0.008954003035579252,0.009556102938362877,0.009824936010155574
2018-09-03,-0.007713853324683351,-0.0053285706533240966,-0.005620053874017275,-0.007471543884279892
2018-09-04,-0.010360656445259103,-0.006597843231983301,-0.007551357370235781,-0.007575380116025229
2018-09-05,-0.005400255185076788,-0.0015580863551825025,-0.0011703280203756194,-0.0024465970236312077
2018-09-06,0.0030855509580355388,0.0017504613739954846,0.002085046649147659,0.0012816314335607375
2018-09-07,0.00834710821147262,0.007563878822911156,0.008001452096219223,0.01245087031033448
2018-09-10,-0.013590092732266733,-0.011252113866558163,-0.011822571681904316,-0.01320147093750693
2018-09-11,-0.01346515214871749,-0.012359258131977196,-0.012683797225790182,-0.011950879999938466
2018-09-12,0.008698059459431542,0.009733024122804761,0.009392255359351107,0.01037074302304809
2018-09-14,0.014599088119493942,0.01220664558077944,0.01313426250915168,0.010311080836759069
2018-09-17,-0.00832606699552061,-0.007449720738642568,-0.007435160751842016,-0.007696987353509871
2018-09-18,-0.008536951421360989,-0.0077520521940330255,-0.00765905868067887,-0.0034435249945846693
2018-09-19,-0.0020127911456390424,-0.002855818636593063,-0.003151665096298473,-0.003057222398206544
2018-09-21,-0.009284801067429467,-0.007199833762226532,-0.007825045452476906,-0.005771013736926829
2018-09-24,-0.015671336935977664,-0.01440824974420752,-0.015154175359787584,-0.014687792780977775
2018-09-25,0.008477677164843014,0.007039525029509161,0.007298856456535289,0.0049916199994241945
2018-09-26,-0.0006572821502634907,-0.007733284421734523,-0.0064799671611276135,-0.0074945848490080395
2018-09-27,-0.007732109350187769,-0.0038743391048298888,-0.004520457689069328,-0.003073805715124818
2018-09-28,-0.012147079153682277,-0.0065463760337058155,-0.0077587767581218095,-0.0040399386574110595
2018-10-01,0.006073599329561862,0.012392334607099072,0.012460740326515764,0.010507879737650381
2018-10-03,-0.013176980156744962,-0.010431201411816636,-0.010333982670549729,-0.010707506094199815
2018-10-04,-0.017863621675039187,-0.024476696089273726,-0.024958778321743036,-0.02274616679731322
2018-10-05,-0.02442866769117406,-0.017092593406064806,-0.018786097694007627,-0.017174609692328653
2018-10-08,0.0003533299179837696,-0.00022432764359529324,-2.0818413193692074e-05,-0.0027076996484572775
2018-10-09,-0.0037286672725464686,-0.0038799103961376334,-0.0037517724950178,-0.0038081111155819076
2018-10-10,0.02044872083571772,0.001979916031465065,0.0017858268885426812,0.0026366447263524886
2018-10-11,-0.0220407722430696,-0.01863170564766813,-0.017435531126166495,-0.01921778094040758
2018-10-12,0.02436194046005436,0.014017004602970708,0.013864383027057904,0.014568863127570636
2018-10-15,0.0016821397370908168,0.009289213196460883,0.009355114397153386,0.0053459896522723
2018-10-16,0.00624084536623676,0.003577974112204577,0.004094667933424999,0.004670132274541902
2018-10-17,-0.013865686494194703,-0.003532394098369174,-0.002777163035998557,-0.004536885910972994
2018-10-19,-0.009665560486604129,-0.017733970577401104,-0.018697536345837703,-0.014177407335676111
2018-10-22,-0.004320168025090145,-0.000661168767165359,-0.0006280501299707484,-0.0021002234499848714
2018-10-23,-0.011379078781212835,-0.01470850370493879,-0.014432579483800643,-0.01805753034503815
2018-10-24,0.008481910017116335,0.001596526813351081,0.0014560494477757304,0.005595937783615876
2018-10-25,-0.007537218305283637,0.004949139161329794,0.005127893959898367,0.003436474342637241
2018-10-26,-0.006687081911512384,-0.011349682168442048,-0.010553997264152938,-0.0141866778923841
2018-10-29,0.023545359620083382,0.018380454667166347,0.018138375580991573,0.01883198828579402
2018-10-30,-0.0012720444119205363,-0.0020578118141423266,-0.002317942799463153,0.0010940273427504335
2018-10-31,0.013735186517567763,0.01422676371096453,0.013657011733482344,0.01729579031528167
2018-11-01,0.0007901082927066782,-0.004003314106605707,-0.0013571943744210859,-0.0019822796861911347
2018-11-02,0.01175145172147871,-0.00011453497772536712,-9.147055027095767e-05,0.0008507092917668974
2018-11-05,-0.00027207134685724283,-0.0016123931179952437,-0.0021473986844512682,0.0008591687645048366
2018-11-06,-0.003337610586415692,0.0019594587755821804,0.0016599791805495532,0.0008038207611391784
2018-11-07,0.005510621047552369,0.004807444822863237,0.0047518737869923205,0.004761686768371805
2018-11-09,0.0020616963046585154,0.001927965884924013,0.0037425638332575207,0.0014024013353781113
2018-11-12,-0.009682155848815092,-0.009344893799877746,-0.010498257493706153,-0.010536316531308853
2018-11-13,0.008282664894245798,0.00624788773077744,0.006204222265362484,0.006228860846060311
2018-11-14,-0.0009252463628452263,-0.0008144472650132716,-0.0006485981544624084,0.0014137390059076088
2018-11-15,0.006086240351303743,0.0038917968976459605,0.004607483142932862,0.004587053600828024
2018-11-16,0.005832864678544247,0.0010302144975870746,-6.839139976958734e-05,-0.0004999891498223309
2018-11-19,0.005440392951606234,0.0074949652605872386,0.007440350690433515,0.00702005950369716
2018-11-20,-0.013064216254843674,-0.01507521027864301,-0.013932996241058922,-0.013458898197679411
2018-11-21,8.903870727644623e-05,-0.007638563237358044,-0.007334830201585142,-0.008128514932993595
2018-11-22,-0.009322823325294853,-0.009023482125547586,-0.009147593730147606,-0.008410823647728875
2018-11-26,0.007420084326574929,0.012205451156604404,0.013163653218660183,0.015353522011278327
2018-11-27,0.0007089958879323471,5.7031978570648155e-05,-0.0014092219257261559,0.0002332899083651031
2018-11-28,-0.004355398838705449,-0.0005468810013159902,-0.0028967365999219494,0.003118810006254995
2018-11-29,0.010140162054983809,0.0027265197781980565,0.0023539224780720906,0.003957305185891473
2018-11-30,0.0029820029991140347,0.002367524690048216,0.0016295070001442814,0.0023064509450767467
2018-12-03,0.0038141528820413513,0.012158292955914316,0.012652851236309505,0.01196086218631509
2018-12-04,-0.0008967499301795458,0.0026587896550788934,0.001547532051071851,0.0020438194896548055
2018-12-05,-0.014480133538348646,-0.008989058550355254,-0.009339500278390611,-0.007540352780438537
2018-12-06,-0.01951245728673096,-0.013002478656148838,-0.01310910171466831,-0.012263891292025073
2018-12-07,0.006963051750269774,0.004106779697279843,0.0030574681486616956,0.0011685544043493386
2018-12-10,-0.018576234651378337,-0.01659244158469453,-0.016315049163678694,-0.014117097616870132
2018-12-11,0.010558972894924329,0.006831745530801296,0.006870808895494581,0.008779400638861115
2018-12-12,0.019606274088777097,0.012553037120894079,0.012950088962815617,0.014462864597093006
2018-12-13,0.004821712229178694,0.009259331654275817,0.009528296432310455,0.007858076579066307
2018-12-14,0.0029702846042631258,0.0024904369686762455,0.001985477593747986,-0.0008232155768843165
2018-12-17,0.005408688196776137,0.010276937434773557,0.010904094193555768,0.012848802218050619
2018-12-18,0.00495388791948952,0.0020879110593261707,0.0025563278033297184,0.0013138446898950734
2018-12-19,0.008144021022187137,0.004644620127957691,0.005245685693636571,0.005401434297959397
2018-12-20,-0.0016221301508469428,0.001233756056456798,0.0016530502388416232,-0.0002622010654170842
2018-12-21,-0.015342348615219263,-0.012055858514963496,-0.011868111934091971,-0.014031023999944884
2018-12-24,-0.008271240600861662,-0.006235230628190026,-0.006915812165285112,-0.00847469846054321
2018-12-26,0.0045762478676361126,0.001653157081730106,0.002080083926235677,0.0010215476833931223
2018-12-27,0.0023757295228528487,0.002624589504838494,0.0016119078078894612,0.0037478218420855212
2018-12-28,0.00896791638060356,0.005727537390040018,0.006652574129241166,0.008265161050443004
2018-12-31,0.0016857883632318321,0.0011764496099118168,0.0014760422094473864,0.00048140069811408145
2019-01-02,-0.013268812544933551,-0.0028313282847205806,-0.0034908710202298993,-0.0071183565556771486
2019-01-03,-0.010582696655050086,-0.009352943183012871,-0.009580493600574946,-0.008391190794547195
2019-01-04,0.005115668887436828,0.007849372994411262,0.008099381554731267,0.005102220147903208
2019-01-07,0.0025595614898711386,0.002097940760822886,0.0019752196017207534,0.004052754206533782
2019-01-08,0.0038283573967285715,-0.002370569665489701,-0.0018502398357248182,-0.002591491842781916
2019-01-09,0.0029395354359628392,0.004982546600824681,0.004698732941630749,0.005633365803004533
2019-01-10,-0.0005285157597968327,-1.7379266925539164e-05,-4.730423932159387e-05,3.911796467258332e-05
2019-01-11,-0.002586084178576341,-0.0034738192797425646,-0.0033297882192875284,-0.001756248168213824
2019-01-14,-0.005152890216961238,-0.005500791909457911,-0.005335624487745947,-0.010136937072610938
2019-01-15,0.011902242530470933,0.008522334326479166,0.00832471438372239,0.013184297894364745
2019-01-16,-0.000827417237908264,0.0003038336751663193,0.0001500428759215538,0.0002554047275872707
2019-01-17,-0.0018947949485867408,-0.0039966657792509545,-0.004336346067815441,-0.0013467280551194465
2019-01-18,-0.003380941221861208,-0.006321146961520469,-0.0069702378586534415,-0.000589498056081728
2019-01-21,0.0003073668250877593,-0.0016492258200356867,-0.0014549573479722816,-0.0029419992501574788
2019-01-22,-0.003773127153703683,-0.00010581972299993168,-0.00019743974536941744,0.0024857629758024513
2019-01-23,-0.004236961875905125,-0.008282882084759849,-0.007944907418760118,-0.009062741642668338
2019-01-24,-0.0006867349894926655,-0.0002797192898779104,-0.0005069370560408662,0.00028932370322000216
2019-01-25,-0.009086492355940988,-0.005560385009135992,-0.005947731497474303,-0.002824985367989536
2019-01-28,-0.014532161533100017,-0.0023561957280343565,-0.0029209039861022752,-0.001913020758837146
2019-01-29,0.005705151903273045,0.006062930285184896,0.00599668340303524,0.0038437510984169225
2019-01-30,0.004510182748868767,0.0031874132529603324,0.003545448350238749,0.0012536064826851444
2019-01-31,0.012727388886263968,0.011920960498142586,0.012023203703292813,0.014308397628026541
2019-02-01,0.008280887200383282,0.010063972081704458,0.00948775116924584,0.008212783215176081
2019-02-04,-0.004267027391879211,-0.003052804112743844,-0.004164045508249417,-0.0036163828052512767
2019-02-05,0.0021401348137722953,0.002600287609656294,0.00149832963826376,0.0035049988374439797
2019-02-06,0.016427903484745616,0.01087025837402214,0.011931126997167408,0.010346101999838308
2019-02-07,0.004647459213803361,0.006852941241901169,0.006335663204439491,0.005522240853734373
2019-02-08,-0.01455076088352452,-0.01167077268733965,-0.012783851132194844,-0.0123222196171365
2019-02-11,-0.011528109601257008,-0.008082561159058114,-0.007336490136281279,-0.00858416573050058
2019-02-12,0.0008428871039062172,-0.0014529384784771435,3.160820340585707e-05,-0.002505635540239563
2019-02-14,-0.010089741801561948,-0.008807895217172517,-0.009785069589308172,-0.006966691210337211
2019-02-15,-0.004510978362063977,-0.005892407365648658,-0.0029665269676986458,-0.005455481304768314
2019-02-18,-0.007890168685254561,-0.009845106951918696,-0.009071710705238767,-0.010485869566461012
2019-02-19,-0.00032583005604911786,-0.0075619420993639,-0.007659933396061677,-0.007474797199225808
2019-02-20,0.01460000452860453,0.011128300099588675,0.012140087656079206,0.010716860598811849
2019-02-21,0.006962142520825705,0.0050861393715974,0.004887404228837088,0.005478646142774645
2019-02-22,0.004562492263900982,0.004642518769707492,0.005291683529734426,0.005062350835902153
2019-02-25,0.007212416744151683,0.012942333399257287,0.011134051904060738,0.013023041068279104
2019-02-26,-0.0016733474997181893,-0.0016763265572342324,-0.00043391163882752553,-0.0034180505082167774
2019-02-27,-5.4876288109816746e-05,-0.001132884136469282,-0.0001608991568575501,-0.002923460241768831
2019-02-28,-0.0009335616560609576,-0.0006720704032217718,0.0012373454461812325,-0.0018724383002921476
2019-03-01,0.004788888400382411,0.004474931029799029,0.004502193705642074,0.004424014022559507
2019-03-05,0.015014836334702913,0.008586836704525364,0.007044912039711878,0.006848233420962799
2019-03-06,0.005357206112549849,0.004539607024206831,0.004138781376668993,0.004796057503109456
2019-03-07,-0.00417930945193446,-0.004287106130506089,-0.0036895952273837056,-0.0014629526838916551
2019-03-08,-0.003221546817133392,-0.0030732552750472658,-0.0038155443899256375,-0.004739303154731989
2019-03-11,0.017692029413564153,0.00930303179991735,0.009439886387941712,0.005882610752469375
2019-03-12,0.007249945989755681,0.010747310473721386,0.01062982881923633,0.011466599284555113
2019-03-13,-0.002732298666496069,-0.0009311669441161572,9.749916844688624e-05,0.0017091874677875704
2019-03-14,0.0013936721222408397,0.0005558813480846729,-0.0002603186467451525,-0.0015342935094990575
2019-03-15,0.005778925228342282,0.01239560764142332,0.012828021969303702,0.00578266918828362
2019-03-18,0.000669180765420491,0.0019701723238108844,0.00157828301728069,-0.0005849764092170789
2019-03-19,0.005869956124573975,0.007266179446667063,0.006892394793327355,0.006543889613457324
2019-03-20,-0.0063411719290328164,0.00039613395495346386,0.00041560715134637133,0.0012860770780829605
2019-03-22,-0.0013391573581224344,-0.003790739725023187,-0.0039100829528452225,-0.0027515158797528634
2019-03-25,-0.005188882479821062,-0.003651857037860456,-0.0036350614915408056,-0.004499428956711015
2019-03-26,0.010937149537641598,0.008673246093891893,0.008754945516682306,0.006292253944985244
2019-03-27,-0.003600586669354606,-0.003952993127591861,-0.0036216843299629394,-0.002310994414995239
2019-03-28,0.007398918627185247,0.010601980685562623,0.010793090721372309,0.012144561691767017
2019-04-01,0.01311942093105976,0.002758801216523352,0.003962298173704453,0.0028177359721540283
2019-04-02,0.0034136078586322165,-0.0003080481399284512,5.934088700130808e-05,0.0004158777571667796
2019-04-03,-0.005541754113543972,-0.004221296465313935,-0.004502318616083479,-0.0066883466197399394
2019-04-04,-0.0026294474989753697,-0.005711972940521542,-0.0056125193918624625,-0.003561238826881301
2019-04-05,0.006340739390866672,0.004115429487158451,0.004400895567428473,0.004455774236939132
2019-04-08,-0.0038867704705099373,0.0002388115777227148,0.00023834936954064662,-0.0016193044573221747
2019-04-09,0.006059901744438632,0.006388800394964251,0.0064994588435406285,0.008018813973111636
2019-04-10,-0.0036070281839519357,-0.0007560851898403032,-0.0005792483900778217,0.0015943582087738308
2019-04-11,0.00035234530500983835,-0.00027352588091262886,-6.114597778162105e-05,0.0008653858852439116
2019-04-12,0.004354351353729269,0.0041700716932404035,0.0039791474652471175,0.005635837842511325
2019-04-15,0.007214323207280568,0.009583928995984245,0.009051771450971042,0.007840841237303466
2019-04-16,0.007094996190017012,0.006235647659063643,0.005699053489345156,0.0044590134108128295
2019-04-18,-0.004260301854675928,-0.004439646840629889,-0.003944256604223192,-0.002668151734939111
2019-04-22,-0.00946844018912766,-0.0018195991710187247,-0.001693994699956328,-0.0009471503898288627
2019-04-23,-0.0003499211102358261,-0.0011343019879334038,-0.00039365684766902984,-0.00034991152589239414
2019-04-24,0.009960786451714724,0.008478964951577501,0.008943924139211542,0.008375241779893107
2019-04-25,-0.0024237870411824686,-0.004613940510196415,-0.00399346017815734,-0.004860248605885771
2019-04-26,0.006875052769914998,0.005548862122518036,0.00545092853142771,0.005816005275903116
2019-04-30,0.0016467544705404918,0.0036377276899340395,0.00453823806470734,0.004535264678988765
2019-05-02,-0.0031610003599952313,-0.0019538912663213002,-0.0019130677409288641,-0.004921072390901884
2019-05-03,-0.0012304690034802331,-0.0028442651282448083,-0.0025406439356584556,-0.0029734288201742724
2019-05-06,-0.008340892196422943,-0.009405043153360926,-0.008653009526151147,-0.009892586899795809
2019-05-07,-0.0065700299715764346,0.0021599015791834344,0.0018491903878872,0.0025780334212338984
2019-05-08,-0.009471983118982154,-0.008943287440599133,-0.009491528722069062,-0.008437097663174988
2019-05-09,-0.002346202140790241,0.0007578551446199844,0.0004282661880016255,0.0012783167483194763
2019-05-10,-0.003694570111581514,-0.00305142701696061,-0.0036837702753390543,-0.002127917254698906
2019-05-13,-0.015212171842470815,-0.0059960067969336344,-0.00704624587523252,-0.004846257274507431
2019-05-14,0.004607076307324185,-0.0012920168116120668,-0.0011580712792893808,-0.002337005906171312
2019-05-15,-0.005607107408575819,-0.004093666744143079,-0.004089409082675022,-0.0033799191635444743
2019-05-16,0.009041446774985158,0.009024876993974112,0.008767499548034727,0.008644455311171933
2019-05-17,0.01138133229891813,0.009866523301730146,0.009918243389925144,0.011161569507975344
2019-05-20,0.03375553206376049,0.01967772115313681,0.01933240968232664,0.021360842280952134
2019-05-21,-0.012168809461937281,-0.0064115824866765505,-0.006210142354817144,-0.00488305822583854
2019-05-22,0.0036444159586457112,-0.0019699826742904654,-0.001408718157982745,-0.0022931540217589652
2019-05-23,-0.0028533432783278533,-0.0033071398315386146,-0.0034428939598269035,-0.001577530785519783
2019-05-24,0.017877373723551325,0.008466435618854636,0.008893892688800878,0.009422508623394981
2019-05-27,0.00866377265174882,0.008451863637418362,0.008365953237924387,0.009409633007987285
2019-05-28,-0.001475512200644184,0.0008321218848760691,0.000847608642569326,-0.000678520986525308
2019-05-29,-0.007001152888061305,-0.004963391731017777,-0.004650597688754185,-0.00433474339811553
2019-05-30,0.004215069566402026,0.005302475067319947,0.0054392358945878965,0.00518156845498315
2019-05-31,-0.0004966689269015639,-0.0017812693429789636,-0.0017674935199376675,-0.0004667839727788884
2019-06-03,0.015388718202034643,0.0170816135597905,0.017085250337429688,0.017032830399138006
2019-06-04,-0.005313531647443247,-0.008103977572991382,-0.008287544251254934,-0.007051579211620237
2019-06-06,-0.009697118527761547,0.0011054262031133105,0.0012180676101694204,-0.0007004540517596697
2019-06-07,-0.00021173715858102823,-0.006124025832705431,-0.005907245392775617,-0.006945790772623742
2019-06-10,0.006702038053870795,0.010429995819800822,0.010701873232086951,0.009537429595967739
2019-06-11,0.002801785671006453,-0.002307478304167816,-0.0021276505171885676,-0.002394639572605135
2019-06-12,-0.003958608080475969,-0.005265036403455386,-0.004903414042630363,-0.004792195124041985
2019-06-13,0.0028270146790264567,0.000452973844750777,-1.714197400828649e-05,0.0014795801151141937
2019-06-14,-0.0074170014641479955,-0.00725113684562022,-0.006894457867027639,-0.00775828883352823
2019-06-17,-0.014191810149575903,-0.006704379146027461,-0.006174262910893912,-0.007537695527663479
2019-06-18,0.00294951874673895,0.007221712430392818,0.007262048697184102,0.005987386763263783
2019-06-19,-0.0013707235759699374,-0.00361350419641165,-0.0037091458897995505,-0.004330537977879384
2019-06-20,0.013600289342238699,0.007564977826503604,0.006750695982749898,0.008585330268569278
2019-06-21,-0.006250239375501506,-0.006736018095083887,-0.006756536960581575,-0.00685519951420139
2019-06-24,-0.003524851332345108,-0.00503284191193389,-0.004960444118372036,-0.005383869303164264
2019-06-25,0.007076798974911059,0.0048801001501612325,0.004740098675734565,0.005943980917904853
2019-06-26,0.007819334870750984,0.007343194527841644,0.006874369956214632,0.009598849656474208
2019-06-27,-0.0001869735195906814,-0.005803004485875356,-0.006173554331271492,-0.004492877797708982
2019-06-28,-0.0018058018782278855,-0.0022650568185084144,-0.0021764780849709447,-0.002338580531778053
2019-07-01,0.0027058612977905495,0.005173595712932659,0.004493572874191608,0.0048843669780154145
2019-07-02,0.003120176677491303,0.004285460320566437,0.004015655880146597,0.0037280926254094435
2019-07-03,-0.001012578890749824,-0.004602319164200092,-0.004302980625896341,-0.004721112998873445
2019-07-04,0.0019169103812162343,0.0031390789500231153,0.0029046232903443387,0.0033624336114720186
2019-07-05,-0.01766416380506438,-0.017123542371003855,-0.017052452564325048,-0.015084399383654402
2019-07-08,-0.025198177291836488,-0.017830758009148042,-0.017091621497558235,-0.016109099277744267
2019-07-09,0.0037095730600365767,-0.0034798201067917024,-0.004556436396088539,-0.0028665723841129276
2019-07-10,-0.008027344665958395,-0.0017642738993936366,-0.00203365970273505,-0.002097032504419254
2019-07-11,0.009094905915457335,0.007158627796763583,0.006836024155574367,0.007255357217293507
2019-07-12,-0.0008310907721972888,-0.006192727266897667,-0.005986387538256587,-0.005911665205105326
2019-07-15,0.0016090389219550912,0.006498124082263824,0.006076749942452158,0.007841924633329203
2019-07-16,0.008399351394839202,0.008222882632415739,0.00775415118893528,0.005900816272122882
2019-07-17,-0.00028054726095454315,0.0005206484100664026,0.0012045279667221992,0.0028108351747852915
2019-07-18,-0.013302298114032237,-0.006364185693100187,-0.006845753273730159,-0.006675125136593562
2019-07-19,-0.014317948505000611,-0.011900692339592255,-0.011557429106138006,-0.014152795039632723
2019-07-22,-0.00036635824594830426,-0.006316928769616514,-0.005873338023470499,-0.0068348521159915365
2019-07-23,-0.0003773592054599739,0.003729741470111199,0.0036060938949050844,0.003147134973957725
2019-07-24,-0.009907137931266687,-0.004922127262281103,-0.004634404074909303,-0.004433710070031016
2019-07-25,-0.000744136234393045,0.0007440471887365701,0.000782300457617853,0.0020061797891011528
2019-07-26,0.008293258223821487,0.005010228652707043,0.00474284786955196,0.00558741433770063
2019-07-29,-0.015532308724576536,-0.011631848152358213,-0.01062121312949311,-0.011016943301606949
2019-07-30,-0.00876347122174999,-0.006875136119855278,-0.00632215952943636,-0.0064779553615774595
2019-07-31,0.0073493895575287415,0.006187768003384959,0.006064402698382923,0.0077919559980967005
2019-08-01,-0.011687084895547538,-0.011853083589783703,-0.011893926637217313,-0.009296759081646113
2019-08-02,-0.0008017617202165906,0.0005197037347296628,0.0010797341336989522,-0.0010419406546641264
2019-08-05,-0.01153567467471929,0.0009811085103094007,0.0018202687545244471,0.0031678928903598313
2019-08-06,0.012168075789755366,0.005791804413004853,0.005635930444787583,0.007976167709185286
2019-08-07,-0.009094292252269069,0.00041486725377931524,0.0006317058898264371,0.002037829939264829
2019-08-08,0.014753500935538042,0.01769421688027444,0.017761268495664576,0.017281833004482054
2019-08-09,0.004509361382003069,-0.0002950367734705972,-0.0008647026376923514,0.0024399381359680485
2019-08-13,-0.021759776081838045,-0.021760468727718356,-0.022585746125684644,-0.019716060705008392
2019-08-14,0.010265081228803005,0.006024862720825511,0.00672197118195807,0.006548989742232846
2019-08-16,0.005123017974911222,-0.001714735751504269,-0.001493400267541589,-0.0019506320451321661
2019-08-19,2.435507597254006e-05,0.00216266269598763,0.0020437751478910166,0.0033339141983310516
2019-08-20,-0.0032918735413237305,0.003447701769934438,0.0030409690624303926,0.0033392222221215653
2019-08-21,-0.009478420158424377,-0.0009677520322781321,-0.0009630903549243588,0.0007871772820935044
2019-08-22,-0.012073883260011437,-0.0013914536202641792,-0.0016435098953101733,-0.0012539271085095923
2019-08-23,0.01137223207494079,0.0006670114207519367,0.0009259616014206027,0.002513336387857348
2019-08-26,0.013947497760944961,0.012221686669525406,0.011891603312642425,0.010151495539652979
2019-08-27,0.0046424134839881965,-0.004852815571538814,-0.005102646635409296,-0.003178808707372252
2019-08-28,-0.007084146234026017,0.0038584558313730566,0.004049988004498306,0.001183159781659076
2019-08-29,-0.0006519495935507086,-0.002482283784438883,-0.002366597097798533,0.00033833771317258454
2019-08-30,0.00426429966041052,0.007559870001241799,0.007764959307429809,0.007352035073023236
2019-09-03,-0.019643753209017935,-0.010164974262487109,-0.010226850085837236,-0.013067470748545864
2019-09-04,0.0041102060316355,0.0011685229465859732,0.0010071518189518583,0.0003744730696030929
2019-09-05,0.008143413016367042,0.0011639142689618496,0.0011830449285109858,0.0005022375941648157
2019-09-06,0.012480163809068405,0.0030865157724809414,0.0029149118443485876,0.002279833527486273
2019-09-09,0.005182936331249189,0.0014202325513907564,0.0012897540063387261,0.002008435896803427
2019-09-11,0.0034329264347563743,-0.008088583084239645,-0.008188384502710705,-0.007766447502673971
2019-09-12,-0.006420984728644139,-0.008964679772809746,-0.008983920812918798,-0.007709516689323209
2019-09-13,0.00804125269709031,0.005967069892963142,0.005954986036980828,0.007880772064699884
2019-09-16,-0.0023553722541565006,0.0020880053835747106,0.002108726226033762,0.0015372013530503548
2019-09-17,-0.017209715853894858,-0.007645793062910512,-0.007611734513037897,-0.008765103753858715
2019-09-18,0.0033759717365549648,0.004035553226915878,0.004016624750717221,0.0034228099683691546
2019-09-19,-0.01218306638798629,-0.01164149641751894,-0.01176649207100899,-0.012377857788707359
2019-09-20,0.05414467288969657,0.029685076745336957,0.02921237435755145,0.03239554439635234
2019-09-23,0.022281389412742707,-0.004847041873843145,-0.005672790050935815,-0.001485952734369658
2019-09-24,-0.007159283825753167,0.00717556355196724,0.007426685343501318,0.004275258814117597
2019-09-25,-0.014092843608535764,-0.0025487553000955974,-0.002327221528372588,-0.0026115467168774118
2019-09-26,0.015965923577007962,0.004975693843448598,0.00489821538676641,0.0073273371654221054
2019-09-27,-0.008486882117801589,-0.005830376215725242,-0.005955665291411123,-0.006099771469373759
2019-09-30,-0.0005056796662549524,0.006708580757611504,0.006770266374715174,0.003024243403853685
2019-10-01,-0.014412869727571082,-0.01493487937349604,-0.015362271814194264,-0.015866558630345168
2019-10-03,-0.0042115139075653615,0.0034651316180049816,0.004057474422827033,0.003989038971643268
2019-10-04,-0.0118836350561363,-0.0030068909191040432,-0.0027437986313386424,-0.003603101296424049
2019-10-07,-0.005646468232752398,-0.006027122246846081,-0.006476290837850889,-0.005654375427310859
2019-10-09,0.015992196936602587,0.003575336677438625,0.0028004063856021653,0.004764086761267698
2019-10-10,-0.0035752297561282994,0.0022651235422854383,0.001295961301034897,0.002067665058853977
2019-10-11,0.009964305725817975,0.011500432315383623,0.011942661154356875,0.012389719861533255
2019-10-14,0.007465506065193511,0.0013704693738480142,0.0010028805342057684,0.0008012336322066429
2019-10-15,0.009724371660258217,0.004212558566900988,0.004174333175854748,0.003460647776304156
2019-10-16,0.0038778182519854307,0.0028417435273291884,0.002959274497868798,0.003648194047854973
2019-10-17,0.01057377198057443,0.004707195742118453,0.003898983916928238,0.004174957669309878
2019-10-18,0.00853855056237669,0.006823177680280161,0.006908051768585263,0.007350912062587816
2019-10-22,-0.0034689776885586145,-0.01309369898433288,-0.013218514403093006,-0.012429125552345596
2019-10-23,0.0011344401817934065,0.006717354652483319,0.0074786266486412,0.006341186515598283
2019-10-24,-0.0017114020589140005,-0.001865000592555591,-0.0027349103768310365,-0.0029974587975406712
2019-10-25,0.0019206833930362557,0.007183159486302953,0.006701597053986902,0.006904618586425431
2019-10-29,0.015099447389861324,0.012928760700980575,0.013639967123428732,0.01341115805440748
2019-10-30,0.0047191625200579445,0.0067412685222997554,0.006741190940980881,0.005839986804403255
2019-10-31,0.0035489791207032545,0.005230585068941274,0.004922817337672098,0.004652818630380154
2019-11-01,0.0022506883238264594,-0.003995737403314448,-0.004381077288866809,-0.004065723634707937
2019-11-04,0.0050037440874214426,-0.0025150084547744004,-0.0027046941690604073,-0.002698334509607431
2019-11-05,-0.003876500536730746,0.001547192852397434,0.0012866186497059063,-0.00019159571925791248
2019-11-06,-0.001216623052961038,-0.0021458792055979014,-0.0030817066534473605,0.0012864042041955646
2019-11-07,0.0030586877162780625,0.007002717484800101,0.007045037347138157,0.00428360274225176
2019-11-08,-0.010573036244563058,-0.015752891272139885,-0.0157876215403822,-0.015631576972693326
2019-11-11,-0.0015981768089257538,-0.0027384344137278945,-0.002950881285133126,-0.004607887263219476
2019-11-13,-0.009903295610067218,-0.007717703043026073,-0.007241504185660704,-0.0067652362596905624
2019-11-14,-0.00033977014023378014,0.0005268223575095496,0.00036835677707281627,0.000983452770421897
2019-11-15,0.0033849351962555044,-0.0038747915584926734,-0.0035267306032842087,0.000668115318013092
2019-11-18,0.0021533668681414644,0.0009031978985025345,0.0007873423861276267,-2.6674900284167496e-06
2019-11-19,0.004498106588884289,0.0015634471739551813,0.001574681123538392,0.0031510231676091204
2019-11-20,0.0041093136399069415,0.008579764952436265,0.008692974127109312,0.009112006945738915
2019-11-21,-0.004222625221013628,-0.00036287246695065303,-0.0004669638173119199,0.0010749917727240878
2019-11-22,-0.0013949093119559868,-0.005684661694686762,-0.005566834937249991,-0.008715517352421136
2019-11-25,0.014957385068623838,0.008000039890930392,0.0082896719726926,0.009787751683892603
2019-11-26,-0.008366894889482203,-0.006797146753818597,-0.006750643555055401,-0.009164303574925292
2019-11-27,0.0054719714801884645,0.006038301842258353,0.00595089614222136,0.005574608731264825
2019-11-28,0.005512230078087127,0.0006555715649803397,0.0008006884097795138,0.000870799351094587
2019-11-29,-0.008457880930461029,-0.00960052891041837,-0.009757488869009451,-0.009516594111368354
2019-12-02,-0.0037146109007750996,-0.008703320975455122,-0.008178606156940828,-0.00988438317973854
2019-12-03,-0.007996146836440413,-0.003527323807146254,-0.00279713001150179,-0.003101416927318178
2019-12-04,0.006918323993068254,0.009096594438962529,0.00785278290649045,0.01110961374583245
2019-12-05,-0.004846827958311754,0.0033876678849542852,0.002685013434120671,0.0031477915349966065
2019-12-06,-0.00789271495242452,-0.005943779440507063,-0.005315144397413376,-0.0063422597163639485
2019-12-09,-0.00039893884704362897,-0.008104082007737146,-0.006955344488507259,-0.006187160613281509
2019-12-10,-0.007999550067217446,-0.014969164676773328,-0.0133324881437059,-0.013130663163934787
2019-12-11,0.003870552662121945,0.007643398629479357,0.007083164281290944,0.00737435435217678
2019-12-12,0.006215837622351691,0.0020944288611455994,0.0028114601425815716,0.0016566474743030914
2019-12-13,0.00851065269986491,0.0047713680169814655,0.003977147903684657,0.006050585382464013
2019-12-16,-0.00508401430470555,0.003000370597727364,0.0023986724076791393,0.003051938615504949
2019-12-17,0.00827757402912883,0.007296019844704274,0.007032878566754541,0.006773413299510054
2019-12-18,0.0046712726067645385,0.008230837974931357,0.008106186507149952,0.007781619679511908
2019-12-19,0.0030041404031397787,0.003535160819108691,0.0033847828112652557,0.002135969547670235
2019-12-20,0.0031091506341244897,-0.0003541365483771806,-0.0002094073892487604,0.001373870000834622
2019-12-23,-0.0011821707559603024,0.001396635032986919,0.0013834509375262503,0.0005683367401118527
2019-12-24,-0.0005772300881197823,-0.004076442698844371,-0.00382865691528304,-0.003678213695710546
2019-12-26,-0.004202600737599106,-0.004882803293731844,-0.005142910008241908,-0.005556164259920734
2019-12-27,0.008841542416946712,0.0074692279252511805,0.007316439915148956,0.007762198024138798
2019-12-30,0.002654568349894553,0.0014829696867800688,0.001356378758021731,0.0009440974218020978
2019-12-31,-0.003561308772934371,-0.0028477770581518957,-0.0035478199642180867,-0.004337481992693756
2020-01-01,0.0002596608911228202,0.0027666265575372784,0.0012397727694481602,0.0009523420003276191
2020-01-02,0.008716718134835435,0.004517954518034705,0.007213993103856396,0.005773083887114121
2020-01-03,-0.005479267174799135,-0.002849366250335107,-0.00467139014119241,-0.004682379958324032
2020-01-06,-0.016200030012097796,-0.010046959539126205,-0.012890968040746572,-0.011322213435453494
2020-01-07,0.0036487359567309685,0.0047218238272514045,0.004834881622577629,0.0034149560111595445
2020-01-08,-0.003042947614377761,-0.0017210431852124485,-0.001584033983208146,-0.0016996389722855252
2020-01-09,0.013450471833677969,0.007497538053291285,0.010800229536758306,0.009646336165691652
2020-01-10,0.00443217722586279,0.003917387137480794,0.003527648461253982,0.003837070450976908
2020-01-13,0.007058971512827953,0.008835685424041818,0.006341421600389077,0.008002885946293116
2020-01-14,0.00534557539153881,0.005219564869786135,0.005799666944000941,0.004269392589915354
2020-01-15,0.0022834796898059213,0.0009195014875188938,0.002372748493552252,0.0014726015727771096
2020-01-16,0.0019070952589831732,0.0036388566832103336,0.0025750336372618223,0.004911937075859139
2020-01-17,0.003764585621127472,0.006129216310369389,0.0033119163057655564,0.003667374479118859
2020-01-20,-0.007492211498949186,-0.009571346642525423,-0.007991588620658758,-0.0067566350488299865
2020-01-21,-0.006855376771898337,-0.005281124087422571,-0.0059227230062633505,-0.005370142063269557
2020-01-22,-0.004937238187972396,-0.005676016999962029,-0.006019108314261043,-0.0030374220095296554
2020-01-23,0.0069634927600490445,0.006080049782214174,0.005777171516240651,0.007839953992929471
2020-01-24,0.006100618078201394,0.005458015785179489,0.0063982168887339,0.00678830931572293
2020-01-27,-0.005555267307398221,-0.0030410582171768548,-0.0026772500751109153,-0.0060957396771518756
2020-01-28,-0.00866267255697548,-0.004407814922601072,-0.005128710973773616,-0.005120630386621318
2020-01-29,0.006897671524463952,0.008059232012408412,0.008693219082283049,0.012100690229472725
2020-01-30,-0.008463952906787635,-0.004835313779970614,-0.00552949773787232,-0.004116034047831087
2020-01-31,-0.012463831678052793,-0.011371244977638592,-0.012621450682673183,-0.0062704705665775455
2020-02-03,-0.011083641985394162,-0.003607548090482035,-0.004205568428091468,-0.004735686125482951
2020-02-04,0.01959312634302287,0.012437415049494504,0.01424268569160799,0.010876841964518357
2020-02-05,0.005072725845890358,0.0006666438207584615,0.0012667189502195903,0.0022895993707993567
2020-02-06,0.0038646949672735678,-3.851981773931321e-05,-0.00015741020544768444,-0.0018909935158893806
2020-02-07,0.000551374173509824,3.0379334434259666e-05,-0.0005524476245983255,0.0007764674952587272
2020-02-10,-0.01220136878547645,-0.0037898749385927724,-0.003836413703652214,-0.004065513176002776
2020-02-11,0.007877964972194286,0.00702643005838864,0.006408037320996583,0.007227193411140826
2020-02-12,0.005273323744223074,0.0082802663326366,0.008370224283230462,0.010260765123925097
2020-02-13,0.0008466291754227338,0.003420644860067437,0.003736454819993708,0.0010200035675945155
2020-02-14,-0.006504779612938178,-0.003247582539540238,-0.0026650505951416846,-0.0011765539100749478
2020-02-17,-0.006496834827042606,-0.004413271074023132,-0.003996693540266754,-0.006555782852620644
2020-02-18,-0.0015118716143341336,-0.0004274591990079491,-0.0012361075097499859,-0.0015020856006863871
2020-02-19,0.010716153821412763,0.00790121680437823,0.007873456088769357,0.008255740860197218
2020-02-20,-0.0018609943069498036,-0.008488215952288537,-0.008581351456117572,-0.008868845235961651
2020-02-24,-0.024787846439611343,-0.018743363273663223,-0.018970335853013873,-0.018448291099093704
2020-02-25,-0.003359668854075707,-0.004972919436947341,-0.004738640319723124,-0.005625137476813532
2020-02-26,-0.010409245662311769,-0.008070767369723024,-0.007852575420198325,-0.00685091349410542
2020-02-27,-0.004033647663073514,-0.002136621043841006,-0.00201507861773563,-0.0013663496945246641
2020-02-28,-0.03906621576624852,-0.03801049036852809,-0.03716604408702394,-0.03786689612128098
2020-03-02,-0.008312915243794222,-0.011528507121624896,-0.012070222387076961,-0.011920581135521179
2020-03-03,0.025102479865207236,0.015611377907539938,0.01315648070548636,0.016326241814697454
2020-03-04,0.0009077068766770098,0.0007283915425126406,0.0004373194506223793,-0.002072193276926241
2020-03-05,0.0014284049298876281,0.007321079146319585,0.006809102185802459,0.003841941747391237
2020-03-06,-0.02107482763342384,-0.011144115210931537,-0.011792731795860642,-0.013525501949943782
2020-03-09,-0.04357346357796299,-0.034568079927198375,-0.03513388979345719,-0.034168533192850646
2020-03-11,-0.00659011248764992,-0.0008647587193687874,-0.0007221162715912344,-0.002024996414248912
2020-03-12,-0.07926925982563682,-0.07548023052654917,-0.07749061314932826,-0.07852061653048345
2020-03-13,0.033198242445858686,0.022272105267155604,0.021359221609595407,0.02615509919409848
2020-03-16,-0.06818394589930486,-0.05569786825159495,-0.05655943813906669,-0.05819202254668216
2020-03-17,-0.012809458606174644,-0.013280150849483936,-0.014480918911377351,-0.02091248021766563
2020-03-18,-0.04404486497919135,-0.0590851572483677,-0.05849632887079441,-0.06585156519928026
2020-03-19,-0.03914764852683378,-0.008549316990871397,-0.0054114080280759395,-0.014417333750254268
2020-03-20,0.0663356330927514,0.06370013730245642,0.06554715846558724,0.0575751783740058
2020-03-23,-0.12305069452491069,-0.1176717288259678,-0.12057132447305786,-0.12428965155532908
2020-03-24,0.019241824104045402,0.011142196092709944,0.0072578335390317385,0.00661623866198943
2020-03-25,0.04706327106272625,0.047794788218068054,0.04611714142989155,0.05458758485571463
2020-03-26,0.028219042987794485,0.04599364937899215,0.04693349729370258,0.04802744400694628
2020-03-27,0.0006843175899227468,-0.0016991618985322703,-0.00045991474103519985,-0.0013129826675135504
2020-03-30,-0.024056193129597895,-0.031030462970115944,-0.03446745442476905,-0.033000848185504875
2020-03-31,0.033751049272629646,0.02976306798585826,0.03166381304438615,0.024811670838904475
2020-04-01,-0.03428282069085194,-0.023013881810043012,-0.023508602390023493,-0.02997295420843413
2020-04-03,-0.009948688027566785,0.007433594135013151,0.012982908688941681,0.004807688287442267
2020-04-07,0.08223080178590977,0.08101838906046485,0.07823772865753945,0.0834228169146238
2020-04-08,0.0004851427434308924,0.009390640975214845,0.008976972410273718,0.0030568175139153737
2020-04-09,0.045156929977113854,0.043467123958930785,0.04304812069101083,0.039491961082736185
2020-04-13,-0.005918123040059058,0.008616067552313113,0.008033348743714103,0.011322941506657223
2020-04-15,0.0016248117245061386,0.000679988597290444,0.0015949782665902667,0.003461602692219351
2020-04-16,0.01014043192605777,0.01774765732995035,0.01600471666351875,0.011581552986393462
2020-04-17,0.02062296318595755,0.006969553447101746,0.00914858730718587,0.008898649647116393
2020-04-20,-0.009562655835833104,-0.006785365609818886,-0.007627676111895116,-0.012041443001058635
2020-04-21,-0.03234428713452329,-0.005194198895179579,-0.005880895649044178,-0.004052137105279183
2020-04-22,0.014522489306519792,0.010368036278809568,0.009404277853590255,0.012799112923878359
2020-04-23,0.007433295220469801,-0.0024986415108461213,-0.0013690560290087542,0.0007087969194766943
2020-04-24,-0.018983747266821824,-0.0016501532632503596,-0.0024480533160620302,-0.0027177311962773244
2020-04-27,0.015743651844833825,0.010107607448326908,0.00952101907419252,0.010640287178147731
2020-04-28,0.0033125032849315185,-0.016060738577397142,-0.01506985056889216,-0.013200072066076783
2020-04-29,0.013085659705344898,0.003343721741468019,0.005341596440832919,0.0020313999141122075
2020-04-30,0.03280597445630053,0.02325867966654623,0.02321557050961423,0.017766594991058135
2020-05-04,-0.05138494400085434,-0.02391059222243961,-0.022493867066183476,-0.021890289363947112
2020-05-05,-0.01065088754392096,-0.010325309037807519,-0.012292246424907222,-0.008755791374559771
2020-05-06,0.005652280435119676,-0.0061853984684298174,-0.004692086139837963,-0.0029028127158162
2020-05-07,-0.008502028094192501,-0.013112973036767658,-0.013495903359669657,-0.01628456395845525
2020-05-08,0.000220880782770044,0.00014147920632509667,-0.002427764432179014,-0.003347861642672436
2020-05-11,0.004292024542868433,-0.004539261649005294,-0.0033413363309838322,-0.0023735745254838195
2020-05-12,0.0037104055249736144,0.00238253596713964,0.003626577795542061,0.00734426693658775
2020-05-13,0.020486589371513486,0.004117654842113938,0.008775857447877537,0.006058511349188154
2020-05-14,-0.01977602971369002,-0.016637933302594242,-0.016858766316335438,-0.01982038796420192
2020-05-15,0.0008593019795101856,0.0034520086974088103,0.0018136962059902438,0.007835255800906675
2020-05-18,-0.03580070865535213,-0.021519800870740898,-0.021199017625601994,-0.02349289505618674
2020-05-19,0.014522386085456931,0.009702599826877163,0.010856660881321667,0.022157478224452735
2020-05-20,0.02182732868293142,0.02454761509532427,0.02398945160847587,0.020983302078452067
2020-05-21,0.00453490834458577,0.014022087324842877,0.015537658862903486,0.01139985528636008
2020-05-22,-0.004165869363327763,0.004766713149805993,0.005008541307213327,0.004026485293809842
2020-05-26,0.006347541925039262,0.011215013687528747,0.009325590020426586,0.006725639062884357
2020-05-27,0.024012631963547262,0.006883129830811621,0.011142828525143528,0.006578178524886002
2020-05-28,0.015951896934771344,0.014406782715398088,0.012569618837302954,0.01327774343188962
2020-05-29,0.014700672649504047,0.03108622910332057,0.03363330463004635,0.023455876609312507
2020-06-01,0.02230690072098871,0.006323104478665784,0.004384255524074319,0.012724996587507966
2020-06-02,0.012187136566791532,-0.0003473526950444443,-0.002337195420450209,0.00521062472083569
2020-06-03,0.008214269161100692,0.0003014799082089953,-1.730166716239906e-06,0.00020174685337814987
2020-06-04,-0.0008370728816970876,0.007934426752177511,0.010334834678001061,0.0020434141201580453
2020-06-05,0.014500870990169796,0.007306394210782396,0.006105132532091719,0.011692787443672284
2020-06-08,0.003968716794035939,-0.006248443332912124,-0.003225657102229027,0.004613295702257752
2020-06-09,-0.009657396442875332,0.0033944215941971246,0.0011197215795443435,-0.012931725241923375
2020-06-10,0.00026055967640905187,-0.0018100788475399786,-0.00193925017576075,-0.004786314299286346
2020-06-11,-0.021827240455103262,-0.01831347407696865,-0.016079816626366907,-0.014676499531964801
2020-06-12,0.007768592505969217,-0.0019874647314696956,-0.005248586673692266,-0.0016351735060163887
2020-06-15,-0.015656381629184236,-0.013352344355716732,-0.010991081778421449,-0.013558590691473808
2020-06-16,0.002765911154356911,-0.002907122622482416,-0.003996344632829642,-0.0022995408454026013
2020-06-17,-0.001230404010100927,-0.006220402570718512,-0.005958075733431346,-0.0020927030290438645
2020-06-18,0.019137215357573574,0.01576052106673739,0.01447212396954779,0.014939056461554946
2020-06-19,0.014865177725974902,0.005967539955515846,0.005112490056887041,0.007804835065644656
2020-06-22,0.014644999255688773,0.019740745251291776,0.017788349574612023,0.019666390616723144
2020-06-23,0.02147439236953723,0.01964516047532625,0.01967531531678883,0.02233299394231167
2020-06-24,-0.019054625739634713,-0.011515030259530438,-0.014019679486822097,-0.019494073122949273
2020-06-25,-0.0023970794334980355,-0.0012462477756482442,0.0006844073017261091,-0.003185541501757808
2020-06-26,0.004582388024674719,0.0012690307040135657,0.0014954770023697774,0.0012189015528534751
2020-06-29,-0.009256743566791164,-0.00703168188943771,-0.00676998851684945,-0.0075197557980494585
2020-06-30,-0.0002036224288698412,-0.006548013824172435,-0.006387587301271647,-0.0036003775059722217
2020-07-01,0.00366186060062315,-0.004386065349503213,-0.004940105871951801,-0.0007492716115171501
2020-07-02,0.012139525775759087,0.01308838291198268,0.013567463961940394,0.01168487066526033
2020-07-03,0.008456211110767924,0.00876999725778512,0.007845588157947019,0.017610736792909733
2020-07-06,0.015763449155261088,0.004749663790025427,0.005306936337801213,0.009283951394112542
2020-07-07,0.0005889149485190559,-0.007272541933497455,-0.00352228331383413,-0.006675402052156843
2020-07-08,-0.00914664284082695,-0.008544308063707977,-0.007829758168617267,-0.007744629975677523
2020-07-09,0.008392273376574465,0.0020722479221714557,0.002135624625861577,0.0007809532679389055
2020-07-10,-0.005917355201448607,0.0004948347159205867,0.002157243455182003,-0.0009703708635723268
2020-07-13,0.005533371292316623,0.004631355159192371,0.008363551354618727,0.0014929483111517485
2020-07-14,-0.01702301161127119,-0.01280923605692351,-0.009989405452173819,-0.015086283313017668
2020-07-15,0.007226233368299622,0.02570934230368468,0.021089359503853485,0.01215110615580256
2020-07-16,0.008234033544259365,0.00735079579326226,0.01151794646656274,0.005274431263579709
2020-07-17,0.013541993449732361,0.005425460686729749,0.003909424858171707,0.005788913550512528
2020-07-20,0.008101278116223635,0.0020045376961373355,0.002886849027955989,0.0025360906748828987
2020-07-21,0.006735048317128691,0.002915805204746069,0.00010600845682015103,0.003832784186063443
2020-07-22,-0.001989635144351877,-0.0010948960410505889,-0.002696848516628672,-0.00252356458939324
2020-07-23,0.010304748933338402,0.008147524273481487,0.008272426152906968,0.01266782520118943
2020-07-24,-0.007013169111567047,-0.0037471918804077215,-0.0005818999330919118,-0.004512531871835403
2020-07-27,-0.0043971405035378745,-0.0017730474335133453,0.0007267497280277055,-0.0025205066505321347
2020-07-28,0.018611202643683857,0.01428561194191493,0.013744900907121452,0.007405558444693584
2020-07-29,0.001556577068915426,0.0055504280701763695,0.004387183749373793,0.00044482946544566475
2020-07-30,-0.0055121906034314595,0.004098498010239372,0.00615603508910494,-0.003746624434610043
2020-07-31,0.004436461067909753,0.004707444421366219,0.006448864314517817,0.007176484598219641
2020-08-03,-0.010545253650617013,-0.010188468129708427,-0.010161793624156193,-0.010562841275875609
2020-08-04,0.009875381440341311,0.009430517446055615,0.009036886502204853,0.011779435186163026
2020-08-05,0.010397660809272537,0.0009975868931606678,0.001214263313478148,-0.0001153315227864878
2020-08-06,0.007136194935924094,0.00788167813784466,0.008192997548193973,0.005631853134095272
2020-08-07,0.002595127777972367,0.00419085623245778,0.003954207282389549,0.0042193604793114205
2020-08-10,0.011664339938784024,0.012590734123137402,0.01172880287826798,0.012853225396273706
2020-08-11,0.0004774707402421678,-0.0030365743089213787,-0.0022412085594619388,-0.003257920275141575
2020-08-12,0.001635602251036317,-0.005323654655071795,-0.0036300195823417308,-0.00594529661972306
2020-08-13,0.004220614557649494,-0.0047870292605040644,-0.002967225085508689,-0.0052686877616752855
2020-08-14,-0.00828917711799377,-0.003621352947061295,-0.004631715307446775,-0.00256974205215233
2020-08-17,0.013317670800515366,0.005851934183766251,0.007963680900558587,0.005027187284494523
2020-08-18,0.01061352968537839,0.004728995902190945,0.005142878505846987,0.004557335098289627
2020-08-19,-0.0008303180679788787,-0.0022955922579530673,-0.002762943875584525,-0.0016994551508106542
2020-08-20,-0.0015763305542084946,-0.003866396939650826,-0.002487935127519898,-0.00411914861152341
2020-08-21,0.006299940124120845,0.009832761968775352,0.009856979557251707,0.012130362280125446
2020-08-24,0.0030270345856502224,-0.0011509615640713892,-0.0008797960241191483,-0.001351587367889456
2020-08-25,0.0003893566154887591,-0.003672346967620208,-0.003407782955496837,-0.003580786738158242
2020-08-26,0.003160981771831391,-0.0013673167702003286,3.098688064577174e-05,-0.001050081801483828
2020-08-27,0.0015031710707112214,-0.0003073284621428157,-0.000661608938201179,0.0007227115637480433
2020-08-28,0.005567888890451573,0.0012448496856523241,0.001932312884617612,0.0033185349399536814
2020-08-31,-0.029276766577388903,-0.02421939779114854,-0.023342633568665994,-0.02747628123140966
2020-09-01,0.01272115113651189,0.0101958362994226,0.00998717341611669,0.016301950993022132
2020-09-02,0.006560140739259392,0.002616697733105372,0.0026561740626072023,0.003429680861973921
2020-09-03,0.004888601230566553,0.005745623979217263,0.007047106689729909,0.004843456529197646
2020-09-04,-0.01911332536634841,-0.016221946422358274,-0.01589238657276873,-0.015353390847291867
2020-09-07,-0.00044455729229696294,0.0069692503719821,0.007406322615793033,0.006258820728412858
2020-09-08,-0.009977131850466983,-0.008831958430093507,-0.00684088990039552,-0.007293511900827562
2020-09-09,-0.002853103788151307,-0.00014631646340959354,-0.0003380689182017967,0.004658025504543984
2020-09-10,0.006051911884187613,0.006390204598221413,0.006860851134166548,0.010219606667342592
2020-09-11,0.002207519407400765,0.00028500774722728557,0.001150987274186553,-0.000948562523441834
2020-09-14,0.002351234061334382,0.002269239012363748,0.006053222306159142,0.002911329244706949
2020-09-15,0.005224224463390437,0.003672287399865856,0.0030199737265166364,0.005130922352965257
2020-09-16,0.006727149149094503,0.006932895191668302,0.007246488072828233,0.006692560859646066
2020-09-17,-0.004417357732948571,-0.000996366189173183,-9.342525995283937e-05,0.0013360530730849476
2020-09-18,0.009625466802160624,0.015423468596240391,0.0146831247038271,0.013518039810309548
2020-09-21,-0.030200846931097175,-0.026098565741574264,-0.024745897308456857,-0.026611971981922757
2020-09-22,-0.006941081513204689,-0.003563420633061985,-0.0030723934282576157,-0.002642318380350294
2020-09-23,-0.005210942023864655,-0.009508214708577845,-0.007972319598271209,-0.008651265028820462
2020-09-24,-0.0294587650774695,-0.023883909321840487,-0.024097370103886295,-0.021740423290421487
2020-09-25,0.02862596349549556,0.023925223596708192,0.02465878922473169,0.023953633961607185
2020-09-28,0.02159434494114832,0.009602294515178923,0.007922732181921483,0.007979551352543031
2020-09-29,-0.00397908534368555,-0.006997888954803977,-0.006248734939677049,-0.005533362765801671
2020-09-30,0.003113827637373349,0.006181815358304617,0.00705419619121022,0.005422115416713006
2020-10-01,0.012634264640061767,0.008956246920278294,0.00835364952158745,0.013809257808425766
2020-10-05,0.006848189044373733,0.009120263978733615,0.01083393806598511,0.014650632632389304
2020-10-06,0.006427174448495197,0.005214660315276203,0.005092661704208426,0.006535768847891388
2020-10-07,0.001536538693334543,0.01084938358618784,0.011951117304007133,0.0118861487775195
2020-10-08,0.00835790647517854,0.010622677089505308,0.01193858747709023,0.015015837843264653
2020-10-09,0.002692234087426482,0.0013234693903083038,0.0008964063292953065,0.004196273302760406
2020-10-12,0.0010801600860065378,-0.00034261512422934296,0.0002820475583322612,8.461517301926397e-05
2020-10-13,-0.0027583906417908946,-0.0005609777710593546,-0.0007868764191286525,0.0020277013341059302
2020-10-14,-0.0010511784450609653,-0.0027803763656112216,-0.0023723854720674002,-0.005936338559477366
2020-10-15,-0.019119100973111418,-0.015325520787585256,-0.015610674418029935,-0.01762830136107308
2020-10-16,0.011230684790851531,0.005669896085750279,0.0043491364662346975,0.005191359963070028
2020-10-19,0.007102873952987627,0.005447786101893916,0.0035794274563026294,0.007412733586000669
2020-10-20,0.0033267769050548675,0.004087421459664346,0.005316211466247084,0.0065246929171385235
2020-10-21,0.006245844176426549,-0.001193634692295403,-0.0035263128650149414,0.0004984988292709679
2020-10-22,0.00036526516739008143,-0.004534863513849843,-0.005894782053461025,-0.0038574961268240658
2020-10-23,0.0043164752837979575,0.0032603868276484633,0.0035884680679662247,0.002274918305103087
2020-10-26,-0.015924880058621298,-0.011533207963571114,-0.012995437522732205,-0.010279450348095291
2020-10-27,0.013125663055107734,0.017154500678378457,0.016086643475492705,0.02460951543111284
2020-10-28,-0.010792585040186112,-0.010589660531447439,-0.010362061286496096,-0.00935136193233419
2020-10-29,-0.005529598512303028,-0.00342923845727535,-0.0026584216152827442,9.820815297270895e-05
2020-10-30,0.0004421755935875737,0.000579762694009305,0.0009835700232820868,-0.0022895759465518016
2020-11-02,0.0038537216619441224,-0.008385305658498357,-0.008609055020426606,-0.011153618282201854
2020-11-03,0.011249692500761906,0.007996953575302584,0.007895046814361812,0.00439821429610879
2020-11-04,0.005690627892362094,0.004186190225049019,0.004055623190284974,0.009281464776556518
2020-11-05,0.023213976379092185,0.01656878271308304,0.01641535608531587,0.015150148914167366
2020-11-06,0.003546391457281186,0.0015569779323418129,0.0010437199647430782,0.0033981040436908945
2020-11-09,0.01286320466590088,0.01185581522575439,0.011810966141603515,0.014430801103317226
2020-11-10,0.005888192145655955,-0.0008133433976095874,-0.002188119342708836,-0.006103187259784454
2020-11-11,0.020494303197815315,0.014597907572881584,0.015067558526262135,0.007127436006317514
2020-11-12,-0.003676441465052466,-0.003977868439904017,-0.0039882387929589015,-0.0009888043497567856
2020-11-13,0.009893563324279887,0.0089721540329821,0.009334892911000287,0.00415828492945677
2020-11-17,0.011047129195246076,0.004525430922858882,0.003924780575836118,0.004989647932991358
2020-11-18,0.008966935597075645,-0.005210191684009112,-0.005826046960360933,-0.005353220517620289
2020-11-19,-0.007837945122304159,-0.00015613768864522698,0.00025271563338174347,-0.006294235069785633
2020-11-20,0.01481048135666367,0.007079570272733389,0.007143215344788776,0.00515791346887641
2020-11-23,0.008323044484035483,0.01473053506458067,0.014987338417358137,0.014182151301126709
2020-11-24,0.010859378128841673,0.0031146532012100627,0.002851660692273106,0.009966354946686098
2020-11-25,-0.012869259374293951,-0.009057221158174275,-0.009197010428436021,-0.015319705187900289
2020-11-26,0.013654429884432953,0.010254748679994891,0.010359219928583132,0.007903811760077782
2020-11-27,-0.000811458518559641,-0.001866282350241423,-0.0022832748014700657,-0.001887399896423589
2020-12-01,0.012066640586512507,0.006380605082354068,0.007708866458266943,0.0014212316687819766
2020-12-02,0.009208705373594517,0.01244353682296112,0.01240603101736831,0.010845598176931894
2020-12-03,0.010176554873624299,0.012394281948981942,0.012214405702875653,0.013945189421796348
2020-12-04,0.012889459083742134,0.01159904421167643,0.010986583967733067,0.008210667867087231
2020-12-07,0.006552207095855704,0.008587489886909501,0.00991463128507819,0.005758261867831849
2020-12-08,-0.0024732462915494358,0.002316333999069031,0.0021735645783549913,-0.0004229198598361412
2020-12-09,0.004566032077374967,0.007840620651024349,0.00719271102210267,0.009188167659888115
2020-12-10,-0.0021631219990151376,0.005043995133191662,0.004426522316432827,0.0011519505740289243
2020-12-11,0.0040085688506946845,0.011131896242983885,0.012463114034131598,0.011861383174961874
2020-12-14,0.007463106955968413,0.010768236931992005,0.011760937078649888,0.006751966063588938
2020-12-15,0.0022319503111969015,-0.007138906742523921,-0.006854975587915033,-0.002656869714340411
2020-12-16,0.00783802011859605,0.010757887527034143,0.010834431413440489,0.01108709763067274
2020-12-17,-0.0014520559027067486,-0.002012230084835572,-0.0022041870921341786,-0.0010767672266709639
2020-12-18,0.002638655668712949,0.0024233889307408805,0.0012769299501797502,-0.000318431990056943
2020-12-21,-0.037881432948022126,-0.03362092922817635,-0.03651557793321103,-0.03418514003651967
2020-12-22,0.01600282216126917,0.012248187033161847,0.011865419353257252,0.012609891274185343
2020-12-23,0.01267171732309472,0.010135375772415913,0.009686262458062518,0.010416166680846817
2020-12-24,0.006353782408086824,0.007044126290555597,0.0075933712081771906,0.008023258407048595
2020-12-28,0.008636556059442208,0.00765351824361247,0.00737543538105072,0.006647329387563523
2020-12-29,3.1941236266588065e-06,-0.0031316787463648308,-0.0034690429561220915,-0.0035279928024028765
2020-12-30,0.00622628469389087,0.006718317168652306,0.006043813096963598,0.006228192098401211
2020-12-31,0.0006949795824706778,-0.0021378760638105427,-0.002878952500767158,0.0010086649181917052
2021-01-01,0.005801023720595415,0.00307215943054684,0.002658248222545813,0.0011581300537703153
2021-01-04,0.013885330945348445,0.006159832867793597,0.006848746626888539,0.00282847623518978
2021-01-05,0.0009643356145456431,0.001997404513697873,0.002993599418301284,0.001614526245099728
2021-01-06,0.0014480094505880056,-0.0027052786172966975,-0.002425574431736152,-0.001858754770267926
2021-01-07,0.003693377792675042,-0.007431363379872655,-0.00737257822241096,-0.007346932785850206
2021-01-08,0.017616993145623507,0.02160907393758844,0.02165953852681269,0.01969407083389243
2021-01-11,0.006461064777707731,0.0080004524705152,0.00836469508515707,0.00857068357940356
2021-01-12,0.0022311070732835684,-0.0007489298261033066,-0.0008584523900052703,-0.0034906222223392747
2021-01-13,0.004994664590876261,-0.0017516923377027876,-0.0031147230251629358,-0.005325351340997938
2021-01-14,-0.0002158625170086356,0.005677212317039501,0.005249461592789861,0.0041799095652258695
2021-01-15,-0.012468065905341273,-0.012576831996149061,-0.013302608525293138,-0.01304472779595308
2021-01-18,-0.01738609247593331,-0.00845912589290178,-0.0074098127005612245,-0.010404297188702786
2021-01-19,0.01745310893080418,0.01403695929234848,0.014108103028687178,0.014578252100674899
2021-01-20,0.008366055904055161,0.004532289808447393,0.005199295108751847,0.00337708156808664
2021-01-21,-0.009224557144548628,-0.0034833209581284835,-0.002495736918252411,-0.0027213047989099264
2021-01-22,-0.01143419450004484,-0.003829520855898108,-0.0029150281637999828,-0.004539908401684068
2021-01-25,-0.0030367023114407123,-0.009808339627552051,-0.010588397934225783,-0.008698026355868995
2021-01-27,-0.013417510188511146,-0.00966203578578628,-0.009712046501434845,-0.012504290231041642
2021-01-28,-0.006466955602591015,-0.016542419473400887,-0.016325259195570825,-0.01955970122779993
2021-01-29,-0.018203190693467833,-0.02086581429562394,-0.019782431712697376,-0.02149417154990553
2021-02-01,0.04000041310921402,0.03791718393644907,0.040261271951903835,0.035231724664170454
2021-02-02,0.022834551408990256,0.020700804280555804,0.019910809979716296,0.025649952083416378
2021-02-03,0.013239457126350593,0.005303089257108224,0.005453034989402606,0.006095225096559013
2021-02-04,0.010965965673914868,0.00789151684909084,0.008978083534061767,0.004668503644609415
2021-02-05,0.0036248952940783298,0.005096683002241469,0.004490245735964624,0.006334740581715435
2021-02-08,0.016102453315596527,0.004535668769076336,0.0046081357164503576,0.005374798161424931
2021-02-09,-0.0027280677804442867,-0.001344285682165187,-0.0010751648520005025,0.0005497889854690322
2021-02-10,0.0003279408579450793,-0.001337442604728452,-0.001909635345478344,-0.0004427205423839305
2021-02-11,0.0035628039629158996,0.0057838056787404505,0.006219561706779236,-0.0005148658691084796
2021-02-12,-0.005029348457556548,-0.006673502521266514,-0.00639772381363914,-0.006310989408265319
2021-02-15,0.008139333635831185,0.013341225991049675,0.015366485660307945,0.010583312204787535
2021-02-16,0.0058464017334954495,0.0012610410840983282,0.0012608587583690118,0.0038660694803405128
2021-02-17,-0.0025251712336248266,-0.007173332886440426,-0.006776210325865024,-0.00996269164173623
2021-02-18,0.0009149613172480162,-0.014322225112819411,-0.014452280745081848,-0.01601633498508767
2021-02-19,-0.015697949804313313,-0.011431921189730423,-0.011682278474351784,-0.010997091022313008
2021-02-22,-0.01572191511554591,-0.012372928949947338,-0.012080054425161153,-0.011801276874706695
2021-02-23,0.00765984580991451,-0.0006184693594307195,-0.0014913846151675797,0.0008519572193477075
2021-02-24,0.012481893183774767,0.01763967738638418,0.01889936762504854,0.016567659717554868
2021-02-25,0.014592110612290786,0.003713880328722644,0.003493420008081047,0.0022228240585155296
2021-02-26,-0.036022203825619444,-0.03197934762481985,-0.03271120083245866,-0.03252999843903223
2021-03-01,0.018906467154440137,0.011444375105282395,0.010620596894244856,0.011576304026144573
2021-03-02,0.014912653396819435,0.0141423843099743,0.015315315280466018,0.013751935544706082
2021-03-03,0.015375585791918178,0.010271950738798975,0.00889773402728964,0.016339233023933863
2021-03-04,-0.00645355955715529,-0.003123738035831116,-0.002244511912646247,-0.004946650050813871
2021-03-05,-0.011047405317926438,-0.008181667287328186,-0.008075270863310452,-0.005865754499215961
2021-03-08,0.002004099314095317,-0.0017379863269815976,-0.0016964218785112616,-0.0008927034718959583
2021-03-09,0.0015022423088629014,0.001760283228740567,0.0018198322361626831,0.0036609124395553774
2021-03-10,0.008441947705004334,0.007926523750530864,0.0080310733032471,0.008735161898219147
2021-03-12,-0.007744662647346566,-0.00828120141060159,-0.009363365624239834,-0.013368347690646303
2021-03-15,-0.0020261823622904716,-0.0025009438299167675,-0.0037691623570252153,-0.005298127884057573
2021-03-16,0.0016099675625649065,0.005469898617956768,0.006751879604406768,-5.511190942269128e-05
2021-03-17,-0.017602899239071764,-0.01575050733285542,-0.01570398235205705,-0.017589980489031584
2021-03-18,-0.00804907754423886,-0.010203037778119192,-0.010387201998361576,-0.013880688480753028
2021-03-19,0.010964858256465771,0.014504566893348128,0.013695317204174828,0.014443221808718442
2021-03-22,0.0043154567858468855,0.008483992736484262,0.00948178852211634,0.009337830461077844
2021-03-23,0.0022615945899621113,0.0025781379099264964,0.002632202758488715,0.0027127913954152027
2021-03-24,-0.017347353865617046,-0.009489556261407999,-0.008457871800162404,-0.010620381947508301
2021-03-25,-0.01845626397070304,-0.018822888567136143,-0.019812218562011867,-0.013975294935241769
2021-03-26,0.015853480785866805,0.01576049176631967,0.01565905527376947,0.016379885660569308
2021-03-30,0.02170688571999955,0.0272697747058185,0.027000841112961277,0.027344254249299753
2021-03-31,-0.004384586503930506,0.000722845825654296,0.0009538607083152059,-0.0021836330705953953
2021-04-01,0.01649838227602759,0.005846094296947861,0.00639298535041152,0.006233548569796675
2021-04-05,-0.01111824803788406,-0.009899355510928404,-0.010491377641990499,-0.004954346258245507
2021-04-06,0.006340845174502348,0.008508706647050418,0.008889475707723435,0.00807630754092547
2021-04-07,0.010432091915112424,0.011765951247471613,0.01245931353271277,0.012086671024490795
2021-04-08,0.007877133932745672,0.004852396401034412,0.005023779383040614,0.005991665791667209
2021-04-09,-0.000180989259818623,0.010065870998128865,0.010271476597035537,0.007524113467536441
2021-04-12,-0.03643459659780106,-0.01601831056232351,-0.01698142537794407,-0.016937078804551295
2021-04-13,0.013372279310617255,-0.0026915875522785654,-0.0012812671202784036,-0.005285806429639109
2021-04-15,0.004076325055698208,0.004083678942832329,0.004132037385791054,0.009193657583602164
2021-04-16,0.009032937305564285,0.009605818608182843,0.010414816525652352,0.010588437872814462
2021-04-19,-0.018480693846377502,-0.007854969883606873,-0.007872168894530442,-0.003280491975064369
2021-04-20,0.001763117016948155,0.0062210104438559545,0.007002969757163897,0.0056535207548685205
2021-04-22,0.0042359478249323415,-0.0027009882832398787,-0.0024694687861481256,-0.0028796125052381705
2021-04-23,-0.005257227613089369,-0.01050909917633792,-0.010862610924841207,-0.01134327549134253
2021-04-26,0.009852966885319196,0.0035394287068528044,0.003863572787723718,0.0007263720243477633
2021-04-27,0.01055838328724063,0.005748305510104503,0.006039527229714034,0.008669032383832983
2021-04-28,0.010998057396479027,0.007028078829523704,0.007833909836066485,0.00449170524646953
2021-04-29,0.007914256701363096,-0.0005318845420869264,-0.00018305404105503978,0.002793776925611731
2021-04-30,-0.007645795576359444,-0.00887275764195275,-0.009176023332471838,-0.011822711938645047
2021-05-03,0.003505292696338096,0.005721751670682918,0.005709617715190757,0.0070144899900309605
2021-05-04,-0.006055227776344025,-0.010690548540621984,-0.01046330149678517,-0.010822298615001927
2021-05-05,0.009607642187280618,0.0087011569325436,0.00893009960902819,0.007533375152045134
2021-05-06,0.008307392154581272,0.005558493036146963,0.005578058098232919,0.004833457085687131
2021-05-07,0.007532408931746942,0.003433103870666189,0.003868707360811135,0.003744890671646487
2021-05-10,0.013354208505204673,0.010554779828807656,0.010363718328701697,0.007053406920655183
2021-05-11,-0.0007319893936564147,-0.0026578897892411708,-0.002312537371240846,-0.005501468851583546
2021-05-12,-0.011122839013827265,-0.0061053854165474125,-0.006380378103845643,-0.008418768566423075
2021-05-14,-0.006235232303255985,0.002435584536771649,0.001750437081036177,0.012625259428273828
2021-05-17,0.011703586367775815,-0.0003834321436683142,-0.0003038834155928154,0.003069208905131731
2021-05-18,0.014758172015254693,0.002149133003215233,0.0018799756514907512,0.0026461879135974403
2021-05-19,-0.001152782748855677,0.0028622762973743053,0.0032749490674475624,-0.0006046680059839827
2021-05-20,-0.00868014366714874,-0.004138819229094259,-0.0043035736987978405,-0.0036140402480452504
2021-05-21,0.011230146003535516,0.006992059649909325,0.006822634462936644,0.011266203118022334
2021-05-24,0.0006905791016766809,0.001967726187270357,0.0017534248883380485,5.24084166496823e-05
2021-05-25,0.003753439740388511,0.0037550573898273384,0.0038007781561659212,0.007208712995835979
2021-05-26,0.0031276153154827873,0.005874579069639575,0.0060778142079510565,0.006471176366887399
2021-05-27,0.003221701263606259,-0.00010209421481414204,-0.0001298140365145795,-0.0006106281164711532
2021-05-28,-0.00045425940404564117,0.000571808600812847,0.0001591930637236446,-0.000951123036528139
2021-05-31,0.008245128584261019,0.012050310283838944,0.012096919411076565,0.015669901699802778
2021-06-01,0.0011678680578580806,-0.0019055938680675722,-0.0010384327840437166,-0.0029031630942398393
2021-06-02,0.002341908023827998,-0.0009436550804734072,-0.0017333299414091946,-0.002158100001042724
2021-06-03,0.009069517550189497,0.003275751720188787,0.003972822371541422,0.009509380574780554
2021-06-04,0.0009345967277250724,-0.0002423064276914367,-1.8067579289453945e-05,0.0011924374691245792
2021-06-07,0.005924365825181747,0.007518193126658579,0.007110525598023532,0.0018701696073795855
2021-06-08,0.0004942780461460157,0.006042512302382168,0.00653305978987982,0.0030526069869217356
2021-06-09,-0.005462249500532227,-0.0014273886313716643,-0.002022687133282404,-0.00491027031623244
2021-06-10,0.0075507943069280554,0.005343847623430582,0.005394881997667524,0.006199534290262472
2021-06-11,0.0056136630629450785,0.007067356647691891,0.007115936262370872,0.004812622551766918
2021-06-14,-0.0016548315986043996,0.002634827368857429,0.002309526645366869,0.0007425578586250168
2021-06-15,-0.00021337366825526416,-0.0006388240274990879,-0.000853509574635153,-0.0013658752942740954
2021-06-16,-0.007760040371476869,-0.0037503896951641674,-0.0030000896754053094,-0.005176370079595447
2021-06-17,-0.008492036384257062,-0.005994910428853657,-0.005119522396159132,-0.006487318144570145
2021-06-18,-0.0029960980684359114,-0.0026263986581587747,-0.003226086971104626,-0.001695220422806228
2021-06-21,0.005656467071720574,0.0012305458116601872,0.0013757087589764264,0.0009260256999931762
2021-06-22,0.002960499825107027,0.005014438209230376,0.0045222572017206385,0.004896063783929098
2021-06-23,-0.0004090367311067669,-0.001442428393524356,-0.001868175560036994,-0.0029493732718566933
2021-06-24,0.005550201593874229,0.005327322706466808,0.006117876945198854,0.006850331263234583
2021-06-25,0.007465252765611784,0.0044455083526574405,0.00506078905205749,0.011368271433344774
2021-06-28,-0.00010043014010287698,0.0001993672966245706,0.00018494627167155338,0.0016208837153795902
2021-06-29,-0.0036197017004579793,0.0008383495287139697,0.0005082224886702169,-0.0006332035845565344
2021-06-30,-0.002093632065069168,-0.0004161228821344884,-0.00011448168507303914,-0.0002408701235382107
2021-07-01,0.0017459734678725077,0.002313668823827259,0.0020150776506079244,0.0018044583331712962
2021-07-02,-0.0004224275081131857,0.0005490547690084363,0.00018009201228802593,-0.0005091578068793508
2021-07-05,0.006222046932485922,7.708811176814173e-05,0.0007821310469819801,0.001748679123029527
2021-07-06,-0.0011725689626682783,-0.006917218384197288,-0.00585026526367581,-0.003746719803264427
2021-07-07,0.004548403524690138,0.0027884164324051496,0.002424908009558268,0.004155589773435844
2021-07-08,-0.009336031562010527,-0.006878496268613209,-0.0068457394604202245,-0.009263914364339433
2021-07-09,0.002831771261723402,0.0007565131677561752,0.0004946989996186045,0.0010425674844694046
2021-07-12,0.002027264009373797,0.0018528672479852647,0.00241679205148071,-0.00022884235725223294
2021-07-13,0.0041825055550708465,0.0006052011488041314,0.0012744643582794162,0.00043462400237949736
2021-07-14,0.004341776104620124,0.005155898228811794,0.006212944540630629,0.0031236192530663905
2021-07-15,0.0030370485813155084,0.006677706747948064,0.006479155959221242,0.0017785206278486292
2021-07-16,0.00021322760648037056,-0.0013704211720173467,-0.0005697872304456461,0.00042409204985695975
2021-07-19,-0.005810003348510131,-0.001962513969979948,-0.002526121832844311,-0.003354690350931759
2021-07-20,-0.008276585328085449,-0.00248902669718481,-0.0025602668874462136,-0.0011820782835416433
2021-07-22,0.01449625273629551,0.0073700372792003446,0.009179602057460646,0.006324045593003933
2021-07-23,0.0016765212855191663,0.0021805850033874852,0.0019935106084733563,-0.000537443399492566
2021-07-26,0.0015177485334686071,-0.00016178191773681132,-0.0001070971020348013,0.0008863154538644043
2021-07-27,-0.005298871125683701,-0.017495657167351887,-0.015005170230448284,-0.01633620350987407
2021-07-28,-0.0006185669694358995,-0.005576657693600034,-0.004612601651553732,-0.004447085920659281
2021-07-29,0.0073757799206521715,-0.0009975535923671796,-0.0006272616849881639,-0.001509743699341096
2021-07-30,0.001727829355864702,0.00780035409119892,0.0077767010781263635,0.002508675997534393
2021-08-02,0.007252957776327734,0.007343747759008211,0.007335193039345244,0.006113898842876452
2021-08-03,0.013172255838593385,0.01574076135827229,0.01559725961640956,0.014515050149702911
2021-08-04,-0.0010000450589756195,-0.0030384973016820203,-0.00325624748082956,-0.0011544465763135695
2021-08-05,0.003106842473606059,0.000521855743644669,0.00038257157707478266,-0.0022678982420559057
2021-08-06,-0.0022305837884551956,-0.004092720061413689,-0.0038252320285489605,-0.0041738956034094166
2021-08-09,-0.0007938926523167769,0.0018374673345078938,0.0013827410602519248,0.0016641940815766924
2021-08-10,-0.0023448434468312236,-0.00203237737707209,-0.0021184418070135935,-0.0027290797736423565
2021-08-11,0.0026174434901796648,0.00030324227464576534,0.0004087870667352604,3.3411604883492804e-05
2021-08-12,0.006598715691625157,0.003817575584050089,0.0035197839952502193,0.005999736942112894
2021-08-13,0.004365253666363875,0.005998616286340569,0.0056816551043926385,0.0044692185487836735
2021-08-16,0.001524734006623815,-0.0011824722099237467,-0.0011621670394258354,-0.0007543586924572479
2021-08-17,0.0071733871259483314,0.011285470903032314,0.011048683574951673,0.015958212242302344
2021-08-18,-0.0012739326694983886,0.002214842920404036,0.002255647010792293,0.0006058324512486703
2021-08-20,-0.012439090191859585,0.0020933733344052656,0.0017980404479713212,0.0012187679245593047
2021-08-23,0.000444026423611328,0.0005313241733255695,0.00023403129385089717,0.0009921994212709793
2021-08-24,0.012372408915147837,0.00516691436152476,0.005719838033614689,0.007235774630513652
2021-08-25,-0.0013593250597515733,-0.0010842031767009145,-0.0012211394840158352,-0.002703076062851309
2021-08-26,-0.0036384731463967174,-0.0011202232318242378,-0.001404903302386712,-0.0010285557276384877
2021-08-27,0.007644984499851864,0.006096251800505705,0.006388709335256294,0.006754789914258797
2021-08-30,0.013506810522652686,0.010939488385436364,0.011307226751995593,0.009780074401105555
2021-08-31,0.01649089333059303,0.015290371184734903,0.015821495868323054,0.018158858390391712
2021-09-01,-0.0028158494920272267,-0.0003471596480514776,0.00020780261466573561,-0.0019930300341142702
2021-09-02,0.0070302958632661675,0.008109416867173433,0.0077511311958272395,0.012580831463086924
2021-09-03,0.006892917296962056,0.006186860228168548,0.00632171352613943,0.005605827584979298
2021-09-06,0.0023161589513713138,0.0018488828063805717,0.0018517488128825291,0.005613755242960274
2021-09-07,-0.0036129275236225417,-0.0005398458321040172,-0.0002539572111498682,-0.0018438323582946098
2021-09-08,0.0003616941617822528,-0.0010000365147887998,-0.0013637454349282522,-0.000907520038555259
2021-09-09,0.003139211774562973,0.005054036233697266,0.005126253218101253,0.0041417781773106
2021-09-13,0.0035448528569977066,-0.0002753376734861259,-0.0006084238449170503,-0.0003934628169184334
2021-09-14,0.004028521395402063,0.002147492143871709,0.0019624164915802446,0.00038380984344858716
2021-09-15,0.011966798448269988,0.010102017928554894,0.01022785169951694,0.00908438645775021
2021-09-16,0.0027077559912822725,0.0039026843073356556,0.004135856326350438,0.0043618604376901345
2021-09-17,-0.0034081428530634878,-0.0038872254930650005,-0.004181855468859184,-0.002060893788997871
2021-09-20,-0.013432735387468172,-0.006172075870920762,-0.005412284921985131,-0.006188285632521532
2021-09-21,0.01164974717496272,0.007331993834453413,0.0064591824604601465,0.004899718687776606
2021-09-22,0.003467400033176452,0.000292991181091491,0.00011338332862735872,-0.0013356611712660902
2021-09-23,0.013327333721242262,0.009831688388754577,0.009692121898605001,0.011884058927663312
2021-09-24,-0.0026209729801061976,0.003082044749559375,0.00401665032708886,0.001491701899228026
2021-09-27,-0.0009315279707160136,0.004579194127727167,0.005385221742981621,0.0014060043716952219
2021-09-28,-0.0007987954001951862,-0.00021941461173950326,-0.00037019444768983227,-0.00023175855309232854
2021-09-29,0.006871657391158121,0.00245479454912833,0.0020732755333638434,0.0025341255146389867
2021-09-30,-0.005619604560421289,-0.006192956153249186,-0.006347479628253224,-0.0062413360343378625
2021-10-01,-0.0018626441165458573,-0.0022922270103475804,-0.002296466004310425,-0.006274713256678428
2021-10-04,0.009038835125093922,0.00305681144561921,0.0025887978509322924,0.0018015728535666744
2021-10-05,0.005787388077726636,0.0035209123240767717,0.00355194016254812,0.004940206729333163
2021-10-06,-0.014871227849747419,-0.010442485308228468,-0.010478853325782356,-0.010477756516341202
2021-10-07,0.010175903039721497,0.01040846621507503,0.01067881739502995,0.008256108338122464
2021-10-08,0.0012908852981644444,-0.0007986809307142506,-0.0009310818539185984,-0.0005210063881306119
2021-10-11,0.008229699649246063,0.011102956997506446,0.010843599707355881,0.013593493897891175
2021-10-12,0.00402319071629529,0.0048063409876589105,0.004767139337919073,0.0040366772901838915
2021-10-13,0.007951550408722629,0.005174539053903831,0.004941027920468724,0.002541810702394164
2021-10-14,0.009286980795498098,0.009382947065197303,0.009128856128912208,0.013316603852389156
2021-10-18,0.006465524739677186,0.0030961629262269102,0.0028398720725416977,0.003398222897163898
2021-10-19,-0.01005805392094533,-0.01071110064647617,-0.010456482355892907,-0.009643194296662647
2021-10-20,-0.010584704372659317,-0.009178213196929966,-0.009766696124539469,-0.009299401362059648
2021-10-21,-0.004964115621315015,-0.0029965364341508127,-0.00349693012075148,-0.002918999163162553
2021-10-22,-0.008439913626759547,-0.005395248493294003,-0.005421953181889609,-0.0068549477838354255
2021-10-25,-0.0012869316382518392,-0.0010501809420925719,-0.0017256070335938821,0.0013739530142075239
2021-10-26,0.01097645238744712,0.008268053264338611,0.007953039752260116,0.007762184579098949
2021-10-27,-0.00406030605694864,-0.005146208508472417,-0.004566981962269534,-0.00130880323572404
2021-10-28,-0.021347474002281888,-0.01745772454652373,-0.016999003573023256,-0.019920005990843294
2021-10-29,-0.005271648304172715,-0.0008859428332713901,-0.0009472227162783187,-0.0004131336832524546
2021-11-01,0.016345030827135006,0.013069757498754475,0.013502487780597082,0.010119736597993464
2021-11-02,-0.0037217895949911125,-0.0007918059167023094,-0.0004236825046292701,-0.0016396143605459052
2021-11-03,0.0008287935189065748,-0.002039276892445723,-0.001618672454569284,-0.002895810692987666
2021-11-04,0.005775575110054607,0.005124816754175383,0.004940727972470017,0.004317378878975827
2021-11-08,0.011690455814830091,0.007316987929724952,0.007229784353454062,0.007218131164631247
2021-11-09,0.0007343928909292353,-0.0028382061726475475,-0.002974392124384916,-0.0017612705075531927
2021-11-10,-0.002298711500042611,-0.002300977477927911,-0.0024703769265164805,-0.0005206081667140845
2021-11-11,-0.0074129487433010465,-0.007604526403889869,-0.0077529844246977,-0.007381632537149421
2021-11-12,0.01049778847508379,0.007278471449358987,0.007623209984499858,0.00921865376409208
2021-11-15,0.0015349120813724706,0.004033944501103473,0.003733480055132309,0.002460010585338848
2021-11-16,-0.0036108269526964687,0.00037099991061788405,0.00017173818245081037,-0.001961423821766083
2021-11-17,0.0004717432296048774,-0.0038819682411926583,-0.0041171307252931815,-0.0048489364499887545
2021-11-18,-0.012835911550843373,-0.01015413496562902,-0.010446432515207674,-0.008121987441715169
2021-11-22,-0.01748550681165115,-0.01547150354961786,-0.015425108498715014,-0.01362707461911676
2021-11-23,0.01010251707032675,0.004297984625681186,0.00402674019725704,0.0057641485761376135
2021-11-24,-0.0029139330676785664,-0.003696819279674875,-0.0034368193290350664,-0.0057593337701952055
2021-11-25,0.004421797682382709,0.0003893495942345524,0.000139143640848241,0.002476459209587404
2021-11-26,-0.027720064758912474,-0.017491982881659034,-0.01804406529368545,-0.017705004939052253
2021-11-29,-0.0012686378225779619,-0.00012225913919684415,0.0004946855947550206,-0.00020095007998799917
2021-11-30,-0.0029013288705219643,-0.0025208291215468807,-0.0028227312033330975,-0.0019089627277159823
2021-12-01,0.008616984539387815,0.0005367306898508648,-0.0003525139729414076,-0.0014056145661499602
2021-12-02,0.014025899571084747,0.011747956343986257,0.011993701202800328,0.013040946132687184
2021-12-03,-0.010873177637791703,-0.011594287336803462,-0.012114567496333831,-0.012155999339320791
2021-12-06,-0.017421655493969686,-0.01849580072566223,-0.01840406535112029,-0.018671772532992216
2021-12-07,0.015856572984325995,0.010651543558073202,0.010184345359407867,0.011085561897747192
2021-12-08,0.016393460238311057,0.013999432714101104,0.0138148037387798,0.013295604165023069
2021-12-09,0.002254681971541323,-0.0024785371392832952,-0.0019464796509827244,-0.0024970968995543293
2021-12-10,0.00041217020974448134,0.0016920941276254392,0.002483797329669796,0.0012974200541285164
2021-12-13,-0.005385132674786342,-0.00524772915352155,-0.005447679257305355,-0.005083346299503523
2021-12-14,2.0824125491787984e-05,0.004447066703929698,0.004897549035167451,0.006856167353251918
2021-12-15,-0.005939150594737227,-0.003983173233632004,-0.0042321305715424615,-0.005784450266142587
2021-12-16,0.0004215255369493477,-0.002961531514457392,-0.003217228710343715,-0.0008505192108403
2021-12-17,-0.016504303691806013,-0.014675801460575046,-0.014563220815026503,-0.008449090290605967
2021-12-20,-0.019785547714388688,-0.004797991822512792,-0.004232924405886426,-0.0055661942263048455
2021-12-21,0.01253652145326269,0.010151290944572568,0.010121432345691874,0.009140869698039858
2021-12-22,0.010380647728187819,0.005843831972085064,0.005588855414788306,0.005827402031900998
2021-12-23,0.008611916212795287,0.006852898954428493,0.006869796776577649,0.009515666134978118
2021-12-24,-0.00647168817805447,-0.002085072955301387,-0.0019446760602521043,-0.0022424720559914416
2021-12-27,0.004557257238062597,0.006959052423194591,0.007102071129960037,0.007390405207073389
2021-12-28,0.009766063807127379,0.006720224681700296,0.0068234100355041,0.006433698679426026
2021-12-29,0.000831876349985932,0.0032855704006217266,0.0036345800398670256,0.002571034308770305
2021-12-30,0.0006768940098519969,0.0053273514357830825,0.005308839657897469,0.005804584524573613
2021-12-31,0.009968068111041763,0.007501755066370022,0.0070383561115421964,0.0051326616911696495
2022-01-03,0.013051740024006744,0.008483093844685973,0.006004026626974074,0.007164888492316569
2022-01-04,0.00944893304880433,0.00734826197169298,0.007156449534001902,0.005732822557042931
2022-01-05,0.009013214961087267,0.005504315046484518,0.002851393520288995,0.0004476388732865275
2022-01-06,-0.006294794599950138,-0.00827340557328216,-0.009274397652340373,-0.012754974209291104
2022-01-07,0.0038159716314208956,0.004152080611645489,0.004192578970393955,0.004665833199339133
2022-01-10,0.00808927524270636,0.003237329694485141,0.0010496461577474878,0.00456551446488985
2022-01-11,0.00032903482220279345,0.002381985951382135,0.0031279844191793426,0.0017216235159555906
2022-01-12,0.007418578511686585,0.0011491185540673198,0.0006766984329824445,0.0003834954322759353
2022-01-13,0.0045136239302728245,0.0003834234402487924,-0.0017558733966689518,0.002354154010061317
2022-01-14,-0.0019661339334512483,-0.004139896023254489,-0.004370449965527822,0.0010581495307550163
2022-01-17,0.003987261940719812,0.0003997777450891443,-0.0005631563257560708,0.002186050965692595
2022-01-18,-0.0163400531022811,-0.008619858414675928,-0.009141650951340348,-0.0113171580384829
2022-01-19,-0.005598462287622039,-0.010691755429604186,-0.012503810496096113,-0.014896931112917138
2022-01-20,-0.005024788009220907,-0.008633723382775878,-0.009322447586385438,-0.006547232995202812
2022-01-21,-0.011223993394586157,-0.0002020810319080719,-0.000915462292698563,-0.003039321469469715
2022-01-24,-0.027403703922832354,-0.014548331328701208,-0.016871196477112202,-0.017021648573533953
2022-01-25,0.012300887970221906,0.012822873824781929,0.010040203146974534,0.004785656596851827
2022-01-27,-0.00733833615937551,-0.00856617245932734,-0.011690888316890493,-0.014308151708891343
2022-01-28,0.0014246298343314227,-0.0030396894583963616,-0.0018966198320944077,-0.00043697420020127995
2022-01-31,0.013209322409295605,0.012677119302977751,0.013991407871405653,0.013032276946398415
2022-02-01,0.014652210897927275,0.009823768513193831,0.007724175712898839,0.005359427324824944
2022-02-02,0.010270361125729993,0.007421013622138815,0.007636388144257201,0.008901560832430088
2022-02-03,-0.00891462874683292,-0.006514587649148582,-0.005100420397957022,-0.00818445075772171
2022-02-04,-0.0016648742364663797,-0.0014937136315832725,-0.002010591754565756,-0.0009391832528192863
2022-02-07,-0.013064175612304909,-0.012799832905083077,-0.013132446411748658,-0.013874434768157196
2022-02-08,0.0023436049635508485,0.0007946658171722612,0.0009840458550789994,0.00032158453845405356
2022-02-09,0.013077034868866444,0.01187618235054242,0.011790849501866067,0.009675358811982062
2022-02-10,0.007048173748584785,0.005369855650231073,0.005095607734730766,0.006941884307213226
2022-02-11,-0.012888122786278227,-0.01360617327065524,-0.012716612752638051,-0.013874367103000218
2022-02-14,-0.02847420298468068,-0.01861674354713339,-0.019219446951908907,-0.018713897094710486
2022-02-15,0.027774432201042164,0.019124730704113305,0.018914054238184035,0.01916822150672392
2022-02-16,-0.0014782888472870538,-0.0003383733406868319,-0.00021220988257673358,0.0017569608124610703
2022-02-17,-0.001880138656041453,-0.00353552837351895,-0.0032809950691647287,-0.002216872337779355
2022-02-18,-0.0030627508370455548,-0.002049893728488025,-0.001495527477212238,-0.0032886679372291644
2022-02-21,-0.006810324861674464,-0.0032959475978629124,-0.0030711613968655176,-0.001103139354803935
2022-02-22,-0.004070864265291547,-0.006556284762473386,-0.0064559315338585535,-0.008410437948816045
2022-02-23,-0.0010361157006151791,-0.0031905433665539488,-0.0033133720708388176,-0.002787496455380285
2022-02-24,-0.045482147499745954,-0.03701409986274082,-0.037002947469641785,-0.036795441154999865
2022-02-25,0.030146638742843377,0.020704547790468247,0.020203942966107048,0.02029791523386052
2022-02-28,0.01394437823119132,0.004471448972170763,0.004209998637761078,0.004046104205928316
2022-03-02,-0.005911333340623704,-0.01181924123868689,-0.012903968099611371,-0.008115456782930757
2022-03-03,-0.005147837847651741,-0.002660241523044665,-0.0025644269127780683,-0.00024396330208239754
2022-03-04,-0.01621624096563179,-0.009280943331626676,-0.008131241287026792,-0.011208279207096678
2022-03-07,-0.012784977193342765,0.006104914816228728,0.005325141328308959,0.007449623448740133
2022-03-08,0.0072687293385522295,0.008681684663896847,0.01091173636808632,0.007665805846448393
2022-03-09,0.014881034792261789,0.004433511465965363,0.004970051024581631,0.004416910982371923
2022-03-10,0.012164288717491773,0.010094251128631665,0.009785368764666878,0.010397562948510046
2022-03-11,0.004675525167409015,0.01100894474647032,0.011405463543889308,0.008872352950472066
2022-03-14,0.007556336031731081,-0.0005936063037103302,0.00014129589560311312,0.003107331283576287
2022-03-15,-0.012219052885811923,-0.009809382025608705,-0.009519675065220057,-0.012332867027565485
2022-03-16,0.01786344223684593,0.012523151835609803,0.0125518869532895,0.014476851672360017
2022-03-17,0.015601106852727743,0.014874338718596067,0.014000741259118335,0.010154633034561189
2022-03-21,-0.009528300814058616,-0.010156298124165868,-0.010641368341276691,-0.010271229744214346
2022-03-22,0.00781810248822271,0.002025802271582827,0.002209444052001056,0.00211334461925081
2022-03-23,-0.002345439442616584,-0.0019281213416613388,-0.0029266271056132163,-0.0026442850225990855
2022-03-24,0.003836062031134772,0.009290145105303491,0.009047702881739587,0.008179028402791786
2022-03-25,-0.004574428610602097,-0.005020120923487364,-0.005113325037904928,-0.005372879038332345
2022-03-28,0.004893199056947916,0.0019979162769652556,0.0014716576561738855,0.0017757152275302839
2022-03-29,0.004944400519331559,0.003550450287313592,0.004023779007724002,0.0032573805071102217
2022-03-30,0.0026016351384150387,-0.0002645551884962981,0.001396446750218494,0.00046621536293580366
2022-03-31,-0.0014638227644103497,-0.00221743683208812,-0.0010744815412685425,-0.0019326269020099635
2022-04-01,0.0116966846446479,0.011684178669993895,0.011175614569116019,0.011006642850933685
2022-04-04,0.013712820233075783,0.0124281558767485,0.012305151012689572,0.01122103171872783
2022-04-05,0.0024525141311497363,0.009749303194193613,0.00926513212256554,0.008770228878402942
2022-04-06,-0.001149419746117927,0.0006679477036423204,-0.0001553697661468386,-0.0005852983586876947
2022-04-07,-0.005035452651168004,-0.0035346732230529176,-0.0040009990520602666,-0.005027315876571547
2022-04-08,0.01029997516312299,0.005787659140914787,0.005631254101802277,0.0057363257628627266
2022-04-11,-0.0022546517770829105,-0.002092804969020135,-0.002621919012515837,-0.0037093706044081355
2022-04-12,-0.010549625990406004,-0.00850814474247899,-0.008461901381177198,-0.009895861589950797
2022-04-13,0.00015827817022579822,0.0012310462627238266,0.0009779147215121125,-0.0008188925763113852
2022-04-18,-0.004987035262233529,0.0030448500373889045,0.0012140085553396709,-0.0011999449233078933
2022-04-19,-0.011032584235842111,-0.01773773124345835,-0.01805260220936912,-0.017784642023515453
2022-04-20,0.007774828274485776,0.011986020258648358,0.01181187899192401,0.013061772689690365
2022-04-21,0.011860578655143308,0.005780138602452041,0.005405020010430221,0.004313060410493403
2022-04-22,-0.011815704487329794,-0.015797642146481047,-0.015264197255882225,-0.01784413198376692
2022-04-25,-0.01639706210411919,-0.014087864446425132,-0.01396731905908248,-0.01378046191848732
2022-04-26,0.015228155219965157,0.017275330972782735,0.016560640830596496,0.01723318762044919
2022-04-27,-0.01143823784843459,-0.00557272275292411,-0.005624823079334692,-0.0057676151192085304
2022-04-28,0.010618933520702336,0.010252501738928027,0.009452494932363768,0.009958821772885658
2022-04-29,-0.013372547676363006,-0.011131036410465466,-0.011121823201665151,-0.012629371446721192
2022-05-02,-0.0048674400016643265,-0.007034724210664155,-0.007114177562643424,-0.0029798482237970063
2022-05-04,-0.023107305666428338,-0.015628217359364933,-0.016203073202138957,-0.009150366251124815
2022-05-05,-0.0005854635801590366,-0.00084238704746619,-0.00032171095341060676,-0.004935234695888084
2022-05-06,-0.013848695164354434,-0.009647093080653077,-0.0105487614187886,-0.007332906082216038
2022-05-09,-0.005236817072864419,-0.001068167538863915,-0.0007687095596191863,-0.0015055590642541054
2022-05-10,-0.010240489139360006,-0.010243068138495251,-0.009765916781632923,-0.01197175851038145
2022-05-11,-0.005497332004484941,-0.0008970543791844319,-0.0008062861713755958,-0.004318121829371021
2022-05-12,-0.020063988256580817,-0.012109497615802226,-0.011796091783467019,-0.012655504866519673
2022-05-13,-0.002724412919483092,0.002809387804314621,0.0026257129454241666,0.004511653275740898
2022-05-16,0.006280317313794425,0.0031332726665590257,0.002306980377557231,0.0012303291886430852
2022-05-17,0.02916900605096898,0.02336568011604597,0.024409740652978285,0.018797171318462046
2022-05-18,-0.0015407491542207361,0.0022157902123706506,0.002147261884624988,-0.0013180883116485661
2022-05-19,-0.025416828813694562,-0.02090178902702321,-0.022209529648351288,-0.017672216681746563
2022-05-20,0.026826246869979264,0.02850993886658037,0.028680947618592422,0.028819764611405715
2022-05-23,-0.005937901330207478,-0.003166973943205598,-0.003380278036340793,-0.0014928913044703967
2022-05-24,-0.009672999499316307,-0.007667415240323357,-0.007701916207516667,-0.008403729190707313
2022-05-25,-0.00961284210395864,6.723758673178679e-06,-0.0014481734805131138,-0.001175772851888714
2022-05-26,0.01038809152292363,0.006663711658546043,0.006851321822246309,0.0040304251231988875
2022-05-27,0.008523370919668417,-0.0007228581948506112,0.0003768600031007832,-0.0007214772740160719
2022-05-30,0.015312741061914721,0.010278324966337883,0.01131591106041301,0.009377069728543056
2022-05-31,0.0038874076246293993,0.00640922945552479,0.006017783655237599,0.007715208435411316
2022-06-01,-0.006265791515980522,-0.011223489902338712,-0.011192267394780743,-0.009586847725312058
2022-06-02,0.004667476235681494,0.006353005539256493,0.004582794177514911,0.006586874861752089
2022-06-03,-0.009534736832241111,-0.005243274103392828,-0.007031396451364658,-0.003740383536707334
2022-06-06,-8.281668882336053e-05,0.003099681035560518,0.0029786192882916875,0.00019460703538297548
2022-06-07,-0.007501062520803501,-0.0015972624017625593,-0.003074844620273509,-0.0053147170493916
2022-06-08,-0.0005617455221893677,-0.004414109534935113,-0.005249992778941794,-0.003448988700567135
2022-06-09,0.0044000898846885406,0.00962993823635365,0.009193595292216894,0.009113789706905177
2022-06-10,-0.009240945329216418,-0.008557031245153468,-0.006989458534777268,-0.010188383724607357
2022-06-13,-0.026241157043487326,-0.01828355808528924,-0.01614654514649503,-0.01925615812284018
2022-06-14,0.0004515659409773437,-0.004052877218706578,-0.002912414894019278,-0.0008942516709967709
2022-06-15,-0.00012034522261015004,-0.005073317468218966,-0.003711083931528059,-0.0054988703828551
2022-06-16,-0.02545318139726037,-0.02138189969152592,-0.019148442933318095,-0.01992382130002334
2022-06-17,-0.008666410671005684,-0.014593548013405806,-0.014896328461241759,-0.013527764172361276
2022-06-20,-0.0005518181509874521,-0.00024405839028530637,0.0011211836728383772,0.005495126069920529
2022-06-21,0.02084646054122795,0.015490527097028205,0.013823340099190135,0.014765101748126036
2022-06-22,-0.01685106328640385,-0.010850610195429057,-0.01017275474104471,-0.01098170415664473
2022-06-23,0.013025876495821397,0.013135736476372672,0.014433893817723153,0.009158826878971214
2022-06-24,0.008749671963114894,0.005664762986460212,0.006191237515870163,0.00533250628362408
2022-06-27,0.011358528454388627,0.011136174784332889,0.010239719042074092,0.011279316999220261
2022-06-28,0.0031386451966018804,0.0042343215132292986,0.0022152110323962536,0.0024894592404949532
2022-06-29,-0.0030334084218922473,0.004431238165111708,0.0036389269716437106,0.002354449656601209
2022-06-30,-0.005840902822107591,-0.005297441014395018,-0.003969868173437652,-0.003982370574472916
2022-07-01,0.001987438738817186,-0.0013145897237091244,0.002400986409580786,-0.003128932902780145
2022-07-04,0.002678064897589214,0.010859832038610993,0.012174876431032062,0.010226570592651633
2022-07-05,0.0003350119249114821,0.00011121435661761304,7.00771648515675e-06,0.00022981637917755837
2022-07-06,0.012077708348351413,0.010792047499152227,0.012928961413140181,0.011120271363204877
2022-07-07,0.011738580430583413,0.007415906207027992,0.006732672513257354,0.007374908990260385
2022-07-08,0.005264387136160546,0.009491058166911943,0.009533059398934805,0.007336618154892782
2022-07-11,0.0025796730282413903,0.002930970834950021,0.002691739086137117,0.004476726426300367
2022-07-12,-0.009370441742764076,-0.008368776090665407,-0.008771755144221394,-0.008089021091219985
2022-07-13,0.000673189650398796,0.003998350638403041,0.004361397796448072,0.0011377522101828842
2022-07-14,-0.0002956806622775878,0.00326585227110222,0.003018711699060773,0.003698916954917906
2022-07-15,0.006690313658504286,0.007326817755897202,0.007897274853696467,0.009696816723640088
2022-07-18,0.015588849214348662,0.007000975876349563,0.00631289604305458,0.002916532880746305
2022-07-19,0.00470377636876625,-0.0006860486735809465,-0.00040453329985584046,0.001177984782419312
2022-07-20,0.007488906659157395,0.0037235821127785157,0.0033824205075169804,0.00487461779806245
2022-07-21,0.008863889741076748,0.0043359883490392236,0.004236436907296583,0.008673338807944986
2022-07-22,0.004995201998713573,0.00613191749789818,0.006595705076967695,0.0027506657694174458
2022-07-25,-0.0031265363545701606,-0.0058955396932946205,-0.005841928923935042,-0.004613469527124095
2022-07-26,-0.007135691912349043,-0.008348863469542743,-0.00877358036050708,-0.007489180146109567
2022-07-27,0.010994628403387139,0.006412230645295509,0.0069324187038562555,0.008088978115661368
2022-07-28,0.01649391673418256,0.010951590378254682,0.011213270310155642,0.007582296661144921
2022-07-29,0.014189308492524949,0.0107991178225687,0.010145178700870772,0.013238922089609275
2022-08-01,0.012605118256174589,0.011232534992550836,0.010951365948120899,0.014440015043766507
2022-08-02,0.003572937318118881,0.006065831432355747,0.006058979892677686,0.007725575380523918
2022-08-03,0.00017758546979275246,-0.0016822230864044193,-0.001651858035168151,-0.0007727208322040259
2022-08-04,0.0029283909560208522,0.00036048266513694083,0.0006914184331855006,0.0009418692764846829
2022-08-05,0.00034043223055752576,0.00285092086461141,0.002995626145918434,0.0004825474573686934
2022-08-08,0.006682557899685998,0.006418900060011839,0.006259207108445465,0.008109060675827399
2022-08-10,0.0013599001909513275,0.0029828427669703764,0.002784107409078532,0.002489243872835877
2022-08-11,0.0038047247126834676,-0.002457340806182635,-0.001983236754143301,-0.003103148987894536
2022-08-12,0.002980004133243923,0.004994350511292984,0.004487495045910875,0.0044222932695206305
2022-08-16,0.0072128173485893395,0.005932419266403196,0.0063677199096363254,0.00908331286754852
2022-08-17,0.006589981201654132,0.005263044511914433,0.005363666275751218,0.0023089651626024494
2022-08-18,5.9755367275289784e-05,0.0008228982267750472,0.0006187353861050015,-0.0012843892344314677
2022-08-19,-0.009316783956216941,-0.009836996457067608,-0.010127326638387033,-0.011046990670993902
2022-08-22,-0.01636901356301209,-0.008921409597738905,-0.009439717795158648,-0.009186011304802694
2022-08-23,0.009591166693560955,0.0082987216574129,0.008320052822805752,0.008391162596618979
2022-08-24,0.0015258445301384012,0.003255817954570321,0.0031207665740292136,0.003567093524740678
2022-08-25,-0.0035462553153804673,-0.00423127612605978,-0.004153626366967051,-0.004752435977272884
2022-08-26,0.006721271890303334,0.005925192557541198,0.005564459771068233,0.0059710720193310906
2022-08-29,-0.010994482908040436,-0.007037921341671573,-0.0067747835251359585,-0.005707208236551509
2022-08-30,0.022676787839447154,0.017869976534091565,0.018611468182046825,0.018764006715844793
2022-09-01,-0.008093959201545669,-0.010719908927327439,-0.00996513613442248,-0.01182643700640846
2022-09-02,-0.0006180260498372721,-0.0017413944256459745,-0.0016565863089167314,-0.002452115898802896
2022-09-05,0.00603966621851571,0.002658212341229975,0.0030413242332017845,0.000841499416409738
2022-09-06,0.00036449096423693257,0.0033171225783271406,0.0036054377654243276,0.004396378734223785
2022-09-07,0.0012874540692039858,-0.0034308464156991734,-0.003388767709588681,-0.0042489305019671395
2022-09-08,0.007476507017404443,0.00529072857700064,0.00515452473400875,0.005744854215482916
2022-09-09,0.0028407501524832335,-2.2915934838636928e-05,-0.0004598976356365821,0.001941280276088401
2022-09-12,0.006900732824870264,0.003262486877467433,0.003612896408017101,0.0037452224733781495
2022-09-13,0.005333135645657076,0.006182937849666458,0.006339327103360319,0.0054568911363538555
2022-09-14,-0.0012958154291713795,-0.0024319142974755146,-0.001225774057838752,-0.004827278942254914
2022-09-15,-0.005840151069826045,-0.003922161333742024,-0.0032466773664725696,-0.004055111690798496
2022-09-16,-0.018284883795686633,-0.0175048807467554,-0.0170220859430385,-0.018006041691132388
2022-09-19,0.004475786368734397,0.005757795180487236,0.005468723661977265,0.0060137195665210886
2022-09-20,0.01396264614741092,0.010807863238749455,0.01046275768579686,0.010812694233626748
2022-09-21,-0.008347126278621013,-0.005956449497982038,-0.006313354313914582,-0.005181125656335498
2022-09-22,-0.0011052172275514346,-0.001415130381809712,-0.0012784764030884307,-0.001081864902771221
2022-09-23,-0.017417870408410252,-0.01734108526381023,-0.0177152337029856,-0.019299599275791404
2022-09-26,-0.02148921120402795,-0.018180125836209683,-0.02032579451143684,-0.01964693093266103
2022-09-27,-9.029234309346657e-05,0.0054456030401608185,0.004858876350530796,0.00505018055655385
2022-09-28,-0.004616685458173243,-0.00041033457732907435,-0.0012574691655937026,-0.0009270347937884458
2022-09-29,-5.0925842064581425e-05,0.004763393542423412,0.004750955693923585,0.004669511062569866
2022-09-30,0.013729333735248999,0.013496815004335173,0.01409774462240366,0.0122716886900088
2022-10-03,-0.010461640525671,-0.006478339750060685,-0.005757015514058573,-0.0073392425175546235
2022-10-04,0.02086677294509317,0.0180890865580883,0.018344068526260103,0.01736063902811719
2022-10-06,0.006198444282252169,0.004571342563533836,0.004051422351828425,0.006557637928798994
2022-10-07,-0.0006092962475545564,-0.002538137312819579,-0.0036813044519253186,-0.002981178846348666
2022-10-10,-0.0031756595494395767,-0.0037202481542562265,-0.0028918650515956062,-0.0040775818350113156
2022-10-11,-0.016020070435937967,-0.016934069967847683,-0.016983870679773198,-0.017548231017329684
2022-10-12,0.009940367184080385,0.009426499988705803,0.009023923608678368,0.008202017094740763
2022-10-13,-0.006073830776553682,-0.0019261859607928521,-0.0019265302301849146,0.0003987170185862825
2022-10-14,0.004156823221847775,0.0045835143948219055,0.004881271990471841,0.008540845793825533
2022-10-17,0.004927035284610073,0.003294406392145363,0.00290408345712432,0.0016004136092735268
2022-10-18,0.011318218308696518,0.013367782211810916,0.013096051627758098,0.013719196749093835
2022-10-19,-0.001831101473496485,-0.00021710513353005072,-0.00034041670422153424,-0.0022003342542071497
2022-10-20,0.006289493590636921,0.008857177245333322,0.008884871145349086,0.006494371904003673
2022-10-21,-3.0082496967588786e-05,-0.0023911338250711526,-0.0013984378365108788,0.00017121563585441898
2022-10-24,0.007956393970013931,0.007103434009726042,0.006577621865122479,0.0069600590824999515
2022-10-25,0.00019910748574195059,-0.0039656346892733415,-0.005148033229585642,-0.0017526257650488856
2022-10-27,0.007679962268650826,0.003337932008734487,0.002167005617320601,0.0031438538091822445
2022-10-28,0.0011360352876596657,0.002957068151060358,0.002253204842371975,0.006642705662386153
2022-10-31,0.010944767168123825,0.008923150824880204,0.008907198631668679,0.008224334524450413
2022-11-01,0.009372694522597617,0.011097139447194607,0.011897024030059083,0.011674246038124747
2022-11-02,-0.004590583439165618,-0.006434626001692402,-0.006165945226623318,-0.0067137345450196595
2022-11-03,-0.0018785578400887493,0.0019104916070357613,0.0012365249721693014,0.0005684389863845115
2022-11-04,0.005361919407700557,-0.0023579193969575046,-0.0016990481104964248,-0.002616990499525515
2022-11-07,0.003042048359321701,-0.002109841081583376,-0.0020871429437094484,-0.0023597950125981105
2022-11-09,-0.0043869155991742926,-0.002880133917825237,-0.002470081814631258,-0.0059866188114423265
2022-11-10,-0.009261824047105339,-0.0054329722685878025,-0.005202290257820768,-0.006228319013273313
2022-11-11,0.009563704626188786,0.00430794444789246,0.006641321488852844,0.0055813644849713115
2022-11-14,-3.7929317253703474e-05,-0.006886587199852573,-0.0060300755818738306,-0.0036063115507762988
2022-11-15,0.004690902469920521,0.006073877749455749,0.006044734332407481,0.006509388132580521
2022-11-16,-0.0019758938119670212,0.002127850756024679,0.002069973277630587,0.0005033388135799137
2022-11-17,-0.005232795316383924,-0.005899184469955392,-0.006131820616691661,-0.005698796686165656
2022-11-18,-0.004972033621659294,-0.003810759997733541,-0.003170138695438744,-0.0031898178666814507
2022-11-21,-0.006877233934694266,-0.0018681246128283947,-0.002826553791312402,-0.0022693520553432045
2022-11-22,0.004838579499760892,0.0024717695819653903,0.002900470523690704,0.0037953513881710003
2022-11-23,0.0024325320808840966,0.0015516039378780707,0.0016607525095233763,0.004553102416733422
2022-11-24,0.009873406045820144,0.009064385174673562,0.01030935264352048,0.013706538850447529
2022-11-25,0.0020173397010017175,0.0007687446076343707,0.0008689018815587368,0.00012307110968192916
2022-11-28,-0.0006934857048860109,-1.8460831042362838e-06,-8.931787271288915e-05,-0.0009028774300404781
2022-11-29,0.002918705623893595,0.007529420355801996,0.0073838696728320075,0.0072315283941290125
2022-11-30,0.00888120795713073,0.009278470611045342,0.008531918198138855,0.007243088167380981
2022-12-01,0.0036586124997163433,-0.0028123231801619056,-0.002819454406162639,-0.001669624570933937
2022-12-02,-0.0039584672515019965,-0.003747554388763224,-0.0037789556679834134,-0.006857513081472253
2022-12-05,0.0031730650713154597,0.003596320611886649,0.004034991862089,0.001602221041199767
2022-12-06,-0.003956764500984278,-0.005035724749532115,-0.004759374487382737,-0.004457713948516955
2022-12-07,-0.005750190579526138,-0.001709329729785472,-0.0022317709481820117,0.0016646284190439315
2022-12-08,0.0013474421587624272,-0.0005371598175578022,3.6455771217798623e-05,0.0005894129226136993
2022-12-09,-0.006125406005578137,-0.003988938389789434,-0.0032069040864290523,-0.002743012102990614
2022-12-12,-0.0005137362092493107,-0.0007083853313489081,-0.0005889938519534773,0.00042938756699439657
2022-12-13,0.004930855685949368,0.004580648657407083,0.003938089110488038,0.00384610663888015
2022-12-14,0.005250375572200926,0.0023760683529817526,0.0020233266368248327,0.00108591441340165
2022-12-15,-0.012590502181508492,-0.009118473815197465,-0.009728016461342338,-0.00877656915849034
2022-12-16,-0.011593827499111795,-0.012625565901069433,-0.012381285486316075,-0.01112152276566383
2022-12-19,0.010664478676586736,0.009756216234161112,0.010406929960992057,0.009648722356217727
2022-12-20,-0.004006330499924504,-0.004634599376518515,-0.004243780062767294,-0.00518914893852929
2022-12-21,-0.0064055233043896435,-0.0034757096388934408,-0.0059892276486697305,-0.003001080848746827
2022-12-22,-0.0049714927831384995,-0.003719226099001372,-0.003974554016268113,-0.004959812879661616
2022-12-23,-0.01942694298513364,-0.013368766812029871,-0.015161841334033869,-0.014367965283145854
2022-12-26,0.010012840052262923,0.003329823504847629,0.005779790047633014,0.0041756246435555675
2022-12-27,0.009324060239753218,0.006832092416867386,0.008043537933700133,0.0062887775505440675
2022-12-28,-0.00041428546144063757,-0.0006682466339655122,-9.906015962129406e-05,-0.0003761477269588206
2022-12-29,0.0029538636034497495,0.002379358013476385,0.0023777997600624877,0.0019428284096108216
2022-12-30,-0.0015336007527968223,-0.0018025323721020873,-0.0014130985460538616,-0.006014767991136624
2023-01-02,0.004208953624883193,-0.0001499142126278343,-0.0011239359464840508,-0.000711807229322591
2023-01-03,0.0014119787403905225,0.004665926304749406,0.0050393830358119425,0.0038658938385304218
2023-01-04,-0.011172474448443541,-0.007590773568537305,-0.006970949421300648,-0.007163000691453566
2023-01-05,0.0005436972609771367,0.0017897128684633556,0.0021611906732308178,0.0017271330521328489
2023-01-06,-0.008719154767950578,-0.008823648788247866,-0.009239960936566871,-0.006587907912513203
2023-01-09,0.011615955199372963,0.011683052629390319,0.01236776098134058,0.00985932901687043
2023-01-10,-0.006983822626978575,-0.006115600038597473,-0.006130934031023076,-0.008558349431021982
2023-01-11,-0.0031665610290083908,-0.006247520132991878,-0.00666434456578386,-0.002998347879212179
2023-01-12,0.0003520596141357952,-0.0013607702235211103,-0.000744336287156308,0.0018691761108793406
2023-01-13,0.005178361085574882,0.002646037744753537,0.0025120052542890316,0.002408002687754595
2023-01-16,-0.0012225622522177206,-0.0026608770415014493,-0.001751068679160623,-0.0034415975632084636
2023-01-17,0.006723514583754267,0.008385411799923376,0.008762661699868038,0.010018672146756264
2023-01-18,0.0059313062215511185,0.005016618613440764,0.004287087726853694,0.00534261243293432
2023-01-19,-0.002422718788795991,-0.004146603190247847,-0.005030270622928297,-0.004569936722541753
2023-01-20,-0.006552296432910298,-0.009468776087139499,-0.010164752739574906,-0.008913181727984373
2023-01-23,0.003878400739447679,0.008103175868044134,0.008748612566912905,0.005520707841791395
2023-01-24,-0.0029278849146995955,-0.0033685387189173388,-0.002545841420596737,-0.0015619060757224741
2023-01-25,-0.0094216488530413,-0.008045054799982633,-0.008143948526691765,-0.010576832152121685
2023-01-27,-0.011236362493262105,-0.009426351963688327,-0.008001067299229225,-0.005816937739002046
2023-01-30,-8.136565113539139e-05,-0.00024430975694215333,0.0007327883814883494,-0.0003170142233956119
2023-01-31,0.004003863200040312,-0.003507833371548384,-0.004635087924868833,-0.004078197771235255
2023-02-01,-0.0065435825470717785,-0.00035156146622458706,-0.0005235513129520961,-0.0022271482327862096
2023-02-02,-0.0006995181601646321,0.002057890892691939,0.0019971319300879607,-4.679670358309e-05
2023-02-03,0.014158419675499703,0.015743945040296525,0.0151827340591159,0.019704299307170395
2023-02-06,-0.0020063055466765733,-0.0013060441016263234,-0.001051887190255416,-0.00267851403665349
2023-02-07,-0.0034207946606958054,-0.0023471641395970584,-0.002265932783610716,-0.0017251257572852227
2023-02-08,0.00864392595019024,0.005942774078296519,0.00539774625778241,0.006713265942204517
2023-02-09,0.000994291007996812,-0.001084640081706076,-0.0010105918765344034,0.00042796099665381933
2023-02-10,-0.002298510750289021,-0.0007952437974963792,-0.0005629407042657672,-0.000671057295983046
2023-02-13,-0.0037022420660068845,0.0026652241136177037,0.0027431174542897835,0.0029501515183437575
2023-02-14,0.003724103982554396,0.0030321191394889428,0.0026388402926643306,0.0027753819958855064
2023-02-15,0.007430337119362036,0.005510294256472169,0.005448397742057075,0.004216050340448007
2023-02-16,0.006213764049380047,0.0031506739701869855,0.0031639843427275494,0.0024081247842796306
2023-02-17,-0.0043822554117817995,-0.0068323127378044305,-0.006413452794350479,-0.006972118674073885
2023-02-20,-0.0038690886923159313,-0.007092097088272047,-0.006324960951679192,-0.004868632978611352
2023-02-21,-0.0025530182042771236,-0.003981257786216345,-0.00393828717499485,-0.004581559614886671
2023-02-22,-0.013883614620357358,-0.008532286942549056,-0.008748983788779183,-0.010433824869160424
2023-02-23,-0.0008225691508508802,-0.0019547422348720625,-0.002067956019343773,-0.003193939684411015
2023-02-24,-0.0012517772081893513,0.0012755649881029307,0.000861594559702195,0.0016732788409522673
2023-02-27,-0.00544044738759702,-0.0058379260522040755,-0.007037946841248753,-0.0035308428486773005
2023-02-28,-0.006251102931755078,-0.005049137496695588,-0.005084325331001021,-0.0013760539865805567
2023-03-01,0.010271647585615025,0.006352470458698707,0.006512059061568123,0.005549920098741678
2023-03-02,-0.00498937712180226,-0.004511117776111045,-0.004392263808850667,-0.0057972046268824715
2023-03-03,0.011023297297564957,0.006906002648929815,0.006614506357329729,0.008176757343450913
2023-03-06,0.005436282222483843,0.004288993624728724,0.004637937839415106,0.002632835541056514
2023-03-08,0.0018322337550888868,0.004125758234106817,0.0038976309216941438,0.0015812443559294468
2023-03-09,-0.00657906391172855,-0.005052206796295134,-0.005225554318904785,-0.0035366258049409067
2023-03-10,-0.005326519174759022,-0.002982029048699858,-0.003245123297196079,-0.005591624449868582
2023-03-13,-0.011673288604308142,-0.010282960234001576,-0.010572413330217242,-0.009285170398424844
2023-03-14,-0.007036560423861428,-0.004220171938649417,-0.0038472010786093328,-0.003052539606562101
2023-03-15,0.0007750642826701687,0.0014032970602974866,0.0009013283447449568,-0.0023158457620839
2023-03-16,0.0010930861061933278,0.008595993946196024,0.008012836293144966,0.0063249954973459265
2023-03-17,0.005991307982475124,0.0033925925159514264,0.0034631385855076148,0.007071168401811349
2023-03-20,-0.008500882415810962,-0.0013044151830112845,-0.0014554097169558592,-0.0015065270771009288
2023-03-21,0.0028001882367623626,0.0030699233398399743,0.002718346064985629,0.0013718943237721693
2023-03-22,0.001827893419119987,0.0024801445716608546,0.0023770065545323828,0.002693487277297293
2023-03-23,-0.002044266626919021,-0.0017499477676952493,-0.0015054084166063917,-0.0012484230566795914
2023-03-24,-0.008950575975464406,-0.0051945164232009376,-0.005440437120814695,-0.004422574686221804
2023-03-27,0.0013194688385972369,0.001163544460207567,0.001187886860604414,0.0025364958283376326
2023-03-28,-0.0055595001086688155,-0.0015311016147005192,-0.0020450434819018985,-0.002533554397117574
2023-03-29,0.012348703104939258,0.010432307632683307,0.010507867062275075,0.01018506945065374
2023-03-31,0.01192200830267125,0.008306653778269559,0.009673456669792446,0.009908386951987161
2023-04-03,0.0039808608825303085,0.0019662245348134274,0.0017500940974867038,-0.0009447361177203595
2023-04-05,0.005927349395769491,0.010128548659862107,0.010158077582558447,0.012451412055190224
2023-04-06,0.0011229179705906076,0.0015877864813249984,0.0018024959623732736,0.0010225748238657795
2023-04-10,0.005884073602644286,0.004456673125772421,0.003992825931362346,0.0031969895215218976
2023-04-11,0.007334007050478418,0.007519665961751602,0.007041350868569619,0.00602014317038411
2023-04-12,0.00376218669352552,0.0020935527020663042,0.0018814232907850361,0.0036726407182149285
2023-04-13,0.0004489756111848601,-5.528848305006611e-05,0.00023290785707931515,-0.0003068565564952917
2023-04-17,-0.0012935821743491113,-0.000722844664847228,2.5643336244359936e-05,-0.0003907056444735664
2023-04-18,3.196709489564835e-05,-0.0033230508414910254,-0.003595426018390244,-0.0013480242164671846
2023-04-19,-0.00369959511544625,-0.004071702005749851,-0.004398017045940788,-0.005114017525497035
2023-04-20,0.0004939377108181492,0.0009931656453595217,0.0009015958537546358,0.000572484334678064
2023-04-21,-0.0016864033684182737,-0.0010777189147753846,-0.0007266613318950459,0.002386488077611685
2023-04-24,0.005030697945332448,0.0010604962740627531,0.0008280813817351389,0.001439093522323107
2023-04-25,0.002668588957629053,0.0007469389358744377,0.0006522651088421239,0.0005137005274168788
2023-04-26,0.002030510570529185,0.0037713951869259394,0.004156524198253017,0.003826483762725181
2023-04-27,0.0057284559857851925,0.0047580010608866815,0.004259461607772739,0.003764136610234139
2023-04-28,0.008724393450417443,0.010019238347643872,0.009907195568842965,0.010734516603992293
2023-05-02,0.006843037441146634,0.003617769740435246,0.0033889893427327335,0.0031293961885063433
2023-05-03,-0.0029471456482108196,0.0007334781045026158,0.0004980433548465856,-0.002691764897930829
2023-05-04,0.006883669233827061,0.007133091762431246,0.007636720104247882,0.009510143245570271
2023-05-05,-0.0029410828832604,-0.00025556386987152084,-5.542798372379365e-05,0.0004782091846564157
2023-05-08,0.010012981757733831,0.0069969697743215336,0.007866684881372108,0.008220409310062154
2023-05-09,-0.0004279672699370351,-0.00041169869175966485,-0.0006908806464864964,-0.0003266208636607443
2023-05-10,0.002354208778188344,0.0027828098395718927,0.003091835298859849,0.003898289068834811
2023-05-11,-0.0011264899680658938,0.004200319606693018,0.004675333822687809,0.005087184720591809
2023-05-12,-0.0019120979331861345,-0.0017554707707878921,-0.0007453595365440079,-0.002721361597321997
2023-05-15,0.00406936059085015,0.0050686019692071935,0.005121282203504375,0.002948488282168515
2023-05-16,-0.002497424513455899,-0.004597613220215615,-0.004052657541399002,-0.001919581588283521
2023-05-17,-0.005755217065463647,-0.004651820889342245,-0.0051321071103725005,-0.0045120672440357446
2023-05-18,-0.005638091739425121,-0.006462334937189873,-0.005953335390033626,-0.0036690134111910817
2023-05-19,0.003019485321734363,0.0017818955513665326,0.0016553178793387632,0.0010435152289797213
2023-05-22,0.00849916596455136,0.007000828682187859,0.006185490749973861,0.006908706596119472
2023-05-23,-0.0007792722707770853,-0.0014212836850314126,-0.0015439488220683004,-0.0002903955101680321
2023-05-24,0.0007507131036506954,0.0031351373114382906,0.0026185972680441193,0.004398571322416419
2023-05-25,0.0029856538549201876,0.002736556038015096,0.002734762666357485,0.005715114007997728
2023-05-26,0.008338902047239836,0.009195290922434322,0.009019135693187092,0.007506594775331378
2023-05-29,0.005292853093639663,0.003292756534559003,0.0037589827599197453,0.0024823390387721
2023-05-30,0.0001510551567387179,0.0009361784079937697,0.0011334394227150376,0.0010518609306542025
2023-05-31,-0.002050917783648214,0.0017179709276821582,0.0015375696466766939,0.0017839252265015684
2023-06-01,0.00016274549346226896,-2.494298570016875e-05,-0.0012505974875935762,-0.0004912357434463401
2023-06-02,0.006734633407652046,0.0073433201343752075,0.00711887545369774,0.007394870373961485
2023-06-05,0.0033222715247293467,0.0004280476469412824,0.0013381954686013057,0.0011936865786567386
2023-06-06,0.0020063958763902605,0.001230545197107793,0.002821260693456387,9.818445662245704e-05
2023-06-07,0.007122408244240875,0.008418066240546335,0.007774331845651732,0.011555308344606295
2023-06-08,-0.006060669021669424,-0.007829276617968648,-0.007851909482513596,-0.0062497631813656805
2023-06-09,-0.0030565044691426156,-0.0010107708069632916,-0.0013019482668379248,-0.0005386560418135973
2023-06-12,0.002607794921035617,0.0007952456293656695,0.0008216541160879717,0.0007601071368670389
2023-06-13,0.006139828912493475,0.00785542291857407,0.0073738751483570005,0.008670388256122744
2023-06-14,0.0034174760242786455,0.0019302784913501118,0.002441496433845268,0.0028408401230349293
2023-06-15,0.0006780291097950141,0.003917168132279403,0.0029446607538383233,0.0014671249278594982
2023-06-16,0.005403223499095669,0.005872438926114716,0.005733225865661392,0.005486846262600303
2023-06-19,-0.0031225175921031395,-0.0038214234244767628,-0.0036566882140408666,-0.0033337387240174763
2023-06-20,0.003390843549257317,0.002845616734075186,0.002498023148550351,0.0038373247851967427
2023-06-21,0.00032760290499839,0.0020531662262453917,0.0012914725117303962,0.0027861218428068134
2023-06-22,-0.005818758540058394,-0.006394377734003036,-0.006624394121691768,-0.006881330200245506
2023-06-23,-0.006519158854768392,-0.0005234774770340443,-0.002166480206418373,-0.0029271732912603057
2023-06-26,0.0033949737746508768,0.0033382511203003634,0.0031607349006000348,0.0010662183890888207
2023-06-27,0.004340025273200812,0.005072750188327606,0.005064318599151027,0.007068693041816878
2023-06-28,0.00842971564674417,0.007632677520512859,0.00737496606747552,0.009876658328949524
2023-06-30,0.011439554728934579,0.011118408812346773,0.010879913798912007,0.013383183980846734
2023-07-03,0.0028320613282804153,0.001911136865981316,0.002037322755363138,-0.0020722848626936264
2023-07-04,0.003917799173244886,0.0031035374803504204,0.003181470848132821,0.002566782419605197
2023-07-05,0.003446419853130672,0.002232545845723664,0.0023187188636245837,0.007312343484853463
2023-07-06,0.006593694966170497,0.005580191633692853,0.0056017280835896684,0.004908593397561098
2023-07-07,-0.009716412094784877,-0.009457393489239165,-0.00948900587764321,-0.008885303231686712
2023-07-10,-0.0022217349812664747,-0.0035234597115340175,-0.0034186513971396692,-0.0013656764283587423
2023-07-11,0.006962491501671864,0.006300384913919033,0.006213048389586549,0.006619626386177268
2023-07-12,-0.0006174137986756771,8.654665118048449e-05,0.00013739936153792489,0.0008830203131627894
2023-07-13,-0.002004350516771133,-0.0021271158126217587,-0.002231831039073807,-0.004230978942876957
2023-07-14,0.008187965729839281,0.007109580859353065,0.006787807941288474,0.007008039169034263
2023-07-17,0.004450742841269001,0.003621014359278703,0.003525909281550183,-0.00015475132344931124
2023-07-18,-0.000712901698456685,0.001102108965972349,0.0010285189816042171,-7.140988164981905e-05
2023-07-19,0.003683069218528049,0.003407271176824895,0.003488079376900108,0.00044096553842682296
2023-07-20,0.0060078608635333805,0.008499834546901484,0.008518025205266996,0.0085124416575238
2023-07-21,-0.00793034273348621,-0.0030192471803886347,-0.0027535441135768807,-0.0032440655451098617
2023-07-24,-0.0010242519267171968,-0.0006146912181274719,-0.0006181225845219608,0.00048314256321489247
2023-07-25,0.0031389523510392493,-0.0021452890450988945,-0.002061372023511638,-0.0031541625067996663
2023-07-26,0.0027959540639916815,0.0023355471571676924,0.0023882658617405345,0.0034474321150821507
2023-07-27,-0.0031697748257774492,7.042027435370975e-05,-9.023669019566586e-05,-0.0028498199712025385
2023-07-28,0.004111239693352462,0.0034572652695811622,0.0035206017543675484,0.0013321684724444543
2023-07-31,0.00834701559644049,0.006532325330814907,0.006536754394566876,0.0061160508428457876
2023-08-01,6.633782959786444e-05,-0.0003375675721138568,-0.0007330553302599006,0.0002602271330398529
2023-08-02,-0.011135430420788094,-0.011477026675192925,-0.011311075695864724,-0.01276233202046794
2023-08-03,-0.006222265100789193,-0.010158792796303799,-0.009973115842246822,-0.010976546197318473
2023-08-04,0.0050175656716968525,0.006549545936492719,0.006488062216167018,0.004168283809285599
2023-08-07,0.005185221180566329,0.002355365074096029,0.0024642936503833568,0.0017044511080638674
2023-08-08,-0.0009024254776287522,0.0022587774879278028,0.002544068674939412,0.001184232488297051
2023-08-09,0.006475957024382632,0.0026575982104358174,0.002676803822551402,0.003333795546122965
2023-08-10,-0.003295226996022322,-0.00623194346280601,-0.006122333819281674,-0.005111828386036715
2023-08-11,-0.003595264355011552,-0.00548739247693031,-0.005532513154705402,-0.005350378710112949
2023-08-14,-0.003099747954128031,-0.003327710937921645,-0.0033866641159326413,-0.003715637081567049
2023-08-16,0.0029189394272855274,0.0004603862603390404,0.0008313150100942414,-0.0020343855650528826
2023-08-17,-0.0025482392475805436,-0.0034649906043078553,-0.003428044969323364,-0.000772898015320814
2023-08-18,-0.003798860105329626,-0.0025682138292881553,-0.002421045608870154,-0.0012123749002974546
2023-08-21,0.008245099967881274,0.00714983971264792,0.006961643133392844,0.007496487866178396
2023-08-22,0.0015472278156954883,-0.0007204002297197373,-0.0006835478157637631,-0.0009719512481950514
2023-08-23,0.002252840872358563,0.003618036633667935,0.00377411081002875,0.0038809128062874793
2023-08-24,-0.0031075437775709156,-0.001054803827588975,-0.001276483310911444,-0.000593198326231126
2023-08-25,-0.006644705415915119,-0.0018126295273255444,-0.002169701739674614,0.00012808797012901166
2023-08-28,0.0032313861620480986,0.003970749404180374,0.00436084694208414,0.0026722151250061408
2023-08-29,0.003486291093335976,0.0013640549936644695,0.00141368410708333,0.0019670052609727213
2023-08-30,0.0015643071352000712,0.0006012637930415989,0.0007404655226113076,0.0005576411097907962
2023-08-31,-0.004509791265671102,-0.0034169880883843564,-0.0029980719047338865,-0.004165356865396961
2023-09-01,0.013751930914179195,0.008772539698743803,0.008427819739234805,0.005347562012961656
2023-09-04,0.0085660075748091,0.0027532251761470837,0.003164780388652014,0.0014997465794347553
2023-09-05,0.0027945910256360527,0.0015199076501194572,0.0015376289533054338,0.0021620327969223353
2023-09-06,6.516836350553025e-06,0.0024489547867213705,0.002478695600439289,0.004753563855182527
2023-09-07,0.005990286485193886,0.005315433115590285,0.005447946343410347,0.004358577895046866
2023-09-08,0.004499556270595551,0.0047049662971941734,0.00420741782081335,0.0049826878704593925
2023-09-11,0.010040929619928807,0.009184663014852459,0.008837595833563435,0.006962548497251071
2023-09-12,-0.006135657614299135,-0.0018866826095806028,-0.00108754074311204,0.0005159851092095196
2023-09-13,0.005113238322123631,0.006369831846276411,0.005694051988259495,0.007028271297242447
2023-09-14,0.004428244031992601,0.0019115249686167035,0.0018775780344904135,0.0010543450261154158
2023-09-15,0.004819967773398376,0.003292020705234487,0.003558119347569152,0.0028059469349385364
2023-09-18,0.000773963108743453,0.0010994459744844286,0.0010603755479300623,0.0020096296827490402
2023-09-20,-0.00698819544873895,-0.007195656783429571,-0.00723124179131274,-0.009153442142312035
2023-09-21,-0.007343939918637046,-0.007895692642714135,-0.007767818204350042,-0.00503513898189479
2023-09-22,-0.0027606836765094417,0.00010952880892975772,-7.442872957732767e-06,-0.0006022521593878761
2023-09-25,0.0017606703144804334,0.005554439001891105,0.005146063203452479,0.002450405752746545
2023-09-26,0.0006832537406646986,0.00015361142186221585,-0.00022685899053353,0.0009057735983370771
2023-09-27,0.002603315304676471,0.0016273625891492429,0.0019313309936716395,0.000492402070793022
2023-09-28,-0.011577967678920987,-0.010995680198212688,-0.01166421791293076,-0.010350228704769714
2023-09-29,0.009498219702334037,0.004882492211711731,0.004542837436307167,0.004015098376704372
2023-10-03,-0.0054116445205115386,-0.0007641154476987377,-0.0006759636062806636,-0.0022497190777051885
2023-10-04,-0.008330267057645599,-0.0047900147446657635,-0.004213229364322366,-0.006887435424249259
2023-10-05,0.003946820434278575,0.006387372125166489,0.006729169098700005,0.007096077000454545
2023-10-06,0.006318200253767784,0.0066970212223786026,0.00684896909520361,0.004924187764441836
2023-10-09,-0.007056435855204892,-0.006975903989731424,-0.0060791371984277726,-0.006843812688101635
2023-10-10,0.010773909212435257,0.006901896243268444,0.006342905896843181,0.0065668912011566105
2023-10-11,0.0059219180164740304,0.006319352289424351,0.006290044218696962,0.005862195498519161
2023-10-12,-0.000942263190228885,-0.003164032138209437,-0.003570325650098444,-0.001649625172205908
2023-10-13,-0.0010725698432095128,0.002701275072066107,0.002821336217525812,0.0010994033891588743
2023-10-16,0.00015944686602664725,-0.0047544951832323955,-0.0048900628043838466,-0.0035377915534209065
2023-10-17,0.004839261353552638,0.003240527266347003,0.0032500682028138764,0.0023572834037754145
2023-10-18,-0.004507312021561719,-0.004132509878334128,-0.004234206835377861,-0.004900769848440745
2023-10-19,-0.00027961767159412104,0.0031593430422902948,0.003270723873865785,1.2903310312705526e-05
2023-10-20,-0.00604686795675051,-0.004354162420826414,-0.004087868337545514,-0.0039954963980216385
2023-10-23,-0.013716340233525692,-0.011041639152758168,-0.010817031450032426,-0.012070111975324569
2023-10-25,-0.0062895211563511865,-0.008099119836197068,-0.008205714424808653,-0.007608250315030859
2023-10-26,-0.01497169518216641,-0.017491944333910544,-0.01790266086749434,-0.01703905616577911
2023-10-27,0.011462263838905262,0.010544350291170571,0.010107740126953514,0.010568597774348746
2023-10-30,0.0021539218341615025,0.004887145079395371,0.00493294430829044,0.005571057844848286
2023-10-31,-0.0008784886635014545,-0.00040533081061682076,-0.00013855020701189141,-0.004055597639526857
2023-11-01,-0.0057211021149700236,-0.006801642987177223,-0.006659812454794696,-0.004604585873791731
2023-11-02,0.008900519672938232,0.009001072876225862,0.009204884908994595,0.010436048955261103
2023-11-03,0.006383821359730688,0.0036148506660460644,0.0037780331359663277,0.006850439535278468
2023-11-06,0.009985649185144205,0.010121132350707636,0.010265678432955339,0.01057835613619149
2023-11-07,0.0011911751362785328,0.001290220967047708,0.001775978625031664,0.0029502556258281503
2023-11-08,0.0038332112644403047,0.0037321013606712206,0.003486674904925658,0.0036930082843960703
2023-11-09,-0.0008723596567158352,-0.0027164171349105147,-0.0025385545793536347,-0.002213224185962248
2023-11-10,0.0016034448263093385,0.000599579214946305,0.0005838106295530636,0.0011204390664530293
2023-11-13,0.004458281851310107,0.0004158792775808595,0.0006044405507216734,0.0012779238306337266
2023-11-15,0.011318198514714339,0.009560341200110168,0.009687054448048179,0.010713736496537101
2023-11-16,0.00597188770170181,0.00560045207681116,0.005445673437741895,0.0011034176841161884
2023-11-17,0.0007378373738283436,0.0031308992131376047,0.0030620493576972068,0.0005267781824271943
2023-11-20,-0.002261581855718063,-0.00185456188957687,-0.0014851388305079974,-0.00219911147030286
2023-11-21,0.003268541846810186,0.0018659359060699912,0.0015675019845063775,0.0027247605410935993
2023-11-22,0.0015672660953382255,0.003971991273786465,0.00395797759944629,0.002436875443260449
2023-11-23,-0.0024964307883488437,-0.0032112744033540295,-0.0030883199812061393,-0.001031371596630151
2023-11-24,-0.0016766876103825948,-0.0025014865538175147,-0.002490805763367701,-0.0014188507056980628
2023-11-28,0.007226299940120294,0.0020453516109965294,0.001443588922766587,0.001881976344871059
2023-11-29,0.007752658667483994,0.008742823785366675,0.009566195004863944,0.009605897754839719
2023-11-30,0.006449776200128751,0.0038042666079390482,0.003750846711156872,0.007006830314296305
2023-12-01,0.0060156433983151085,0.00822734312341367,0.008102082675835068,0.008048155839867878
2023-12-04,0.01864058587551974,0.016137300273654297,0.01728861281566766,0.013624829284633298
2023-12-05,0.008279641861969854,0.006880108260719728,0.0078690777162028,0.002566040102443826
2023-12-06,0.0024391574689008357,0.005894937341624554,0.00476258299022213,0.008618088913970999
2023-12-07,0.0007277768186424418,-0.0013270165585166512,-0.0011279802578047443,-0.001991577466941028
2023-12-08,0.0010111260678819804,-0.0007350509014255411,-0.0005571922537372009,-0.00025113936999149127
2023-12-11,0.0014533527262723855,-0.0001984558497623275,9.34951945649931e-05,0.0008352103575639388
2023-12-12,-0.002989002705847534,-0.0030712133001519065,-0.0038033616928219195,-0.0033710340380458705
2023-12-13,0.003818841238530811,0.003852353050037805,0.00446781580505141,0.0023007897116647733
2023-12-14,0.010572737175541738,0.006051317716101225,0.00586084858483637,0.007930512511923107
2023-12-15,0.013576689101369954,0.009079604806990856,0.009120729258006936,0.012654353840253402
2023-12-18,-3.495709308979169e-05,-0.002608158940743576,-0.002508800496787071,-0.0003117232058877297
2023-12-19,0.0026069195138228697,0.004792806731682983,0.005504362273514963,0.004374991168332322
2023-12-20,-0.019467354461609705,-0.013462234545792604,-0.014772093517973265,-0.015047017084667255
2023-12-21,0.003207050602533414,0.0019348841358445576,0.0024346264140170455,0.001706005312777338
2023-12-22,0.009798182278190863,0.005351023189087421,0.005484199961371264,0.0090877952359247
2023-12-26,0.006768353991705452,0.0024909710125614495,0.0029409436359443377,0.002277329509209732
2023-12-27,0.010166252052592927,0.007556716708015854,0.007551647827450379,0.008473594031875174
2023-12-28,0.007983893020286946,0.008050704110830444,0.008611923049698891,0.005897701230793615
2023-12-29,-0.0016582199660700376,-0.000676821482817653,-0.0013572574370637495,0.0011495565646169176
2024-01-01,0.001118510303014082,0.0019536994364090523,0.0021027255721112383,0.0017899349703517518
2024-01-02,-0.0027248231896319416,0.002074757863390568,0.00228287306557662,0.005751373772950754
2024-01-03,-0.005953687157816974,-0.004803429390859816,-0.0044388349453017345,-0.004541459146398693
2024-01-04,0.00526310478988554,0.005155773074665003,0.005470787767901127,0.0066607643727000405
2024-01-05,0.001587543462366182,0.00021609200552067954,-0.000333161195928087,-0.002609895070931248
2024-01-08,-0.007458520015015187,-0.010240192128832266,-0.010136927511163329,-0.010006796595710313
2024-01-09,0.00332565327647843,-0.0002941385495521246,-0.00034432343324320596,-0.0006245560807049662
2024-01-10,0.0010607593016986826,0.0016547550598332876,0.0016192380046610613,0.002387076590411988
2024-01-11,0.00036545417008473756,-0.0029816883835524733,-0.0030814969165681772,-0.003967941000809643
2024-01-12,0.008494995475732969,0.002218597554376506,0.0013899704008198308,-0.0005993468446110508
2024-01-15,0.009165246130057553,0.004533676807566088,0.004523993186239148,0.002797526869623955
2024-01-16,-0.002929149919600762,-0.0010765375297476889,-0.0009585984590113567,-0.000933265366877715
2024-01-17,-0.013433055705551977,-0.016073867379743177,-0.016266480713592706,-0.017004610848090122
2024-01-18,-0.002803446790961874,-0.0050191321851312705,-0.005208027854659189,-0.006113033233096969
2024-01-19,0.01178322525329673,0.007714721931119165,0.007432869124749637,0.005600059746699144
2024-01-23,-0.01578470698530657,-0.015324645967571831,-0.014727388961107667,-0.01390656517310898
2024-01-24,0.013859992079275059,0.01137261043231474,0.011739765198802855,0.011956559432630999
2024-01-25,-0.004368496557974624,-0.008351207901519195,-0.008470061041596593,-0.009260264894310897
2024-01-29,0.0157214207729191,0.006431485860099603,0.006660236839806766,0.006537417370412641
2024-01-30,-0.00960065087660006,-0.011249313520775125,-0.011334746200832677,-0.014480236616931357
2024-01-31,0.012015743884271297,0.016444481445078173,0.01667096223135783,0.016571922026015398
2024-02-01,-0.0030439951325156446,0.0018544907909430579,0.001610828950828062,0.0008092619862568464
2024-02-02,0.010517364251903983,0.005718982124343679,0.005614668438310105,0.008591220094037434
2024-02-05,-0.0023127331972601067,-0.0014448153485706067,-0.0016123052900168743,0.0002486003375980891
2024-02-06,0.008633190222652232,0.0066901755470613125,0.006846078459432113,0.0033524757657440256
2024-02-07,0.0018213544164301116,0.004132407868814643,0.004029268965404622,0.0015971893634330594
2024-02-08,-0.006592246634569448,-0.011148770406781203,-0.010704926626576334,-0.007037182175669312
2024-02-09,0.0027796143722706177,0.00916013589813099,0.009102924419377236,0.006096337273007535
2024-02-12,-0.006337701733305608,-0.003001620866323277,-0.0030638620193644515,-0.005196229655200893
2024-02-13,0.0027931868509718347,0.008909962278208563,0.008831321065312692,0.006823631573909109
2024-02-14,0.006475879825776729,0.001819596777657994,0.0018480435955537144,0.000248024198566273
2024-02-15,0.005668147787042398,-0.003651312680366317,-0.003686353480100527,0.0018737207606765232
2024-02-16,0.007852626890405806,0.007918203590674437,0.007928757381622171,0.003891924554482993
2024-02-19,0.004406189489531047,0.011982164390408181,0.012077807762405924,0.012311453389257283
2024-02-20,0.0018246247793054435,-0.0032459953826696275,-0.0033324518304526183,-0.0013552022900299
2024-02-21,-0.006179227628756424,-0.003091642593166211,-0.0030491217728414793,-0.005455461418196842
2024-02-22,0.01095334053352391,0.012375635377736345,0.012606941772958635,0.011146616322563384
2024-02-23,0.0007523047202359144,-0.0014463757888515307,-0.0017924687536105032,-0.0013188830515843894
2024-02-26,-0.005578227850429735,-0.007222792969634729,-0.007231075151794265,-0.006683034896945359
2024-02-27,0.0038146260996459224,0.007405369146855965,0.007708590743676608,0.008978819273232911
2024-02-28,-0.014108989048210004,-0.012504113531935345,-0.01257458714912182,-0.013030565380623367
2024-02-29,0.0006362950215258329,-0.001947060713833849,-0.002540673348539032,0.0008691658941646981
2024-03-01,0.01415146337089871,0.005495298618468003,0.0054642062501842345,0.0018947905249816074
2024-03-04,0.003536627415131684,0.002325270961688537,0.0021522597891774757,0.005500380277281198
2024-03-05,-0.0023777762996421412,-0.0016697376601242505,-0.0019607884535346727,-0.0002913273001742605
2024-03-06,0.0037578208248435657,0.011760857907129147,0.011643953701301295,0.008931094169097344
2024-03-07,0.0038876299049878564,0.00398359670146565,0.004054988509907712,0.0021338399695351
2024-03-11,-0.004652774190122349,-0.001447159567320248,-0.0014490153634146206,-0.002555189591989199
2024-03-12,-0.005708604070047799,-0.004677401457432218,-0.004582920999888145,-0.0051196800634553145
2024-03-13,-0.021424485500525565,-0.007651929635090508,-0.007655873567514768,-0.011825339089800564
2024-03-14,0.009628027493081044,0.006043400498076187,0.0062584003398129286,0.005863090800279687
2024-03-15,-0.006092374807129633,-0.0019341312646418574,-0.00206339427713431,-0.002095174841251375
2024-03-18,0.003489006869102599,0.0023317482824283045,0.0020777885512035283,0.0008005344293021918
2024-03-19,-0.011048438950735602,-0.013154337917030653,-0.013280990882022597,-0.0178861775983468
2024-03-20,0.003318175234556183,0.0005323506633687332,0.00043665603942263345,0.0005694140594133004
2024-03-21,0.011383499923330256,0.005496507376263747,0.0054665627217266935,0.006756950248295412
2024-03-22,0.0067335947484378315,0.009737695088232913,0.009505143744218666,0.009076324429459949
2024-03-26,-0.0020734499847816566,-0.006196174100431381,-0.0060948079042671965,-0.007231630866245729
2024-03-27,0.001847732731919048,0.0009720835453708981,0.0009086584600892234,-0.00018375654089029477
2024-03-28,0.013158359160337077,0.010971589733912254,0.011092338221692399,0.010137583614624163
2024-04-01,0.00828954824918363,0.0031886672000085354,0.00317509918622748,0.002840583436946963
2024-04-02,0.0021839154649686667,-0.005596706190983276,-0.005792873993216112,-0.006175261093535171
2024-04-03,-0.0010842884284401368,-0.00010242309608795219,-0.00012293702351450116,0.0014030293853111715
2024-04-04,0.0020479128650048245,0.0028678555007907924,0.003170676785158552,0.0015355275160859137
2024-04-05,-0.0023105064832485596,-0.0014234750472815528,-0.0012517460571822758,-0.0013307669132463468
2024-04-08,0.006329709295728273,0.002651426717032686,0.002385549534744991,0.002545238520328537
2024-04-09,0.0004694739887903923,0.0012557127085450412,0.0012839953682767732,8.447542882096776e-05
2024-04-10,0.005610669199039948,0.007027055371749675,0.007289260274187391,0.008077021757665793
2024-04-12,-0.01098767666657147,-0.01166757991453528,-0.011065334057213817,-0.011657964721026804
2024-04-15,-0.008083769162672883,-0.010912854147459523,-0.01128801786451122,-0.011745912120621614
2024-04-16,-0.0046666428069417065,-0.006824909456495982,-0.007144088405055384,-0.00580648783620111
2024-04-18,-0.00890238614416,-0.006571750987429755,-0.007207341567971504,-0.005871687228542595
2024-04-19,0.006787762772905045,0.0057366840071822675,0.00592949381595035,0.0044367495222465475
2024-04-22,0.008781457269542136,0.01008818520946634,0.0101577139013655,0.010438893969571272
2024-04-23,0.0023312565326353537,0.0011868662783198483,0.0016022685253099366,0.0029342807743534816
2024-04-24,0.004897033318946738,0.003696611965316398,0.0033686956118222484,-0.00010182710770300968
2024-04-25,0.009437829373117386,0.005637206523406716,0.005503009461171535,0.009044853259879184
2024-04-26,-0.006157522029086805,-0.006168187501234684,-0.006687758524775123,-2.8070980069643328e-05
2024-04-29,0.004367569464377333,0.010005170149117256,0.009829200078977904,0.006029380215534788
2024-04-30,-0.0007568013221512504,-0.005052982746209493,-0.00563516114691404,-0.006778294920212251
2024-05-02,0.0037745471353409473,0.000903522640277468,-3.3516437122985956e-05,-0.0014289317162455891
2024-05-03,-0.004283701166183241,-0.00788073019594773,-0.008432664306657275,-0.007592307835536534
2024-05-06,-0.003348014669076466,0.007014891913604536,0.005870133465979945,0.004782468888986136
2024-05-07,-0.0066825912370931245,0.0033540117972050334,0.001794184172595122,0.0024031042171442805
2024-05-08,6.757319089896257e-05,-0.004620083487744789,-0.0023182416849178897,-0.004249632774252667
2024-05-09,-0.016344148753500973,-0.012122464006425877,-0.011810595396245264,-0.008898288994541197
2024-05-10,0.007201137096066751,0.006600072433507442,0.006930082223693872,0.006034062011510029
2024-05-13,0.0038349348469668173,0.004034385166819473,0.003840755172741294,0.0027114117662265513
2024-05-14,0.005999589532426554,0.0014901052167436168,0.0034874126418983718,5.136870366974529e-05
2024-05-15,0.0015553262622723045,-0.003642507365905369,-0.003041948705944669,-0.0027835160666262165
2024-05-16,0.008687398028617326,0.011832114994824759,0.011652479823949416,0.011497468366520585
2024-05-17,0.0038127172539042338,-0.0014501401173501534,-0.000529883184438411,-0.0016226640955933327
2024-05-21,0.011045857845349831,0.003591651363770075,0.00695755387980441,0.0002485662836814587
2024-05-22,0.00403702279484729,0.0059286002342353195,0.005443475658220953,0.003942418519300116
2024-05-23,0.012605675128820357,0.01068287520362865,0.010208330674443194,0.013064224488057788
2024-05-24,-0.0017061517124916973,-0.002657250301339361,-0.00227636374849085,-0.0025375081088351422
2024-05-27,-0.002749957641642516,0.002283875637282364,0.0022480626621392942,0.001403545602166306
2024-05-28,-0.002527405923110037,-0.0010718409330182437,-0.001434957664362782,-0.0012412622254881166
2024-05-29,-0.0037235402850040447,-0.003684112672227938,-0.0025360159896558225,-0.005221787364582195
2024-05-30,-0.015268937826745124,-0.010642518015270743,-0.01039622879653674,-0.008283428300753196
2024-05-31,0.0012360398352301667,-0.0011472004234886705,-0.0014595729931823518,-0.0011591439787737065
2024-06-03,0.030458381874317188,0.014553122021110287,0.01476804965750732,0.013625427261647644
2024-06-04,-0.057987008900660164,-0.027693948178296714,-0.0284252997096198,-0.02588049761359102
2024-06-05,0.033373620902907526,0.037699126875068316,0.03814882252770557,0.037454168546015944
2024-06-06,0.009676001018171076,0.009220843324833694,0.008994312196416911,0.007863914919583409
2024-06-07,0.02335633437037689,0.01764810979493315,0.017810542314212717,0.01573640363170118
2024-06-10,0.0006383072198453579,-0.005455250589971207,-0.005508705855008933,-0.0042654009390356885
2024-06-11,0.002289245442089022,-0.0011179962562256301,-0.0011392124089552806,-0.001242155059626449
2024-06-12,0.004188842939589457,0.0014208467099926726,0.0015009952135953243,0.0006033556360665979
2024-06-13,0.004550957651792474,0.0012650116733348375,0.0012646996366693245,0.0008567050114237675
2024-06-14,0.0035235540513493904,0.0005276023816269634,0.0006369001012727705,0.0007225033757577808
2024-06-18,0.003335465467584906,0.0005441727221021081,0.000599255880873142,-0.0017467486158207813
2024-06-19,-0.0074387817875670005,-0.00373615837987665,-0.004064864873651894,-0.0075799867291595725
2024-06-20,0.0012220289162174656,0.0026550629473506993,0.0026728697045727175,0.0018412141902579113
2024-06-21,-0.0024430162210134507,0.002576681600101162,0.0027144773355799972,0.002706421818917783
2024-06-24,0.002872271441290805,0.0024552689740415107,0.002393454461672696,0.0041013726818251404
2024-06-25,0.002018800727511129,0.0041584579104398285,0.004028137950130372,0.002252772128606007
2024-06-26,0.0012269445941345775,0.002208388495789909,0.002153353607525642,0.00208939264079279
2024-06-27,0.009640013644747054,0.008300934784510789,0.008402784487134485,0.008724223529029906
2024-06-28,0.00018780020649772122,-0.002222618239424232,-0.0020701146008896606,-0.003137640553901783
2024-07-01,0.004532381248384715,0.004632039354736133,0.004432715424435541,0.005868326937790927
2024-07-02,-0.0008576052604683858,-0.003943063547998402,-0.0039972328217444085,-0.003532377563243927
2024-07-03,0.006813129303813763,0.005180368624432136,0.005127867021384575,0.004984569564049354
2024-07-04,0.0009254911727931011,0.005971102072001291,0.00596451548017036,0.006404900720638079
2024-07-05,0.00629445157357781,0.007352664823183585,0.007741810962320324,0.0057455699161530665
2024-07-08,-0.00023799492471238018,0.0004237873692232865,0.000355701573117331,-0.0005270445893749331
2024-07-09,0.00637857285810991,0.009476122726588907,0.009609937111850356,0.007930895090640079
2024-07-10,-0.0029441501456263764,-0.0023478584051829883,-0.0023086786277224536,-0.0046494369668368205
2024-07-11,-2.041713305440257e-05,-0.0015846257181770284,-0.0015973627167513481,-0.002100583987207875
2024-07-12,0.007171137585477718,0.009220323629517663,0.009185438629936735,0.008811428675692302
2024-07-15,0.004738232157584239,0.0042949745211672274,0.004350748280327933,0.004449505700246377
2024-07-16,0.0010790880234933927,0.0037931053288542084,0.0037784002825773794,0.0020078426159739434
2024-07-18,0.005488047536783146,0.008521863247052713,0.008520950536888151,0.008897643881524957
2024-07-19,-0.015664130246882776,-0.008559020580246879,-0.008727106376929989,-0.009194843943149202
2024-07-22,0.0003645589038129399,-0.0018500393907429794,-0.0019725405221372823,-0.0015899496233793527
2024-07-23,0.0007434187054411274,0.004067526879345404,0.004109323144003861,0.0016460667509558854
2024-07-24,-0.0027738941949505278,-0.006835669999175666,-0.0068279696747759015,-0.006977721546107419
2024-07-25,-0.00035583616749337334,-0.0030529493846570546,-0.0030765790134346634,-0.0013429043064223118
2024-07-26,0.02008338118299646,0.018644808466142346,0.018983990688377833,0.018950444566197676
2024-07-29,0.0005126803743290768,-0.0014672135528629665,-0.001517623803537428,-0.0016150886914783474
2024-07-30,0.0005512804285187707,-0.0026197834712144694,-0.0026645437812046462,-0.004212236262672763
2024-07-31,0.0056172819362972784,0.0067802443681102,0.006824968384882696,0.007000963032823098
2024-08-01,0.003482022389132446,0.00715853239523085,0.005819358343740283,0.0018455330544067694
2024-08-02,-0.014814465967723822,-0.007319750210165886,-0.00802511546430866,-0.009108281786490797
2024-08-05,-0.026912617487736382,-0.014974486190123095,-0.016389834691799925,-0.017113716495542705
2024-08-06,-0.0014098274045477098,-0.0008072053401579082,0.00018418990177849722,-0.0015195793024309705
2024-08-07,0.01608220650948457,0.0093330417014855,0.009142371103152976,0.010771112231955062
2024-08-08,-0.011407218436227138,-0.008843450819214872,-0.00958727345801256,-0.010057587500093617
2024-08-09,0.011922345830176869,0.009441352693846812,0.009786304332634914,0.011834968926757372
2024-08-12,-0.0019163813416314588,-0.0028851149589644706,-0.0031044871828517936,-0.0010262465600928677
2024-08-13,-0.0059123663090837105,-0.003894754348343395,-0.004561218939837861,-0.0026095974012883515
2024-08-14,-0.003023133231080572,-0.0013186689670873731,-0.002400828453645625,0.00250569694681703
2024-08-16,0.017942995249641103,0.014159893768444117,0.013483563929564329,0.018180204098282325
2024-08-19,0.0034596975232359327,0.0015846193322988115,0.0012334911550802127,0.0006340384198596473
2024-08-20,0.005366272935710915,0.0053937410958445255,0.005955838381305489,0.0056779586620899275
2024-08-21,0.004974775665398824,0.006789642085858893,0.007177230768127693,0.0035891661291989
2024-08-22,0.0011466101798140228,0.0017686373337485212,0.002051624378582577,0.002177286035053011
2024-08-23,0.001020111487326609,0.0021137364524693057,0.0016069439420774874,0.003951023442309992
2024-08-26,0.008217871092575456,0.002892873494300358,0.0038200142574144553,0.005752175484723762
2024-08-27,-0.001850721403070197,0.001558109572466368,0.00216197003164646,0.0030525312508152967
2024-08-28,0.0013328398859505848,-0.0010327286542330138,-0.001822937347289092,0.004752771943238381
2024-08-29,0.0024427411650473916,0.0026848282975200513,0.0027589125717526614,0.004555082848544001
2024-08-30,0.005514451254860324,0.004521034111507876,0.004376410035754178,0.006088688075386288
2024-09-02,0.0010279693377504852,-0.0004651387472328648,0.00026759557421221166,-0.0012244297091719132
2024-09-03,-0.001231614184752359,0.0019909904566067847,0.002227970100130875,0.002293641219753615
2024-09-04,-0.0032512114978643443,0.002756573343967183,0.002784437078790056,0.0003980167724792896
2024-09-05,-0.003213612598115948,-0.002702899935304778,-0.0036646494746499837,-0.0034634894542560257
2024-09-06,-0.009484187440456694,-0.004821968769169314,-0.00492668624104188,-0.006437058548436175
2024-09-09,-0.00024272093019861917,0.008005648790951218,0.007221685816668266,0.007979829866497139
2024-09-10,0.0054774458148454,0.004098260104912972,0.003264158043650632,0.00608648621528755
2024-09-11,-0.003722698166710139,0.002513174915144474,0.002492608813368275,0.0013060056243470073
2024-09-12,0.020515689876144487,0.012206691320040148,0.012877772155874169,0.014178712475022792
2024-09-13,0.00017709413071785942,-0.0029060849865373294,-0.0023196587559500986,-0.0011229188223347412
2024-09-16,0.00028629323574366327,-0.000339403642011268,-0.0003112740712478679,0.0008613986172506674
2024-09-17,0.00020683244716751667,0.0005260677014123017,0.0010446062193428236,0.0027208828676875247
2024-09-18,-0.004113978201726663,-0.0011029982206563458,0.0012848738407192709,-0.0018384898589868144
2024-09-19,-0.0005977085153028031,0.005728612434860305,0.005730300651032364,0.004361829896482949
2024-09-20,0.013691926614055798,0.01455454718788613,0.015967872758220033,0.014637112213129909
2024-09-23,0.00723338723198041,0.006421247881845792,0.006405467068909792,0.006993263893691839
2024-09-24,0.0018548001282734353,-0.005197375754615559,-0.004875157408710168,-0.0045357608075356146
2024-09-25,0.0026844218890221374,0.0024373970422406363,0.002752667446828499,0.003435744517133359
2024-09-26,0.010821907439681606,0.010639914070333916,0.011384566035852653,0.008459134749144911
2024-09-27,0.002275916292943802,-0.0009331101960377195,-0.0007090635317992381,-0.0015891610087639513
2024-09-30,-0.009091448204653185,-0.011273919017626415,-0.01214023896359281,-0.014312161262352303
2024-10-01,-0.00015045272973036086,-0.003675155271348756,-0.004595003558443369,-0.006269257305839508
2024-10-03,-0.018915977263179257,-0.018539687460150073,-0.01809820993760363,-0.018959536857953603
2024-10-04,-0.009082449169218128,-0.012116661507314075,-0.010552866000888714,-0.010925985433190784
2024-10-07,-0.010478846669330126,-0.008800633722109333,-0.009661737320821734,-0.010522378773329667
2024-10-08,0.006135477583117863,0.0036547056461162944,0.004721253069131401,0.0037825190232574357
2024-10-09,0.0007112773928600229,-0.004314520998325434,-0.004273931900531985,-0.004120937293878628
2024-10-10,0.00012843809350878883,-0.001271616310354452,-0.0015218721913973408,-0.003342397328061299
2024-10-11,0.0007587357066123341,-0.0012807105325953385,-0.001063540185424573,-0.00098753283422829
2024-10-14,0.0042209118273543195,0.00543456460643511,0.005292964881705808,0.0036720767085991193
2024-10-15,-0.004653183945780776,-0.003054664900709439,-0.0026511271493831947,-0.005545238010743608
2024-10-16,-0.0034751005192483935,-0.0008558369413195113,-0.0005339619576334408,0.0008464146877208669
2024-10-17,-0.011212721260384584,-0.010864041308423193,-0.009975662860272714,-0.02162245243819469
2024-10-18,0.005423249490686571,0.0020563790264408574,0.0026555265270401165,0.0015440467096010954
2024-10-21,-0.005747601461781113,-0.0026349035273268324,-0.0027051749813617023,0.0037067619855907447
2024-10-22,-0.014326642096136932,-0.009751331190422421,-0.010739432066466943,-0.00986948855373233
2024-10-23,-0.003144595407919964,-0.004403076996402184,-0.00493494524425262,-0.00303765567243649
2024-10-24,-0.001461284600821765,-0.006492180340276683,-0.004611806720087786,-0.008171405009293345
2024-10-25,-0.009513205145409947,-0.002342373149390713,-0.0042235872979789445,-0.004049031256373995
2024-10-28,0.006920109500993008,0.006671146199123363,0.006582277965385594,0.005968175251783379
2024-10-29,0.004775818500126304,-0.002420795611776546,-0.0017415396845069941,-0.004513073921646551
2024-10-30,-0.004086357165447707,-0.005243796382215471,-0.00553048517272612,-0.0034316308427882383
2024-10-31,-0.0030036142056298677,-0.0041576234985835955,-0.002115613999323166,-0.006663558609032459
2024-11-01,0.005076347971343888,0.001273340548861975,0.0014025526850760994,0.002506281179770307
2024-11-04,-0.013048019336416144,-0.005438539287207833,-0.005626676274644375,-0.007231249052095158
2024-11-05,0.009847716571753078,0.0019005872295683947,0.002850403897513738,0.0022563881827987672
2024-11-06,0.012758719573064155,0.013544723803992319,0.013711952084359387,0.01376069603321068
2024-11-07,-0.011291383741889132,-0.010853187174408818,-0.010418563865212687,-0.005741284744163163
2024-11-08,-3.9429646435839e-05,0.003978380824295387,0.0039033019926832647,0.002399062772427449
2024-11-11,-0.00409254342796928,-0.006452126459975861,-0.005982698032841706,-0.007636948854552744
2024-11-12,-0.012139783428786029,-0.009620672180002128,-0.00963820436154836,-0.008501024111573828
2024-11-13,-0.014556359865154469,-0.00803552435181692,-0.008666926905007956,-0.009327606856726133
2024-11-14,-0.0017921540067842726,-0.006339160376904358,-0.005817815312467143,-0.008158068862692908
2024-11-18,-0.002686071114145258,-0.010602178111823266,-0.010534684017870138,-0.012478497511207047
2024-11-19,0.0031393363416290553,0.006930859250724619,0.006690162422838207,0.00527442866325506
2024-11-21,-0.0077474986487340225,-0.006347209291592515,-0.006189082084460339,-0.0061212526981429
2024-11-22,0.024007699055899858,0.026256720845294148,0.02652278842816345,0.02580281798900494
2024-11-25,0.010147317669069235,0.003970367922767806,0.004909378357751822,0.009999440259524988
2024-11-26,-0.003446958003092843,0.002697463788438155,0.002307368862875556,-0.001310186339272956
2024-11-27,0.0029134011942529106,-0.0011983710108575368,-0.0011854392405512254,-0.0020487721742010238
2024-11-28,-0.015318032902097534,-0.014734730128713958,-0.014583161125897732,-0.013094467008563124
2024-11-29,0.009306863331144647,0.01014544320822085,0.010132501525457173,0.011714309500907476
2024-12-02,0.008684810484146877,0.005565870143033366,0.004739735989006879,0.008043546720183805
2024-12-03,0.008095101657405668,0.004141196037075406,0.003927497161754401,0.002341780397956053
2024-12-04,-0.0017389372828742233,-0.0022101285676468557,-0.0029743080807362082,-0.004910973105701262
2024-12-05,0.008736059020121149,0.00775171651378466,0.007263258282223899,0.010803658581989974
2024-12-06,-0.0004390779131657292,-0.001720306029768253,-0.0017156843317474788,-0.0024728263174571812
2024-12-09,-0.0021923097997862693,-0.0076599771813635805,-0.00830260671309174,-0.006612497950082645
2024-12-10,-0.0008304158005377851,-0.0009129666763584136,-0.001523113134266866,-3.833341350586647e-06
2024-12-11,0.00184071881269479,0.0040890953753961595,0.0040455737358772725,0.004359568857622805
2024-12-12,-0.004060103682596471,-0.005577234674499793,-0.006025418761994871,-0.003132542148075482
2024-12-13,0.007969461588574277,0.008699572180557407,0.00855779727071864,0.012666772265384214
2024-12-16,-0.004059632443916767,-0.0018358036122549043,-0.0015052988768847458,-0.0025907956004317468
2024-12-17,-0.01319063845800145,-0.008998855084438878,-0.009279519636030938,-0.00806429675435727
2024-12-18,-0.004670101968574639,0.0012118027606515904,0.0015440185534982894,0.003575082632019088
2024-12-19,-0.007607659416107089,-0.0012641054618597533,-8.037652355535191e-05,0.0024244497047152575
2024-12-20,-0.014866710369714743,-0.007917435339149393,-0.007682425204698077,-0.008578371254650375
2024-12-23,0.005452147391557574,0.0041700911542701885,0.003917986673830486,0.0031302289518097734
2024-12-24,-0.0026773602537149468,0.0006009386102208835,0.0010664755654777348,3.094674028368896e-05
2024-12-26,0.002486685800198526,-0.00016937102105515933,9.198191381029391e-05,0.002986953401078675
2024-12-27,0.0019082873222042978,0.006756376420337115,0.007276587755439896,0.006215954290941636
2024-12-30,-0.006778114111248021,-0.0005159857255551327,-0.0003220016395446383,0.0020266957984185294
2024-12-31,0.0022341149613054247,0.00010754665281130136,0.0005214234802419851,-0.0003036578441656733
2025-01-01,0.0026130030354110886,0.0016540171330408555,0.0015428262318540236,-0.0016946124927745185
2025-01-02,0.02305390640046154,0.014959542760591308,0.015250410550968905,0.013810882570343502
2025-01-03,-0.005113411809502552,-0.008543660237028157,-0.008452491497695867,-0.008645863041795083
2025-01-06,-0.016743100158750985,-0.014631537463028029,-0.015060782698751208,-0.008892104972140486
2025-01-07,0.0036550974722366386,0.0016862272568332311,0.001689769163938521,0.0021286959477285336
2025-01-08,-0.0009317841667721629,0.000857671929690013,0.0008587250048844622,-0.0019669765424750415
2025-01-09,-0.005613405685059438,-0.00026886011154120466,-0.0004491362044406147,0.0011673468893926826
2025-01-10,-0.0060349018060494464,-0.006641127984838557,-0.00673259310963665,-0.0053742284765185555
2025-01-13,-0.01845034501799505,-0.014304031428971815,-0.014380374765039408,-0.013964917836289111
2025-01-14,0.005836359722338451,-0.006715947364577782,-0.006018026626137911,-0.011504471025406852
2025-01-15,0.0014767843328797096,0.0008027009698013325,0.0007776003704442539,-0.0016056627730872263
2025-01-16,0.004124377076282511,-0.004079905295580784,-0.003824324958952269,-0.00324567304517791
2025-01-17,0.0010028834431987563,0.003703915519348967,0.0032260892474915035,0.0033321535020565153
2025-01-20,0.00855739450313785,0.0027143407590213054,0.00293223477501065,-0.0013335150434580943
2025-01-21,-0.011908158847414817,-0.006565706714139132,-0.006807968669960404,-0.006134508785389126
2025-01-22,0.00425886052646683,0.0067874942083204284,0.006662901744196561,0.004358344294348258
2025-01-23,0.005333083916645728,0.0011052287203341745,0.0010977802296187147,0.0003118605844515351
2025-01-24,-0.004737849111451621,-0.009536662636796181,-0.009347682163391925,-0.009275744917163223
2025-01-27,-0.013851617504277929,-0.010512573973899122,-0.010574480003781105,-0.0102437460702969
2025-01-28,0.0007427412346752826,-0.0005998012563775811,-0.00018095682595694815,-0.004078601983189602
2025-01-29,0.011915496262832687,0.004421006471924036,0.0046416564544392285,0.007252229690977812
2025-01-30,0.006028287957624449,0.007598352515882324,0.007343805307923607,0.009344916054931998
2025-01-31,0.013445959500437669,0.016197674287455815,0.01616685181168212,0.012276062047720426
2025-02-01,-0.0031144182469607135,0.0038047935577714773,0.003089709799967156,0.004245740546053928
2025-02-03,-0.004011068976125283,-0.006587992285298068,-0.006192479038679583,-0.006083869563976802
2025-02-04,0.013826421843685264,0.01036801436543682,0.01061198693864079,0.009956748745398158
2025-02-05,-0.0012526022646225897,-0.001139433613952974,-0.00021533204759974548,-0.0023721917156140585
2025-02-06,-0.004967847858717466,-0.001161419454537785,-0.0008770942870836625,-0.0036253807382310974
2025-02-07,0.0022355460012659497,-0.001246149416971107,-0.0011162160722973675,0.00017133040843532628
2025-02-10,-0.009212756467806598,-0.006627608016858041,-0.006491104792256234,-0.005007807982509014
2025-02-11,-0.01651287286142817,-0.016526554403056233,-0.016535418071383756,-0.016106031857023462
2025-02-12,-0.0011083952208927105,0.0013762576602299073,0.0016169147370568614,0.0017035186529675678
2025-02-13,0.002572483126580269,0.0021028312655142056,0.0020776098507306277,0.002372235625590216
2025-02-14,-0.009326829981173377,-0.0064677927303855125,-0.00653205738206489,-0.006174293529702302
2025-02-17,0.003653435967553549,0.0016998031024280619,0.001399240194983164,-0.0007190201624940719
2025-02-18,0.0012015325077536533,-0.0018296928637743595,-0.001806483730444561,-0.0020621489400839722
2025-02-19,-0.0005986829139182075,-0.003929625113110566,-0.004159240335176387,-0.00352124966581251
2025-02-20,0.00352979889873289,-0.003491570126939209,-0.0035053558128920934,-0.0037609225904985232
2025-02-21,-0.005156188894023183,-0.0067658200055203,-0.006931521258430351,-0.0065533266801164084
2025-02-24,-0.009895631164408282,-0.005634966315995565,-0.005983579806324091,-0.007158298240103498
2025-02-25,-0.002371025900770826,-0.002490962665878732,-0.00272176811661641,-0.0004061472091240559
2025-02-27,-0.0011380393594143617,0.000714688959328179,0.0003177834023313906,0.0013218608451271985
2025-02-28,-0.023686619511934383,-0.01790659326481672,-0.01771096867285502,-0.020784181701991093
2025-03-03,0.0037826798879389105,-0.0022383547317629993,-0.0028566396723807667,-0.002019147545377169
2025-03-04,-0.0033952127188105925,-0.0032711525189067225,-0.003005884459711939,-0.002658971372640851
2025-03-05,0.017077372467638935,0.009881124964028133,0.010004582823351975,0.008992931097703591
2025-03-06,0.01243674050558567,0.012399238913099239,0.013836598166310974,0.010053298539773416
2025-03-07,-0.0001501640890564774,-0.0008431168709884507,0.0004168467951942603,-0.0019076478447533152
2025-03-10,-0.005273042232245593,-0.001004280038300229,-0.0009514833609607363,-0.0008755221080750708
2025-03-11,0.001545656454326446,0.0017628915542708384,0.0017052825323863093,0.0016144089470307146
2025-03-12,-0.004115098036181632,-0.004789617369563838,-0.003989411416099867,-0.005955907673714658
2025-03-13,-0.0027834858321141957,-0.003431486411203986,-0.003913926987682288,-0.0017663019882426204
2025-03-17,0.00656210836307833,0.007451450830619376,0.007337133294958165,0.007380551378609532
2025-03-18,7.277290795683037e-05,0.00028644952713046263,0.0002856565540080321,0.0002743458427921189
2025-03-19,0.01830887237454136,0.014736549558559495,0.01596754710769991,0.011983986945100944
2025-03-20,0.01156788436022269,0.010820710226819545,0.010334607126038679,0.01093064889603989
2025-03-21,0.007363498358903903,0.006879390596807711,0.006591504103854432,0.0077025577984039095
2025-03-24,0.013125031148406918,0.012068585281821552,0.011847852988946476,0.01445677557333555
2025-03-25,-0.0008919046429041852,-0.00020499675776925168,-0.001218473103113702,0.0006209626743692591
2025-03-26,-0.008054355476443058,-0.008740629058874402,-0.009182755428291514,-0.008236694487527193
2025-03-27,0.004893160706573854,0.0016366521393586875,0.0018776505146013422,0.0026395500216141285
2025-03-28,-0.004550589933566426,-0.002094795329753879,-0.0016212679275900864,-0.003831523050814257
2025-04-01,-0.011842748714060118,-0.015918723093894385,-0.014954148539179648,-0.013494130686604924
2025-04-02,0.003908327620943198,0.004432358268395391,0.004771585866342953,0.006712484090247904
2025-04-03,-0.0015219248600063236,-0.005697831428035963,-0.004596340014973365,-0.0019149578473414985
2025-04-04,-0.022391950602005606,-0.012216168881836608,-0.0108420595602107,-0.015547054400831914
2025-04-07,-0.02850791864927419,-0.022492342999207826,-0.021623111328814157,-0.02752429697985516
2025-04-08,0.0189776606716867,0.014948336327442802,0.014795419909570121,0.01789377559275856
2025-04-09,-0.0056670387033146185,-0.00021668107691139894,0.0003601736827163716,-0.004491160396383671
2025-04-11,0.020491992307503107,0.014743200992363412,0.014545411932028303,0.01989966084678264
2025-04-15,0.01875253937378853,0.01929376540923921,0.019128031042344822,0.020777045208788373
2025-04-16,0.004688494015391757,0.00408771744859986,0.004312739816501397,0.0062529305094777225
2025-04-17,0.01221946940554809,0.013077099089509792,0.013371384849066354,0.014053104609394233
2025-04-21,0.011890211441818094,0.006535850971550642,0.005921438668781935,0.006878430099816003
2025-04-22,-0.0009730246450167475,0.005517409844864424,0.0053658945708803425,0.002308036119133937
2025-04-23,0.010134375229879353,0.006938251483117018,0.004951734701126288,0.004848719366961557
2025-04-24,-0.0013192593980135428,-0.005932960602585321,-0.005907102639551409,-0.005337484179279415
2025-04-25,-0.01183232643097318,-0.006984695423407172,-0.007684587288145665,-0.00963823445427374
2025-04-28,0.010773292479848498,0.009459433298593445,0.010143432985624718,0.009637390905109398
2025-04-29,-0.0026214264678541335,-0.0008179560062006224,-0.001304829059435198,-0.0035022703950640744
2025-04-30,-0.002258196997689469,0.0023764524861721865,0.0022548719857333546,0.005504729137978022
2025-05-02,-0.004069026413390705,-0.0041321536393836645,-0.003669262961294535,-0.004280844395589448
2025-05-05,0.00601816805620623,0.007674082958212522,0.0076189601497249565,0.006647611419244704
2025-05-06,-0.0023104380525578337,0.0010233744305891772,0.0015890552437377427,0.002166644921783766
2025-05-07,9.1446124788959e-05,-0.0038522244406185902,-0.003950591301914172,-0.0023789394422675083
2025-05-08,-0.007256872616152873,-0.0067785114285405495,-0.007475084521606008,-0.005601217693447762
2025-05-09,-0.00664828747527208,-0.011439336841253872,-0.011876026696864057,-0.013744791546156624
2025-05-12,0.03662505449361027,0.03336581881196795,0.03342502163778797,0.030487311228170867
2025-05-13,-0.010137161172662147,-0.012395002602305753,-0.01236584396631882,-0.011282422661934735
2025-05-14,0.005712538719163874,0.0016838596437374269,0.0010074921699990149,0.003694762224842791
2025-05-15,0.01556698914011296,0.01334492840067158,0.01367647608015207,0.013151827233247902
2025-05-16,-0.000804332354163765,0.002057108403721936,0.001955323182362397,0.0009211911591993227
2025-05-19,-0.0019281834505762317,-0.0031801255477661716,-0.0028092050178443774,-0.00276105994321843
2025-05-20,-0.009750377169106657,-0.012213112985307802,-0.013086742631724073,-0.011384898128017297
2025-05-21,0.006226102634149587,0.004468304501744858,0.005102437586826902,0.004665536262880892
2025-05-22,-0.009642978712733074,-0.010358241434533956,-0.00992919446651122,-0.009768654655087935
2025-05-23,0.00860015363634688,0.010909939873870159,0.011210461322243313,0.009742766724465212
2025-05-26,0.0069508632201412505,0.006698910310390695,0.0067801570283564285,0.006117982783654066
2025-05-27,-0.006626090149609936,-0.007540600662258908,-0.007498119299710078,-0.007605323302466655
2025-05-28,-0.004608132255682043,-0.008498966360323462,-0.008384128572445457,-0.008317256313180626
2025-05-29,0.003435254532620728,0.0011662160637177922,0.001021156460875956,0.002453792226466774
2025-05-30,-0.0071063311844443856,-0.005953531394119504,-0.005944495439117387,-0.005623949468478738
2025-06-02,-0.0006427250442676721,-0.0004674358535490682,2.0797788281095263e-05,-0.0007407639851688322
2025-06-03,-0.006557579036137837,-0.007523662701196343,-0.006621523268046277,-0.008349996969111949
2025-06-04,0.001334111077598251,0.0013030886682364583,0.0015593494665295006,0.0025773435497927354
2025-06-05,0.0035390911903793224,0.002684313228533516,0.0045354403129870685,0.002734639358057806
2025-06-06,0.011496086998011414,0.008403000228405288,0.00847725123122235,0.007467324334818663
2025-06-09,0.005293408956123698,0.005472778246497354,0.005109288038353743,0.006005252590077279
2025-06-10,0.0032164337870066733,0.002128580031622799,0.0024977281600123942,0.002352256416974635
2025-06-11,0.0020406428260693827,-0.001727821682743742,-0.0020338503172489903,-0.0010734491493039396
2025-06-12,-0.00914625553756511,-0.010021429627676288,-0.01045457286632965,-0.010048070068510528
2025-06-13,-0.004631842752330308,-0.004744578170228798,-0.004688338759480409,-0.004739667628892866
2025-06-16,0.010202746489579691,0.008689328177568874,0.007473713200077314,0.010193410437346569
2025-06-17,-0.004801733889530535,-0.004446539183976369,-0.006000937547381721,-0.004084110720039799
2025-06-18,-0.002487385074283766,-0.0020941688979873403,-0.0006331744976388206,-0.0012052068840596836
2025-06-19,-0.0008124901061194832,-0.0005510946757849055,-0.0005800651165689852,0.000518942540321621
2025-06-20,0.010317293068917825,0.008163441586756902,0.009337089989678238,0.009351492831737172
2025-06-23,-0.0035889634042585916,-0.003780093209453294,-0.0005722497167742273,-0.0037028175575556923
2025-06-24,0.0032318542873569145,0.0023896351319835337,0.0030165830336068965,0.002322193625074159
2025-06-25,0.007232911386648006,0.008694166544264872,0.004781977606105083,0.01004312718390787
2025-06-26,0.009192038423424146,0.005359791366015923,0.004564656812264648,0.007379794514187511
2025-06-27,0.0036329342258377283,0.006037820339408181,0.005188385306710669,0.006823111832290478
2025-06-30,-0.0037402265184588233,-0.004306091684794797,-0.003475057668320204,-0.006754410937446506
2025-07-01,0.0009217326307357557,0.0019743859287507126,0.0014454257245247826,0.00045910527515547416
2025-07-02,-0.00036926308418670306,0.0009031568501134436,0.0002771336760503879,-0.0009357811706631706
2025-07-03,-0.0014355107947706053,-0.0008967283478069116,-0.0006394959927435899,0.0014246984767211255
2025-07-04,0.002948609134534278,0.0026392334070544053,0.0038392167851316076,0.003722947421170428
2025-07-07,-0.0005887638433612742,0.003343404325299524,-0.0006738506245704527,0.002421173492348039
2025-07-08,0.0004887899101432493,-0.002987604763344863,-0.0033073347257106056,-0.004364749669216917
2025-07-09,-0.0018365940184063645,-3.373047564280481e-05,-0.0012516320794011904,-0.00021875480540135448
2025-07-10,-0.004705273094372051,-0.006179328442120433,-0.005418725644373831,-0.008189759689653062
2025-07-11,-0.006798846273752031,-0.001702865969219694,-0.002830438456134323,-0.0011964339750821032
2025-07-14,-0.0027724026082578583,-0.0022128056249359415,-0.002495454460578841,0.0011548781483928213
2025-07-15,0.004568207828147014,0.006288710623342211,0.006491681739928524,0.008272755514349733
2025-07-16,0.0013238910318648378,0.00013809817117447945,0.00021956080248385816,-0.0003656961884171471
2025-07-17,-0.0021690878413875817,-0.002312737416841886,-0.002842829819323916,-0.001170421978208186
2025-07-18,-0.002753113890958554,-0.007274322816552414,-0.006135840987244598,-0.0035702572458794256
2025-07-21,0.0012215685508028674,-2.394359745089454e-05,-0.000500678358037908,0.0002493623035400305
2025-07-22,-0.0032281308228236955,-0.0018082612325631459,-0.00036375470580923396,-0.0011443410015254986
2025-07-23,0.004409478514216631,0.002369455590948398,0.0017005377290359913,0.0025107332339540113
2025-07-24,-0.00619586576284138,-0.005302401663022978,-0.0033623410612019784,-0.007124516930241097
2025-07-25,-0.008938892598345266,-0.004580764020829817,-0.00588475845276399,-0.004976118965797518
2025-07-28,-0.007212188775683826,-0.010838184201623732,-0.009846363464327207,-0.005924012589403709
2025-07-29,0.005334478433534819,0.003958723902684937,0.0040138406532519945,0.004412038605105386
2025-07-30,0.0011277609841721993,0.0007996916305780729,-2.933793469317523e-05,0.0005907572999225466
2025-07-31,-0.0036283001246263146,-0.0007994949930141839,-0.0028909548009563475,-0.002050085197547168
2025-08-01,-0.010287527520518024,-0.014575706158462032,-0.01444962172516421,-0.015526802397388179
2025-08-04,0.010372262377922466,0.006104228399182016,0.008382568829152916,0.007182328737380973
2025-08-05,-0.0003676237314394776,-0.0010243480246078314,-0.0009687796786639831,-0.0015461253488066953
2025-08-06,-0.004606756610054786,-0.0029910530852944317,-0.0029514325356293364,-0.004414740139680915
2025-08-07,0.001445356605682361,0.0011223478073927623,0.0008546611568622369,0.0002498796231229566
2025-08-08,-0.007224102879090881,-0.003191932402549041,-0.004247571085562567,-0.0035216460207810507
2025-08-11,0.007672082374635106,0.007091136988185539,0.007340072643864935,0.007807919990612747
2025-08-12,-0.0006405903682916939,0.0011873337650191648,0.0006367110411821465,0.0008563035768753276
2025-08-13,0.008015573819216769,0.008823956559267715,0.007790645227146949,0.00998206886811359
2025-08-14,-0.0009434380002071857,0.0007145058863085833,-0.0004179309452862443,-0.0010147816149950065
2025-08-18,0.014710659615066037,0.012136534203525872,0.013647324624600037,0.00613193663928527
2025-08-19,0.0025630875375505227,0.0006713821057370674,0.0005887661960699967,-0.0010869760016907946
2025-08-20,0.004431653224924706,0.0013649592941054813,0.002000237729433103,0.00207792601174654
2025-08-21,0.0008522108691818874,0.0036159443310727945,0.00258231089802279,0.004634993622752126
2025-08-22,-0.00797501906270266,-0.005171327938361727,-0.0062856574302385115,-0.005545391849936878
2025-08-25,0.0051033912517869035,0.0035075435786398297,0.003744029159367026,0.0036369648778048075
2025-08-26,-0.00920574374810387,-0.007774077682216538,-0.008620281888003112,-0.008893652680776905
2025-08-28,-0.005964493616791872,-0.0048725923897614,-0.0050449350992906525,-0.006835570409138054
2025-08-29,-0.0011875168288660444,0.002915392638244557,0.002435368292353539,0.002849273753717795
2025-09-01,0.010448253539103494,0.006755244225039351,0.006718551084641014,0.007552321375542477
2025-09-02,0.0005142711587008739,0.0017493644489606928,0.0018723130114014536,0.0021643867979885584
2025-09-03,0.00649616180259558,0.004331283728137275,0.004094550080664505,0.005213795852870934
2025-09-04,0.0010648727407648719,-0.0007369105678126898,-0.0007599470761806455,-0.0010254463431854884
2025-09-05,-0.0006232234513883475,-0.003086016475537996,-0.003308421039529252,-0.003072308218252665
2025-09-08,0.0001703132060484068,-0.0015424099360834003,-0.0015087085924516803,0.0016474215416344908
2025-09-09,0.00719619646445677,0.0037214317873678748,0.0037742065020051696,0.002956999120010059
2025-09-10,0.005440538529695664,0.00601482057637161,0.006073736269038237,0.005662125826327651
2025-09-11,0.0004275325080508639,0.0009579137549243402,0.0010855081519758674,-0.0004204585012109517
2025-09-12,0.0047905144086877495,0.003471336732083495,0.0033285542703141314,0.005194598870375107
2025-09-15,-0.003416790439647861,-0.003936252880275109,-0.0038384201534145566,-0.0044509113805827945
2025-09-16,0.008403096952404997,0.006549354896542979,0.0066734520540819246,0.00798308392167694
2025-09-17,0.0033805621298104356,0.002395392114325247,0.0024619917676833667,0.002308131602150187
2025-09-18,0.0022929067449278338,0.002114807492463307,0.0022022076763994047,0.0019752550335081823
2025-09-19,-0.0028156432772483923,-0.0025678713273106077,-0.002434205127279706,-0.0023811477450628614
2025-09-22,-0.004947267428144025,-0.004120174455368713,-0.004284518754508397,-0.00445698062910245
2025-09-23,-0.00048747975825744335,-0.0025327854934688145,-0.0024534767941383996,-0.0019886095630643518
2025-09-24,-0.002697758148783802,-0.00022096442124678434,-9.736768596834647e-05,-0.000734994502578524
2025-09-25,-0.0070018406405090595,-0.006860423953583455,-0.0069310176739196105,-0.005498235494424929
2025-09-26,-0.011871016948174351,-0.006463553146582909,-0.006442967695221919,-0.0059105601629025045
2025-09-29,-0.00045609306391764144,0.001157920415392523,0.0012376662778717676,0.0006873716878768158
2025-09-30,0.0006835103772147486,-0.00048700871159879913,-0.0005151817545176972,-0.00027298114950645165
2025-10-01,0.00595975501540981,0.006227012304504569,0.005855304323177881,0.005644744066643965
2025-10-03,0.0042351855854768795,0.0027537005051446036,0.002443951518297467,0.002055685564279734
2025-10-06,0.005685029239851706,-0.000916670532329428,-0.0008607102334497174,-0.00012394087699254538
2025-10-07,0.0007269575524587453,0.001051792777418798,0.0013206962991444884,0.0013846552040270247
2025-10-08,-0.00296274460287186,-0.005144988106435582,-0.005066575168637024,-0.0052032134696118355
2025-10-09,0.0068639831499043,0.004986264879688493,0.004823327224346115,0.005291125537945177
2025-10-10,0.005156787835044261,0.0076401818300099004,0.007622996817225244,0.008049501774945065
2025-10-13,-0.001994585681118782,-0.004766138317103064,-0.0047590644032615564,-0.003971084967018673
2025-10-14,-0.00438984822212088,-0.003208789570876525,-0.003049843115219484,-0.003052451182690219
2025-10-15,0.008698019694019307,0.008667286987949514,0.0084523946129654,0.007591395603328253
2025-10-16,0.011122985914857926,0.011023506792694517,0.011134180649917329,0.010556828558358005
2025-10-17,0.0023370834392740375,0.005944146700397227,0.006001780669040939,0.008038842251569967
2025-10-20,0.006394430750343508,0.0022890094282273965,0.001791937363544934,0.004966200110888042
2025-10-21,0.001595262604510875,0.0005915362631938969,0.00047319658404090944,0.0004308980185859254
2025-10-23,0.0021048275048763674,0.0005458852832922327,0.00029304819374795677,-0.0023927923544982766
2025-10-24,-0.003791816354395702,-0.006032275267087476,-0.00615853454873886,-0.006539156381867407
2025-10-27,0.005194607333508524,0.005124650762239274,0.0052459307474132955,0.006523491253276758
2025-10-28,-0.0017651999444431555,-0.0032207112833674443,-0.0031849617256957258,-0.0021825725946652786
2025-10-29,0.004072890025481312,0.005874624134637695,0.00543586069492226,0.007854253986613663
2025-10-30,-0.005908998563021291,-0.004529410367964511,-0.004397846264411127,-0.007585739594572824
2025-10-31,-0.004667928322321694,-0.00287742289723471,-0.0028266512437691233,-0.0037431217627355916
2025-11-03,-0.00046163101427446274,-0.004075388017933878,-0.004056396204173476,-0.0027478827377933317
2025-11-04,-0.006940441257256804,-0.008870719508211833,-0.009222864297049042,-0.00799984413459518
2025-11-06,-0.005313094707104001,-0.007431285884313334,-0.008167475411245973,-0.007545431795779673
2025-11-07,0.0009472531964271644,0.001213682179354495,0.0015297879007589918,0.00011688687818014375
2025-11-10,0.004111320727413973,0.003963508416660974,0.003539481411038871,0.00323743393575292
2025-11-11,0.0028967505484590672,0.006066000338256796,0.006290901643567502,0.005663828574568906
2025-11-12,0.007294951615051682,0.004373889476888588,0.004017652661317275,0.006083257511872087
2025-11-13,0.0006249567254772377,0.0005649716381560488,0.0008389720042625526,-0.0003901453899831401
2025-11-14,0.0009932342672970519,0.0008850674989413676,0.0012331347805812774,0.0008237728537214167
2025-11-17,0.003745741878607769,0.0038810688541297393,0.0037525730288555962,0.0037972611731195557
2025-11-18,-0.005025003301883737,-0.004340582268825347,-0.0042499438210058214,-0.0020634829689413405
2025-11-19,0.005545475193453953,0.002929755381089252,0.0021141069021354277,0.0022026627855789675
2025-11-20,0.0033554930922774836,0.0040405839028201706,0.004123695458949554,0.003691987399736724
2025-11-21,-0.0053867905959678174,-0.0028027844160023563,-0.003653227653439234,-0.0019054424976698535
2025-11-24,-0.0047011060371687785,-0.0038326907095654534,-0.004663042239676229,-0.00547564675346171
2025-11-25,-0.0013850325619660822,-0.0031032124613036925,-0.002445296047888546,-0.0021803973454682744
2025-11-26,0.012558354399268716,0.010437753094039309,0.010778586163599627,0.007857386106274952
2025-11-27,-0.0013419970385141898,-0.0013329172137698869,-0.0014077245573894245,-0.003985210409705907
2025-11-28,0.000812722763563365,-0.0006794044386056393,-0.0007483045270205765,-0.0017014661701714026
2025-12-01,0.0009651567349639999,0.0009184715366566598,0.0006619736908846333,0.0011925465872313513
2025-12-02,-0.0023191153303948444,-0.0005425324319872564,-4.0045286922949755e-05,-0.0003931731970919309
2025-12-03,-0.00395332024584885,-0.006720838012193316,-0.006736623090410666,-0.005816572994774791
2025-12-04,0.003612898168431496,0.002691325756067892,0.0026484561508863997,0.002943494189315922
2025-12-05,0.004985887783189798,0.004425825898544426,0.004154723737576219,0.0017725931819878825
2025-12-08,-0.010244978431279323,-0.009344322595162203,-0.009174655443961715,-0.007858301399597034
2025-12-09,-0.005382023977847541,-0.004528660364505839,-0.0050793226509166555,-0.004410009945877085
2025-12-10,-0.000371959732354273,-0.0006210202685956211,-0.0007192800553075302,-0.0013879007280734519
2025-12-11,0.005336004081151379,0.003225239871011301,0.0032033856199564117,0.004761265116007973
2025-12-12,0.0065651703273261735,0.004684829916883703,0.004127598041788319,0.004593173961912885
2025-12-15,-0.0015204706957265214,-0.0022151632445378527,-0.00205862650904407,-0.002551401460655705
2025-12-16,-0.0072613868347856355,-0.0026467508745595214,-0.0022453053250065962,-0.002509935686771224
2025-12-17,-0.00013575074465218602,6.648664166192613e-05,-0.00011413914456213666,-0.0010138385296830606
2025-12-18,-0.0005882681401607707,-0.0029984049116024095,-0.003101762215706869,-0.002622125626663351
2025-12-19,0.005261149964559495,0.005702632604800381,0.005786467392027582,0.004298838142350994
2025-12-22,0.008153883516937632,0.007437191761323435,0.007219601293900452,0.007716253021490129
2025-12-23,0.0008704647288189152,0.0032794332969768667,0.003208291094262834,0.004371848112371896
2025-12-24,-0.0012738446621883806,0.0010164660672220883,0.0008425706229807193,0.0002317004464883062
2025-12-26,-0.0026006069255051943,-0.0033297851838189597,-0.003484495966931662,-0.002279370225634228
2025-12-29,-0.003400368303922311,-0.0034304723059592496,-0.0031491211239026364,-0.002712101006577755
2025-12-30,0.000942534383124911,0.0005966588896940646,0.0003938003591350816,0.0007928262956732369
2025-12-31,0.00849615063904949,0.00683183057926382,0.0068441669742750864,0.007085998175674632
2026-01-01,0.0017124661183732797,-0.0052417015340764615,-0.005480281333180435,-0.008293439639063857
2026-01-02,0.007770212981723713,0.010209388936667646,0.009368287544218635,0.00752081141197233
2026-01-05,0.0009959297416482988,0.0017905836165817452,0.0009660556889501512,0.0029777009708995984
2026-01-06,0.0033475000443703626,0.006103002984941222,0.0062683774316795345,0.009127965388433263
2026-01-07,-0.0006492177611881634,-0.00010873794945399657,0.000622932147909162,0.002166350336869627
2026-01-08,-0.012559201792574711,-0.007594510601739517,-0.00846913228250008,-0.009044919706558206
2026-01-09,-0.006113678829048247,-0.009973206673389537,-0.009245470697348265,-0.0101198588980793
2026-01-12,0.006274362330184739,0.007868528065581129,0.007615350744854716,0.008622085044128263
2026-01-13,-0.0014311919861895502,-0.001061757403905477,-0.00048712929788417077,0.0002343757007322315
2026-01-14,-0.0007600999759282666,-0.005388176906161854,-0.006788006711228249,-0.0038777977066904454
2026-01-16,0.00040589500281140646,-0.0007331418633017939,0.000935866023027893,0.0011384185414090677
2026-01-19,-0.0024370521768964167,0.000509553337534508,-1.7865458473976387e-05,-0.0029863114812941505
2026-01-20,-0.01784507462090466,-0.016992683662234238,-0.017354525498705385,-0.016649593425299758
2026-01-21,-0.0013879190250623813,-0.004056394720479849,-0.0037713255668937254,-0.004474276355682502
2026-01-22,0.009950957921975954,0.00732891920710008,0.006945329049118539,0.007746925553785417
2026-01-23,-0.008578224629149183,-0.003939460599394843,-0.00343437788733555,-0.00407082812892457
2026-01-27,0.006861223023670853,0.0009046951586002474,0.0008530363563835437,0.0054661079709770475
2026-01-28,0.0088135865799611,0.004369386953249527,0.004310146686286644,0.006989581155803139
2026-01-29,0.003093200834978915,-0.0009561858855054286,-0.0016874581669051876,0.0006563734172579101
2026-01-30,-0.0042296544667227,-0.0017750817843175909,-0.002225627605976562,0.00018459148267436273
2026-02-02,-0.011356112915959154,-0.013171845496622895,-0.012360281761693665,-0.012247087788815489
2026-02-03,0.023317810273871475,0.021034926899072055,0.020282273771340877,0.01930538884632607
2026-02-04,0.0012472944868733976,0.0030486341531535768,0.0010852780851501812,0.004947338807727366
2026-02-05,-0.0033199939429126592,-0.0067618638114673845,-0.006989583354260626,-0.006756024894770352
2026-02-06,0.001827595441562981,0.010606563651121335,0.010688216815623021,0.011779205806952188
2026-02-09,0.00791010892684336,0.0073782279862324865,0.006968378288117917,0.004610309428715156
2026-02-10,0.003884214090604523,0.00021285178862718484,9.1252235040105e-05,0.00242368380804102
2026-02-11,0.002369705987653809,0.0028916093598596523,0.002563775928274011,0.002848605485670555
2026-02-12,-0.005857735415160176,-0.0028530966545781767,-0.004467745397617927,-0.0023558072069202016
2026-02-13,-0.012782863804340122,-0.01230681216075848,-0.012471931192247637,-0.012697598531127282
2026-02-16,0.007506914902551317,0.00560716997870999,0.005564637928458179,0.006675897265732233
2026-02-17,0.0031681796771310293,0.004603300782469925,0.005149851524151859,0.004182479056324558
2026-02-18,0.003605054480476301,0.0032270787533164036,0.0025312077539436143,0.0033190460731098363
2026-02-19,-0.013165768371793733,-0.012699265315200513,-0.012820732345120312,-0.014671557760490134
2026-02-20,0.006800871312572376,0.004059242364068735,0.003291699968233989,0.006576024000074478
2026-02-23,0.005005035409297411,0.006558292147354919,0.00652416295699815,0.007921789968733512
2026-02-24,-0.0074007448032029684,-0.010016195611797911,-0.01140706902128294,-0.0072077876627257955
2026-02-25,0.0062954429518927435,0.0017371130505658317,0.001695901030126212,0.0017841468206567872
2026-02-26,0.00154241564566121,0.0019750219333389365,0.0021558815669404886,0.0013071354200307511
2026-02-27,-0.012549975444514928,-0.01403841195118247,-0.01374126310631563,-0.013559974488707608
2026-03-02,-0.00989159395975297,-0.007402167553778236,-0.0067460796853581724,-0.008125522064521697
2026-03-04,-0.01719364584575924,-0.011457807462872362,-0.01155694333958353,-0.015348361489519808
2026-03-05,0.013282219916433049,0.003926281999595644,0.003789588743767621,0.005627326347850525
2026-03-06,-0.007877044628838498,-0.009035929024143352,-0.008495727844670408,-0.00797758708707633
2026-03-09,-0.01778600515325098,-0.014230334305126728,-0.012988667344640513,-0.013256430820480978
2026-03-10,0.010699802627808185,0.008403376197844257,0.007537657525329462,0.008234071978699622
2026-03-11,-0.013569043672948878,-0.01117910705184642,-0.010141153007490836,-0.01306512391230569
2026-03-12,-0.007763009516528254,-0.009182976885824552,-0.008195590416582394,-0.010364515943949312
2026-03-13,-0.022098852622107437,-0.01405021993725743,-0.013494716845508653,-0.014571719321699102
2026-03-16,0.007215743448474937,0.006591211543097104,0.005569282625147326,0.00966295864363076
2026-03-17,0.005229806313825005,0.001409594251373711,0.000993822653797842,3.366673985905153e-05
2026-03-18,0.00793933915276046,0.005231174238809243,0.004568563055005447,0.005958607710329621
2026-03-19,-0.028661122900622546,-0.025661715711309135,-0.024767370486401954,-0.029964558169781122
2026-03-20,0.009142376799280722,0.005119542550534683,0.0048155529289843485,0.004417012459870983
2026-03-23,-0.024969129919286355,-0.02614559970961968,-0.0259469191550794,-0.02261231186523946
2026-03-24,0.015562366210309521,0.018119498215989592,0.017468047924627562,0.01708800275474428
2026-03-25,0.01671617560221387,0.015726644907730146,0.01578495630103433,0.01888190243004268
2026-03-27,-0.013525217749235706,-0.0069112154550177805,-0.005631777499484761,-0.01190997462452019
2026-03-30,-0.01681061365216386,-0.018121483691458717,-0.017415176550797704,-0.018462425463667657
2026-04-01,0.01234445069179587,0.0010732857950354901,0.0017531409688459336,0.0006527370561967012
2026-04-02,0.0013354862701370112,-0.0001729344795825987,0.00044811320756170934,0.00027574374092167916
2026-04-06,0.010911125764092483,0.0021687260522614054,0.0030720060284896143,0.00022993386777397148
2026-04-07,0.007962154908522397,0.010841734853708738,0.01309138255955243,0.011716461461295931
2026-04-08,0.028880564975692538,0.005410741791419131,0.0023403781527205902,0.013442933751821724
2026-04-09,-0.001088429081772132,0.002512681745575257,0.002275721759032819,-0.000588423543976549
2026-04-10,0.008604639106975733,-0.002783234842787783,-0.006531098992818997,-0.0011436980047338599
2026-04-13,-0.009360368923021074,-0.009018333532338819,-0.008363368792225663,-0.0053976536080475365
2026-04-15,0.016817210119600814,0.016768539633938807,0.016349617893570954,0.012482325011659953
2026-04-16,0.00013239168709176167,-0.001876138018728041,-0.0013353928942086023,-0.0021211035713660977
2026-04-17,0.007258958352456131,0.008755720412009133,0.005421187601770272,0.005678990480543333
2026-04-20,0.00036032410987861215,-0.0023582458450276678,-0.0022193191112677485,-0.0022130521988942197
2026-04-21,0.007842373920079913,0.00919747179213436,0.005230327810397939,0.005690018220249756
2026-04-22,-0.007136854641147092,-0.004565641042088706,-0.005204041070067197,-0.01147414428204353
2026-04-23,-0.0027084518199856815,0.004398541673754191,0.004437521048842782,0.003212227042766064
2026-04-24,-0.01049648924177847,-0.016246442178242858,-0.016520077757461202,-0.01911538425504829
2026-04-27,0.01043952292479727,0.015525712345210451,0.01617633163545917,0.015795332260218824
2026-04-28,-0.0019946274772708076,0.007911073809652893,0.008888053216397648,0.0035121234896612727
2026-04-29,0.0076346709886179285,0.01573954672204188,0.016745096885684062,0.011974402238779857
2026-04-30,-0.005473703607298276,-0.0003651520603121625,0.0009866392937538711,-0.001038938218768693
2026-05-04,0.004487329693497142,-0.0032809562804083257,-0.003717813132003303,-0.0038805447105559354
2026-05-05,-0.0014799146149917985,-0.004552855700519066,-0.005301870966026911,-0.004113771360371765
2026-05-06,0.00910146112775435,-0.0022758978363277152,-0.0005907501441132822,-0.004977921451957039
2026-05-07,1.7403363442639952e-05,-0.0008477142855485235,-0.0002066165296072081,-0.001827291381388214
2026-05-08,-0.0017544420691155392,-0.0011096996209316121,-0.0023197885165927583,-0.0009238483115532521
2026-05-11,-0.011205731288545432,-0.009607310967558345,-0.010563548446323574,-0.008521138490286519
2026-05-12,-0.017397651088839276,-0.0074050707771054596,-0.0055594377044906,-0.009972236159135676
2026-05-13,0.0030982317764221036,-0.0005982281655266974,0.0002444694617605607,-0.0012250448662825323
2026-05-14,0.009491919534974844,0.010502464779722023,0.013860888839910705,0.004636258259850259
2026-05-15,-0.0005013345851324034,0.003934455809120477,0.003093297366501222,0.0037961663635309372
2026-05-18,-0.0003884901761954827,-0.0016221324040208438,-0.0033312977116580988,-4.171378326517242e-05
2026-05-19,-0.0010066178798651695,0.00019795509323764946,-0.0022168498159956277,0.0025036252486198406
2026-05-20,0.0015208602154646608,0.0032807435206843837,0.0029366981967678682,0.002682654399343268
2026-05-21,0.0020766802483071765,-0.000711114732584058,-0.0007242921657640519,-0.002726750284575532
2026-05-22,0.0009409734296118226,-0.0029141263173824033,-0.002833938508663262,-0.0035797115403277315
2026-05-25,0.010479216162795332,0.004505060068078151,0.005216679147609238,0.003338437261440133
2026-05-26,-0.003252407329136958,-0.005516719159180771,-0.00510782668852019,-0.004740273930678568
2026-05-27,0.002900215432538315,-0.0017406401294555295,-0.0007666786662692362,-0.0013054128731108602
2026-05-29,-0.013817872971923002,-0.015731256417599655,-0.01673422963493756,-0.014090880973379266
2026-06-01,-0.005336596633820542,-0.0031789632895155634,-0.001294558964062317,-0.0016222032080196462
2026-06-02,0.004605790691657141,0.000746802411950804,0.0016213550023934386,0.0034367035722065852
2026-06-03,-0.00666862063583198,-0.00312582268181539,-0.004511772226347215,-0.005470993781527587
2026-06-04,0.00023685043921323036,0.00025811851276763835,0.0002819874112229817,-0.0012367245894325434
2026-06-05,-0.0024973676165794493,-0.004354121903535151,-0.00505599570604929,-0.001804904153019234
2026-06-08,-0.009080096567282082,-0.007953323083858963,-0.007676239696074558,-0.005151048127499592
2026-06-09,0.0035757909126715873,-0.0007471039766811844,-0.0007687549970054075,-0.0006570669444658855
2026-06-10,-0.003276950621379157,-0.00482183711494194,-0.005630361284559652,-0.004674368351028775
2026-06-11,-0.0037626733572667342,-0.0035774266490945397,-0.003803360139324154,-0.00392918983119157
2026-06-12,0.012210506150410775,-0.001141293900451622,-0.0018332957763998476,0.0017637297607943471
2026-06-15,0.007493599592080558,-0.0011445411373016516,-0.0009854626264622292,0.001204996774066131
2026-06-16,0.004412981197174029,0.0093392603395948,0.008638363450467812,0.01096579178815561
2026-06-17,0.0035884737298630845,0.003937922094899694,0.004480031640269673,0.0021867097108022454
2026-06-18,0.0016634415933445056,-0.0002789534394628606,-0.0008451427680765438,-0.001483075984076151
2026-06-19,-0.00456386777704027,-0.0036504185367655945,-0.0044080728823149415,-0.007545755195190558
2026-06-22,0.0030969159387049658,0.0004095213588808646,0.0009365350421710536,0.001777751662322732
2026-06-23,-0.010225774664679263,-0.00914479818293538,-0.009842951933718638,-0.00786452622201414
2026-06-24,0.0034599882221676755,0.0017655973396593254,0.002504231017572833,0.004596883993865227
2026-06-25,-0.0014671280647173544,-0.005040911366379471,-0.0057623894218833405,-0.005579411598249099
2026-06-29,-0.003453354595716728,0.0025213989211578655,0.002617087119139078,0.0021234909468230844
2026-06-30,-0.0034978548428239945,-0.007352788156973183,-0.007597665746315674,-0.009698691738194909
2026-07-01,0.003680902822598554,0.0011237937336001846,0.003133782607944039,0.0013397620236181478
2026-07-02,0.01022769648658941,0.007756799925405764,0.006715597327405535,0.007609909398887233
2026-07-03,0.0062133925402724464,0.007019105303283065,0.005870914122067872,0.007427290867463354
2026-07-06,0.003370728976882631,0.0013533796746725544,0.0020793672742714393,-0.00022508695634646707
2026-07-07,0.0010152994440166155,-0.0006730630197087661,-0.000916114146990059,-0.00021399588910651766
2026-07-08,-0.01671379368569191,-0.011131495167178547,-0.012172423103613233,-0.011762685727072106
2026-07-09,0.0006748112816632003,-0.004612205732468634,-0.0032818140107918805,-0.00469816325287471
2026-07-10,0.008309002050253585,0.004579973985364293,0.005081026842364695,0.00474456701274637
2026-07-13,0.002223608706481423,0.003956271130254696,0.002448351293736158,0.00608645299871113
2026-07-14,-0.005288488583394044,-0.0008225137599901896,-0.0017773009333572993,-0.0026091941419930436
2026-07-15,-0.001202898654243679,-0.0031272463750519706,-0.002571273140485452,-0.003597677217651904
2026-07-16,0.0015249551390710437,-0.0005738028530078839,-0.0004160198357214529,-0.0004076468492694405
2026-07-17,0.008762584605894928,0.008214038609915614,0.008107119815001194,0.009715787694278208
2026-07-20,0.0020468484407269397,0.005138739607782949,0.004354239730010835,0.003272094473889264
2026-07-21,0.0012674284412531958,-0.00010328905011808948,0.0005157371909153118,0.0005720537010873389
2026-07-22,-0.003723624417802979,-0.0004095338390417058,-0.00022335418270837798,8.95737124687535e-05
2026-07-23,-0.0035773893795856397,-0.006298111786482659,-0.006633970958916489,-0.005363880840407858
2026-07-24,-0.0036471881920473494,-0.004372397040185928,-0.004187662683220416,-0.0032068809002863807
2026-07-27,0.008800503454886564,0.00019226404805069985,0.0006112052451756915,-0.00034637082383371254
2026-07-28,0.0018613008178056242,-0.001376357898766559,-0.0014470864356501655,-0.0017023884363943538
2026-07-29,0.008550799131881687,0.003632315012140715,0.00396979484931133,0.004611032718296397
2026-07-30,0.003456229100370446,0.007716782989410264,0.007415463512595397,0.006750542477797407
2026-07-31,0.004176318274733351,-0.0010952495994472327,-0.00046989600262861437,-0.0006958304238473662
2026-08-03,0.015812977857932644,0.011228658118016304,0.011218805089759656,0.013817255921763921
2026-08-04,-0.005016583010241831,-0.003579478324698096,-0.0032004785992477297,-0.004753893736426903
2026-08-05,0.0014186623449553863,-0.00017704703957004803,0.00030313248604197306,0.0005473595027095591
2026-08-06,-0.0032127373594228762,-0.004929822305206234,-0.004746592299801148,-0.006449228750569889
2026-08-07,0.0006639198658829506,0.0008990368005855266,0.001133488427704137,0.00030726651655736854
2026-08-10,0.00036906232152780414,-0.001832460397608044,-0.0017096708458236621,-0.00017765555231740642
2026-08-11,-0.004227242927946923,-0.004168337343582515,-0.004409195516169842,-0.002805558197341348
2026-08-12,-0.002164245077208154,-0.0013896137535074132,-0.001201748012674718,-0.0023771001496732426
2026-08-13,-0.000630294830425208,-0.0011770927885649315,-0.0012681921296532873,-0.0015271455095750151
2026-08-14,-0.0022963701626028737,-0.0013481242017758847,-0.0017191961671149968,4.651411690870591e-05
2026-08-17,-0.004237655498949099,-0.004539547085953049,-0.004383529908996937,-0.003179136575161767
2026-08-18,-0.005506730585376159,-0.002384027750843424,-0.002726303993204034,-0.0023746617472961136
2026-08-19,-0.0022180769911751344,-0.003976254518787721,-0.0036612689636752503,-0.004376838142437638
2026-08-20,0.005332477737811551,0.005229152317917559,0.0050029947636551116,0.0061410701804868045
2026-08-21,0.0003984026461287726,0.001824534392732333,0.001644080349481478,0.0027578478048542543
2026-08-24,0.0006383764842928532,0.0005371679180169744,0.0007244865832854305,-0.0002899735041467857
2026-08-25,0.0031618216405427616,0.0030784153155569986,0.0029657040959728985,0.003469913255444967
2026-08-26,-0.005712859730323823,-0.0067591985843233286,-0.006431963287713852,-0.005202852678051312
2026-08-27,-0.0027542521608768023,2.0370563736359266e-05,-7.514650156967309e-05,0.0018205950591871347
2026-08-28,0.004874130745364523,0.0054549776507874575,0.005546189734968825,0.00585330574147391
2026-08-31,-0.0033032073302105202,0.003800030465689073,0.0030421344201798576,0.001827685217423139
