Setting,Replication,Model,Realised variance,Realised ES 95%,Mean return,Annualised volatility,Annualised return,Sharpe ratio,Maximum drawdown,Annualised ES 95%,Initial traded notional,Annualised net return,True portfolio variance,True covariance Frobenius error
gaussian,0,Equal weight,6.740980389222378e-06,0.005329478142533542,-0.00017742443083488052,0.04121561667722611,-0.0445295396264086,-1.0848062015069924,-0.0392277116342179,0.08460284269738919,1.0000000000000002,-0.04834657922879415,8.180831315967687e-06,
gaussian,0,Original TV-MVP,7.167828550023935e-06,0.005147305330297121,-0.0004078891170322981,0.042500503462971254,-0.09850308532441954,-2.418513879057778,-0.048307380880969863,0.08171093895650018,1.0,-0.10210239892867479,9.310616506718393e-06,0.000437552897104665
gaussian,0,Dynamic SigmaF TV-MVP,7.224719175250832e-06,0.005158888944994368,-0.0004060734871147134,0.04266883209279591,-0.09809670716509067,-2.3982498168771063,-0.04834200564208224,0.08189482313913284,1.0000000000000004,-0.10169767017658526,9.38857651852563e-06,0.0004800059827245685
gaussian,0,Dynamic-factor CVaR,7.969265222956493e-06,0.005574849786729473,-0.000285026195106021,0.044813556388497405,-0.07023733352138462,-1.60278734729372,-0.04959809993148134,0.08849799679336594,1.0000000000000007,-0.07394800978755289,1.1608292899194427e-05,0.0004808114622245747
gaussian,1,Equal weight,9.32738042636309e-06,0.007203751702972265,-0.0010243539125106874,0.04848195403903909,-0.22850788765288144,-5.324397315851453,-0.07142204403215657,0.11435601307633589,1.0000000000000002,-0.23159413197270895,1.0932459820167636e-05,
gaussian,1,Original TV-MVP,8.221134193988613e-06,0.00663882432569373,-0.0008210468817183659,0.04551621487871251,-0.1878016044169304,-4.545716614273985,-0.060690399023373365,0.10538806898179011,1.0017100340448477,-0.19105668148474653,8.969163984438186e-06,0.0007124028985925507
gaussian,1,Dynamic SigmaF TV-MVP,8.254694744670677e-06,0.006654159451486338,-0.0008081487260049657,0.04560902405946668,-0.18515859404292034,-4.465201419081467,-0.06005856083646233,0.1056315065568169,1.0044835159467211,-0.1884332407403726,8.960231387781638e-06,0.0007536636201344402
gaussian,1,Dynamic-factor CVaR,1.0472589051131613e-05,0.007774343692653664,-0.0005699031600203573,0.051372097882850444,-0.1349415516965271,-2.795595318155642,-0.05071739706369727,0.12341388010503097,1.0000000000000009,-0.13839783813461148,9.708767807704763e-06,0.0007066657842679682
gaussian,2,Equal weight,8.134909278265238e-06,0.005246311903058068,-0.00041347017553388103,0.04527689408652984,-0.09987759825203957,-2.3012727868525893,-0.03898279320810938,0.0832826195746179,1.0000000000000002,-0.10347110757241429,8.28212550560848e-06,
gaussian,2,Original TV-MVP,1.3122326825770117e-05,0.007715300980093911,-0.00041763459938516526,0.05750501160850304,-0.10137903175392571,-1.8301695122082133,-0.049773960637559456,0.12247660610004832,1.0,-0.10496775125113389,1.2263085726194787e-05,0.0006062196636788792
gaussian,2,Dynamic SigmaF TV-MVP,1.3174688920403937e-05,0.007727031038100426,-0.00041359333623047865,0.05761962866889887,-0.10046886684335332,-1.808854432731498,-0.04974934576686041,0.12266281499814592,1.0,-0.10406112728586747,1.2248892188621016e-05,0.0006481598463559216
gaussian,2,Dynamic-factor CVaR,1.3642670202058754e-05,0.007800971933532751,-0.0004382274901800627,0.058634059137320574,-0.10609015936129274,-1.8834330958861587,-0.055837020474068355,0.12383659032433411,1.0,-0.10966226699116033,1.1960654652898511e-05,0.000600951679267746
gaussian,3,Equal weight,8.85747809070149e-06,0.005437997462399845,-0.00015672008324035995,0.047244941304406075,-0.03978215025161125,-0.835929940564611,-0.03749073458599106,0.08632553349426185,1.0000000000000002,-0.04362991723914145,7.492534904095512e-06,
gaussian,3,Original TV-MVP,1.0375882940425705e-05,0.006686124656067351,-0.00023204515464354957,0.051134357344033154,-0.058018692376850534,-1.1435633888336716,-0.038912167221670346,0.10613893844838888,1.0,-0.061800757400475526,9.693002238871821e-06,0.0005581976424769964
gaussian,3,Dynamic SigmaF TV-MVP,1.0380605608879775e-05,0.006694267497363115,-0.00023335475905135626,0.051145993131795804,-0.058330147875105154,-1.1497557419485198,-0.03899582108623423,0.10626820204659324,1.0000000000000002,-0.06211095829685054,9.719237653031929e-06,0.0006063566551988755
gaussian,3,Dynamic-factor CVaR,1.1040283457783471e-05,0.0074258952731296405,-0.00026426333860372014,0.052746103470886214,-0.06571449960607278,-1.2625456089831348,-0.03694846722980749,0.11788243292826656,1.0000000000000009,-0.06946262336518882,1.1575849471021972e-05,0.0006073997169153644
gaussian,4,Equal weight,9.481978060224308e-06,0.005725493133130822,5.787869675034122e-05,0.0488820874265464,0.013499617817776866,0.29837988410382565,-0.013698401297126295,0.09088938578083311,1.0000000000000002,0.009445936270343624,7.472952524565168e-06,
gaussian,4,Original TV-MVP,1.4046748894641737e-05,0.00718657729766767,4.4330471686030374e-05,0.05949605635207864,0.009474089764018423,0.18776503099250136,-0.019864169934613707,0.11408337784422756,1.0,0.005442567772965923,1.0785882988053166e-05,0.0005210184731112303
gaussian,4,Dynamic SigmaF TV-MVP,1.4040717292437069e-05,0.007185284697243095,4.40494621136056e-05,0.0594832813292453,0.009403363152260535,0.1866148639512092,-0.019858604700949245,0.11406285844861956,1.0,0.00537210321876147,1.0779671096949267e-05,0.0005256483183016206
gaussian,4,Dynamic-factor CVaR,1.0625426112626315e-05,0.006288335973150351,0.0004523461380467221,0.051745602522164445,0.1192381814140322,2.2029162137777325,-0.011724815775186803,0.09982423887226302,1.0,0.11476969130088377,9.753102919170009e-06,0.0005792373485387206
gaussian,5,Equal weight,8.929608965289333e-06,0.006146123540057497,0.0004313543730567034,0.04743692084498015,0.11356947694402852,2.291491523354055,-0.020687917023918034,0.0975666864844324,1.0000000000000002,0.10912139971868018,7.855681113266142e-06,
gaussian,5,Original TV-MVP,1.4094286971865515e-05,0.007953823007845848,0.0002331366773762971,0.05959664685961879,0.05865017018234586,0.9858011447727055,-0.03142493173168892,0.12626302590590316,1.0828079676325124,0.05407388242619948,1.0467267816555133e-05,0.0005223737993691344
gaussian,5,Dynamic SigmaF TV-MVP,1.3974845509786846e-05,0.007905870990663477,0.0002333793462298433,0.05934358489732724,0.05873062174759247,0.9910354312378138,-0.03145400008443855,0.12550181123193246,1.0801942409450511,0.054165033441192945,1.0373255456354008e-05,0.0005423556125860976
gaussian,5,Dynamic-factor CVaR,1.235962454501144e-05,0.007753396727315965,2.669441173294146e-05,0.05580882891929272,0.005205911816548392,0.12053633604155015,-0.027390211730379588,0.12308135733900073,1.0000000000000002,0.0011896065714995796,1.051938428104181e-05,0.0005480466100619971
gaussian,6,Equal weight,8.169681005332881e-06,0.0052739636246097385,5.308599697012238e-05,0.04537355632242073,0.012441208623651168,0.2948340910597842,-0.02160698122327165,0.08372157704590906,1.0000000000000002,0.008404639539834946,7.491276042580663e-06,
gaussian,6,Original TV-MVP,1.1249783595956466e-05,0.005885104115370247,0.00014725851108498482,0.05324420593999905,0.03635699338439147,0.6969611836306567,-0.02484566494775442,0.0934231315739547,1.0,0.03222316844414963,9.122861020823868e-06,0.0005881137512000974
gaussian,6,Dynamic SigmaF TV-MVP,1.1307624172084585e-05,0.005901622466803482,0.0001455954268389262,0.05338090755471769,0.03591538443146369,0.687325286214,-0.0250311023832811,0.09368535227372134,1.0,0.03178333469286576,9.162374408140116e-06,0.0006165982724462642
gaussian,6,Dynamic-factor CVaR,1.5156611422395954e-05,0.00651165774923148,0.00015752978403865876,0.0618018290865552,0.03854051146840698,0.6423354480681233,-0.03429145643548026,0.10336936216339855,1.0000000000000002,0.03439786000466527,1.0955267129680309e-05,0.000596105612331912
gaussian,7,Equal weight,1.1624134688143396e-05,0.0055586358466353895,0.0007414524155189587,0.05412284121710663,0.20362373618106444,3.4522579470887265,-0.01699176011836301,0.08824060847379728,1.0000000000000002,0.19883873590301304,1.0537006383548266e-05,
gaussian,7,Original TV-MVP,1.3874184795614286e-05,0.006353838273283964,0.000330194990098557,0.0591294729259005,0.0848874730963487,1.4072362459430658,-0.02658797943634339,0.10086405565100054,1.011406421178454,0.08050837604349459,1.1733041358264979e-05,0.0005593096053149954
gaussian,7,Dynamic SigmaF TV-MVP,1.3877255711338522e-05,0.006358595861651009,0.00033118213815245504,0.0591360164304065,0.08515688565335333,1.411287128422576,-0.026635532081028424,0.10093958002495823,1.0119437173313797,0.08077444991675797,1.173034725915654e-05,0.0005871163062997126
gaussian,7,Dynamic-factor CVaR,1.2275477189280215e-05,0.005935751004034668,0.00043432836769942776,0.055618524357435216,0.11394357269367084,1.9678830016572377,-0.021687614312125514,0.0942271260064661,0.9999999999999999,0.10949954016948271,1.1716074588888769e-05,0.0005751121098504795
gaussian,8,Equal weight,1.4658579293495901e-05,0.007771478857728291,-0.0009101806721453099,0.06077797283523832,-0.20649040617193615,-3.773826580271114,-0.06501671386391639,0.12336840226047224,1.0000000000000002,-0.20967132469371885,1.1870314394803045e-05,
gaussian,8,Original TV-MVP,1.7957053387834902e-05,0.008610484929045498,-0.0007308835204527641,0.06726943922565726,-0.17012459375460187,-2.737983983131636,-0.05973365294756161,0.13668721073954415,1.1322745351368435,-0.17387815395015738,1.532574513367191e-05,0.0008522594922107263
gaussian,8,Dynamic SigmaF TV-MVP,1.7507124589690666e-05,0.008511985121366097,-0.0007164210561799193,0.06642134744645013,-0.16704580746020958,-2.718073527534083,-0.058719769397354016,0.13512357476769984,1.1417794004847888,-0.17084410723057553,1.5001455708644847e-05,0.0008389314669894955
gaussian,8,Dynamic-factor CVaR,1.758127781814477e-05,0.008639035635754088,-0.0009876477979812706,0.06656186603583528,-0.2221275779175349,-3.7391867132644,-0.0713314643806584,0.1371404391577806,0.9999999999999997,-0.22524000171553626,1.5814283977371235e-05,0.0008893612282057996
gaussian,9,Equal weight,1.141320797235233e-05,0.006187892531796043,-0.00027237717000619063,0.0536295479100168,-0.06766601660465965,-1.279873680022945,-0.04445651917942317,0.09822974867235702,1.0000000000000002,-0.0713769082935074,1.334076792232853e-05,
gaussian,9,Original TV-MVP,1.1983342377064083e-05,0.005897314856021093,0.0008682340976880756,0.05495272767588657,0.24261223891322992,3.981512872442963,-0.010795555709231186,0.09361697107247097,1.1302144046077416,0.23700524377544063,1.0434732866560565e-05,0.0005471552184894823
gaussian,9,Dynamic SigmaF TV-MVP,1.1676374379845514e-05,0.00579732085489772,0.0008213689978341268,0.05424432084302531,0.22808211663413092,3.815790929582888,-0.010763181252564591,0.09202961551504642,1.126340357249046,0.2225591684674071,1.0269471035153202e-05,0.0006004823076312908
gaussian,9,Dynamic-factor CVaR,1.1433548850075914e-05,0.006061732812352824,0.0006017666319184178,0.0536773165333284,0.16204647187795884,2.825126161984725,-0.012743695297445234,0.0962270252136344,1.0000000000000009,0.15741642092222152,1.0714667323705747e-05,0.0005679083356904973
gaussian,10,Equal weight,9.875951016169316e-06,0.005546473968447425,4.299192444146785e-06,0.04988726947904313,-0.00014123187831405204,0.021716893051845786,-0.02797322406599856,0.08804754464283239,1.0000000000000002,-0.004145678695007704,8.32871946821942e-06,
gaussian,10,Original TV-MVP,1.0530136685529063e-05,0.006487516675814437,-0.0002608695614839412,0.051513051207954325,-0.064855470894298,-1.27616454378851,-0.03691034988459696,0.10298613450353665,1.0,-0.06859285264884996,8.320280669937829e-06,0.000405816096224531
gaussian,10,Dynamic SigmaF TV-MVP,1.0508994164274053e-05,0.006480161809908435,-0.0002589944587659197,0.051461310995708824,-0.06441091502337881,-1.268265466739744,-0.03689933856466987,0.1028693796268556,1.0,-0.06815014796141439,8.312044747603644e-06,0.0003810924170821246
gaussian,10,Dynamic-factor CVaR,1.3211181162908801e-05,0.006407046194898442,-0.00020190833897134472,0.05769937307331006,-0.05116879309772682,-0.8818276301916147,-0.03108025845298623,0.10170870522122369,0.9999999999999999,-0.05496352451793152,1.0819542609074372e-05,0.00041669897446032294
gaussian,11,Equal weight,1.3134193181180015e-05,0.006151283589015879,-2.2231222289955033e-05,0.05753100626320874,-0.007203930949992388,-0.0973782379442116,-0.028729458279942666,0.09764859972221318,1.0000000000000002,-0.011186735618595622,1.349370731559731e-05,
gaussian,11,Original TV-MVP,1.363468770549243e-05,0.005817068399337254,1.476572576706392e-05,0.05861690286755257,0.0020337292183840727,0.06347935000434576,-0.02557348900117462,0.09234309806459365,1.0,-0.001989586313558056,1.57828372598324e-05,0.0006086802822388796
gaussian,11,Dynamic SigmaF TV-MVP,1.3800604337328161e-05,0.005857816141573527,1.5471809970826187e-05,0.058972470636786935,0.002191430540099182,0.06611383363369,-0.025713762904591153,0.09298994841926089,0.9999999999999999,-0.0018328682051180767,1.5968521896964725e-05,0.0006212092916728246
gaussian,11,Dynamic-factor CVaR,1.2086235457922309e-05,0.006405163940896042,-0.00019923542259206903,0.05518814488091099,-0.05039678996019559,-0.9097483997975007,-0.03020413310307124,0.10167882536525606,1.0000000000000004,-0.05420426774819764,1.537445658063162e-05,0.0006281098568802808
gaussian,12,Equal weight,7.073804927686416e-06,0.006612078960275729,2.1623646438072884e-05,0.04222083421460283,0.004581401732685064,0.12906326944410962,-0.024847673436028783,0.10496349946807264,1.0000000000000002,0.0005757931644401193,8.117281415958511e-06,
gaussian,12,Original TV-MVP,8.560781243909775e-06,0.006124781654631245,0.00026365817005820016,0.04644692533920048,0.0675561574901451,1.4304899273621146,-0.024268770627972502,0.09722789455634982,1.0279395398606634,0.06316429937094847,9.6387782046137e-06,0.000745166032256097
gaussian,12,Dynamic SigmaF TV-MVP,8.548388578947692e-06,0.006125317423542238,0.00026423079987765484,0.04641329466752838,0.06771181056886211,1.434635529456476,-0.024232509634117938,0.09723639962414193,1.0275662290714733,0.06332092645777876,9.629949030024279e-06,0.0008913628604037376
gaussian,12,Dynamic-factor CVaR,1.0686916606337923e-05,0.007427981406246781,-0.00030922710499923763,0.05189511523059909,-0.07620406791359513,-1.5015908551998085,-0.03590678433393346,0.11791554926484495,1.0000000000000027,-0.07989768295311139,1.0423376025041552e-05,0.000681318588439416
gaussian,13,Equal weight,2.247418077616588e-05,0.009835437280926437,-0.0009829015332728113,0.07525618616162928,-0.2216709379214662,-3.291306655545591,-0.07909720367819373,0.15613272648542806,1.0000000000000002,-0.22478115529816056,2.137982477010284e-05,
gaussian,13,Original TV-MVP,1.2478757529966672e-05,0.006943031624694275,-0.0007679273904261878,0.05607715129668769,-0.17728131336604414,-3.4509189199635726,-0.05379095572518178,0.11021721014278676,1.2046292593504542,-0.181230947654048,1.5698510858500397e-05,0.0006811049075643191
gaussian,13,Dynamic SigmaF TV-MVP,1.2870589997662775e-05,0.007041653241780443,-0.0007533538153649636,0.056950756618424477,-0.17429202173941494,-3.3334967390152794,-0.05291156695143662,0.11178277977901699,1.227043185785286,-0.17832945155810864,1.6213068958906475e-05,0.0009425858262437092
gaussian,13,Dynamic-factor CVaR,1.1358774182367802e-05,0.007181352091988457,-0.0010141478047201327,0.053501505529813705,-0.22671388777413692,-4.77678607842278,-0.068578079830651,0.11400043027556941,1.0,-0.22979786850870576,1.404418724365529e-05,0.0006623095275575072
gaussian,14,Equal weight,1.812548397390332e-05,0.007401303505287866,-0.00040623912916360236,0.06758418425507286,-0.09935139315960517,-1.5147369414545204,-0.0532071840966577,0.11749205071621394,1.0000000000000002,-0.10293591985333206,1.755373375582292e-05,
gaussian,14,Original TV-MVP,1.3840674928490637e-05,0.006164156686507646,0.0005076355876958011,0.0590580230111002,0.13448374650911177,2.1660760312836413,-0.01939786846989866,0.09785295380961101,1.0524062153167548,0.12973542517065906,1.2787067349547666e-05,0.0006422416547726816
gaussian,14,Dynamic SigmaF TV-MVP,1.3896098700895302e-05,0.006177937228089949,0.0005075182224999285,0.05917615121504284,0.13444242775864224,2.16125228565846,-0.01938428613499188,0.09807171312536236,1.0514618775880458,0.12969840291439838,1.2821582035012883e-05,0.0006355931700065696
gaussian,14,Dynamic-factor CVaR,1.444128403956154e-05,0.006255862289459538,0.0001235309549648535,0.06032581187161519,0.029773156219310426,0.5160278773768222,-0.02833647473952261,0.09930873512506262,1.0,0.025679144243293317,1.3366431697063222e-05,0.0006803373098510113
gaussian,15,Equal weight,1.2143890740767924e-05,0.006286267549373848,9.31408074643809e-05,0.05531962099177395,0.022208393212345134,0.4242885808005483,-0.021331424183746006,0.09979140366275191,1.0000000000000002,0.018104099279261376,1.0571234876943704e-05,
gaussian,15,Original TV-MVP,9.079796006661995e-06,0.005838065055333932,-0.00013138670017256822,0.04783417809139008,-0.03365812829141934,-0.6921713670971748,-0.02404819754737597,0.09267640964538074,1.0000000000000002,-0.037540366112890466,8.671032853128169e-06,0.0004979112111114017
gaussian,15,Dynamic SigmaF TV-MVP,9.047443528626046e-06,0.00582194613055683,-0.00013029879727501838,0.04774888238706498,-0.033389253578049005,-0.6876662923151394,-0.023996277275668332,0.09242052964720893,1.0,-0.03727266627944337,8.652503285724061e-06,0.00047191019397074065
gaussian,15,Dynamic-factor CVaR,9.83714149812214e-06,0.006756530482851689,-0.00027650657874579303,0.04978915200650418,-0.06845379879614477,-1.399494770162731,-0.02596588434082603,0.10725659629951638,0.9999999999999989,-0.07220294295557117,1.0099203200908962e-05,0.0004974819442448305
gaussian,16,Equal weight,7.954098139861867e-06,0.005624182126563782,5.3043253598382427e-05,0.044770891561875234,0.012457654385766403,0.29856228992712286,-0.02250354630025664,0.08928112341013299,1.0000000000000002,0.00841528757962906,8.56266953580368e-06,
gaussian,16,Original TV-MVP,1.0559595016074823e-05,0.005901228225131998,0.00032063544184375456,0.051585055433243994,0.08272357795837082,1.5663476692234881,-0.025338700314142426,0.0936790938812061,1.0156425944854321,0.07833065096795444,1.0899861362337251e-05,0.0006264519455175433
gaussian,16,Dynamic SigmaF TV-MVP,1.0622987014546521e-05,0.005918418667474841,0.0003279890567068081,0.051739663003016585,0.08472268203183786,1.5974831974707044,-0.025443533483044734,0.09395198369340425,1.0161726357840153,0.08031952230432404,1.0965653179467657e-05,0.0006118572254121598
gaussian,16,Dynamic-factor CVaR,9.87798107576812e-06,0.005078371164691519,0.00021425538916986466,0.049892396525859195,0.05417980184355575,1.0821760795319122,-0.026106220420095583,0.08061664300233119,0.9999999999999998,0.04996212915547571,1.0682651733046556e-05,0.0006487792464552515
gaussian,17,Equal weight,1.2015488175321601e-05,0.0066205621449789715,0.00026834117946039946,0.055026384763866176,0.06835843232381733,1.2289009629508783,-0.01913377420419382,0.10509816585037628,1.0000000000000002,0.06410082567563324,1.0259619739364251e-05,
gaussian,17,Original TV-MVP,1.1487589247439593e-05,0.006898320223927383,0.00016196990004962368,0.05380401927695344,0.04017422402583537,0.7586127460553599,-0.02062417240803871,0.10950743865959553,1.009762741338991,0.035980169993026,9.57665483822468e-06,0.0005519170340374635
gaussian,17,Dynamic SigmaF TV-MVP,1.1636844207073042e-05,0.006952927590969694,0.00014957343941564597,0.05415242136952333,0.036911279795200036,0.696044715628467,-0.021156522515755283,0.11037430373727142,1.0029770193097336,0.03275898189877613,9.675787025832002e-06,0.0005356476027945431
gaussian,17,Dynamic-factor CVaR,1.2856424147410802e-05,0.007181464044419404,-9.797739269083027e-06,0.056919406928986206,-0.004055817100874992,-0.0433776532297558,-0.022823151510567907,0.11400220746531514,0.999999999999997,-0.008039794663069366,1.1496316852215216e-05,0.0006116496132383259
gaussian,18,Equal weight,8.99091505213248e-06,0.006701656955733561,-0.0002818248875246285,0.047599481017521456,-0.06960490854690116,-1.4920303780216395,-0.039463924118109506,0.10638550606162323,1.0000000000000002,-0.07329980728005159,9.881819140399387e-06,
gaussian,18,Original TV-MVP,7.430382128655111e-06,0.005180994791310092,0.00018150445798904242,0.04327188806166294,0.04583314344384015,1.057017048760616,-0.024794517947186234,0.08224574257036495,0.9999999999999999,0.04167971532075665,8.922105485271095e-06,0.0006531662376824907
gaussian,18,Dynamic SigmaF TV-MVP,7.120712301521235e-06,0.005330407790386995,0.00010773837446696308,0.04236058899476436,0.026613665529197528,0.6409275935476337,-0.02607697019853117,0.0846176003995518,1.0,0.02253678550627325,8.529777425453023e-06,0.0007113419908940506
gaussian,18,Dynamic-factor CVaR,7.822220549727685e-06,0.005260075818547368,0.00023158009688413592,0.04439819341517599,0.05906009146092206,1.3144270053757305,-0.026522415420593415,0.08350111495932509,1.0,0.05484796171413908,9.802305709822554e-06,0.0006915759348708898
gaussian,19,Equal weight,1.0213872466903533e-05,0.005529637231951814,-0.0004504016157203973,0.05073357726062386,-0.10844966975441184,-2.237200948367433,-0.04434979153315599,0.08778026973688852,1.0000000000000002,-0.1120235244763107,1.1655031545865481e-05,
gaussian,19,Original TV-MVP,1.2578492929283676e-05,0.005365310271355413,-0.00028081094231172387,0.056300801221470076,-0.06977884794102363,-1.2568978758257658,-0.04585321321793656,0.08517166010824138,1.0,-0.07350859612856409,1.2293572635301735e-05,0.0006378460122448791
gaussian,19,Dynamic SigmaF TV-MVP,1.2725334063216086e-05,0.005392996258604609,-0.0003080894061291496,0.05662847502741403,-0.07617014683480261,-1.3710157355810952,-0.04719869256890574,0.08561116153061746,1.0,-0.07987468594337588,1.2510585635568267e-05,0.0006255106356506713
gaussian,19,Dynamic-factor CVaR,1.308405134727392e-05,0.005298864193649722,-0.00013767967047819616,0.05742108445086202,-0.03566695226748706,-0.604225386760082,-0.04112666114482755,0.0841168613250118,1.0000000000000002,-0.03952726571013754,1.2042924029268853e-05,0.0007146516124113933
gaussian,20,Equal weight,7.169982053277604e-06,0.004839523141035161,0.00018735072918422862,0.04250688741164138,0.04740859153183674,1.1106996213864284,-0.017532690428871178,0.07682504817192722,1.0000000000000002,0.043235663622739784,7.374747271964668e-06,
gaussian,20,Original TV-MVP,7.99497837304737e-06,0.004806079204296542,0.00028262163648538874,0.04488579452352311,0.07274375709032999,1.5867080698993454,-0.016180508251324666,0.07629414213508705,1.0,0.06847502988249321,7.708510357237955e-06,0.000576697392730131
gaussian,20,Dynamic SigmaF TV-MVP,7.995091028077244e-06,0.004806019923656024,0.000282634755458203,0.04488611075906962,0.07274728762654181,1.5867705437383157,-0.01618038677511835,0.07629320108409282,0.9999999999999998,0.06847854687291122,7.708532441404222e-06,0.0005795075407516071
gaussian,20,Dynamic-factor CVaR,1.0360278814319408e-05,0.005748862722168338,0.00015120404314952285,0.05109589280175551,0.0375024061800473,0.7457237125010298,-0.014876906317617511,0.09126036650584339,0.999999999999999,0.03335748711596476,1.0821547226458475e-05,0.0005307904724718231
gaussian,21,Equal weight,8.938856364426308e-06,0.00624602581781052,-0.0005691512370900661,0.04746147705071377,-0.1346117353784787,-3.0219479177490047,-0.036186481068333,0.0991525859784928,1.0000000000000002,-0.1380656390788123,9.647668658504276e-06,
gaussian,21,Original TV-MVP,8.257839024008426e-06,0.005455375191026426,-0.000277327098310565,0.045617709653709315,-0.06846408094741208,-1.5320021391863041,-0.024712594588832015,0.08660139638404445,1.0,-0.07217364090464418,8.936428302193652e-06,0.0006145112826462127
gaussian,21,Dynamic SigmaF TV-MVP,8.245093328518684e-06,0.005472095708378062,-0.00026222272253496914,0.04558249136221833,-0.06490916028822558,-1.449682193843043,-0.024033099134929792,0.08686682636827306,1.0,-0.06863276018889797,8.892250149869743e-06,0.0006491542250903139
gaussian,21,Dynamic-factor CVaR,1.2540007787192175e-05,0.007005930283845705,-0.0003017041615750471,0.056214606308080006,-0.07466244738439032,-1.3524856564900247,-0.03426208186115409,0.11121569540227137,0.9999999999999938,-0.07835755212397222,1.1189424390198135e-05,0.0005799194665711853
gaussian,22,Equal weight,8.99186700799019e-06,0.005157291654786215,9.648288581130826e-06,0.04760200086145043,0.0013185119059837547,0.05107702782329819,-0.026571514193068912,0.08186946694315861,1.0000000000000002,-0.0026803582408992943,1.0875881039642394e-05,
gaussian,22,Original TV-MVP,7.1878831371053035e-06,0.005750782855851531,-0.00040179594425917095,0.04255991718213908,-0.09711908509876177,-2.379059562545467,-0.039954791732005,0.09129084768310176,1.0000000000000002,-0.10071909158210302,9.604314806840226e-06,0.0004575758622943479
gaussian,22,Dynamic SigmaF TV-MVP,7.246024931999985e-06,0.005824957291077015,-0.0004089428985350995,0.042731701146385415,-0.09875093545578617,-2.411643058108446,-0.04002467812394683,0.09246833033857356,1.0023231754669062,-0.10235279308888012,9.714139755970769e-06,0.0004533220146244607
gaussian,22,Dynamic-factor CVaR,7.582240644154886e-06,0.005788404034056501,-0.000545338303687864,0.04371183640991341,-0.12925290394691924,-3.143891078851472,-0.045721715183306255,0.09188806537245932,1.0,-0.1327356471756257,1.0296883300459756e-05,0.0004669128625767641
gaussian,23,Equal weight,1.0009033991083738e-05,0.00569155573320825,-0.0002975416619663848,0.05022227161084116,-0.0733998004293519,-1.4929730657452662,-0.034503990626323255,0.09035064625879749,1.0000000000000002,-0.07710905564109782,9.353029041317342e-06,
gaussian,23,Original TV-MVP,1.0002587000821982e-05,0.005881131694408083,-0.0002263088703523185,0.0502060944926723,-0.05661124753832614,-1.135914591745588,-0.032120016883757985,0.09336007134614221,0.9999999999999997,-0.060387779024993704,9.562455124019571e-06,0.0005450613748175869
gaussian,23,Dynamic SigmaF TV-MVP,9.990739875531654e-06,0.005874430547714938,-0.00022590070595423177,0.05017635348083774,-0.05651279383315688,-1.1345379636287585,-0.03206895414744226,0.09325369394024807,1.0,-0.060289717500519924,9.555375130399884e-06,0.0005227648630254073
gaussian,23,Dynamic-factor CVaR,1.1285296334960303e-05,0.00517338501280515,0.00012314818130565032,0.053328179008944196,0.03007804621876109,0.5819313966040163,-0.026311655214864782,0.08212494108162678,1.0000000000000004,0.02595566725100973,1.0401394045394361e-05,0.0005209252178852163
gaussian,24,Equal weight,1.0400790102004832e-05,0.006394014826446297,-0.0005545995546605876,0.051195694210599565,-0.1315876235841894,-2.7298992606595482,-0.047610987390612314,0.10150183866022032,1.0000000000000002,-0.13505848409564336,1.0597905962298059e-05,
gaussian,24,Original TV-MVP,1.291168324813944e-05,0.006396035262384636,-0.00018147408249561775,0.057041600420492576,-0.04623303944070756,-0.8017213481350067,-0.038142381430175454,0.10153391208641703,1.0,-0.05002997629070538,1.151354794982956e-05,0.000546481144746372
gaussian,24,Dynamic SigmaF TV-MVP,1.277529815446141e-05,0.0063457502409753055,-0.00018634075623512645,0.05673953766928557,-0.04738615937095403,-0.8276040394434031,-0.03815347758461163,0.10073566211849314,1.0,-0.051178726382138384,1.1423595347520464e-05,0.0005144336009242986
gaussian,24,Dynamic-factor CVaR,1.2192675021254021e-05,0.005934803844043648,-0.00013548249196044013,0.05543062425551433,-0.03502717471009087,-0.6159336726328578,-0.02954005827140449,0.09421209030773793,0.999999999999529,-0.038871764438241585,1.1427011634265417e-05,0.0005709807549845292
gaussian,25,Equal weight,6.7324298733232874e-06,0.004616033622994549,0.0002646393183772496,0.04118946865495437,0.06806227944955578,1.6190815373153733,-0.0104182112038681,0.07327726205973636,1.0000000000000002,0.06380878928882994,7.400247444361322e-06,
gaussian,25,Original TV-MVP,7.934111194817392e-06,0.005266131580837356,0.0001914286355219657,0.0447146063506544,0.048385784800210274,1.0788424653285438,-0.012352432659412993,0.08359724720543447,1.0,0.04421161429992093,8.656533283308348e-06,0.00046806465781507213
gaussian,25,Dynamic SigmaF TV-MVP,7.909696696928118e-06,0.005262204282100661,0.00018999244650747582,0.04464575643469249,0.048009663552417425,1.0723997159712069,-0.012434172437406854,0.08353490327074516,0.9999999999999999,0.043836993093821164,8.637142991048132e-06,0.00043573177687875915
gaussian,25,Dynamic-factor CVaR,1.0818636224038609e-05,0.006716419668692212,0.00017206938211460665,0.052213947642921324,0.04291042599549999,0.8304578805153687,-0.021879449750277447,0.10661985686461455,0.9999999999993339,0.03875859513806601,1.0974303673928004e-05,0.0004823114404208619
gaussian,26,Equal weight,7.698853974747996e-06,0.005705177234716623,0.00016054300040608882,0.04404669342455226,0.04028945977328191,0.9184988237910083,-0.025012237465709464,0.09056688089164418,1.0000000000000002,0.03612428701307646,9.99747788744399e-06,
gaussian,26,Original TV-MVP,1.0607491954384644e-05,0.008181030394099039,-0.00013268909391461685,0.05170191459225597,-0.034160430650124196,-0.6467391378092566,-0.03861286745085768,0.12986983134628077,1.0000000000000002,-0.038022417275725306,8.924150829745928e-06,0.0009158001590639812
gaussian,26,Dynamic SigmaF TV-MVP,1.0582959709460058e-05,0.008163964642438591,-0.0001333575954138462,0.051642093749033204,-0.03432020735322139,-0.6507504170455596,-0.03868425242760909,0.1295989209373012,0.9999999999999999,-0.03818122786638789,8.911866395443214e-06,0.0008520372276538088
gaussian,26,Dynamic-factor CVaR,1.1298553091259555e-05,0.008169160238484652,-4.1228311969728214e-05,0.05335949192971582,-0.01172400215372571,-0.1947082747724889,-0.031246679037108094,0.12968139846760496,1.0,-0.01567944974701574,1.1141709606380455e-05,0.0009277384622021017
gaussian,27,Equal weight,2.0496434011975906e-05,0.0072481123780408965,0.001336256623408508,0.07186863969088275,0.39650845841703863,4.685446538953519,-0.018579684536695562,0.11506021696167114,1.0000000000000002,0.39092485906599195,1.8937975803677155e-05,
gaussian,27,Original TV-MVP,1.1106438277185155e-05,0.005425080163482462,0.00015606563803885208,0.052903898210346086,0.03867873036786462,0.743395895505097,-0.022539546896158225,0.08612047773098536,1.0857709480823896,0.0341576720301886,1.0794631612227042e-05,0.0007404039239154366
gaussian,27,Dynamic SigmaF TV-MVP,1.0994264261230837e-05,0.005408951585481952,0.00017647632008356781,0.05263605792448909,0.04404860428171542,0.8448967193716902,-0.022158546859586847,0.08586444449264263,1.0848701564423961,0.03950802294470224,1.0718912445885448e-05,0.0006653702964587268
gaussian,27,Dynamic-factor CVaR,1.2232762604270291e-05,0.005953177507324277,0.0003550522618479423,0.0555216730320342,0.09192533965351668,1.6114998900349844,-0.02224799517999443,0.09450376317002063,0.9999999999998753,0.08754949933474321,1.1446438536463914e-05,0.0006403702684832139
gaussian,28,Equal weight,6.842110399695981e-06,0.0058913347013207495,-0.00021218472336809676,0.04152362966701475,-0.052876191543228424,-1.2877137841164197,-0.02723457136833607,0.09352203905963816,1.0000000000000002,-0.05664897578961137,7.676438096271223e-06,
gaussian,28,Original TV-MVP,8.100484956429385e-06,0.006211488092863629,-0.0006549924932459091,0.04518099389146066,-0.1530538022082255,-3.6532642175710435,-0.04716777108844561,0.09860431659213625,1.0256096221179505,-0.15650858397456857,8.998343996803942e-06,0.00048348852667102967
gaussian,28,Dynamic SigmaF TV-MVP,8.122992682583977e-06,0.006233839352237466,-0.0006555072307248082,0.045243719520074416,-0.15316609892686806,-3.6510663556155825,-0.04719702812107307,0.0989591318348899,1.0267362832266977,-0.15662418111001042,8.986564478987858e-06,0.0004999462016727133
gaussian,28,Dynamic-factor CVaR,9.445995346195215e-06,0.0062871841069212005,-0.00041711916541255234,0.048789249094869196,-0.10085291194468604,-2.1544506552985108,-0.035499971639799344,0.09980595356274735,0.9999999999999956,-0.10443807352966916,1.008829777093402e-05,0.0005179744970235643
gaussian,29,Equal weight,8.518452565813083e-06,0.004909121893409184,-1.1457014111980382e-05,0.04633195491866167,-0.00393536346659995,-0.06231482270255249,-0.011788129862386976,0.07792989411397941,1.0000000000000002,-0.007920215230045824,1.1621719049975143e-05,
gaussian,29,Original TV-MVP,8.95234361901864e-06,0.005571790144393273,-0.0002848620996904276,0.04749726931090563,-0.07031188301550528,-1.5113552876503045,-0.02538227263427839,0.08844942647703159,1.0,-0.07404018660094636,1.0282381720206185e-05,0.0006119777746812916
gaussian,29,Dynamic SigmaF TV-MVP,8.97382037085086e-06,0.005634137173693286,-0.0002951902682819789,0.04755420836744543,-0.07273166277013021,-1.5642768571032095,-0.02627208720585361,0.08943915488410056,1.0000000000000002,-0.07645040167258177,1.0267634045727978e-05,0.0006431039505591031
gaussian,29,Dynamic-factor CVaR,9.05803055660475e-06,0.004890754293383488,-0.0003521857958951443,0.047776811323741536,-0.08596818828700492,-1.857612890156899,-0.02458983543821991,0.07763831750288484,0.9999999999999999,-0.0896329590315541,1.2719498835137178e-05,0.0006161906912700251
gaussian,30,Equal weight,1.649431673255201e-05,0.009135853480280695,-0.00013328179566663491,0.06447144962386922,-0.03501034984733842,-0.5209594743710727,-0.0566487390799707,0.14502717793887993,1.0000000000000002,-0.03884819282467045,1.8031805107867575e-05,
gaussian,30,Original TV-MVP,1.2579560547524812e-05,0.007765811415382664,-0.00016391020666478554,0.0563031904777718,-0.041964713221912864,-0.7336240047681329,-0.048309811821312776,0.12327843440237429,1.1780268683165487,-0.04646658770697398,1.439054839921983e-05,0.0006156252295335959
gaussian,30,Dynamic SigmaF TV-MVP,1.2232917969292674e-05,0.0077440262633615056,-0.00018499963157064174,0.05552202561382063,-0.04700271379516541,-0.8396650993979049,-0.04831066125805816,0.12293260583524396,1.1711295948283393,-0.0514541893973568,1.39720673388701e-05,0.0006319315414619039
gaussian,30,Dynamic-factor CVaR,9.886457327074822e-06,0.007578850234517147,-0.00040694058952103426,0.049913798156650584,-0.09859243897500991,-2.0545226439682764,-0.05586687600600149,0.12031051766601553,0.9999999999999047,-0.10217960361770961,1.1841489741835089e-05,0.0006322525562210209
gaussian,31,Equal weight,9.13622023598647e-06,0.0060968568787631615,4.819691178968407e-06,0.047982574956629734,8.189443158390652e-05,0.02531256770187618,-0.018211849816439418,0.09678460248216482,1.0000000000000002,-0.003912262846019199,1.1651392388386849e-05,
gaussian,31,Original TV-MVP,1.2638791615277647e-05,0.006586848227887091,6.0409742850329044e-05,0.05643558706215403,0.013750096788187616,0.2697456691912701,-0.022143230207894993,0.1045629740082945,1.0,0.00970546509749437,1.5636402753063194e-05,0.0005948269390500905
gaussian,31,Dynamic SigmaF TV-MVP,1.2590455431005849e-05,0.006574279368904883,6.295830008328315e-05,0.05632756668464806,0.0144074069843525,0.2816647789848777,-0.02205883918545337,0.10436344955750991,0.9999999999999999,0.010360148114180623,1.5584249037226295e-05,0.0006233966944469
gaussian,31,Dynamic-factor CVaR,1.2308732912767519e-05,0.006653163019451066,-2.764342837545623e-05,0.05569381199035863,-0.00845648712028757,-0.12507931674385847,-0.03314724235367905,0.10561568868863465,1.0000000000000002,-0.012410583474666947,1.4836873913535896e-05,0.0006431231668642597
gaussian,32,Equal weight,8.390372889231e-06,0.005010699858929752,-0.00019768174560066403,0.04598232234333333,-0.04958949213610375,-1.0833685066928724,-0.028114056377932628,0.07954239432668732,1.0000000000000002,-0.05339420666718975,9.958582554525158e-06,
gaussian,32,Original TV-MVP,1.3387259828670221e-05,0.007755419797549268,-0.0002529745123055436,0.05808260907384323,-0.06332510560760718,-1.097567380624191,-0.041384683226994956,0.12311347258333355,1.0875853146068486,-0.06739053193340883,1.0574784527194906e-05,0.000524465299912897
gaussian,32,Dynamic SigmaF TV-MVP,1.2796198684375898e-05,0.007525554774519638,-0.00023991251098369866,0.056785931959092886,-0.06016705208280426,-1.064664269513872,-0.04003099926162623,0.11946447846704233,1.0751868725776879,-0.06420048367569642,1.0354675144292631e-05,0.0004732231707326941
gaussian,32,Dynamic-factor CVaR,1.257861177457921e-05,0.006830188807528465,-0.0001591237039742271,0.056301067194094646,-0.0408063885558122,-0.712227589989825,-0.037700841947644226,0.10842588595402278,1.0000000000000002,-0.04463712625658933,1.1310022101456206e-05,0.0005265736060003626
gaussian,33,Equal weight,9.228689860961227e-06,0.005707188493336878,0.00024746594570702126,0.04822478455070825,0.06312192168882591,1.2931404235221926,-0.015281947233904303,0.09059880863243273,1.0000000000000002,0.0589048661305156,9.863757007478709e-06,
gaussian,33,Original TV-MVP,8.586140729853605e-06,0.005512799234665312,0.0004972245749092064,0.04651566901510833,0.13224846598385143,2.693728705405103,-0.015510836370788317,0.08751297481650973,1.0039399654570826,0.12772341596280334,9.86955816450317e-06,0.0004008384722164989
gaussian,33,Dynamic SigmaF TV-MVP,8.551441901560493e-06,0.00549582832907884,0.0004977854909854372,0.04642158290271072,0.1324133165516328,2.702233226110116,-0.015394951676892754,0.08724357004227756,1.0044696133281088,0.1278854714717621,9.811831346694808e-06,0.00041468920568663703
gaussian,33,Dynamic-factor CVaR,9.898865190235982e-06,0.00613272148109085,-0.0001281572206493242,0.04994511015043883,-0.03297020506408832,-0.6466222520353365,-0.020528174218531037,0.09735393539394058,1.0000000000000007,-0.036820373249481175,1.0337223821307336e-05,0.00044397803779971245
gaussian,34,Equal weight,8.178153375327631e-06,0.005639026133115197,-0.0002528483513254573,0.045397077555527326,-0.06268946392041985,-1.40356577923059,-0.027330375418999076,0.08951676470890213,1.0000000000000002,-0.06644292975594945,1.0180192530671646e-05,
gaussian,34,Original TV-MVP,7.900881665440593e-06,0.005975109672163227,-0.0008690213577752373,0.044620871570275604,-0.19753741827892646,-4.907868772004069,-0.05353142774401198,0.09485192549328345,1.0066874146751086,-0.20077841027734744,1.0265377171532819e-05,0.0006436391379638148
gaussian,34,Dynamic SigmaF TV-MVP,7.967436538334942e-06,0.006003872202679988,-0.000881345836637944,0.04480841447385084,-0.2000346145526416,-4.956639359832155,-0.054268621294915054,0.09530851651022898,1.0085666471806987,-0.20327178317555494,1.0411678527021224e-05,0.0007085223196437926
gaussian,34,Dynamic-factor CVaR,8.768034979752376e-06,0.00636812070869853,-0.0010012074251717392,0.047005795545843054,-0.22393566043131552,-5.367514116364972,-0.062191422354580084,0.10109078228434024,0.9999999999999997,-0.22704834046272138,1.1688692544307922e-05,0.0006664562122005561
gaussian,35,Equal weight,1.0803609795375798e-05,0.006417593682596469,-5.454772552756309e-05,0.052177674042014385,-0.014973015484966323,-0.26344652354333303,-0.026663649311434723,0.10187614139765666,1.0000000000000002,-0.018934382290759277,1.1104419845857068e-05,
gaussian,35,Original TV-MVP,8.348841381194478e-06,0.005597336222003628,-0.0001983930372831518,0.045868377211985695,-0.049754807171260795,-1.0899676080602703,-0.02595981781907486,0.08885495788701253,1.0,-0.05357225867481896,9.661928038173247e-06,0.0006369452505875757
gaussian,35,Dynamic SigmaF TV-MVP,8.341967849033612e-06,0.005596279269234731,-0.00019816666885154256,0.04584949179605452,-0.04969976870225534,-1.0891723897992265,-0.025948598901722186,0.08883817928196827,0.9999999999999999,-0.05351736197367807,9.662722330749559e-06,0.0007670571523559321
gaussian,35,Dynamic-factor CVaR,9.924539683813742e-06,0.005856784957315421,0.00017310182025455703,0.050009839035144506,0.043298797478227735,0.8722615298460203,-0.020622081380886614,0.09297357887664388,0.9999999999999968,0.039104524693546416,1.1342207575562712e-05,0.0007291571844395534
gaussian,36,Equal weight,7.826005172648338e-06,0.005601182856571805,-0.0005497906947955393,0.044408932699484926,-0.13025637630604003,-3.1198060089852793,-0.04454669971689995,0.08891602131772418,1.0000000000000002,-0.13372200582795435,8.85369345278908e-06,
gaussian,36,Original TV-MVP,8.390292234417721e-06,0.0059339148886094935,-0.0005558401962241227,0.045982101333815376,-0.13164285754189664,-3.0462228864140615,-0.04367122163334025,0.09419797857770558,1.067217486348664,-0.1353388207630245,1.048453958592314e-05,0.0004958539054665634
gaussian,36,Dynamic SigmaF TV-MVP,8.495407591210766e-06,0.005979706153075201,-0.0005584633274787363,0.046269241543223004,-0.13222833759974595,-3.041605045398773,-0.043896396734352305,0.09492489236567829,1.0720375689490191,-0.13593856027929618,1.0602920991744062e-05,0.0004940232945935543
gaussian,36,Dynamic-factor CVaR,8.455374853977163e-06,0.005705596793799022,-0.0005199554519643301,0.04616009600512379,-0.12375739732970847,-2.8385723868613044,-0.039763732471124746,0.09057354118559811,0.9999999999999993,-0.12725457720480948,1.0111908352538927e-05,0.0005067275810352554
gaussian,37,Equal weight,9.082618211734084e-06,0.005124798686355301,-0.00011465294099367564,0.0478416114836968,-0.029574166213330533,-0.6039207341552887,-0.026107110663574074,0.08135365706019977,1.0000000000000002,-0.03345056837106741,7.540650639127974e-06,
gaussian,37,Original TV-MVP,1.3795066201808877e-05,0.006714091622438216,-0.00034492373592948203,0.05896063672362975,-0.0848312603965019,-1.474217143577659,-0.04449533615188184,0.10658290027604217,1.0,-0.0884820148918064,1.0201415883421963e-05,0.0007343457204530841
gaussian,37,Dynamic SigmaF TV-MVP,1.3673474600913551e-05,0.0066782473299848676,-0.00034480690740675923,0.058700218052663275,-0.08479050113863551,-1.4802558414442042,-0.04426548801886099,0.1060138897735264,1.0000000000000002,-0.088441669316622,1.0126765625327037e-05,0.0006361419642302959
gaussian,37,Dynamic-factor CVaR,1.6420576146681496e-05,0.00720099445036993,-8.068245116896255e-05,0.06432717302170007,-0.022119870799021224,-0.31607136983494977,-0.04011428463732836,0.11431224304821051,1.0000000000012803,-0.026026686751622896,1.1468024544687488e-05,0.0006452216141577791
gaussian,38,Equal weight,1.285982311086671e-05,0.006971751348455945,0.0003310020794002873,0.056926930568391015,0.08524289585154965,1.4652559548887336,-0.02095612851809714,0.11067312162356187,1.0000000000000002,0.08092522993026452,1.1003161156949793e-05,
gaussian,38,Original TV-MVP,1.1998726796680766e-05,0.00657326866741594,2.5801646246046835e-05,0.054987990986792315,0.005026500878265505,0.11824427001825791,-0.019386181895166943,0.10434740516877311,1.0039874532060014,0.001008073519876529,1.0197993163211033e-05,0.0006672422335916032
gaussian,38,Dynamic SigmaF TV-MVP,1.1989405218881487e-05,0.0065930080556975525,2.5398797920963565e-05,0.05496662728563701,0.004925604891185875,0.11644332920086754,-0.01953406321862705,0.10466075824332724,1.0053827379122267,0.000902134198103921,1.0178453363818016e-05,0.0006920747244633236
gaussian,38,Dynamic-factor CVaR,1.3535648357654316e-05,0.0069259198532129924,0.0001687488851447882,0.05840362476874948,0.04168848668476577,0.7281178047572262,-0.017236225101628366,0.10994556919179932,1.0000000000000002,0.03754785685752915,1.1678656417430196e-05,0.0006330617972812936
gaussian,39,Equal weight,8.586368449320242e-06,0.005484990015598091,-0.0002701177282829912,0.046516285849460305,-0.06680779977473406,-1.4633513034038497,-0.025879878578451976,0.08707151714966903,1.0000000000000002,-0.0705216460785778,8.755158602841448e-06,
gaussian,39,Original TV-MVP,9.529518109899222e-06,0.0052824593658074,-0.00011574758004670074,0.04900447493540364,-0.029895712513865358,-0.5952189103182426,-0.029342396575726015,0.08385644275638213,1.0323787498981973,-0.03388147562919219,8.982806529705607e-06,0.0006996778507009998
gaussian,39,Dynamic SigmaF TV-MVP,9.645570830922605e-06,0.005328016951181969,-0.00012261392782767234,0.049301965978979956,-0.031587025620183895,-0.626723685334317,-0.029816245442115807,0.08457964700378434,1.0322213277617325,-0.03556521765225218,9.039871422679455e-06,0.0007924649041487665
gaussian,39,Dynamic-factor CVaR,9.408223684141188e-06,0.005592804964888173,-0.00014785963203527445,0.04869160470146347,-0.03770094122347867,-0.7652372005675397,-0.02500448984473802,0.08878302641028861,0.9999999999999999,-0.04152672785699851,9.840105698472026e-06,0.0008153090806114047
gaussian,40,Equal weight,7.4630466055893985e-06,0.005502289554898234,3.3529984047662885e-05,0.043366896875480135,0.007551945531114601,0.19483884226884748,-0.021326470916799845,0.08734613882237403,1.0000000000000002,0.0035286593517116494,7.450802659100103e-06,
gaussian,40,Original TV-MVP,1.0263481572015912e-05,0.005519934658812259,2.1361540275991616e-05,0.0508566353207525,0.004118857208183391,0.10584868848673643,-0.027628012028731885,0.08762624616326045,1.023879072460231,1.65057825103343e-05,1.3096046278247813e-05,0.0006042335710670566
gaussian,40,Dynamic SigmaF TV-MVP,1.0162097745790183e-05,0.005506018198637545,2.3987080238799118e-05,0.0506048281484991,0.004796057226249983,0.119449950554899,-0.027361341800106298,0.0874053292067447,1.0229130993537245,0.000694821598251405,1.2932475166403353e-05,0.000701863267459348
gaussian,40,Dynamic-factor CVaR,1.118418426017969e-05,0.006044997882256218,0.0002240619328370157,0.05308874111867112,0.05661528078517852,1.0635702765811093,-0.014604850961290272,0.09596136643417237,1.0,0.05240003963016604,1.333930388056536e-05,0.0007173849336011083
gaussian,41,Equal weight,8.000340033024022e-06,0.006157337522782374,-0.0005961791952956867,0.044900842846455055,-0.14038838422823452,-3.345976326731122,-0.052327235158671104,0.09774470294141199,1.0000000000000002,-0.14380659274014385,8.161823326856255e-06,
gaussian,41,Original TV-MVP,9.096526888353193e-06,0.006323628198004825,-0.0007816481629377045,0.04787822862079386,-0.1797786212268595,-4.114089905463915,-0.06377800085291585,0.10038448557333768,1.0,-0.1830383147905975,8.638900063846052e-06,0.0006962787799061221
gaussian,41,Dynamic SigmaF TV-MVP,9.089149485632323e-06,0.00632386823483496,-0.0007817463833662315,0.047858809746789,-0.1797981886088419,-4.116276389876322,-0.06377298050350677,0.10038829603988589,1.0,-0.18305780153947626,8.639831121253476e-06,0.0006908825850946129
gaussian,41,Dynamic-factor CVaR,1.5115251380050746e-05,0.00733824146748017,-0.0006968072957014819,0.06171744767707742,-0.1626661814290149,-2.8451506847064847,-0.0576213680372496,0.11649097190096523,1.000000000000027,-0.16599281573838454,1.3008741323266962e-05,0.000700281425628856
gaussian,42,Equal weight,5.81445717023987e-06,0.00501918529683105,-0.0004014359094277271,0.038278495358366,-0.09688348119850243,-2.6427854132902246,-0.041273801734070026,0.0796770964774012,1.0000000000000002,-0.1004839794406398,7.646918374325568e-06,
gaussian,42,Original TV-MVP,7.28056032202803e-06,0.005671358655969837,-0.000452465071618003,0.04283341220532242,-0.10858967838100797,-2.6619685936104025,-0.049379660512615886,0.09003002759729826,1.0,-0.11214475257049217,9.694005471457081e-06,0.0005163548504369582
gaussian,42,Dynamic SigmaF TV-MVP,7.2830175558453506e-06,0.005669321248329167,-0.0004522982563003187,0.04284063986535482,-0.10855245933871405,-2.6605382399961575,-0.04938034231178878,0.0899976847536794,0.9999999999999999,-0.11210771615109905,9.694275958746315e-06,0.0005179625829390048
gaussian,42,Dynamic-factor CVaR,8.899552888042607e-06,0.00609634555294083,-0.0005086283692651236,0.04735701983641641,-0.12129959933913292,-2.7065543714017277,-0.050867046872941746,0.09677648543637593,0.9999999999999982,-0.12480636767336284,1.142647328659447e-05,0.0004961780984145962
gaussian,43,Equal weight,2.0117069404996314e-05,0.007996341729659772,8.369149691994938e-05,0.07120043181090317,0.018768998628220235,0.2962096814221515,-0.03749277012542529,0.12693798968980705,1.0000000000000002,0.014719097467739362,1.822361866383724e-05,
gaussian,43,Original TV-MVP,2.0942970704418813e-05,0.008686636173458393,0.00018099807497578107,0.0726472891270799,0.04394856813323811,0.6278488219169455,-0.03761566113232995,0.13789607426801184,1.038676061281132,0.03964205991979486,1.8572589402499136e-05,0.0005251495357851644
gaussian,43,Dynamic SigmaF TV-MVP,2.071726792770454e-05,0.008628362842626768,0.0001844795101003283,0.07225476813180944,0.044893888505570745,0.6434016432033431,-0.037484657344341143,0.1369710138193246,1.0394156972359987,0.040580389819594886,1.8465387569264422e-05,0.0005296795893972512
gaussian,43,Dynamic-factor CVaR,2.041483692615599e-05,0.00798507967765304,0.0003470889409977894,0.07172544113068466,0.08863106414257449,1.2194614874808234,-0.028059131248199143,0.1267592101566345,1.0000000000000013,0.08430532181350459,1.956049054482773e-05,0.0005544704699705748
gaussian,44,Equal weight,1.2203737012649711e-05,0.007317246347362069,4.462823359301541e-05,0.05545576369673153,0.009779699006996045,0.20279794408642726,-0.022959578790959667,0.11615768470149469,1.0000000000000002,0.005722354432024623,8.821004891096296e-06,
gaussian,44,Original TV-MVP,1.60938646631815e-05,0.008073528977096473,-6.975136582952653e-05,0.06368401600968439,-0.019384796714617014,-0.2760087269993732,-0.02937467694989848,0.12816329925642575,1.0024371245345367,-0.023337347659433738,1.1158392822776942e-05,0.0005701170477695421
gaussian,44,Dynamic SigmaF TV-MVP,1.6121659993041007e-05,0.008065322590141463,-6.540686183973249e-05,0.06373898585831385,-0.018313902105599356,-0.2585941549219468,-0.02932884908461919,0.12803302690215382,1.002404680171345,-0.02227061941678654,1.1164494634763714e-05,0.000605568108844674
gaussian,44,Dynamic-factor CVaR,1.8105232938842067e-05,0.007534046218257287,-8.683474426066352e-05,0.06754641885835401,-0.02383913110322322,-0.32396026204697664,-0.03067244876330688,0.11959927595745264,0.9999999999999989,-0.027772064533808538,1.1977338146418463e-05,0.0005863264806938087
gaussian,45,Equal weight,9.810811308837531e-06,0.005768778424097988,0.00017910077896410455,0.049722474293090624,0.04489212181112201,0.9077061618638321,-0.016215096180804855,0.09157651847279025,1.0000000000000002,0.040739909862462786,1.0426505159446488e-05,
gaussian,45,Original TV-MVP,1.8599509342846972e-05,0.00900048751457852,0.00026071199964228605,0.06846222574819956,0.0654358264823498,0.9596448726556904,-0.020485551043800676,0.1428783098514996,1.0913602086275607,0.06081191067797809,1.5019110060268428e-05,0.0005796300947654913
gaussian,45,Dynamic SigmaF TV-MVP,1.9073973479950464e-05,0.009150829058098747,0.0002636864341922919,0.06932994531187457,0.06617176603120445,0.9584456055394642,-0.020593989818018743,0.14526490786675628,1.0961469313422096,0.061524158767364945,1.5433001257699192e-05,0.0006301955661506061
gaussian,45,Dynamic-factor CVaR,1.552575901744966e-05,0.007333474916949752,0.0004800426103932768,0.06254991025091335,0.12639010947900386,1.9339873923694295,-0.01713716086803485,0.11641530525707458,1.0000000000000013,0.12192487006537678,1.4413095004147011e-05,0.0006254691878020217
gaussian,46,Equal weight,7.0717184940181044e-06,0.006262915963184592,-0.0007994422116258779,0.042214607193394114,-0.18324723776937424,-4.772268433217739,-0.05269548471281282,0.09942070872409793,1.0000000000000002,-0.1865009071939857,7.394019938638865e-06,
gaussian,46,Original TV-MVP,7.348235265363783e-06,0.006449797212732639,-0.0006591185499580754,0.04303202629288648,-0.15385608925920924,-3.8598664506043083,-0.04482166064397097,0.10238735659012874,1.0074462771886967,-0.15726026721283626,8.668294779744826e-06,0.000522231261051467
gaussian,46,Dynamic SigmaF TV-MVP,7.331352183728233e-06,0.006452043152460657,-0.0006642248446339298,0.04298256332862798,-0.1549431442589816,-3.894245663479682,-0.04511986159985615,0.1024230097780086,1.0064305467817758,-0.15833935672811894,8.63585934477477e-06,0.0005476787435694402
gaussian,46,Dynamic-factor CVaR,7.785733181302472e-06,0.005600972402286654,-0.0006640396934315362,0.04429452293103768,-0.15495080875840117,-3.777848629395475,-0.04889804100156958,0.08891268045951903,1.0,-0.15831646316922887,9.249870731060786e-06,0.000562745079655624
gaussian,47,Equal weight,1.092704662867426e-05,0.007471109185596543,-0.000695682808827257,0.05247490591154894,-0.16199453797788377,-3.340874362308961,-0.044345424128946154,0.11860018153739257,1.0000000000000002,-0.16533760698886424,1.2890868775891654e-05,
gaussian,47,Original TV-MVP,8.66480662710068e-06,0.006778326463759102,-0.000339991587704186,0.046728270565358734,-0.08311085287403441,-1.8335341553378783,-0.037886831666138376,0.10760259676988673,1.0405449343350783,-0.08692460508829358,9.751175931800051e-06,0.00047232035394591287
gaussian,47,Dynamic SigmaF TV-MVP,8.664113705620573e-06,0.006771117227746584,-0.00034285943266142675,0.04672640210647921,-0.08377339867269018,-1.8490740381378308,-0.037925944002277334,0.10748815369609536,1.0400073411712756,-0.08758232862558446,9.76809390514122e-06,0.0004991582942538985
gaussian,47,Dynamic-factor CVaR,1.3492234945179792e-05,0.008087371595131558,-3.899484963212338e-05,0.058309889437258476,-0.011435956999079622,-0.16852548001945084,-0.02908820077042018,0.1283830440053151,1.0000000000000007,-0.015381647252987407,1.3588754646471548e-05,0.00047107233118555273
gaussian,48,Equal weight,1.4475189302942131e-05,0.007235479952243165,-0.00023763586028760752,0.06039658686003223,-0.059820901638976354,-0.9915169036167144,-0.027281575087581222,0.1148596834189735,1.0000000000000002,-0.06356832756984188,1.1564710623087365e-05,
gaussian,48,Original TV-MVP,1.1826901180231828e-05,0.006723576031515388,-0.00011301697097697192,0.054592848409094945,-0.029504212592006418,-0.5216851202336648,-0.02742772540752858,0.10673346060254577,1.0630550571078805,-0.033614956148005914,1.0907528511841066e-05,0.0004773120807491063
gaussian,48,Dynamic SigmaF TV-MVP,1.1753782203647109e-05,0.006695826576972914,-0.00010983861427292051,0.05442382856175291,-0.02871768907024641,-0.508588453408219,-0.027239396121942705,0.1062929516681233,1.057539458044297,-0.0328104643832442,1.0791258730797733e-05,0.0004631704268780942
gaussian,48,Dynamic-factor CVaR,1.2711232518336988e-05,0.007200394608327131,-0.00019528353312106388,0.056597089983681334,-0.04952417553094257,-0.8695049579527369,-0.02399132703010942,0.11430272085098349,1.0000000000000004,-0.05330700199659211,1.2170001837499898e-05,0.0005411383971514842
gaussian,49,Equal weight,1.3139681832021623e-05,0.006134491977378207,0.0004077129413816492,0.057543025829977425,0.10638158457874192,1.785510229019806,-0.02691887946457483,0.09738204115118163,1.0000000000000002,0.10194288843632737,1.1618748152134628e-05,
gaussian,49,Original TV-MVP,1.1172773395761796e-05,0.005899165661670824,2.2979775826386202e-05,0.0530616518375745,0.004415498539647622,0.10913537946341535,-0.03347916482650504,0.09364635170131677,1.007745539166418,0.00035614776251113867,9.3516682884208e-06,0.0006392902879890946
gaussian,49,Dynamic SigmaF TV-MVP,1.1197238669782318e-05,0.0059192945866832145,2.2288759090951603e-05,0.05311971521747029,0.004237538405919228,0.1057379029222004,-0.03343675662586032,0.09396588847976789,1.0085329291205016,0.00017563151859367743,9.348351384072676e-06,0.0006399822100207436
gaussian,49,Dynamic-factor CVaR,1.2173560178957366e-05,0.00689320096320993,-0.0001960880836994329,0.055387157041116096,-0.049654362672186036,-0.8921598387072831,-0.035965326175922185,0.10942617291506623,1.0,-0.053466302369036156,1.0092104581939448e-05,0.0006996617203826118
gaussian,50,Equal weight,1.2335830507251605e-05,0.00551500840089003,0.000881545991093071,0.05575508306717339,0.24673135874226038,3.984382724133142,-0.017221770323801677,0.08754804424312217,1.0000000000000002,0.2417572146084095,9.753095221096439e-06,
gaussian,50,Original TV-MVP,1.2426314368733847e-05,0.005533577197297147,0.0007532298906294697,0.05595919246130103,0.20708114181988924,3.392006283326793,-0.020090291911018632,0.0878428147477563,1.0,0.20226015265090025,9.762111303546779e-06,0.0006672605846806475
gaussian,50,Dynamic SigmaF TV-MVP,1.2462364748268383e-05,0.005533116726200204,0.0007527356305888534,0.056040306178353747,0.20692554619261294,3.3848740637620023,-0.020129425444165627,0.08783550499570564,1.0,0.20210526025515052,9.781059276292306e-06,0.0006602912089024013
gaussian,50,Dynamic-factor CVaR,1.4124809348139236e-05,0.005813745638744209,0.0008800821038045122,0.05966114276253086,0.24599608207022183,3.7173389561358285,-0.023623648614113035,0.09229035087542123,0.9999999999999991,0.24101704058810358,1.1053862908120403e-05,0.0007160886952098782
gaussian,51,Equal weight,1.0977528588465067e-05,0.006269481495093826,-7.439797101944104e-05,0.05259598087585398,-0.019910275456473947,-0.35645858076403325,-0.02620468001896381,0.09952493331203807,1.0000000000000002,-0.023818234388356063,9.197938077124452e-06,
gaussian,51,Original TV-MVP,9.78073751345307e-06,0.006157870097023058,-0.00023700354120072676,0.049646206837886155,-0.059126187635738625,-1.2030101831869604,-0.032470609105129666,0.09775315729538517,1.0,-0.06287479895179815,8.438456240637268e-06,0.0005941552817333068
gaussian,51,Dynamic SigmaF TV-MVP,9.77005462855971e-06,0.006162912785786635,-0.0002390710761991499,0.04961908671466099,-0.05961514897361064,-1.2141680790828597,-0.03252420708287995,0.09783320749783031,0.9999999999999999,-0.06336175945853273,8.433283267302549e-06,0.0006459970215948408
gaussian,51,Dynamic-factor CVaR,1.169861887824992e-05,0.006432169207076668,-0.00024547592275198955,0.05429596630799548,-0.06135665594087425,-1.1393099108430833,-0.029925339218942026,0.1021075206756743,1.0,-0.06508486623593035,1.0943668745326026e-05,0.0005797253823730735
gaussian,52,Equal weight,9.515964674636067e-06,0.005240829983813926,-0.00013101890957626153,0.0489696140275609,-0.03361943765977249,-0.6742296395196321,-0.02781058029429284,0.08319559680445388,1.0000000000000002,-0.03748552319094178,9.876703524216065e-06,
gaussian,52,Original TV-MVP,8.191581483443988e-06,0.005312249282436816,-0.000309647765404816,0.04543433210500497,-0.07601435867176587,-1.7174509510049085,-0.032353182784057744,0.08432934302225482,1.026836467638201,-0.07980634318667756,1.0162759856008144e-05,0.0004581922703116463
gaussian,52,Dynamic SigmaF TV-MVP,8.04129896153507e-06,0.00529130835496128,-0.00031311738660879225,0.04501563437636793,-0.07680496852780339,-1.752848371872309,-0.03243080291822675,0.08399691610431498,1.0278979922725424,-0.08059706330402794,1.0068792921216683e-05,0.0005281968442024707
gaussian,52,Dynamic-factor CVaR,1.1883198285873565e-05,0.0068907359070001,-0.0004049874852440787,0.05472262756885984,-0.09837004445442776,-1.864984391567918,-0.03534181609502374,0.1093870413608722,0.9999999999999961,-0.10196903677281499,1.1562836199553892e-05,0.0004867480678364797
gaussian,53,Equal weight,1.0248477355431698e-05,0.006316619565231879,0.0001293991798607322,0.0508194479856756,0.031831307577379064,0.6416557955154462,-0.0312509001456287,0.10027322697725094,1.0000000000000002,0.02770411877983814,7.5547756792315784e-06,
gaussian,53,Original TV-MVP,1.1796360830239254e-05,0.006919068451836455,0.00027781672371139936,0.0545223158827676,0.07094074152880236,1.2840579722586591,-0.023575493246683954,0.1098368065667517,1.0,0.06665126394986132,8.63596393400673e-06,0.000634277388457882
gaussian,53,Dynamic SigmaF TV-MVP,1.1803937510903486e-05,0.006916508950282115,0.000279631595109918,0.054539822632161894,0.07142950976290918,1.2920313739000897,-0.02353678188627384,0.1097961757391933,1.0000000000000004,0.0671380511896893,8.641750341919092e-06,0.0006047444760850103
gaussian,53,Dynamic-factor CVaR,1.5208913299998875e-05,0.0069849318501117915,0.0005322005029419883,0.06190836899482748,0.141329980365829,2.1663392029046427,-0.016938471167283642,0.11088235560078054,0.9999999999999977,0.13676090600088653,1.064124000226759e-05,0.0006860699875221927
gaussian,54,Equal weight,9.321214876667143e-06,0.006301311813278376,-1.8880953796017873e-05,0.04846592771133263,-0.005896652023407722,-0.09817206811629764,-0.032478360502063985,0.10003022394844834,1.0000000000000002,-0.009857548975261143,9.000826441360547e-06,
gaussian,54,Original TV-MVP,1.4018120933047151e-05,0.007552944358986125,1.5211708222033306e-05,0.059435397492806276,0.0020968607358793356,0.0644960853911402,-0.03634965617249686,0.11989927464111268,1.049150496932592,-0.00211131014911603,1.0469417564692348e-05,0.0005991453289499166
gaussian,54,Dynamic SigmaF TV-MVP,1.390611454776684e-05,0.007544214929262472,-5.172091947386776e-06,0.059197473476806796,-0.003023651337052069,-0.02201727699159524,-0.03724196515282674,0.11976069924029546,1.0446675248353263,-0.007191433537870551,1.0418169788896751e-05,0.0005420219080368989
gaussian,54,Dynamic-factor CVaR,1.2252213324772513e-05,0.006785532921245828,0.00013390371599620291,0.055565796654440884,0.03274660166442289,0.6072753107616301,-0.025717355018192833,0.10771699573594855,0.9999999999999999,0.028608919809696376,1.04203710647872e-05,0.000588817449753307
gaussian,55,Equal weight,1.0767204014003281e-05,0.006543671916413002,0.00020655241416341421,0.05208968622989418,0.05201878457152431,0.9992613151758301,-0.016616423299248173,0.10387757131215745,1.0000000000000002,0.04782220666187942,1.1739265466854446e-05,
gaussian,55,Original TV-MVP,1.1451128575906735e-05,0.006485119240510371,-8.733066389669094e-05,0.05371856663322745,-0.02315527367477621,-0.4096782301029148,-0.028071830868463765,0.10294807639794311,1.017209722186865,-0.027121076743551242,1.1934956735869864e-05,0.0005862356792091919
gaussian,55,Dynamic SigmaF TV-MVP,1.1422595004474695e-05,0.006486477817788941,-8.151013918280497e-05,0.0536515977499983,-0.021717824091418203,-0.38285076186882994,-0.02780712135252128,0.10296964314363885,1.0163613484047207,-0.02568601474377652,1.1919628100271428e-05,0.0005592921658521038
gaussian,55,Dynamic-factor CVaR,1.011760426719983e-05,0.006331265247197442,-1.5458393208791e-05,0.050493923152537444,-0.005136561617212654,-0.07714819616703864,-0.022227763661033295,0.10050571997082187,0.9999999999999998,-0.009111038984631503,1.056748068598588e-05,0.0005772169773459726
gaussian,56,Equal weight,7.010561208298776e-06,0.004954503181259831,-0.00025749651509155693,0.04203167168328297,-0.06365085192178899,-1.543814918712366,-0.02190229621420725,0.0786502997249513,1.0000000000000002,-0.06738936135932294,9.182001984787115e-06,
gaussian,56,Original TV-MVP,8.89211467355384e-06,0.0059515407135414655,4.778038559561647e-06,0.0473372252855569,0.00010124039010794839,0.025435916654306067,-0.010433575579058108,0.09447777987423973,1.020824407441435,-0.003973349221268907,1.016940636088994e-05,0.0005211703775087994
gaussian,56,Dynamic SigmaF TV-MVP,8.80348534164296e-06,0.005910856198621614,-2.364792706425837e-06,0.04710072511218937,-0.0016863363911570062,-0.012652199315400531,-0.010530299146375155,0.09383193322210438,1.0198389439249802,-0.005749718448570529,1.0119895141532376e-05,0.0005337226756926916
gaussian,56,Dynamic-factor CVaR,1.0735557973839184e-05,0.006263245460022056,-0.00021444202161722558,0.05201308113741652,-0.05387154797901139,-1.038957667298557,-0.021314267076532167,0.0994259393242362,0.9999999999997656,-0.057637856366482554,1.1546048641472778e-05,0.0005361447508419163
gaussian,57,Equal weight,1.0507491582489e-05,0.005483283076693255,0.0001133476686374833,0.05145763188087097,0.027635394563166882,0.55508991480162,-0.028284133893307084,0.08704442033459678,1.0000000000000002,0.023518301868457492,9.498473747417494e-06,
gaussian,57,Original TV-MVP,1.0999449370044287e-05,0.006742779075582398,-0.00029731643928979144,0.052648468555611005,-0.073461804269774,-1.4230944366764957,-0.02994227950922801,0.10703829947664611,1.0069816547466615,-0.07719875265743414,1.0662486098322063e-05,0.0007034551402857732
gaussian,57,Dynamic SigmaF TV-MVP,1.0964231166811234e-05,0.0067309978661972015,-0.00029698382733598765,0.052564115649713264,-0.07338006472470993,-1.4237835748517371,-0.029950186830826175,0.10685127857558525,1.0070476522136407,-0.07711756291971161,1.062605054100026e-05,0.0007296948685813218
gaussian,57,Dynamic-factor CVaR,1.293983409348887e-05,0.007240661789438937,-0.00021237114256926774,0.05710374936516162,-0.05363668961765067,-0.9371981441223183,-0.03535665907131369,0.11494194253430011,0.9999999999999999,-0.05742769311602436,1.2589481797232455e-05,0.0007277739921331272
gaussian,58,Equal weight,7.163571183586853e-06,0.004796994260748878,0.0003607438147797542,0.04248787989843559,0.09417834206719022,2.1396087905964283,-0.012663678271350287,0.07614992312727396,1.0000000000000002,0.08980974582202195,7.725956312425258e-06,
gaussian,58,Original TV-MVP,9.01312491621727e-06,0.0055825769843953375,7.38471051440292e-05,0.04765823621250321,0.0176459589395912,0.39047753285114517,-0.02225529606164267,0.08862066225349784,1.0094379463500058,0.013547350989433049,9.671575485005686e-06,0.0005364066576716262
gaussian,58,Dynamic SigmaF TV-MVP,8.969019893394908e-06,0.005562555986916247,7.650546849057179e-05,0.04754148728358755,0.018333434704147056,0.4055274489967374,-0.022099488122894417,0.08830283877152309,1.009035336442309,0.01423371892184333,9.613161562168284e-06,0.0005433746987684733
gaussian,58,Dynamic-factor CVaR,1.227692171918037e-05,0.006442547054137232,0.0002404121459672913,0.05562179674582127,0.06083476718642289,1.0892107829707773,-0.021945150582142636,0.10227226389047339,0.9999999999999998,0.05660529280691806,1.2434121423742282e-05,0.0005631480315843206
gaussian,59,Equal weight,8.686017688957556e-06,0.005075124959788856,5.8771415676907646e-05,0.04678542997149117,0.01382767688959885,0.3165600222036109,-0.02510773331886873,0.08056511109706797,1.0000000000000002,0.009773026257460016,8.433522386454411e-06,
gaussian,59,Original TV-MVP,7.07637134512111e-06,0.005144333571678428,0.00022707193973630493,0.04222849250175194,0.05795539474490807,1.3550597102459878,-0.012493209871182409,0.08166376375093073,0.9999999999999999,0.05371449638688475,8.084855798348703e-06,0.0006207742930606303
gaussian,59,Dynamic SigmaF TV-MVP,7.070501847537474e-06,0.005138253162296831,0.00022802626622518205,0.04221097565301522,0.058210566829003385,1.3613193772421417,-0.012457083296668614,0.08156724024437172,0.9999999999999997,0.05396873445190997,8.08113271225497e-06,0.0006201893271780321
gaussian,59,Dynamic-factor CVaR,1.2958140035481607e-05,0.006598466835986257,4.8697605070143144e-05,0.05714412733554836,0.01072149002702849,0.21475166477941826,-0.028409803928577504,0.10474741369396116,1.0000000000000009,0.006674170801502122,1.1252174069549224e-05,0.000629700406620475
gaussian,60,Equal weight,7.1366736448239635e-06,0.0056858668648582045,-5.41570899031885e-05,0.042408038842837795,-0.014428281343470073,-0.32181602894160755,-0.036364079421367324,0.09026033827342385,1.0000000000000002,-0.018372511455396645,7.871859686233596e-06,
gaussian,60,Original TV-MVP,7.17068356753025e-06,0.006132771337092442,-9.274356237197646e-05,0.04250896680722343,-0.023970907731961533,-0.549798771250461,-0.030879117645494558,0.09735472683343004,0.9999999999999999,-0.02787033478943013,8.40186389668418e-06,0.0005281710124000182
gaussian,60,Dynamic SigmaF TV-MVP,7.194495604833226e-06,0.0062143817798498025,-0.00012063336805917662,0.0425794891047083,-0.03081028389748286,-0.7139495891121677,-0.031703915530430726,0.09865025244896111,1.0,-0.03468269865571283,8.455649772310001e-06,0.0005429982052419614
gaussian,60,Dynamic-factor CVaR,1.1113408039601434e-05,0.006731812660274356,-3.255136344504477e-05,0.052920495330066236,-0.009535783678604637,-0.15500504175158136,-0.03107417711956395,0.10686421303057253,1.0000000000000189,-0.01348763211157089,1.0404647839462789e-05,0.0005528016782934337
gaussian,61,Equal weight,1.0696426657056718e-05,0.00699364824758201,5.0773069735424314e-05,0.05191820025365183,0.011533349565445938,0.24644177785086,-0.021692709469507965,0.11102072412098808,1.0000000000000002,0.007464841485587792,1.0391874124887241e-05,
gaussian,61,Original TV-MVP,8.30351761394731e-06,0.006731356652165992,0.00015917413623317667,0.04574370381500302,0.03985182626535133,0.8768831333155981,-0.021102036247564904,0.10685697412626917,1.0,0.03567597262428035,9.909727475407045e-06,0.0005871054306709303
gaussian,61,Dynamic SigmaF TV-MVP,8.343240044214711e-06,0.006772618943460529,0.00016041734676518213,0.04585298781041545,0.04017245106628198,0.8816256762147869,-0.021191519857524987,0.10751199269400946,0.9999999999999997,0.03599517014122844,9.998272567039964e-06,0.0006070536358099103
gaussian,61,Dynamic-factor CVaR,1.1249858791757992e-05,0.007725279970734167,0.00018827647443150092,0.05324438388715766,0.04712156866813477,0.8910925076584829,-0.02760336097513405,0.12263501766546568,0.9999999999999999,0.04291571285698148,1.2143841945901424e-05,0.0005995015512613314
gaussian,62,Equal weight,1.2114354045961957e-05,0.006876774902039554,-0.0002457833329597024,0.05525230510650586,-0.06147699821036823,-1.12099214297852,-0.05057466384062137,0.10916541727780334,1.0000000000000002,-0.06523027831626127,9.453679641820866e-06,
gaussian,62,Original TV-MVP,9.645237829275232e-06,0.00615087130293226,-0.00032265128932394314,0.04930111492631134,-0.07920528189369314,-1.6492147293456163,-0.04780836150882095,0.09764205488353556,0.9999999999999999,-0.0828911459945465,1.2053993259082473e-05,0.0006937163696209558
gaussian,62,Dynamic SigmaF TV-MVP,9.68814602128344e-06,0.006156364536992997,-0.00032218032849909146,0.04941065469474602,-0.0791008559849492,-1.6431565880547656,-0.04786118917951454,0.09772925727084464,1.0,-0.08278708410269875,1.204213106132802e-05,0.0008241614194598356
gaussian,62,Dynamic-factor CVaR,9.338625341538796e-06,0.00580388712893062,-0.00043063898801928895,0.04851116970418026,-0.10390000748821804,-2.2370317113072917,-0.046655233155910025,0.09213385188383455,1.000000000000261,-0.10748808973534696,1.1222696136664208e-05,0.0007052434595003035
gaussian,63,Equal weight,7.914768416407043e-06,0.004894010068832333,0.0005233277676741417,0.04466006763244515,0.13981269602031632,2.952942179560764,-0.014923642156638994,0.07769000133585871,1.0000000000000002,0.1352601062134413,8.857894829654503e-06,
gaussian,63,Original TV-MVP,1.7119336873140114e-05,0.006866055380802285,0.0007303187915594228,0.06568160238629467,0.19943889656511415,2.8020073930379175,-0.02526115190527567,0.1089952501535984,1.0661818803162462,0.1943313815851735,1.6030325470651912e-05,0.000577321516229393
gaussian,63,Dynamic SigmaF TV-MVP,1.7006461846087557e-05,0.006838732573006608,0.0007158672289577966,0.06546471099160268,0.19509849961212655,2.755660858573177,-0.025396645993216116,0.10856151402631413,1.074568262051206,0.18996990652942647,1.5951399449767205e-05,0.0006501291912980239
gaussian,63,Dynamic-factor CVaR,1.1618579565239538e-05,0.005812886359904313,0.0007284441330815917,0.054109907137606175,0.19968949665452485,3.3925011379105126,-0.021198667770138013,0.09227671024671787,1.0000000000000102,0.19490898222686437,1.1693960072022264e-05,0.0006037862504732879
gaussian,64,Equal weight,5.71988878383209e-06,0.004278823796090815,5.836556092587445e-05,0.037965931748420015,0.014097251659344279,0.3874031447662931,-0.01829323993037224,0.06792422200992985,1.0000000000000002,0.01006571073842788,8.298737874641763e-06,
gaussian,64,Original TV-MVP,6.152006648547932e-06,0.004740522875685312,-0.0001678647771273723,0.03937392126057651,-0.0421542398553707,-1.074364007489724,-0.024404596455882555,0.07525346768085658,1.0145261599029076,-0.046029542975989934,9.119165541314382e-06,0.0005534297291379883
gaussian,64,Dynamic SigmaF TV-MVP,6.154044393334872e-06,0.004747131026097286,-0.00016156637626918763,0.039380441682647344,-0.04063272729679801,-1.033881924127222,-0.024276575172866632,0.07535836881655374,1.0133725481096771,-0.04450965805848761,9.112540381703686e-06,0.000527660148064176
gaussian,64,Dynamic-factor CVaR,8.454550760834684e-06,0.00543182088814159,0.00013857211472948402,0.046157846480640106,0.03444976396096222,0.7565381744245039,-0.01800530060355765,0.08622748341761186,1.0000000000000016,0.03032803005970952,1.0807840713151834e-05,0.0005528262438543415
gaussian,65,Equal weight,9.427636803425178e-06,0.006771472700230504,-0.0005498364377988728,0.04874181443548388,-0.1304400664782006,-2.8427087487421403,-0.041272595417570224,0.10749379664683764,1.0000000000000002,-0.13392232821239658,8.41749351402132e-06,
gaussian,65,Original TV-MVP,1.3793018154619145e-05,0.008879937197903075,-0.0005338952646719796,0.05895625984544835,-0.12741263327764463,-2.2820580384514675,-0.047135241764612146,0.14096463290113972,1.0,-0.1309073564264026,1.0046136961408147e-05,0.0006169459659797487
gaussian,65,Dynamic SigmaF TV-MVP,1.3817263778668541e-05,0.008897574153788527,-0.0005343800827740331,0.05900805429959941,-0.1275219452861801,-2.282125422664047,-0.04714615364147612,0.14124461089608248,1.0000000000000002,-0.13101628921626596,1.0078285599073775e-05,0.0006166983000412373
gaussian,65,Dynamic-factor CVaR,1.3172843459825992e-05,0.006829463249310461,-0.0003666105960119914,0.0576155929577762,-0.08975158532046734,-1.6034872757922871,-0.04130556151186404,0.10841436807438355,0.9999999999999996,-0.09340151966794874,1.0651711696105276e-05,0.0005744759930978097
gaussian,66,Equal weight,1.1699118185792261e-05,0.007113334197833995,-0.0004700545035916319,0.0542971249958932,-0.11302061137751473,-2.1815839220594198,-0.039199674504131865,0.11292067967975929,1.0000000000000002,-0.11655403262568131,1.0787263585278074e-05,
gaussian,66,Original TV-MVP,9.701029217888489e-06,0.005959717203644095,-0.0004237379525204086,0.049443496669510534,-0.1023793242691643,-2.159676625399157,-0.036643723804027806,0.09460757763069337,1.0,-0.10595146266698519,8.926451855139472e-06,0.0006199872901504775
gaussian,66,Dynamic SigmaF TV-MVP,9.74315959650953e-06,0.005976117068972529,-0.00042632892940714344,0.04955074387252326,-0.1029701597917877,-2.168179159670994,-0.03678451174023345,0.09486791742185728,1.0000000000000002,-0.1065400215894724,8.982820267267007e-06,0.0006969467334169229
gaussian,66,Dynamic-factor CVaR,1.1116950536639969e-05,0.005953485313219834,-0.0003290583719990775,0.05292892909584769,-0.08085819889682966,-1.5666802854371915,-0.0377651188583088,0.09450864943713097,1.0000000000000007,-0.0845077830697214,9.2541272848761e-06,0.0006575835430430861
gaussian,67,Equal weight,7.280196832235117e-06,0.004718597409212483,5.8304870179780117e-05,0.04283234293992391,0.013885235510015193,0.34303113667894747,-0.01952536849234765,0.07490541169085944,1.0000000000000002,0.009844132932110616,8.407193433222232e-06,
gaussian,67,Original TV-MVP,7.888390524386857e-06,0.004888956538255034,-1.0647482624145616e-05,0.04458558525067814,-0.003654687305554738,-0.060180114406906536,-0.01810126068265827,0.07760977902495636,1.0000000000000002,-0.007627447275608823,8.421263011147657e-06,0.000559523751180638
gaussian,67,Dynamic SigmaF TV-MVP,7.889388507907035e-06,0.004889212261639415,-1.07353659764844e-05,0.044588405488339374,-0.0036768766216253024,-0.06067299775457442,-0.018102804802809236,0.07761383850783334,0.9999999999999999,-0.00764955451009508,8.42166611332043e-06,0.0006077759718092092
gaussian,67,Dynamic-factor CVaR,1.015330536608476e-05,0.0052526672699682465,6.734007939393785e-05,0.05058293143198958,0.01583556831718136,0.3354827315630899,-0.021797873024217207,0.08338350789662731,0.9999999999999936,0.011784152128655023,1.0247011331678887e-05,0.0005817937843158228
gaussian,68,Equal weight,1.5315528513597844e-05,0.009513783990284755,0.00011209704099239517,0.06212498036560379,0.026694503309027118,0.4547036339302196,-0.026772914000209425,0.15102663879288722,1.0000000000000002,0.022605151309005533,1.3981423169668435e-05,
gaussian,68,Original TV-MVP,1.1296501613622826e-05,0.007803442573512663,-7.393351408329773e-05,0.0533546474698592,-0.019835846188670403,-0.3491963012128622,-0.030090775645984835,0.12387581051813024,1.0115253966234707,-0.02379349597840441,9.430596254933513e-06,0.0008793196417722129
gaussian,68,Dynamic SigmaF TV-MVP,1.1300509548640124e-05,0.007801890052713142,-7.468467365154471e-05,0.05336411159437878,-0.020021872993277623,-0.35268155316150285,-0.029789865177146213,0.1238511650144855,1.011272110472338,-0.02397762498975975,9.436848730415977e-06,0.0009563615593545742
gaussian,68,Dynamic-factor CVaR,1.44056936640433e-05,0.009106571262085403,-0.0001421878444217608,0.06025142988626006,-0.03692452475244712,-0.5946968704630664,-0.03586015516893848,0.14456233713579347,0.9999999999999979,-0.04077004281761598,1.1587197120752073e-05,0.0009598252954278694
gaussian,69,Equal weight,1.168506125851425e-05,0.0064455719452682384,0.0009325848290593861,0.05426449518004928,0.2629557176079349,4.330849778353211,-0.01154940753739686,0.10232028254852751,1.0000000000000002,0.25791135367159246,1.0400266765621063e-05,
gaussian,69,Original TV-MVP,1.0845320311476723e-05,0.00434321840749048,0.0012315753379111426,0.05227830064656018,0.3618234674320153,5.93663109388061,-0.008705171942112733,0.06894645477514681,1.015765329171365,0.35630523145671567,1.2140938401701416e-05,0.0005908309632183106
gaussian,69,Dynamic SigmaF TV-MVP,1.0920289337093945e-05,0.004358342771707135,0.0012442402766033908,0.05245867814716336,0.36615875961716293,5.977057767724353,-0.008709677348431089,0.06918654661387821,1.0157576716611714,0.3606231689581507,1.2281438834781549e-05,0.0005842895705122956
gaussian,69,Dynamic-factor CVaR,1.30978425252271e-05,0.005275324258255019,0.001367597202516621,0.05745133868202924,0.40885869874620195,5.99872001141011,-0.00880287042990091,0.08374317643541433,0.9999999999999998,0.4032435401133827,1.42913681678198e-05,0.0006362001961139248
gaussian,70,Equal weight,9.6378094753095e-06,0.005958613239680671,0.00037751507983682815,0.049282126453492184,0.09847339822700585,1.9303915428377263,-0.016844770703458578,0.09459005274607178,1.0000000000000002,0.0940759668201454,9.563901863250919e-06,
gaussian,70,Original TV-MVP,1.3693879449106447e-05,0.006981234689008454,0.00023082011352392322,0.05874400072496616,0.05808748662905305,0.9901720667674556,-0.025987104680903927,0.1108236649877623,0.9999999999999999,0.0538539802397775,1.2142207252603507e-05,0.0006765519012106211
gaussian,70,Dynamic SigmaF TV-MVP,1.3630865453364149e-05,0.006970862203647028,0.00023294588872475376,0.05860868616722069,0.05866258555142223,1.0015983602012506,-0.025739874740497548,0.11065900688729835,1.0,0.054426824947066965,1.211978784759484e-05,0.0007943313568107101
gaussian,70,Dynamic-factor CVaR,1.3798538141675352e-05,0.007197201720971991,0.00024126603302458837,0.05896805585825421,0.06086179063353181,1.0310504465051948,-0.02727533939765192,0.11425203533554784,1.0000000000000002,0.05661808745115127,1.2572824765042757e-05,0.0007168016199797611
gaussian,71,Equal weight,6.469137921603385e-06,0.004202851301406541,0.00023970422126715866,0.040376017092378653,0.06140877472189232,1.496072869721617,-0.01682968605957924,0.06671819604543526,1.0000000000000002,0.05715411760993416,8.020069836354423e-06,
gaussian,71,Original TV-MVP,7.30360060599524e-06,0.0046311950588179066,-0.00027377982807032003,0.04290113463197449,-0.06752005267082539,-1.608174638399892,-0.035529864453755944,0.07351794239197998,1.0224029693669583,-0.0713390680723387,9.217939166161618e-06,0.0006195950861069259
gaussian,71,Dynamic SigmaF TV-MVP,7.308494084600027e-06,0.004634136908889472,-0.0002709680366250533,0.0429155042999521,-0.06685947240687196,-1.5911253134124226,-0.035498164099546314,0.07356464281408279,1.0222319658230843,-0.07068047235906849,9.215053447087268e-06,0.0006070060291249803
gaussian,71,Dynamic-factor CVaR,9.147018312343645e-06,0.00487240731119228,0.00019352215839367855,0.048010921827336316,0.04878243942851079,1.0157602074501277,-0.023919123212354787,0.07734706818976603,0.9999999999999454,0.04457843627999125,9.319308757409793e-06,0.0006243580399603779
gaussian,72,Equal weight,8.220314880237601e-06,0.005457136152209527,-0.0003587092857735687,0.04551394676162325,-0.08737556504991661,-1.9860888023703307,-0.03301076332072417,0.08662935077619799,1.0000000000000002,-0.09103941069107269,7.570457703376538e-06,
gaussian,72,Original TV-MVP,8.366220195140881e-06,0.005234699589812837,-0.00019941059215279172,0.04591609183255367,-0.050000646936005144,-1.0944195644036965,-0.028160818358785256,0.08309827981665954,1.0,-0.053815049205111376,8.116027424327667e-06,0.0006243409847100631
gaussian,72,Dynamic SigmaF TV-MVP,8.370171096318479e-06,0.005232004168436286,-0.00019733380666055585,0.04592693236296386,-0.049503697756378195,-1.0827659658488653,-0.0281231420536453,0.08305549132881425,1.0,-0.05332009594647835,8.121601825148809e-06,0.0008822568079877876
gaussian,72,Dynamic-factor CVaR,8.498761401069696e-06,0.005677588316966095,-0.0003249257565290661,0.04627837370813244,-0.07960083887022629,-1.7693208314045783,-0.029054213698343156,0.09012892039978829,1.0000000000000004,-0.08329984676494251,9.67065853289106e-06,0.0005621126623814368
gaussian,73,Equal weight,7.230724048873605e-06,0.005063553326853991,-0.0003545029693730337,0.042686560652225765,-0.08629501907099191,-2.092807359436357,-0.024384786451515872,0.0803814171190165,1.0000000000000002,-0.0899529303021952,7.4205201423267065e-06,
gaussian,73,Original TV-MVP,1.0707157649213306e-05,0.005777823633134849,-0.00031453656215273113,0.051944236712091106,-0.07743995411368088,-1.525928932247417,-0.02213634791985586,0.09172010671479902,1.004169022129793,-0.0811556993306285,9.875820053706745e-06,0.0007010804538055121
gaussian,73,Dynamic SigmaF TV-MVP,1.0679582193185343e-05,0.005773712361167678,-0.0003159701713135431,0.05187730440840876,-0.07777014462234833,-1.5348616139374156,-0.022152020422343877,0.0916548422956153,1.0039618226924072,-0.08148378047068128,9.855600195086649e-06,0.0006975894223819628
gaussian,73,Dynamic-factor CVaR,1.194773475504929e-05,0.006757432287817123,-0.0006937662482460965,0.0548710229380902,-0.1616943782891488,-3.186182527620676,-0.04313516458879374,0.1072709120095341,1.0000000000000002,-0.16505872138075872,1.1365815999625858e-05,0.0006172192235020671
gaussian,74,Equal weight,7.840815472225963e-06,0.005125303443109757,-7.626652581089983e-05,0.04445093361225321,-0.019989901792216158,-0.43236807289574813,-0.01652553757423736,0.081361669825269,1.0000000000000002,-0.023896984412717703,8.176402979388612e-06,
gaussian,74,Original TV-MVP,7.3597455941150805e-06,0.0052953741334022,-0.00026211217876508943,0.04306571594339284,-0.0647807047093315,-1.5337552761371498,-0.02302214873704822,0.08406145833615836,0.9999999999999999,-0.06851122864822667,8.888774080546742e-06,0.0005933019840124736
gaussian,74,Dynamic SigmaF TV-MVP,7.3486655722598465e-06,0.005293290159464111,-0.00026716805449905585,0.04303328623530257,-0.06597053132920228,-1.5645179725672584,-0.023357160962570123,0.08402837627548482,1.0,-0.06969640769227103,8.880180222905311e-06,0.0007113803090866994
gaussian,74,Dynamic-factor CVaR,8.676684856926071e-06,0.0055116863043479765,-0.00023086269584431126,0.046760288535736924,-0.057538236762475936,-1.2441625399360807,-0.020576029822030995,0.08749530759543245,0.999999999999999,-0.06130147195072089,1.0144592659848308e-05,0.0006312911761626505
gaussian,75,Equal weight,8.043913882898499e-06,0.0048529401018372435,-7.817152165184931e-05,0.04502295301832635,-0.020484066686043412,-0.4375373478556053,-0.0271844983833337,0.07703803582172289,1.0000000000000002,-0.0243909037562986,7.5586530038917665e-06,
gaussian,75,Original TV-MVP,8.95237951129739e-06,0.005809706823289798,-0.00015977112817648566,0.04749736452527595,-0.04053141644540925,-0.8476749121322006,-0.029839578872852823,0.09222623666771929,1.0,-0.04435102058907425,8.945901257607581e-06,0.0005448792659718129
gaussian,75,Dynamic SigmaF TV-MVP,9.026305117020631e-06,0.0058425428091451615,-0.000163078779859101,0.04769306961697055,-0.04133975563630943,-0.8616734643951369,-0.03014065882169714,0.09274749178348085,1.0000000000000002,-0.045155971258941,8.997046897168737e-06,0.0005734229764291688
gaussian,75,Dynamic-factor CVaR,8.057359891840155e-06,0.004845339084889481,-0.00019914014418256223,0.045060566937664234,-0.04989938408953465,-1.1136858620404877,-0.028960052605821796,0.07691737341839308,1.0,-0.05367615900612788,1.0109800781624771e-05,0.0005828168762716903
gaussian,76,Equal weight,1.1727779246762951e-05,0.008797554279621738,3.4476926353564644e-05,0.05436359416175741,0.007256839203579446,0.15981624421753332,-0.030714019194823305,0.13965684461682668,1.0000000000000002,0.003234035833096449,8.102342799313608e-06,
gaussian,76,Original TV-MVP,1.353658919889273e-05,0.009084361163551186,0.000226606073277583,0.05840565450468788,0.05698148665877878,0.9777260600917922,-0.029418952988657487,0.1442097627518988,0.9999999999999998,0.052752658805994335,9.273598214676597e-06,0.0006882865078802078
gaussian,76,Dynamic SigmaF TV-MVP,1.362071525591376e-05,0.009107079877203196,0.00022823386359746141,0.058586860681301804,0.05740401457160549,0.9817036270201855,-0.02947857134235321,0.14457041115048186,1.0000000000000002,0.053173446491833865,9.320987550278073e-06,0.0008283583599086884
gaussian,76,Dynamic-factor CVaR,1.7462039008170107e-05,0.010496626232919849,0.00019754495423871636,0.06633576584361461,0.04875788619559951,0.7504447688975977,-0.03440065183175711,0.166628775705016,0.9999999999999999,0.044565152065482394,1.1021731060946024e-05,0.0007063583995291657
gaussian,77,Equal weight,1.1255715271694287e-05,0.006605524763721296,-0.0001643300414659208,0.053258241131931505,-0.04190832209081374,-0.7775542257737755,-0.026222569772168414,0.10485945482331144,1.0000000000000002,-0.045732138387072796,1.0441007862057887e-05,
gaussian,77,Original TV-MVP,1.505691848352899e-05,0.0077556056313401785,2.7978390775730265e-05,0.06159824232759654,0.005196273767045456,0.1144603191433162,-0.02469948676622158,0.1231164226033092,1.1248006545081655,0.0006802778981034319,1.668719262530979e-05,0.0006427277858134235
gaussian,77,Dynamic SigmaF TV-MVP,1.5241069308087964e-05,0.0077592207495571185,3.2899915465867444e-05,0.06197378046914814,0.006420727498894774,0.13377881153346652,-0.02484263707140899,0.12317381082588194,1.1289609843671407,0.001882483399079593,1.689095242866312e-05,0.0006824142421607864
gaussian,77,Dynamic-factor CVaR,1.3020999186032445e-05,0.007759618791046367,-0.0001634253745715746,0.05728256100140929,-0.04189983026459965,-0.7189482046904921,-0.02294260597465969,0.12318012953863415,0.9999999999999999,-0.0457308311618303,1.458607092607829e-05,0.0006576335218297917
gaussian,78,Equal weight,9.156648602192113e-06,0.006254676986704144,-4.680615207913777e-05,0.04803618893867844,-0.01284752634950681,-0.24554717150854857,-0.026475506712269725,0.09928991902714808,1.0000000000000002,-0.016784436800786562,9.402574898968616e-06,
gaussian,78,Original TV-MVP,9.276164370606385e-06,0.006507688398066303,5.641993461730664e-05,0.04834866514592528,0.013152900399473921,0.2940685845338074,-0.023789747089184687,0.10330635066710249,1.0000000000000002,0.009109102553005677,9.02404748236949e-06,0.000886264210725152
gaussian,78,Dynamic SigmaF TV-MVP,9.256043807503648e-06,0.006503622786683401,5.571687514099499e-05,0.04829620108756919,0.012975948818692684,0.29071960566986743,-0.023817862562982572,0.10324181108722294,1.0000000000000002,0.008932830280110382,9.011472248618287e-06,0.000986776182321453
gaussian,78,Dynamic-factor CVaR,1.114059321185313e-05,0.005888435365614699,0.00019519944481139015,0.05298518179063831,0.04896619056883078,0.9283776790053687,-0.020425125087180862,0.09347601353216516,0.9999999999999987,0.04478610911349845,1.0189109361012183e-05,0.0008879032717420422
gaussian,79,Equal weight,8.36358076981436e-06,0.005301946298496592,-0.00022328842027916502,0.0459088483191772,-0.055700852334371054,-1.2256609340131246,-0.02370971178873993,0.08416578822264847,1.0000000000000002,-0.059463623419832023,1.1790706043686451e-05,
gaussian,79,Original TV-MVP,9.698191253902209e-06,0.0058611399641364526,-0.00039904468718681557,0.04943626397679498,-0.09677364665937493,-2.0341193504889308,-0.03830892553293441,0.09304271246668253,1.1502208958450257,-0.10090718051877667,1.1814283898884354e-05,0.0005501124427007099
gaussian,79,Dynamic SigmaF TV-MVP,9.651963328786525e-06,0.005849124010921865,-0.00039360427837622163,0.04931830044571898,-0.09552883263005696,-2.011186055772078,-0.03798310082723422,0.0928519651228554,1.145860411164135,-0.09965251473772485,1.178940165320933e-05,0.0005152377852312867
gaussian,79,Dynamic-factor CVaR,8.807136175871478e-06,0.005092783801304877,-3.602335585995304e-05,0.04711049051240724,-0.010118449233323501,-0.19269350792086049,-0.02340699655345224,0.08084543651562533,0.9999999999999999,-0.014057536514972546,1.2191742811624414e-05,0.0005681650032193476
gaussian,80,Equal weight,6.60052029250511e-06,0.004659670693038281,-0.00015540496658904098,0.04078395657254563,-0.03919478152949696,-0.9602317889579375,-0.021464228571057786,0.07396997907141169,1.0000000000000002,-0.0430426886009283,8.342437220954404e-06,
gaussian,80,Original TV-MVP,8.19096981594168e-06,0.0048148789304329155,-7.485808470520407e-05,0.04543263577668925,-0.01968437433877579,-0.41521335980666046,-0.021108853638933778,0.07643383345686096,1.0,-0.023608095208881297,8.46487694638662e-06,0.0007484412860206529
gaussian,80,Dynamic SigmaF TV-MVP,8.201470884350207e-06,0.004815798900672276,-7.77087183937757e-05,0.0454617494478188,-0.020389669045540737,-0.43074886631251336,-0.021160190566229753,0.07644843753166253,0.9999999999999999,-0.024310504728096816,8.446176166238071e-06,0.0007931829958933799
gaussian,80,Dynamic-factor CVaR,8.798383933548139e-06,0.005425291501036799,-0.00013509880065444373,0.04708707626572424,-0.03452792553577699,-0.7230199975211008,-0.017344679908726124,0.08612383261065416,1.0,-0.03839371201086017,9.95561476990848e-06,0.0007709917851029679
gaussian,81,Equal weight,8.77314872878846e-06,0.006238109327597299,0.00018245504498244614,0.04701950105705814,0.0459091101995841,0.9778638714132958,-0.02849833549402525,0.09902691559232883,1.0000000000000002,0.04173383065059788,7.608423093376947e-06,
gaussian,81,Original TV-MVP,1.0636075332793707e-05,0.0069662429537003965,-0.00017158219065674203,0.05177152676775154,-0.04358386774837297,-0.8351832512003948,-0.03537066350251272,0.11058567856768374,0.9999999999999999,-0.04740596164693367,8.258148288232433e-06,0.0006719621492242622
gaussian,81,Dynamic SigmaF TV-MVP,1.0655672615659398e-05,0.006973525929312577,-0.00017428398443890313,0.05181920010137332,-0.04423726566779573,-0.8475538795018882,-0.03549684209626791,0.11070129222133002,1.0000000000000002,-0.048056732372592004,8.271587967053808e-06,0.0008091288315956895
gaussian,81,Dynamic-factor CVaR,1.1220082789448502e-05,0.0063220275704715485,-9.834393470586051e-05,0.05317387387562639,-0.025836169384121588,-0.4660685735224686,-0.029361455759864263,0.10035907639896953,0.9999999999999998,-0.029727873119037573,1.050410177693585e-05,0.0006589340354419141
gaussian,82,Equal weight,9.149915661418555e-06,0.0060915028462544055,-0.00037743329494496254,0.04801852503646354,-0.09177756515422053,-1.9807603472598343,-0.0444992085570447,0.09669960985098768,1.0000000000000002,-0.09543039632491979,8.283920896633665e-06,
gaussian,82,Original TV-MVP,9.18975541273943e-06,0.0055964247716221525,-0.0006405162160831759,0.048122950491530925,-0.15007052587508674,-3.3541186648845778,-0.05471866941832371,0.08884048906076197,1.0,-0.15348521722129593,8.388754609531823e-06,0.0007465489993737905
gaussian,82,Dynamic SigmaF TV-MVP,9.117991960936414e-06,0.005568265243439811,-0.000643816762323381,0.04793468445870878,-0.15077004378170222,-3.3846436236635316,-0.05453046749341939,0.08839347040911763,1.0,-0.15418186306219206,8.355499126980138e-06,0.0008788124128116816
gaussian,82,Dynamic-factor CVaR,1.05585529092173e-05,0.005704507923393082,-0.000777548710424787,0.05158250995369224,-0.17907890221181355,-3.7986184697672103,-0.06573528873290913,0.09055625590377356,1.0000000000000004,-0.18237114783631414,1.037573153492613e-05,0.0008460451003589163
gaussian,83,Equal weight,7.66576528423789e-06,0.005945653177636383,-0.00028909639340752,0.043951937973517714,-0.07115511929351248,-1.6575444564603867,-0.03087460581609025,0.09438431813920087,1.0000000000000002,-0.07485707767845373,9.03071062252455e-06,
gaussian,83,Original TV-MVP,8.979702707673893e-06,0.006877371209921322,-0.0005005308344550816,0.04756979169950002,-0.11951290124534075,-2.6515518730767598,-0.04111600624862333,0.10917488337196325,1.0015940900499134,-0.12303324582579422,9.728464427857668e-06,0.0005719777689631255
gaussian,83,Dynamic SigmaF TV-MVP,9.046654200896566e-06,0.006920439117719715,-0.0004996674102591029,0.04774679945950236,-0.11932853722803105,-2.637164978819008,-0.04127373253622679,0.10985856521309768,1.0023399853508035,-0.12285220509200556,9.800291282889457e-06,0.0005950209632533076
gaussian,83,Dynamic-factor CVaR,1.0254361385002265e-05,0.007233511828210432,-0.000593145499311803,0.05083403455383579,-0.13997164199554923,-2.9404053236867385,-0.04648780940668251,0.11482844041853385,0.9999999999999981,-0.14340794819202363,1.20164806513456e-05,0.0006041183224329325
gaussian,84,Equal weight,7.270745860311153e-06,0.0046691785550481545,-0.0003977794394220303,0.04280453196565068,-0.0962132692531803,-2.3418178900961117,-0.032907409982538716,0.07412091170167996,1.0000000000000002,-0.09982540445027244,7.984538114730293e-06,
gaussian,84,Original TV-MVP,7.16119597826471e-06,0.005062542255155254,-0.00047737402798944597,0.04248083552053452,-0.11415701351910956,-2.8318241291461947,-0.036563202458742006,0.08036536685338143,1.0,-0.11769807645290598,8.257262391176174e-06,0.00047740852727480744
gaussian,84,Dynamic SigmaF TV-MVP,7.260043326147959e-06,0.005138262027424038,-0.0004975849680905444,0.042773016239087996,-0.11867026635401401,-2.931554119492481,-0.037375330547304464,0.0815673809739033,1.0,-0.12219348890728476,8.316425278424425e-06,0.0005290441710175737
gaussian,84,Dynamic-factor CVaR,9.6416650511675e-06,0.0055303945872734,-0.00019261268266466955,0.049291983048911824,-0.04852176294819399,-0.9847117731768407,-0.03957771859562775,0.08779229237989869,0.9999999999999997,-0.052325655192268505,9.215546756480513e-06,0.0004974085648281496
gaussian,85,Equal weight,7.136073731954479e-06,0.00510823681032031,0.00017083743855811896,0.04240625638337495,0.04306400952687173,1.015204787884172,-0.017309976440554875,0.08109074542880018,1.0000000000000002,0.03889787405922385,8.259865387461283e-06,
gaussian,85,Original TV-MVP,1.1427146447179739e-05,0.0068607053642467325,0.00028953505597283487,0.053662285682677495,0.0741554147293908,1.359666909020747,-0.023790825536586402,0.10891032127370198,1.0,0.06985710688850522,1.1342543572163991e-05,0.000558557799556302
gaussian,85,Dynamic SigmaF TV-MVP,1.1439250382558601e-05,0.006863013984402123,0.00028677793266092564,0.05369069841606429,0.07340795261572985,1.3460066857489534,-0.023805851935472577,0.10894696948251922,1.0,0.06911264405076079,1.1349144951429434e-05,0.0005688927448352161
gaussian,85,Dynamic-factor CVaR,1.0030411755726158e-05,0.00618134279034549,0.0002848568177681989,0.050275876545745,0.07307654279078313,1.4278004285469077,-0.01758764013866365,0.0981257747501774,0.9999999999999589,0.06878441196941143,1.1583399620003176e-05,0.0005557618625884316
gaussian,86,Equal weight,9.442406157593154e-06,0.006149776625045369,-0.000252777407247305,0.04877997900484865,-0.06281923977916481,-1.305861706500308,-0.0278274352806559,0.09762467741080895,1.0000000000000002,-0.06655058958928894,8.320279076344164e-06,
gaussian,86,Original TV-MVP,9.735422910258714e-06,0.007702367859863963,-0.0004199673448765231,0.04953106674992167,-0.10153127669834527,-2.1366745732172467,-0.0366712023566621,0.12227129918122108,1.0,-0.1051157989635878,8.120870133472535e-06,0.00047558446527322227
gaussian,86,Dynamic SigmaF TV-MVP,9.750121780447686e-06,0.007688914629054501,-0.0004169501050339382,0.0495684444851038,-0.10084920853759194,-2.1197241018956783,-0.03653767490414006,0.12205773576290795,1.0,-0.10443616401701405,8.128393574013841e-06,0.0004585024010084768
gaussian,86,Dynamic-factor CVaR,9.865379727436931e-06,0.007166346349417729,-0.0007436557293402182,0.04986056248493499,-0.17196284539583162,-3.7585064117629425,-0.05182520846316341,0.1137622214970894,1.0000000000000022,-0.17526351403073348,9.889138620153001e-06,0.00046685250966951495
gaussian,87,Equal weight,9.690187125761462e-06,0.00483790869455991,6.845689774274094e-05,0.04941585935397551,0.01617925908704798,0.34910124920822333,-0.01613455604164249,0.07679941962865598,1.0000000000000002,0.012118605453520503,9.42766069521885e-06,
gaussian,87,Original TV-MVP,7.769524162351967e-06,0.004489248223662782,5.6715251409756954e-05,0.04424839080591175,0.013417773586238635,0.32300029661980967,-0.014606795343202195,0.07126460624070115,1.0,0.009363665143985012,8.254602412961734e-06,0.00045274616724796154
gaussian,87,Dynamic SigmaF TV-MVP,7.885788105062293e-06,0.00443588377268817,4.7052032966809224e-05,0.044578230140682996,0.010938553391230066,0.2659843665891725,-0.014928778422108602,0.07041747184391922,0.9999999999999999,0.006895053337944157,8.3123474431831e-06,0.0005663774183321578
gaussian,87,Dynamic-factor CVaR,8.654704475775702e-06,0.005234682551813892,-0.00012233091980412862,0.04670102277140702,-0.03139905118063324,-0.6601009991051988,-0.020875437129007746,0.08309800934681126,1.000000000000001,-0.03527280272960298,1.0189725155333964e-05,0.0004967818173077356
gaussian,88,Equal weight,1.2344483608067296e-05,0.006859662747933773,-0.00018412699841758716,0.055774634640066975,-0.04680368478575492,-0.831919454079211,-0.03292522717171442,0.10889377025284028,1.0000000000000002,-0.050597012693518906,1.2688943571915058e-05,
gaussian,88,Original TV-MVP,1.2581499729182752e-05,0.007197113455370059,-0.0002010237995066109,0.05630752997383257,-0.0508831311962441,-0.8996664833141838,-0.031262974301994206,0.11425063416255564,1.0000000000000002,-0.054661755606654316,1.1723945814774786e-05,0.0006252751891007344
gaussian,88,Dynamic SigmaF TV-MVP,1.281610213210979e-05,0.007249356354095796,-0.00019365565445819905,0.05683007775194107,-0.04914637707038949,-0.8587217694207594,-0.03140420549533707,0.11507996446934024,0.9999999999999999,-0.05293192985038775,1.2001405819503523e-05,0.0006656200719066136
gaussian,88,Dynamic-factor CVaR,1.2053037422281035e-05,0.007301145207731688,-0.0002720684598082564,0.055112298359030726,-0.0676679094640561,-1.2440281736217256,-0.02946599659131821,0.1159020870337744,0.9999999999996902,-0.0713794714345658,1.1189292351485577e-05,0.0006389105142415715
gaussian,89,Equal weight,1.546060091456876e-05,0.0071617350936589805,0.00021780838436970406,0.06241851832966983,0.05439374808016151,0.879349820052926,-0.023151594387633923,0.11368902008127323,1.0000000000000002,0.05018915833519433,1.7515864543790742e-05,
gaussian,89,Original TV-MVP,1.5574160470379152e-05,0.006966185158096044,0.0001286488413949512,0.06264733385017711,0.03095639990815835,0.5174922225590619,-0.02166633853680544,0.11058476109090781,1.014643974399241,0.026783363319385245,1.6995945019270542e-05,0.000715335086631714
gaussian,89,Dynamic SigmaF TV-MVP,1.6127536992079512e-05,0.007147294845654063,0.00013531612687001709,0.06375060252267453,0.0326190602170211,0.5348916343044113,-0.021472098109028503,0.11345978825072657,1.0185581425535437,0.028422631084854766,1.770374675820998e-05,0.0008615917341298002
gaussian,89,Dynamic-factor CVaR,1.3423682081686669e-05,0.006686696487305451,6.319447492192484e-05,0.05816156707470184,0.014362748839893635,0.2738063721679167,-0.023971798657547394,0.10614801598787635,0.9999999999999996,0.010321839747300832,1.4871990723410432e-05,0.0007401380194528469
gaussian,90,Equal weight,7.495082683509566e-06,0.00499039286089837,-0.0004155888719358285,0.04345987616462351,-0.10028699659209417,-2.4097720695549993,-0.03262559154285383,0.07922003072669541,1.0000000000000002,-0.10388654373877915,8.165634570201064e-06,
gaussian,90,Original TV-MVP,8.075906633248867e-06,0.004892654470855253,-0.00024721832738936855,0.0451123982024755,-0.06134551179672554,-1.3809733240628799,-0.02572504480661708,0.0776684818851079,1.0,-0.06510099260208846,7.964029765540324e-06,0.0006069176605023521
gaussian,90,Dynamic SigmaF TV-MVP,8.083224174044821e-06,0.004896546575488256,-0.00024728271991862215,0.04513283164016296,-0.06136159894367821,-1.380707639093477,-0.025714002125576618,0.07773026713072131,0.9999999999999999,-0.06511701720798257,7.960050406648993e-06,0.0006324449288210906
gaussian,90,Dynamic-factor CVaR,1.1168692777778231e-05,0.006344085447989784,-0.0003665102267813632,0.05305196113246064,-0.08950108997657469,-1.740945578209574,-0.03044174947813416,0.10070923434914858,1.0,-0.09315137924716,1.1166746069687842e-05,0.0006484436096759025
gaussian,91,Equal weight,9.87912205250367e-06,0.006296118953347026,-0.00020895430788600545,0.04989527790513773,-0.0524614859812742,-1.0553400601833571,-0.038115949153104234,0.09994778985261908,1.0000000000000002,-0.056252815249281274,9.274825427914492e-06,
gaussian,91,Original TV-MVP,1.0213848257835564e-05,0.006509852396841556,-7.018048337416948e-05,0.05073351713585963,-0.018775201876839898,-0.3485956190052946,-0.03267275105855183,0.10334070308268309,0.9999999999999999,-0.02269753734220803,8.398584114117153e-06,0.00048387853305245865
gaussian,91,Dynamic SigmaF TV-MVP,1.0192313562757748e-05,0.006499787783635766,-7.076179221669476e-05,0.05068000609525371,-0.018916309388294694,-0.35185417312483486,-0.03264620947636765,0.10318093230117563,1.0,-0.02283814829351516,8.384479696554783e-06,0.0004584131694291791
gaussian,91,Dynamic-factor CVaR,1.0227740896324998e-05,0.006988257531274033,-0.00011071569110979603,0.050768008685331545,-0.02875027518591955,-0.5495656592047874,-0.03768028958026537,0.11093514915255163,1.0,-0.03263954937408309,9.410956335400739e-06,0.0005201820395135461
gaussian,92,Equal weight,6.099733883920688e-06,0.004183047293709162,-6.282465278800644e-05,0.03920628697987114,-0.016451456173951717,-0.40380800433118846,-0.021116511295374507,0.06640381716945722,1.0000000000000002,-0.020366759442341564,8.624936564223743e-06,
gaussian,92,Original TV-MVP,7.943478807115435e-06,0.004848253554192467,0.00020284249248800297,0.044740995288360424,0.051404319866745096,1.1424937638853754,-0.01791966912360954,0.0769636391842697,1.0,0.047223824042547546,8.347885845606477e-06,0.0008212469985425476
gaussian,92,Dynamic SigmaF TV-MVP,7.96740497106246e-06,0.004862454331497153,0.00020267533410972367,0.04480832570748142,0.05135691698194966,1.1398369251525677,-0.017925070322484915,0.07718906953530175,0.9999999999999999,0.04717655670285725,8.365489429233348e-06,0.0011696308306842723
gaussian,92,Dynamic-factor CVaR,1.0494278585894054e-05,0.00619769248564654,0.00023261209926808728,0.05142526814364026,0.05898516639776363,1.139872501040275,-0.025713159932075347,0.09838531811684696,1.0000000000000002,0.05479002493082574,9.770475892931093e-06,0.0006788320641322519
gaussian,93,Equal weight,6.275036300722545e-06,0.004823605945628917,-0.0006426090359596584,0.039765678012352326,-0.15021182102636377,-4.072292619065407,-0.03997600080731911,0.07657237052823998,1.0000000000000002,-0.15360552274043726,8.224370307385126e-06,
gaussian,93,Original TV-MVP,7.455983901348931e-06,0.005180471358993098,-0.0005454419563962271,0.04334637174135721,-0.12926182229230831,-3.1710006510350093,-0.03494192343079172,0.0822374333399313,0.9999999999999998,-0.13273678478171402,9.891294434866435e-06,0.0005234085408334883
gaussian,93,Dynamic SigmaF TV-MVP,7.342916094958098e-06,0.0051072895384036456,-0.0005384034334452589,0.043016448667102226,-0.12770292497680436,-3.1540880159167517,-0.034533326722921864,0.08107570795330749,1.0,-0.13118404265406536,9.766486299184558e-06,0.0005334001055559743
gaussian,93,Dynamic-factor CVaR,1.15769437860699e-05,0.007641930768575218,-0.0007174635100322356,0.05401286730113127,-0.16665197904343765,-3.347365425355536,-0.04632778873629029,0.12131189010013631,1.0000000000000004,-0.16997420096826765,1.3880226904839652e-05,0.0005752147497797808
gaussian,94,Equal weight,7.989831964198823e-06,0.0054936411755025765,-0.00033143024599988644,0.04487134558911849,-0.08105148789220207,-1.8613308982698633,-0.04042225655124798,0.08720885005562616,1.0000000000000002,-0.0847234888236219,7.5830971715667035e-06,
gaussian,94,Original TV-MVP,8.889531330577308e-06,0.005441428405285076,-0.00042817783878753424,0.04733034856522274,-0.10329332606432351,-2.279738447853767,-0.044412163179267106,0.08637999802408257,0.9999999999999999,-0.1068811474472332,9.085749919488299e-06,0.0007466884826895074
gaussian,94,Dynamic SigmaF TV-MVP,8.838019807883912e-06,0.005434532022858096,-0.0004279852645207655,0.04719301846233981,-0.1032440497504361,-2.285344107525129,-0.04449510844019999,0.08627052134699587,0.9999999999999999,-0.10683195498976672,9.029468371183296e-06,0.0007841363422663676
gaussian,94,Dynamic-factor CVaR,1.0594116196163589e-05,0.00614216476295627,-0.0005777225262759945,0.051669306957160016,-0.13665586978327926,-2.8176510426636603,-0.05409320454867084,0.09750384284619769,0.9999999999999999,-0.1401127451170029,1.065079660535984e-05,0.0007762971740392435
gaussian,95,Equal weight,1.407648041306167e-05,0.008516905703726457,-0.0008133145441074153,0.05955898810500008,-0.1868063312899062,-3.4412146954837586,-0.051023492676555926,0.13520168659108658,1.0000000000000002,-0.19005402144865768,2.120407856589568e-05,
gaussian,95,Original TV-MVP,8.993762063245925e-06,0.006052577313942518,-0.0005094220697925139,0.047607016709073184,-0.12148601733247422,-2.6965428724973495,-0.03734420241447567,0.0960816861820993,1.0,-0.12498497697273281,1.2884874019482078e-05,0.0007062514651749724
gaussian,95,Dynamic SigmaF TV-MVP,9.001410251645883e-06,0.006054233182120189,-0.0005050344239064752,0.04762725462815133,-0.12051445430546648,-2.6721816283151094,-0.03711696653918606,0.09610797227451143,0.9999999999999998,-0.12401716827006348,1.2904782663194229e-05,0.0007314134074169213
gaussian,95,Dynamic-factor CVaR,1.156659841975253e-05,0.007066844121805469,-0.00041382430176857576,0.053988728469724474,-0.10034261223591001,-1.9315832582380748,-0.03514698784733339,0.1121826726021355,1.0000000000000022,-0.10392520969798047,1.5537850082978413e-05,0.00067847745197854
gaussian,96,Equal weight,9.213115422718161e-06,0.004585398720969577,0.0003394821867536261,0.04818407503029374,0.08805793550800556,1.7754727263754275,-0.01068180103355898,0.07279094806655492,1.0000000000000002,0.08372587665569431,1.012712680577228e-05,
gaussian,96,Original TV-MVP,8.779619850614365e-06,0.005408744696380513,0.0006001835571759385,0.047036838779352726,0.16196628525176515,3.2154851459687706,-0.012869775185324284,0.08586116022997436,1.0403184667845498,0.1571548629206494,9.274964277401943e-06,0.0005964942587343045
gaussian,96,Dynamic SigmaF TV-MVP,8.765842756285684e-06,0.005448958662388549,0.0006058115416036019,0.04699991887848311,0.1636163683305114,3.2481866379135083,-0.012903785576644733,0.08649953714970757,1.0426724465403467,0.1587871157907379,9.286188041213833e-06,0.000609544795561968
gaussian,96,Dynamic-factor CVaR,9.950453895836677e-06,0.00654659228018535,0.0005216018597008232,0.05007508743627757,0.13902910219669606,2.6249313855292713,-0.015402140872809444,0.10392393064983431,1.0000000000000007,0.13448554463671658,1.0389491183251605e-05,0.0006307324262912681
gaussian,97,Equal weight,1.4142771442228655e-05,0.007467564417855274,-0.0015136675715400917,0.0596990653481411,-0.31852159158543236,-6.389450585259129,-0.10031117806825263,0.11854391009399927,1.0000000000000002,-0.32122428918296,1.6557588810996682e-05,
gaussian,97,Original TV-MVP,1.197944087423718e-05,0.00756057285777973,-0.0008767691017692196,0.05494378127056573,-0.19951055850970467,-4.02130702577268,-0.05966565420150638,0.12002037330522047,1.0057492793687828,-0.20272118003946493,1.6731285906028835e-05,0.0006457246661511661
gaussian,97,Dynamic SigmaF TV-MVP,1.1946790599762214e-05,0.00756158251953468,-0.000889789755228338,0.05486885483714853,-0.20213192360823096,-4.0865992006403244,-0.06035237570195762,0.12003640118869183,1.0037170805393503,-0.20532532483763088,1.666676350029819e-05,0.0006808210316565294
gaussian,97,Dynamic-factor CVaR,1.0124147429649284e-05,0.006389544502603893,-0.00048073888842554285,0.05051024799257691,-0.11523388218679964,-2.398447932804462,-0.04437926414244797,0.10143087446921879,0.9999999999999998,-0.11875987255330933,1.2136244212586372e-05,0.000698045195164414
gaussian,98,Equal weight,8.16654999441035e-06,0.005697846058673222,-0.00015578116161045046,0.04536486083513768,-0.03947285569586145,-0.8653581649572005,-0.023162816168091904,0.09045050207987333,1.0000000000000002,-0.04330439512361717,9.728691802406008e-06,
gaussian,98,Original TV-MVP,1.0180364052342684e-05,0.007171631141769197,-0.000337555986178122,0.05065028865850971,-0.08271999449993839,-1.6794397577948494,-0.03090499715346451,0.113846114974845,1.0153120201199006,-0.08643601184912475,1.1908235509762196e-05,0.0005660145187609779
gaussian,98,Dynamic SigmaF TV-MVP,1.0237599942692981e-05,0.0072149617243422,-0.00034466547986663977,0.05079247174098374,-0.08436899607840453,-1.710011305795748,-0.031196758891850362,0.11453396664875529,1.0171744770855002,-0.08808512414570557,1.1998926702212552e-05,0.0005621290647199676
gaussian,98,Dynamic-factor CVaR,1.230112902288423e-05,0.007584598642254632,-0.0002324652048817002,0.05567660652165168,-0.058343611646991644,-1.052169578751306,-0.026483819713494117,0.12040177080986345,1.0,-0.062103685088056304,1.3282964704477107e-05,0.0005806805815377682
gaussian,99,Equal weight,1.0197592433479106e-05,0.004898362661091835,0.0001225908955332964,0.05069312865898824,0.030071208434343077,0.6094101210877456,-0.01774477557395726,0.07775909659592135,1.0000000000000002,0.025952621578302137,9.16728150438997e-06,
gaussian,99,Original TV-MVP,9.330851689915874e-06,0.005272168738951307,0.00022963680302964928,0.04849097468456167,0.05834471510800676,1.1933864959389138,-0.013477788509928867,0.08369308411940503,1.0,0.05412609728705342,8.243742982842942e-06,0.0005722780674857706
gaussian,99,Dynamic SigmaF TV-MVP,9.297282667349201e-06,0.0052559963155181,0.000234012606269425,0.048403669614730645,0.05951655004795908,1.2183203721799734,-0.013429886995355078,0.08343635485639603,1.0,0.055293253463693404,8.22952315884795e-06,0.0005760113176199114
gaussian,99,Dynamic-factor CVaR,1.2495767179597732e-05,0.00641716830042857,0.00010757109641750783,0.056115357338776956,0.025887097782021806,0.48307482270062646,-0.01731279395201868,0.10186938866508613,1.0000000000000027,0.021804511909923496,9.983235245346487e-06,0.00058893993728225
student_t,0,Equal weight,8.851692278521804e-06,0.005558459221869175,-0.0003916154617050714,0.04722950829923486,-0.09498478157167756,-2.0895219938437677,-0.035996775344946275,0.08823780464255661,1.0000000000000002,-0.09862314807567452,9.278273195613006e-06,
student_t,0,Original TV-MVP,9.947617134082552e-06,0.006333131430981764,-8.630307470711662e-05,0.05006794900721222,-0.02272053116124295,-0.43437718655223057,-0.027532068123076736,0.10053534471998621,1.0334567087817996,-0.02678189149716237,1.0117300547310283e-05,0.0005779707630208142
student_t,0,Dynamic SigmaF TV-MVP,9.961630973007578e-06,0.0063326022098570516,-8.671761176516265e-05,0.05010320354226774,-0.02282432241188903,-0.43615650536967443,-0.027648479502804357,0.10052694359507891,1.0339107461471553,-0.026886992636166007,1.0143436962577176e-05,0.0005878318686069056
student_t,0,Dynamic-factor CVaR,8.07980689926242e-06,0.005988435281554751,-0.00024428016637724476,0.04512329042317426,-0.06065133491745933,-1.3642312284799742,-0.02972076095552645,0.09506346298439361,1.0,-0.06442209190872439,1.0426198348558638e-05,0.0005748527777283837
student_t,1,Equal weight,6.862451005576855e-06,0.005550957278089517,5.622878158377738e-05,0.04158530573899112,0.013406916865046359,0.3407370153305422,-0.017193580145425158,0.08811871497701323,1.0000000000000002,0.009347783514679131,9.250978019723147e-06,
student_t,1,Original TV-MVP,9.553635650480114e-06,0.0070015566139126125,-3.789514843330108e-05,0.04906644662007825,-0.010678990823687617,-0.19462541233389694,-0.019679047436266695,0.11114626554451351,1.0,-0.014637314959128012,1.0023401120029352e-05,0.0006180362607658939
student_t,1,Dynamic SigmaF TV-MVP,9.539620795988655e-06,0.0070036748215161395,-3.119014816442455e-05,0.049030444017866506,-0.009004139630567454,-0.16030687657184714,-0.01925055171293355,0.11117989104777834,0.9999999999999998,-0.012969415181359634,1.0035790238300137e-05,0.0006634590193358895
student_t,1,Dynamic-factor CVaR,8.090644805174048e-06,0.006118364032084596,-0.00020704864716016732,0.04515354350329396,-0.05179642342682267,-1.155529666914312,-0.02809276948080086,0.09712601795674952,0.9999999999999807,-0.05558855066436619,1.0528544463672994e-05,0.0006508158811120528
student_t,2,Equal weight,1.081006193417483e-05,0.0072651248459420035,-7.485798684602493e-05,0.05219325250846184,-0.02000421598511859,-0.36143010405684,-0.019430980088732897,0.11533028151719393,1.0000000000000002,-0.023909500099881797,9.963035365187982e-06,
student_t,2,Original TV-MVP,1.1967758991313157e-05,0.007386984162414928,-0.0003587839101349574,0.05491698522143141,-0.08781840406738617,-1.6463676035647583,-0.03133992190353874,0.11726473819513598,0.9999999999999999,-0.09145622617456861,9.309180571917484e-06,0.0005832451064698665
student_t,2,Dynamic SigmaF TV-MVP,1.198137622334379e-05,0.0073792574113931645,-0.00035888948505920633,0.054948219336777744,-0.0878441997082614,-1.645915942800842,-0.031483138385209,0.11714207982525937,1.0,-0.09148186170325379,9.324702518462785e-06,0.0005440841887311395
student_t,2,Dynamic-factor CVaR,1.364393640285373e-05,0.00769915176101869,-0.0002182260175519973,0.0586367800405099,-0.05511593342985199,-0.9378577129424707,-0.031795214142706474,0.12222024519480272,1.0000000000000182,-0.05887937583906555,1.0346628245532192e-05,0.0006455058800236867
student_t,3,Equal weight,1.2244462262819772e-05,0.006269059263969245,-0.00016651287709386684,0.0555482177052566,-0.04254990722909979,-0.7554021850044632,-0.022785851967729642,0.0995182306007295,1.0000000000000002,-0.04638725268981414,1.0014858020932088e-05,
student_t,3,Original TV-MVP,1.2212919810583268e-05,0.0066944516605957904,0.00012199218447154247,0.0554766238362338,0.029657685670402723,0.5541438602604719,-0.01813308084909393,0.10627112554727904,1.0,0.025542387450796733,1.049850666413324e-05,0.0010170328353490158
student_t,3,Dynamic SigmaF TV-MVP,1.2202662274032277e-05,0.00669065309548598,0.00012089862040354189,0.055453321749523124,0.029375322472250165,0.549407165891817,-0.018120115802567338,0.10621082519556235,1.0000000000000002,0.025261110278140153,1.049567864673033e-05,0.0009616264527408621
student_t,3,Dynamic-factor CVaR,1.4053799328723519e-05,0.006024209649645151,0.00011689614029964063,0.059510985799584325,0.028104428939662585,0.4949981412627717,-0.020635662976477787,0.09563136347205971,1.0000000000000004,0.0239848206387816,1.0305546075329117e-05,0.0009377601640537398
student_t,4,Equal weight,8.950981251556433e-06,0.005185574837234615,0.0004665261866142969,0.047493655106679473,0.12347793151860254,2.4753748424443462,-0.011426906256322589,0.08231844854542221,1.0000000000000002,0.11899636558479854,8.55796185920677e-06,
student_t,4,Original TV-MVP,1.161720617940888e-05,0.006039407752499809,0.0004885007865429434,0.0541067089852177,0.12934152071681404,2.2751743825789523,-0.018534928624713842,0.09587262587538013,1.0495463774199498,0.12462078260938503,1.2526338494238383e-05,0.00068724877222125
student_t,4,Dynamic SigmaF TV-MVP,1.1602898021113885e-05,0.006031855155281616,0.0004898560071523901,0.0540733788598484,0.12972909965985546,2.282892550923318,-0.018487011904672723,0.09575273211142828,1.0495409993068043,0.12500672458395612,1.2502345677541028e-05,0.0007102296316669715
student_t,4,Dynamic-factor CVaR,1.1330789427142102e-05,0.005701630274323439,0.00031564590767289055,0.05343555871926306,0.08126055839110635,1.4885737258117961,-0.020620342384461976,0.0905105746409808,1.0000000000000009,0.07695636024139119,1.2138367513251934e-05,0.0007144220793667848
student_t,5,Equal weight,8.880300897584128e-06,0.006178242653707892,-0.00011246949819352022,0.04730576948101786,-0.029016211857987972,-0.5991301664829671,-0.028904028556778538,0.09807656160673699,1.0000000000000002,-0.03288143780009656,9.468811719576285e-06,
student_t,5,Original TV-MVP,8.263978430753771e-06,0.005315708123110389,7.444702561803105e-06,0.04563466406746028,0.0008522300365327862,0.04111052604224401,-0.023358230674117797,0.08438425041573604,1.0,-0.003132100725050213,9.288714637057028e-06,0.0005781656408086076
student_t,5,Dynamic SigmaF TV-MVP,8.303072935484109e-06,0.0053544776515681135,4.027176870350236e-06,0.0457424789418107,-1.4204799409056612e-05,0.022186129715865525,-0.02346513401066508,0.08499969760021432,1.0,-0.003995018588592303,9.307650549445828e-06,0.0005964198628977983
student_t,5,Dynamic-factor CVaR,9.703106447230222e-06,0.007338342089787425,-0.00046330296993202436,0.049448789921513914,-0.1112901439344759,-2.3610759456031536,-0.03635809215266739,0.11649256923057329,0.9999999999999998,-0.1148284398242887,1.0265669486330742e-05,0.0006165869478257259
student_t,6,Equal weight,8.795727602265903e-06,0.00537887427731856,-0.0001286179286274312,0.04707996766960453,-0.032948868899536965,-0.6884396829150355,-0.018491253147877917,0.0853869820276031,1.0000000000000002,-0.03682571151599123,1.0238395456512435e-05,
student_t,6,Original TV-MVP,1.060092670275235e-05,0.0062866463619083175,-0.0002792912379786235,0.05168591228849107,-0.0691949473102792,-1.3617132571399921,-0.026476576195454182,0.09979741712531022,1.0108083426355878,-0.07295067797135946,1.0716875540139674e-05,0.0009109043961600498
student_t,6,Dynamic SigmaF TV-MVP,1.0515186785207052e-05,0.006252679313413544,-0.00028317238854619895,0.05147647103164879,-0.07009526641406272,-1.38625357339995,-0.026758186600838618,0.09925820694678197,1.011700580458576,-0.07385068594427058,1.0647173488463024e-05,0.0009283162743014568
student_t,6,Dynamic-factor CVaR,1.3423479726204087e-05,0.007438363612792744,-0.00022955973739641344,0.0581611286943731,-0.057784263550792025,-0.9946343051195446,-0.024257463058046436,0.1180803616843293,0.9999999999999998,-0.06154332215603753,1.2651884154577705e-05,0.0008927573590681763
student_t,7,Equal weight,1.9885357955849203e-05,0.01352508139167531,-0.0005207606919282093,0.07078919553769487,-0.12518555224633454,-1.8538379108437328,-0.07596445729081391,0.2147040109456815,1.0000000000000002,-0.1286906118173583,7.939222053895699e-06,
student_t,7,Original TV-MVP,1.7391808888438293e-05,0.012309470198357573,-0.0005222078684020191,0.06620223440252186,-0.12523102455851454,-1.9877936753188485,-0.07990525583845476,0.19540678149489032,1.0020106146491563,-0.12873107504595227,9.530859415275868e-06,0.0006564406259523541
student_t,7,Dynamic SigmaF TV-MVP,1.7717284949204345e-05,0.01246578259116839,-0.0005447024595392715,0.0668188282387494,-0.1302138131212841,-2.0542865450054997,-0.08023356085658018,0.1978881638041795,1.0049876833513958,-0.1337045427065996,9.550130353880134e-06,0.0007553325422598136
student_t,7,Dynamic-factor CVaR,2.4484364753528577e-05,0.014719317227871316,-0.0006521351262226817,0.07854972894854063,-0.15417440777494418,-2.092153009411104,-0.0857658488516464,0.23366191712169693,1.0000000000000013,-0.15755579162947708,1.0195136445912694e-05,0.0006212144063815821
student_t,8,Equal weight,5.618299504806945e-06,0.005332262205323254,-0.00022048634199504504,0.03762727036620316,-0.0547123336598796,-1.4766566280783866,-0.02498268662027392,0.084647038324045,1.0000000000000002,-0.05848801519289404,7.6022915904895785e-06,
student_t,8,Original TV-MVP,5.49049373485549e-06,0.00432183347700628,-0.00010202230474366068,0.037196833483289726,-0.026046537283666238,-0.6911776726089403,-0.0153273201737395,0.06860697952795322,1.008860035638615,-0.029978466459239628,9.599937772010596e-06,0.000673614973824094
student_t,8,Dynamic SigmaF TV-MVP,5.4509976358367195e-06,0.004325240926783443,-9.644845489154402e-05,0.03706280351283283,-0.02467263862790081,-0.655779064966135,-0.0150019503545894,0.06866107111624511,1.0073593370820062,-0.0286041577945354,9.529785446338913e-06,0.000654427684288325
student_t,8,Dynamic-factor CVaR,6.562601745155719e-06,0.004889145631090246,-0.0002271532264969931,0.04066664037979092,-0.05640948765285503,-1.40760614947894,-0.019009048264831185,0.0776127807806564,0.9999999999999216,-0.060180603298651714,9.6743333150926e-06,0.000693530521688691
student_t,9,Equal weight,6.988038018601753e-06,0.005434530103621573,-0.00013286231739623362,0.04196409871172788,-0.033767408006903143,-0.79785590568382,-0.01941745223453284,0.08627049088006057,1.0000000000000002,-0.037620291848709186,8.35071055094667e-06,
student_t,9,Original TV-MVP,7.53999084876188e-06,0.006211526462672114,-8.766639818328071e-05,0.04358988063631276,-0.0227658274253022,-0.5068133250124789,-0.016113219326674644,0.09860492569396288,1.0,-0.026664874822000195,9.637708737126483e-06,0.0005304565602272352
student_t,9,Dynamic SigmaF TV-MVP,7.491059703381909e-06,0.006190523365950172,-8.926553770222483e-05,0.04344821107079371,-0.023153657857464705,-0.5177408907424949,-0.01605591933799866,0.0982715118698319,1.0,-0.027051124346204047,9.573660655388787e-06,0.0005838879832398604
student_t,9,Dynamic-factor CVaR,9.871090318697898e-06,0.006380048431524629,0.0002274309909056572,0.04987499133144657,0.05768314713259204,1.1491252064055915,-0.018104307959749488,0.10128012901417123,1.000000000000025,0.05346740034001174,1.0999028603549638e-05,0.000563932884542673
student_t,10,Equal weight,6.853513190360695e-06,0.00518436446747375,-8.113259351684453e-05,0.04155821608263396,-0.021071366003596714,-0.4919704331290679,-0.024514281520060188,0.08229923452113212,1.0000000000000002,-0.024990552071608163,9.286605155235971e-06,
student_t,10,Original TV-MVP,6.33803607724197e-06,0.0051128359353736705,-0.00015912868157685995,0.039964798153687406,-0.040065553056296666,-1.0033937267282005,-0.024276048463093614,0.08116375427563825,1.0000000000000002,-0.043905250282963104,8.552157341942725e-06,0.00038613639594508274
student_t,10,Dynamic SigmaF TV-MVP,6.332595548025271e-06,0.005112242464871808,-0.0001587733380732463,0.03994764170889651,-0.03997892935139469,-1.0015830592960255,-0.02424158574178137,0.08115433322348796,1.0000000000000002,-0.04381896463052348,8.547399842938218e-06,0.00036817843798104806
student_t,10,Dynamic-factor CVaR,8.365854627462891e-06,0.006275019962108899,0.00015596574333121143,0.0459150886541739,0.039004261925061234,0.856001120143594,-0.02353687240746627,0.0996128537502366,0.9999999999999994,0.03484974987701772,1.0610520267317489e-05,0.000438210236491543
student_t,11,Equal weight,1.4153791325502438e-05,0.007764839589097521,0.00011071582191388415,0.05972231922846445,0.026487807658645224,0.4671685139280578,-0.024546134074115877,0.12326300713836602,1.0000000000000002,0.022407356575874005,1.5173632052246048e-05,
student_t,11,Original TV-MVP,1.0250921693036828e-05,0.006918162822690768,0.00011616046045164492,0.0508255080313545,0.028394128914878358,0.575939861058668,-0.02418370578108553,0.10982243014975446,1.027884751322125,0.024177960929578468,1.0806536623727989e-05,0.00036850849793034954
student_t,11,Dynamic SigmaF TV-MVP,1.0221852896517849e-05,0.00690194611006926,0.00011735698608094901,0.050753393284809024,0.02870794894181783,0.5826991769090427,-0.024082488008465797,0.10956499781767738,1.0270219023623308,0.02449412011943286,1.0796250149682567e-05,0.00040593499833430254
student_t,11,Dynamic-factor CVaR,1.3632494625258416e-05,0.008854124621767738,0.00013668542986818645,0.058612188540994786,0.03329209981324888,0.587671765620755,-0.030507651345984876,0.14055487095822758,1.0,0.0291720920986569,1.2126483569390584e-05,0.000437262381441961
student_t,12,Equal weight,1.4859124643268691e-05,0.007682943291869414,-0.00015033591602337478,0.061192314959508685,-0.03894750290723692,-0.6191079854220084,-0.028224352391246432,0.12196294372379043,1.0000000000000002,-0.04278467669009711,1.6022203738575425e-05,
student_t,12,Original TV-MVP,9.973510903365076e-06,0.005380467993293059,-0.00012675084296427322,0.050133070399168644,-0.032631325805727474,-0.6371285894256046,-0.018698117123242763,0.08541228148437707,1.0072609399446077,-0.03652065969266771,1.1069318079581275e-05,0.0006234163845392356
student_t,12,Dynamic SigmaF TV-MVP,9.983782735742911e-06,0.005328958659856801,-0.0001257026585316992,0.05015888006532058,-0.03237687574707793,-0.631534633722603,-0.01872692659205144,0.08459459616555082,1.0104182866086517,-0.036279484669802575,1.1031320333961003e-05,0.0006667032385647204
student_t,12,Dynamic-factor CVaR,1.6171430858278595e-05,0.006074196318704676,-0.0003089865201684238,0.06383729768940886,-0.07675993756501798,-1.219735262938005,-0.030233393710464518,0.09642487724325964,0.9999999999999943,-0.08044528992434796,1.1185879444751039e-05,0.000701144310100877
student_t,13,Equal weight,1.1570725005631374e-05,0.008884265011591286,-0.0002864569884726759,0.0539983583215185,-0.07098987003975832,-1.3368399214156763,-0.04596968093290821,0.1410333348135775,1.0000000000000002,-0.07470222260210402,8.344364351349223e-06,
student_t,13,Original TV-MVP,1.2839934757842253e-05,0.009416516925788362,-0.0002906784348626583,0.056882893377326084,-0.07212466022945496,-1.2877503452485812,-0.04434830047059046,0.1494825720123988,0.9999999999999999,-0.07582417338290415,9.416228191801663e-06,0.004564453513024832
student_t,13,Dynamic SigmaF TV-MVP,1.2823447306501391e-05,0.009411704067349846,-0.00029132546878335956,0.05684636066836954,-0.07227409059859624,-1.2914462292791182,-0.04439077470927766,0.14940617025325678,1.0,-0.0759729594516092,9.40637174760307e-06,0.0044530349369215246
student_t,13,Dynamic-factor CVaR,1.294726358853819e-05,0.00812049634164991,-5.760931956394251e-06,0.057120140268662016,-0.003054205348952288,-0.02541581386500607,-0.045409967006781904,0.12890888305449277,0.9999999999999999,-0.007029295537221092,9.996910047706938e-06,0.004286628077963092
student_t,14,Equal weight,7.682590122038174e-06,0.00565675058709215,-1.3180052577826657e-05,0.04400014444014497,-0.004264713319670266,-0.07548550787442314,-0.017625485119217466,0.0897981316929867,1.0000000000000002,-0.008232509898723817,8.531525057332441e-06,
student_t,14,Original TV-MVP,8.601632618772328e-06,0.005359886286443214,-0.00014410223278115268,0.046557613984509846,-0.036691887123287636,-0.7799747356669181,-0.0201483494326814,0.08508555701708552,0.9999999999999998,-0.04052723700849559,1.0108690595030474e-05,0.0013566463711997532
student_t,14,Dynamic SigmaF TV-MVP,8.625816251446364e-06,0.005365429935185572,-0.00014394307948909564,0.0466230167981919,-0.036656122600311036,-0.7780203539436952,-0.020121566375910893,0.08517355971265457,1.0000000000000002,-0.04049149911010619,1.0140492852026344e-05,0.0017427565634439276
student_t,14,Dynamic-factor CVaR,8.891945621326351e-06,0.0059462019342864545,-0.00022993898630370497,0.047336775308149594,-0.057343982968263374,-1.2240931954348355,-0.02272157680250364,0.09439302938095916,1.0,-0.06109558811931981,1.0889618213760429e-05,0.0012808010728320531
student_t,15,Equal weight,6.305458388088544e-06,0.004197068179436054,0.00034211016253153534,0.03986195571968733,0.08916991127263874,2.1627579330074864,-0.012040518956859425,0.06662639183022248,1.0000000000000002,0.08482017513296314,7.522156194872267e-06,
student_t,15,Original TV-MVP,9.034489323914484e-06,0.004843836326281844,0.00032199682368285035,0.04771468651920968,0.08330186345952417,1.7005916938259769,-0.012583830342290714,0.07689351786505488,0.9999999999999999,0.07896918528942631,9.151160404203457e-06,0.0005964036507946156
student_t,15,Dynamic SigmaF TV-MVP,8.96714413900764e-06,0.004820936314730463,0.0003210295102317497,0.047536515680368555,0.08304690495135048,1.7018377434804393,-0.012587220194981708,0.0765299914515421,1.0,0.07871539808926564,9.114004821438595e-06,0.000573564656378239
student_t,15,Dynamic-factor CVaR,6.684836724339196e-06,0.005173532146028054,-2.267698208872126e-05,0.041043621362319836,-0.006522261619470782,-0.13923234102349594,-0.015343306191495487,0.08212727674913117,1.0000000000000038,-0.010500348745188792,9.709520852504411e-06,0.0005436133633001916
student_t,16,Equal weight,8.427730349877504e-06,0.006151466147669717,-4.825474718636499e-05,0.04608457494833961,-0.013119138571259237,-0.2638669512433487,-0.01617409850241236,0.09765149775099961,1.0000000000000002,-0.01707618680434775,9.908355049636688e-06,
student_t,16,Original TV-MVP,6.285245938757325e-06,0.003517100854231691,0.000565845680240117,0.03979801473147682,0.15231714298877508,3.5829202130459676,-0.01300964454482001,0.05583224517737933,1.0000000000000002,0.14771034216022283,8.756393723800996e-06,0.0008234672534981428
student_t,16,Dynamic SigmaF TV-MVP,6.32490125173695e-06,0.0035254495011171607,0.0005766719964111177,0.03992336553245119,0.15545776022567526,3.640007327976373,-0.013048599666354854,0.05596477583803641,0.9999999999999998,0.15083858261216787,8.788043897929274e-06,0.0008066866108779317
student_t,16,Dynamic-factor CVaR,8.14730619209443e-06,0.004105879378228396,0.0004530332042375701,0.045311380032038266,0.11977793389741676,2.5195517635336993,-0.01269504697519419,0.06517881448812507,0.9999999999999944,0.11530606424306855,9.812601878616842e-06,0.000845096256963904
student_t,17,Equal weight,1.0571605960236208e-05,0.006269784168083599,0.0005528703255813989,0.05161438464206974,0.14794662327934516,2.6993118878134057,-0.013914145124083177,0.09952973809679518,1.0000000000000002,0.14335526451639247,1.4441597118862107e-05,
student_t,17,Original TV-MVP,6.132012742007533e-06,0.004593386278315612,0.0005121664816961331,0.03930988693682416,0.1368633135263193,3.2832949531208384,-0.011821266198837388,0.0729177466084778,1.0151726162705121,0.13225484136687826,9.555322182657766e-06,0.0006001623003399422
student_t,17,Dynamic SigmaF TV-MVP,6.099444941747202e-06,0.004586257029846297,0.0005075541872503582,0.03920535837510346,0.1355479526961456,3.2624023982475014,-0.011894827217238224,0.07280457329757022,1.0071697732662923,0.1309809099275938,9.540259311029365e-06,0.0005483037190252429
student_t,17,Dynamic-factor CVaR,6.8278936475137134e-06,0.0050876671274271085,0.00033723647092883763,0.04148046768267513,0.087762514740507,2.0487616322021753,-0.01506320002965933,0.08076421183590296,0.9999999999999998,0.08341718351576666,1.1093350791759876e-05,0.0005958411183445317
student_t,18,Equal weight,5.186659039481901e-06,0.004067345247555199,0.00012795791731471894,0.036152981591418415,0.0321049194975056,0.8919152375239563,-0.01740028951357553,0.064567104127629,1.0000000000000002,0.027985343203172475,7.875758908147516e-06,
student_t,18,Original TV-MVP,5.989125825711605e-06,0.004818760481272018,9.34462255282241e-05,0.03884919185876747,0.023066562097606713,0.6061502879833541,-0.019131726926308157,0.07649545116619008,1.0000000000000002,0.018983042538013972,7.797009582433591e-06,0.0011230386972664905
student_t,18,Dynamic SigmaF TV-MVP,6.010512196148592e-06,0.00482365822096492,9.40607336758711e-05,0.03891849269215658,0.023222273040286234,0.6090499206588378,-0.019156855402011952,0.07657320037347257,1.0,0.019138137103163144,7.802680010556693e-06,0.0012657840399287331
student_t,18,Dynamic-factor CVaR,6.9125309249492785e-06,0.005208265208177711,0.0003257824794751634,0.04173676788021826,0.08461710338288375,1.967023058981343,-0.016139808975627168,0.08267864701744963,1.0,0.08028713901775553,1.0880769651718218e-05,0.0011020151484809342
student_t,19,Equal weight,1.7290014110162863e-05,0.006489527266529711,0.0013629945557381157,0.06600820824534659,0.40650175525323307,5.203513883748227,-0.014162027752309125,0.10301805164166235,1.0000000000000002,0.4008923125714021,1.4280469688492474e-05,
student_t,19,Original TV-MVP,1.2611510950448372e-05,0.00440346359010404,0.0010637192072507128,0.056374646424727046,0.30520317880039616,4.7549254359421464,-0.01676249484545278,0.06990281740045773,1.107497563375598,0.2994277884766421,1.3356215616576093e-05,0.0010913969867286323
student_t,19,Dynamic SigmaF TV-MVP,1.2183937647060129e-05,0.004460519481589288,0.0010394426441089463,0.05541075966867042,0.2973190161582191,4.727232542591484,-0.017186301467792098,0.07080855159866405,1.0856192139507832,0.2916921998676061,1.307869890675811e-05,0.0013980406922475394
student_t,19,Dynamic-factor CVaR,1.3047759339437617e-05,0.005118389163310775,0.0010887475018053015,0.05734139302055959,0.31338090084668124,4.7847524450018755,-0.018040962153727635,0.08125190903620966,1.0,0.3081300882747857,1.2902165786164019e-05,0.001046008920349167
student_t,20,Equal weight,1.1013121428456121e-05,0.00575561779389383,0.0001792554626766668,0.05268117880202514,0.04477738903613515,0.8574670806869559,-0.017827566522836014,0.09136759994508774,1.0000000000000002,0.040610886515406674,9.147131839435432e-06,
student_t,20,Original TV-MVP,9.08645895393838e-06,0.005563746479689175,0.00018045278957809743,0.047851725741006164,0.04534218435602644,0.9503127059576846,-0.01866500303217644,0.08832173725841182,0.9999999999999999,0.041163201269810434,8.39904017215434e-06,0.0007434137612483576
student_t,20,Dynamic SigmaF TV-MVP,9.081318641878018e-06,0.005558590872448248,0.00018152095170885144,0.04783818869640928,0.04562421616612644,0.9562084409367289,-0.018570866591488433,0.08823989453070971,1.0,0.041444194154212965,8.39007808290467e-06,0.0006697071825069179
student_t,20,Dynamic-factor CVaR,1.2398466719096862e-05,0.006051461516116442,0.0004560532850754235,0.05589645438856037,0.12004123684844226,2.0560414626679266,-0.01993433869044403,0.09606397344073196,0.9999999999999988,0.11555101574938931,1.094276998678595e-05,0.000744480511143668
student_t,21,Equal weight,1.0440067117376117e-05,0.0051793995042373805,0.00017527164815388504,0.05129226953039592,0.04380533578739665,0.8611132971724853,-0.027981591085723845,0.08222041817318004,1.0000000000000002,0.03964014799090365,9.89589506957657e-06,
student_t,21,Original TV-MVP,1.2195920124881128e-05,0.00682391788976338,0.0001116660337331973,0.05543800024775465,0.02698528956923174,0.5075911897075589,-0.03906884552581358,0.10832633822063147,1.0367829503650343,0.02274174516385874,9.264198876811261e-06,0.0005121231953903999
student_t,21,Dynamic SigmaF TV-MVP,1.214047251004667e-05,0.006747563560580158,0.00012802906604221644,0.05531183483244577,0.031235584891639023,0.5832987594856096,-0.03850821623473766,0.10711425082137965,1.036401418612516,0.026975927991228943,9.303373790731907e-06,0.0005122723605153849
student_t,21,Dynamic-factor CVaR,1.3520187985683417e-05,0.0068914325188279175,-7.197489450462356e-05,0.05837026102727502,-0.019616507167673047,-0.3107348347592593,-0.04159700529547694,0.1093980997308127,1.0000000000000009,-0.023527715876953126,1.1752614712116633e-05,0.0005316673772773348
student_t,22,Equal weight,8.546271748932233e-06,0.005347557321642656,0.00045251828864070433,0.046407547669866406,0.11957740821548857,2.4572427215649464,-0.010785650047074546,0.08488984076837465,1.0000000000000002,0.11511629947552526,9.105176295341032e-06,
student_t,22,Original TV-MVP,9.636377925677451e-06,0.0043092472295317725,0.0006312293283236501,0.04927846626337632,0.17096813618175277,3.2279777111443964,-0.008837067997064296,0.06840717904341086,0.9999999999999999,0.16629248740020297,8.585983577580598e-06,0.0010025275534582385
student_t,22,Dynamic SigmaF TV-MVP,9.670424969854834e-06,0.004298333491850205,0.0006304613943211839,0.04936544431485874,0.17073685010730122,3.2183701286188455,-0.00878053835670456,0.06823392882873312,1.0,0.16606205091900028,8.577506814659651e-06,0.0010539941421942708
student_t,22,Dynamic-factor CVaR,8.54354254649816e-06,0.004409767211735075,0.0007070581584963792,0.04640013708727094,0.19370189718240427,3.8400458948205944,-0.010379500343697279,0.07000288429162632,0.999999999999991,0.18894039099076876,1.0015451659028259e-05,0.000922021060134951
student_t,23,Equal weight,1.3482391837005287e-05,0.005938846314416009,0.0002907987985185832,0.058288615894746834,0.07422732312982294,1.257214571006606,-0.02695111167745967,0.09427626253546362,1.0000000000000002,0.06994968430689896,1.1115430050362459e-05,
student_t,23,Original TV-MVP,8.1993022863048e-06,0.006122317391588855,-4.155271403282133e-05,0.04545573864924879,-0.011422635600360831,-0.2303621995249224,-0.03230785319139706,0.09718877559329854,1.0317398064076886,-0.0154763416972995,9.400758435004e-06,0.0012054697336584045
student_t,23,Dynamic SigmaF TV-MVP,8.270301611592332e-06,0.006166083977388813,-5.668636779254544e-05,0.04565211940448404,-0.015194490675437655,-0.3129091238274111,-0.03280991987230819,0.09788354860386492,1.0329009632839175,-0.01923728993224627,9.511555130753585e-06,0.0012005783347395346
student_t,23,Dynamic-factor CVaR,1.1587780849000767e-05,0.008045068720622342,-0.00045481437848388426,0.05403814184396234,-0.10959474427805838,-2.120968994620316,-0.03880877298595198,0.12771150669114775,0.9999999999999987,-0.11315227187478594,1.0805526103677163e-05,0.0012660377570850553
student_t,24,Equal weight,6.015357057094901e-06,0.00376099961802956,0.00015499746736798538,0.03893417494166167,0.03905475184447216,1.0032153457793374,-0.012654209799330074,0.0597040180218908,1.0000000000000002,0.034910830438965146,9.158351272109036e-06,
student_t,24,Original TV-MVP,6.777443492553394e-06,0.00430862608851639,0.00018462509785033127,0.041326937463638115,0.04674075516692944,1.1257917356982814,-0.01496891086745844,0.06839731873547603,0.9999999999999998,0.04257430267201645,9.356184446242091e-06,0.000570211134539392
student_t,24,Dynamic SigmaF TV-MVP,6.788439776772343e-06,0.004307941523077499,0.00018351664378816394,0.04136044999448907,0.04644704586176296,1.118125993328874,-0.015196941300861466,0.0683864515960313,1.0000000000000002,0.04228174031466958,9.375281785977045e-06,0.0005421386907302026
student_t,24,Dynamic-factor CVaR,7.650426986978536e-06,0.00457603086090827,0.00024399105626827556,0.04390794461960832,0.06239938428201164,1.4003330538990264,-0.017817047078645176,0.0726422378983205,0.9999999999999998,0.05818061094053717,1.029673277629962e-05,0.0005716421000687761
student_t,25,Equal weight,1.1820475370481936e-05,0.0071318653470050855,-8.731396801241851e-05,0.05457801565980068,-0.023197011969169457,-0.4031498703851891,-0.04005602251407181,0.11321485255304896,1.0000000000000002,-0.027095405528456795,1.0993066836798718e-05,
student_t,25,Original TV-MVP,8.73921250825938e-06,0.005817380761047387,-0.00030762774069364323,0.04692847272265915,-0.07560677306984709,-1.6519223012635345,-0.03153984819906741,0.0923480566530183,1.0075559431378145,-0.07932130048862152,1.0355784444046018e-05,0.0010053989037179768
student_t,25,Dynamic SigmaF TV-MVP,8.773021361458149e-06,0.005842289575857407,-0.00030622290519316585,0.04701915974459193,-0.07528325225014687,-1.641206957501055,-0.0314709194395878,0.09274347182966236,1.0077557789185794,-0.07899976708370471,1.0354221632535302e-05,0.0009754545954876177
student_t,25,Dynamic-factor CVaR,7.930223390909942e-06,0.006049951715785226,-0.00028041881016350095,0.04470364967773108,-0.06915141759621368,-1.5807555014105252,-0.03589573113037514,0.09604000610349739,0.9999999999999998,-0.07286030896476103,1.1103656007474993e-05,0.0010213526144623372
student_t,26,Equal weight,6.750004040358616e-06,0.005838085949946557,-0.0002881122543150756,0.04124319359810018,-0.07081986971289522,-1.7603944251965855,-0.03480202820433642,0.09267674133707322,1.0000000000000002,-0.07455407148836746,8.27375348599597e-06,
student_t,26,Original TV-MVP,9.233636567192183e-06,0.006817899674229176,-0.00021992801372181558,0.048237707397143476,-0.055003823797616924,-1.148932286553475,-0.04274454581079412,0.10823080201079212,0.9999999999999999,-0.058795928626369065,9.91063400770122e-06,0.0014677677208911027
student_t,26,Dynamic SigmaF TV-MVP,9.220235705474444e-06,0.0068278503181549224,-0.00020294343524819813,0.048202690773229244,-0.050948019073844386,-1.0609728391127282,-0.04249461184199588,0.10838876358606701,1.0000000000000002,-0.054756158323147286,9.845268032043505e-06,0.0019075294005305421
student_t,26,Dynamic-factor CVaR,9.985890818180416e-06,0.006620864164105649,-0.00012819650292394342,0.05016417532643654,-0.03299058722500903,-0.6439958102891152,-0.03491411439326042,0.10510296025537852,1.0000000000000089,-0.036872919372249235,1.1380604247723142e-05,0.001651853306980635
student_t,27,Equal weight,6.11083268489682e-06,0.003640982508769681,0.00010019393367642316,0.03924193976594428,0.024793539260872688,0.6434154742872985,-0.012362496852383997,0.057798805476843754,1.0000000000000002,0.020736269612193325,7.718000028789589e-06,
student_t,27,Original TV-MVP,7.662035678727702e-06,0.00420723392691961,8.05548095528881e-05,0.04394124475978555,0.01953888908394119,0.4619762621268737,-0.01706790963552851,0.0667877680686179,1.0293313662803385,0.015388440372668732,8.692479736004395e-06,0.0006168742815110104
student_t,27,Dynamic SigmaF TV-MVP,7.650324828848113e-06,0.0042186709426267986,7.794792204196966e-05,0.043907651461558776,0.018870863330645582,0.44736795753636993,-0.017219802530661688,0.06696932506442967,1.029759142631888,0.014721412886686824,8.688703811221834e-06,0.0006233814577275596
student_t,27,Dynamic-factor CVaR,7.992163962436648e-06,0.004306036057552796,0.00011733959177655463,0.04487789342799008,0.028990694777293102,0.6588895972833118,-0.015871915870383058,0.06835620326857027,1.0,0.024914712868767674,1.0025938573235987e-05,0.0006453827222461663
student_t,28,Equal weight,9.874348175473984e-06,0.006602202994397853,3.696981677758396e-05,0.049883221028913564,0.008123983191569817,0.18676407889841642,-0.023885750164484132,0.10480672337005612,1.0000000000000002,0.004108730531363625,8.106097807307363e-06,
student_t,28,Original TV-MVP,1.1267274146480693e-05,0.00733246886341384,9.861535025231342e-05,0.053285580459568375,0.02372955268301702,0.46637510653448333,-0.023708839021771122,0.11639933465230475,1.0,0.019653022766879857,1.0511227153203002e-05,0.0007456457943583906
student_t,28,Dynamic SigmaF TV-MVP,1.1264309753408247e-05,0.007333057643381006,9.753100060012189e-05,0.05327857034360887,0.023450250454750687,0.4613076513262522,-0.02369614166201084,0.1164086812445251,1.0,0.019374853280399895,1.0518673621219267e-05,0.0007234340122927631
student_t,28,Dynamic-factor CVaR,1.2371235140766888e-05,0.007177542255844659,0.000250378857172173,0.055835036092701296,0.06348909465046892,1.1300336925122072,-0.01927746750535486,0.11393995100173504,0.9999999999999523,0.05924449822951883,1.1556661275844666e-05,0.0006730490381597288
student_t,29,Equal weight,1.0226881242684414e-05,0.006325857971013409,0.00018303544804644433,0.050765875085104877,0.04587395610009515,0.9085814600926165,-0.02435910720732004,0.10041988212250272,1.0000000000000002,0.04169356057927365,7.782148427736936e-06,
student_t,29,Original TV-MVP,1.2050199719936235e-05,0.006880961973339292,0.0002761223934249777,0.0551058103054835,0.07045098080966694,1.2627133646589406,-0.024264092546489202,0.10923188497408814,1.0,0.06617223021117757,8.923329832874008e-06,0.0004590897943397424
student_t,29,Dynamic SigmaF TV-MVP,1.2030832936138236e-05,0.00687990332580993,0.0002819389533090857,0.05506151014916714,0.07202331166592901,1.290349938485374,-0.024058456045829013,0.10921507946555556,1.0,0.06773838878314598,8.882364111781257e-06,0.0005540086134447837
student_t,29,Dynamic-factor CVaR,1.3217056429227697e-05,0.0066849598185614615,0.00030940680277483616,0.05771220165758174,0.07930888677001335,1.3510230429584664,-0.01846501993563887,0.10612044722623858,1.0,0.07498924934859152,1.2126591588391508e-05,0.0005060561360127336
student_t,30,Equal weight,6.279227556787049e-06,0.004051241066628602,0.0007759455698534145,0.039778956048523155,0.21492893897741627,4.9156212989737345,-0.0059156524683532385,0.06431145818082801,1.0000000000000002,0.2100801304791462,7.952219697760002e-06,
student_t,30,Original TV-MVP,7.077360413054282e-06,0.003999584676276758,0.0006323333194440733,0.042231443547310565,0.17166075499773692,3.773207428284896,-0.011251829609844055,0.06349143840583847,1.0,0.16698391790557565,8.207927536395215e-06,0.0006385700363205315
student_t,30,Dynamic SigmaF TV-MVP,7.010711699471277e-06,0.003985829035898769,0.0006307384715183033,0.04203212281418537,0.1711999014648724,3.78153859906809,-0.011214725195045183,0.06327307438445089,0.9999999999999999,0.166524999218836,8.197027313053416e-06,0.0007839417201183727
student_t,30,Dynamic-factor CVaR,8.736270385519801e-06,0.004758078865307598,0.0005640198010396415,0.04692057264304209,0.15143830691897886,3.0292253878335127,-0.01397830049031179,0.07553216037621778,1.0000000000000002,0.14684365114036058,9.716869444053218e-06,0.0007069881802318536
student_t,31,Equal weight,7.054598066926891e-06,0.006831775788320676,-0.0010345902934663523,0.04216347605292496,-0.23028134238490372,-6.183473905857778,-0.06333777999151313,0.10845107849309255,1.0000000000000002,-0.23336452645905215,9.760206226162227e-06,
student_t,31,Original TV-MVP,6.237399716520999e-06,0.005166225081404165,-0.0006683324507409501,0.03964624482297525,-0.15570246793828268,-4.248063803740603,-0.041429896193153515,0.08201128069427904,0.9999999999999999,-0.15909436690156908,9.187381724935429e-06,0.0006204536622787674
student_t,31,Dynamic SigmaF TV-MVP,6.2864387952188495e-06,0.005190833512337596,-0.0006602993349577467,0.03980179112044017,-0.1539955872154053,-4.1806016193050155,-0.040945787860968585,0.08240192742471125,1.0,-0.15739446761533293,9.215755638377847e-06,0.0007342845068408693
student_t,31,Dynamic-factor CVaR,7.150510514057294e-06,0.005617327418993789,-0.0006577645256580313,0.042449130138819555,-0.1535456835279625,-3.9048305565686996,-0.040818307436918944,0.08917230830089135,1.0000000000000002,-0.1569412363382109,1.0064810872896568e-05,0.0006494953993402774
student_t,32,Equal weight,1.2969720963323036e-05,0.007429823385821102,0.0002556343625115291,0.0571696570110177,0.06481763205580915,1.126819063135019,-0.031995492916609414,0.11794478978408722,1.0000000000000002,0.06059480203966627,1.1384269513158837e-05,
student_t,32,Original TV-MVP,1.0413097674912698e-05,0.006500665296473481,0.00012905716359472774,0.051225975969990074,0.03172209558692152,0.6348811244694318,-0.026214230910551528,0.1031948623856208,1.0,0.0276216039666064,8.46079220628845e-06,0.000582286275595728
student_t,32,Dynamic SigmaF TV-MVP,1.0535543035497333e-05,0.006489003201296139,0.00014235084911734712,0.05152627334618067,0.03516801508034639,0.6961965546501236,-0.026349395097046258,0.10300973236398951,1.0,0.031054449929674544,8.548823559875707e-06,0.0006081000038466521
student_t,32,Dynamic-factor CVaR,1.0048138094822779e-05,0.0064868325334035744,0.00017009744741897098,0.05032028219212747,0.04249250540290195,0.8518345860207991,-0.021028097306404203,0.10297527407945369,1.0000000000000002,0.03835486892606976,1.0044523610019354e-05,0.0005157560379353876
student_t,33,Equal weight,7.968917623799268e-06,0.00610730692199802,0.0005532193867704708,0.04481257905094747,0.1484169842410874,3.1109855406371905,-0.010445210866338761,0.09695049177570067,1.0000000000000002,0.14383057231023622,8.829326360682256e-06,
student_t,33,Original TV-MVP,7.833382113001242e-06,0.004592110814134607,0.0004134133723231793,0.04442985811902074,0.1087009817524478,2.344823374100331,-0.016314742744646393,0.07289749924230313,1.0222259035996673,0.1041778064654153,9.295685134339112e-06,0.0007004923872829231
student_t,33,Dynamic SigmaF TV-MVP,7.856151237606928e-06,0.0045776898487391825,0.0004126361943250878,0.04449438292500466,0.10848084770453115,2.337021307727491,-0.01639162537936545,0.07266857351369256,1.0230119127138824,0.10395507128088921,9.306121683033313e-06,0.0007235461022116361
student_t,33,Dynamic-factor CVaR,8.0002746756355e-06,0.004951184540541334,0.0007080912621260084,0.0449006594412615,0.19409162263785795,3.974084128746168,-0.012913224195432949,0.0785976179367598,1.0,0.18932358965445473,9.766366351835162e-06,0.0005934577838405661
student_t,34,Equal weight,1.3702554555048235e-05,0.006606778907615404,0.000480126470721332,0.05876260501264521,0.12666902709450856,2.058994331441556,-0.02419169084646866,0.10487936374042403,1.0000000000000002,0.12217618610979031,1.165037393791156e-05,
student_t,34,Original TV-MVP,9.51077569315977e-06,0.004456452183164401,0.0006752744393189603,0.04895626083225988,0.1840431951678183,3.475942725516417,-0.016308316156621983,0.07074398523782323,1.0239476172155053,0.17921282665104865,9.544412422625735e-06,0.0006283543091209402
student_t,34,Dynamic SigmaF TV-MVP,9.504794007290232e-06,0.004454971071078645,0.0006777312483675374,0.04894086319056029,0.18477687666958387,3.489686602453736,-0.016278678121381063,0.07072047331236689,1.0278892131244115,0.17992509825197156,9.609552913835655e-06,0.0006393735871528989
student_t,34,Dynamic-factor CVaR,1.1387645251062508e-05,0.0057201664050937255,0.0005958176651968353,0.05356945587989253,0.1603146067843677,2.802829507289439,-0.025151175724780317,0.09080482659470611,0.9999999999999999,0.15569908112730002,1.1337744351249734e-05,0.0005928547843252599
student_t,35,Equal weight,7.357047298072357e-06,0.004562706142780656,0.00014239205638733388,0.04305782064984519,0.03558692689483056,0.8333630840588574,-0.019730158527853092,0.07243071455558629,1.0000000000000002,0.031454341174070644,7.958147669972891e-06,
student_t,35,Original TV-MVP,1.0066666348057227e-05,0.006565085671282527,0.0002843795965488648,0.05036665483939173,0.07294317537910833,1.4228393479541914,-0.019429702642268842,0.10421750413228263,1.0465349014140621,0.06846084439346001,1.1438136044977548e-05,0.0006770613766147828
student_t,35,Dynamic SigmaF TV-MVP,9.99848299839528e-06,0.006540216127294384,0.00028243735581458496,0.050195793803819964,0.07242737643067199,1.417931827982347,-0.01943599932903428,0.10382271236060937,1.0449979878046411,0.06795374234535023,1.1376122142057948e-05,0.0006665351457529191
student_t,35,Dynamic-factor CVaR,9.450251419550272e-06,0.005868581068945239,0.00018535320576240305,0.04880023932038314,0.04658538554206637,0.9571471062974052,-0.015408073932222432,0.09316083634350422,0.9999999999999999,0.04240618030005372,1.136573533616204e-05,0.0006599346847377816
student_t,36,Equal weight,6.676524095945962e-06,0.006080617088087776,-0.0004208472110435996,0.04101809444840634,-0.10138881062857519,-2.5855295963683553,-0.034134397031772123,0.09652680379733992,1.0000000000000002,-0.10496714483337077,7.352167988617666e-06,
student_t,36,Original TV-MVP,9.197396056449225e-06,0.00666477088314671,-0.00052031698130718,0.04814295178138961,-0.12391791163798616,-2.7235529695978413,-0.04139750336321668,0.10579995781218311,1.0375222847424737,-0.1275369894907764,9.60664464040792e-06,0.0008020558775596878
student_t,36,Dynamic SigmaF TV-MVP,9.382821177328072e-06,0.006740844835196995,-0.0005227715608740804,0.048625825820099694,-0.12448005368496196,-2.709227681348984,-0.04170791802930207,0.10700759436243255,1.038670061967041,-0.12810078254949708,9.737438172929593e-06,0.0007358388421675611
student_t,36,Dynamic-factor CVaR,9.888997410727955e-06,0.006852777707941638,-0.0006623746056201396,0.04992020981029071,-0.15481679033454288,-3.3437039077080586,-0.051002077685311065,0.10878447363132474,1.0,-0.15818303029449032,1.0178128345488076e-05,0.0007943652063383559
student_t,37,Equal weight,1.1348908652006131e-05,0.00810235961522598,-0.0005122260623407352,0.05347826642950896,-0.12236504758304845,-2.413708901353602,-0.04299589470246645,0.12862097144820556,1.0000000000000002,-0.12589222497934427,8.230633144700779e-06,
student_t,37,Original TV-MVP,1.9853062604605295e-05,0.010731412690625625,-0.0005942497903308897,0.07073168862935858,-0.14124093420814965,-2.1171691227123786,-0.0535894657431184,0.1703558951747876,1.0042961552214995,-0.14471326169095677,1.5949987425640537e-05,0.0009485971159220912
student_t,37,Dynamic SigmaF TV-MVP,1.9843747209954436e-05,0.010728126376527721,-0.000595701491137778,0.07071509242664198,-0.14155423737654804,-2.122839278226884,-0.0535954594191983,0.17030372655578901,1.003273808646836,-0.14502178809717192,1.5930460107523318e-05,0.0009253130215496341
student_t,37,Dynamic-factor CVaR,2.0437728032213136e-05,0.011261411244519872,-0.0007124215270725359,0.07176564264407942,-0.16651680582746609,-2.5016180195397455,-0.05915504344783884,0.17876936138775584,1.000000000000002,-0.16987971347562258,1.399683794991372e-05,0.0009862457344321
student_t,38,Equal weight,1.2087964970563334e-05,0.00748488214808234,-5.1373980810952405e-05,0.05519209338829214,-0.014342648608630215,-0.23456698903010417,-0.025897429513216386,0.1188188205387168,1.0000000000000002,-0.01827268387257175,9.378420526088192e-06,
student_t,38,Original TV-MVP,1.4159829139508807e-05,0.008579618759686613,-0.00019119570447329807,0.0597350562329711,-0.04871811806860182,-0.8065836138056093,-0.02904756259437602,0.1361972254912513,0.9999999999999999,-0.05251752751964589,9.298066641401854e-06,0.0005636091780690384
student_t,38,Dynamic SigmaF TV-MVP,1.4153222726903884e-05,0.008593103725419259,-0.0001946044569287036,0.05972111960755407,-0.04953439530720616,-0.8211554550265037,-0.029176450227456296,0.13641129268585214,1.0003458088317176,-0.05333195371890487,9.286838044915834e-06,0.0005689379725022888
student_t,38,Dynamic-factor CVaR,1.9635178937207026e-05,0.010131805668548464,-0.0004039905806656984,0.07034248426218803,-0.09902083303901654,-1.4472850567559596,-0.032466390353955044,0.1608374287860825,1.0,-0.10262262391461441,1.1066021029337158e-05,0.0005607176662192099
student_t,39,Equal weight,1.0053877610365055e-05,0.0063049763895302105,0.0002597375681221296,0.050334651660779314,0.0663031009267876,1.3003738976459076,-0.016897761510998532,0.10008839729298506,1.0000000000000002,0.06204313517482385,7.817278798646523e-06,
student_t,39,Original TV-MVP,9.879260763536106e-06,0.006652955859397422,0.00024292734080858693,0.04989562818936243,0.061819230740305375,1.2269149042764294,-0.016912000879050537,0.10561240012473347,1.0,0.0575828163151757,8.146670229961926e-06,0.000559622773197303
student_t,39,Dynamic SigmaF TV-MVP,9.854671333756805e-06,0.006647206012702413,0.00024248421740264082,0.049833494520319516,0.06170393789798245,1.2262038489102873,-0.016872083380308323,0.10552112413814303,0.9999999999999999,0.05746796481725913,8.146125637670889e-06,0.0005482930814912235
student_t,39,Dynamic-factor CVaR,1.1388356722611831e-05,0.007309610912705474,0.00023111708734398944,0.05357112929646137,0.05846853466649482,1.0871808523650532,-0.015501235921337897,0.11603647593397529,0.9999999999999983,0.05424804910624603,9.749228376411365e-06,0.0005914633174423895
student_t,40,Equal weight,1.331927929510504e-05,0.006080560377031799,-0.00022462191553032792,0.05793494957593793,-0.056595275366554065,-0.9770393023204119,-0.0395282543712524,0.0965259035372357,1.0000000000000002,-0.0603811099235535,1.2214916826541114e-05,
student_t,40,Original TV-MVP,1.209711869923895e-05,0.005954200937165014,9.97569618110841e-07,0.05521298680752759,-0.0012454466363184258,0.0045530509812893956,-0.03131136927911515,0.0945200096150781,1.0,-0.005248129719129024,1.1114163287898742e-05,0.0006486537824132642
student_t,40,Dynamic SigmaF TV-MVP,1.2087155217657125e-05,0.005954844528941974,-4.477385489814574e-06,0.05519024474351963,-0.0026212458000861583,-0.020443851058764447,-0.03152978154560149,0.09453022631780421,1.0,-0.00661849833124184,1.1084557388243804e-05,0.000597669116796418
student_t,40,Dynamic-factor CVaR,1.690606461769312e-05,0.006864128490016096,0.0001368481749941502,0.06527119030367583,0.03292490302961126,0.528345506464339,-0.03026602636816611,0.10896466171065537,0.999999999999998,0.028782555743533944,1.2326939665956245e-05,0.0006904284077055787
student_t,41,Equal weight,9.922523844104356e-06,0.005678519275359522,-2.6257343401596092e-05,0.050004759860580256,-0.007815693282556158,-0.13232441382882054,-0.03870109371387109,0.09014369890612803,1.0000000000000002,-0.01177333829120153,1.066057329579144e-05,
student_t,41,Original TV-MVP,6.04831313125654e-06,0.004935596685195992,0.00016504268899736213,0.03904068274347476,0.041682438945111144,1.0653183987743329,-0.018729830199254338,0.07835016840446007,1.1183897966196872,0.03704028144528437,1.1952787195927294e-05,0.0007975899479654392
student_t,41,Dynamic SigmaF TV-MVP,5.828416883486991e-06,0.00486309215660694,0.00016681608542882173,0.03832441851664187,0.04217643102732982,1.0968895329699206,-0.018715233144104282,0.07719919469502444,1.115560335988507,0.03754386630203177,1.1653375578263424e-05,0.000729132651214773
student_t,41,Dynamic-factor CVaR,9.481765651582138e-06,0.005927752633309484,0.0003980754480988208,0.04888153991230942,0.10419867778277192,2.0522064791915726,-0.018630121862155513,0.09410015580747089,1.0000000000000062,0.09980532463249214,1.5361016358543454e-05,0.0008440958954043766
student_t,42,Equal weight,7.327047662328425e-06,0.005705931565377519,0.00014084610143553553,0.04296994311035056,0.035187014578351716,0.826001036831845,-0.015544676729865814,0.09057885551965442,1.0000000000000002,0.031042987921405363,9.777289530412613e-06,
student_t,42,Original TV-MVP,7.06540869689382e-06,0.004999368261127178,-4.1810879960723884e-05,0.04219576983084019,-0.011347636693007424,-0.2497013750985432,-0.017084600902580904,0.0793625107882316,1.0000000000000002,-0.015309904063779856,8.477320663330175e-06,0.000956174466577593
student_t,42,Dynamic SigmaF TV-MVP,7.054262659799163e-06,0.005030859302279297,-4.602144447512578e-05,0.042162473720945136,-0.012394799301944537,-0.27506460091715235,-0.0174547432630916,0.07986241556872165,1.0,-0.016352901940203335,8.472037187417523e-06,0.0007475213392292909
student_t,42,Dynamic-factor CVaR,6.637143071582082e-06,0.004337356188414859,0.00030829312692013067,0.04089694431175372,0.07988583625058299,1.8996496997831935,-0.011030645255651339,0.06885339493231638,1.0,0.07556773675031936,9.797937366352027e-06,0.0010022582310168426
student_t,43,Equal weight,5.359234669694456e-06,0.0036524440676676106,0.0002607421137947174,0.03674951886437431,0.0671962022959709,1.7879693314833145,-0.01629391978933714,0.057980752083730006,1.0000000000000002,0.06292260320359855,7.572203379685202e-06,
student_t,43,Original TV-MVP,8.538739454099217e-06,0.005240766525366857,0.0002229854528205861,0.046387092411930744,0.056676210268102656,1.2113786656810388,-0.029576714858124076,0.08319458943283668,1.0,0.05245100567857164,9.740389011276728e-06,0.0005817515030177992
student_t,43,Dynamic SigmaF TV-MVP,8.508458641544028e-06,0.0052365572484982595,0.00022547461901754548,0.04630476841178558,0.057343063573364494,1.2270788936277162,-0.02942273229507919,0.08312776923407433,0.9999999999999999,0.05311517440968627,9.712158559807434e-06,0.0005560476402976023
student_t,43,Dynamic-factor CVaR,1.2248647296117235e-05,0.007324283023825684,9.006515186589701e-05,0.05555770980360461,0.021402623954509092,0.4085196879143765,-0.03262000422473865,0.11626938847736956,1.0,0.017306962853069763,1.0380271242057424e-05,0.000626974814326915
student_t,44,Equal weight,6.3043090191185725e-06,0.004609354845359718,0.00012532830237448102,0.03985832250381193,0.03127861060898374,0.7923748470686077,-0.023074948334733558,0.07317123975163439,1.0000000000000002,0.0271489336388977,8.62006390038836e-06,
student_t,44,Original TV-MVP,5.730997361856684e-06,0.003532346849153382,0.00039234756155170843,0.038002780624421216,0.10312004135619235,2.601693452070558,-0.015878803368194472,0.05607426784369462,1.0,0.09871768423936267,9.882611642235831e-06,0.0008029372175515996
student_t,44,Dynamic SigmaF TV-MVP,5.7866816402752445e-06,0.0035693403640639386,0.0004057601235900031,0.03818695815784967,0.10684577735315592,2.6776563538267073,-0.015877258672791328,0.056661521687147574,1.0,0.10242926622767667,9.753789272996015e-06,0.0009584197363566768
student_t,44,Dynamic-factor CVaR,4.979812243110108e-06,0.003600127392526408,0.00046312335502966476,0.03542474679180851,0.12306725056599532,3.29450725938463,-0.009443199478054498,0.057150250612657744,1.0000000000000013,0.11858141855286086,1.0759037848144903e-05,0.0007828632980348789
student_t,45,Equal weight,1.8825348023482896e-05,0.012167474942638229,-0.00012510342534682699,0.06887661215476332,-0.03330761743572386,-0.4577179713276613,-0.032960973352884615,0.1931526766909839,1.0000000000000002,-0.03716054904062882,7.801024663821843e-06,
student_t,45,Original TV-MVP,1.8322182647938246e-05,0.011573397411814651,-1.1179240424065682e-05,0.06794990822128046,-0.00508873226287232,-0.041459490683789846,-0.02594082588639446,0.18372198825468092,0.9999999999999999,-0.009053971208580203,8.385613557966693e-06,0.0006947843116420594
student_t,45,Dynamic SigmaF TV-MVP,1.8268529475931498e-05,0.0115470150838818,-1.4389140896603714e-05,0.0678503458203032,-0.005886514966232048,-0.05344207847587846,-0.026115204863650487,0.18330318178237726,1.0,-0.0098485703130885,8.305497538064072e-06,0.0006425182043594356
student_t,45,Dynamic-factor CVaR,1.754357067837585e-05,0.011140406629012648,-0.00015019601060882706,0.0664904490205226,-0.039248882748373126,-0.569245586862288,-0.02835063901724777,0.17684847266701723,1.0000000000000002,-0.043084930799865306,9.48647841090992e-06,0.0007018460560979413
student_t,46,Equal weight,1.3450492896844955e-05,0.007405827444746467,-3.281856418565662e-06,0.05821962049004553,-0.002489647830072661,-0.014205311036336167,-0.022033037423898616,0.11756386602873656,1.0000000000000002,-0.006481605663315904,1.0484269841697447e-05,
student_t,46,Original TV-MVP,1.4486807341506131e-05,0.007046650834083656,0.00026632719589383513,0.060420819673847076,0.06749156159871927,1.1107835631415093,-0.02116298043975484,0.11186211409734735,1.0189800903228974,0.06313915001411585,1.2126829706922646e-05,0.0007253417909879908
student_t,46,Dynamic SigmaF TV-MVP,1.4519349885799574e-05,0.007033767958822146,0.00027236765651656434,0.060488644977561644,0.069112895013824,1.1347030416640196,-0.021317173224215447,0.11165760479266681,1.0222587758271624,0.06473995411011102,1.221591294409456e-05,0.000770663011441967
student_t,46,Dynamic-factor CVaR,1.2543440314961106e-05,0.006515536344343967,0.0001673509902746369,0.05622229948490367,0.04145079596383483,0.7501018267766206,-0.024096911263783105,0.10343093295202226,1.0000000000000002,0.03728402822242849,1.2040437864497014e-05,0.0007517687061832783
student_t,47,Equal weight,6.525624998237971e-06,0.004240251522381622,-0.00025190021820214813,0.04055191117020219,-0.06227220398283895,-1.5653727076021517,-0.025939045445003583,0.06731190614750882,1.0000000000000002,-0.06601656292292868,8.585717881523054e-06,
student_t,47,Original TV-MVP,6.705480207714402e-06,0.004401628651802525,-0.00031741808179209564,0.041106946035238734,-0.07765255671872939,-1.9458841954115886,-0.028497079868228248,0.06987368865795598,1.0,-0.08133922027213603,8.922193663942291e-06,0.0005691108924209203
student_t,47,Dynamic SigmaF TV-MVP,6.78755865332733e-06,0.00441927430051438,-0.0003161669364246121,0.041357765663034646,-0.07737099556471527,-1.9264596793780504,-0.02842012138070693,0.07015380464723983,1.0,-0.08105881395152592,8.955307361379317e-06,0.0005121979113709447
student_t,47,Dynamic-factor CVaR,8.535417180123358e-06,0.0056152248973295295,-0.0005650281546689981,0.04637806733134841,-0.1336673292040843,-3.070138605804808,-0.0460479321313636,0.0891389318041928,1.0000000000000075,-0.13713221060723702,1.24860924659019e-05,0.0005552190994949622
student_t,48,Equal weight,1.0592670518929386e-05,0.007059703538542564,-0.00019036267926001625,0.05166578142997748,-0.04809507851232531,-0.9284945247279309,-0.02241069608142454,0.11206931935695792,1.0000000000000002,-0.05189873469509476,9.790546435668963e-06,
student_t,48,Original TV-MVP,9.428096098166263e-06,0.005236229218304522,0.00014299426971174525,0.04874300172063574,0.0354783992128791,0.7392765052486353,-0.013469185874624645,0.08312256191618345,0.9999999999999999,0.03134623331831721,9.715996417655653e-06,0.0006520280019254297
student_t,48,Dynamic SigmaF TV-MVP,9.410433768113565e-06,0.005234559635448393,0.0001442466208850223,0.04869732343327114,0.03580746276300517,0.7464506445171555,-0.013475099333179252,0.08309605811000023,0.9999999999999998,0.031674051070580855,9.706214048146449e-06,0.0007499847672239853
student_t,48,Dynamic-factor CVaR,1.0909773846157775e-05,0.005565021737870069,0.0004564027005580991,0.05243341500638462,0.12034410459506328,2.1935149661077054,-0.009438356540999449,0.08834198135443609,0.9999999999999966,0.11586838168787028,1.108505354404e-05,0.0005400193678054478
student_t,49,Equal weight,1.1167191813783466e-05,0.005344028846584869,0.00036568166533319747,0.05304839617814504,0.09499838688916418,1.7371265919992243,-0.020394592880779383,0.08483382796331346,1.0000000000000002,0.09062969977720514,8.252783620110026e-06,
student_t,49,Original TV-MVP,1.0792397712404858e-05,0.006221882843983518,0.00029660704804531024,0.052150591785003024,0.07615733555427351,1.4332526928086105,-0.013903648617862752,0.09876932815055807,1.0039930346480275,0.07184001075125557,8.808209392273876e-06,0.0007375968223894155
student_t,49,Dynamic SigmaF TV-MVP,1.0678447047532073e-05,0.006119820947455083,0.00030540358141507943,0.0518745472845603,0.07856013773729376,1.4836120322057547,-0.013985364479517148,0.097149145771259,1.0,0.07425117154659477,8.763570328206995e-06,0.000588514008558155
student_t,49,Dynamic-factor CVaR,1.0564788680601908e-05,0.0047292915195163345,0.0007177160231154005,0.051597739751966666,0.19661066337120525,3.5052783066565865,-0.015333523097845414,0.07507517542900195,1.0,0.1918281254959815,9.9535134152034e-06,0.0006960167494039504
student_t,50,Equal weight,5.4552002646711245e-06,0.004029034144787566,0.0003783625074487713,0.03707708816367763,0.09927845695970228,2.571597625363065,-0.00890672817846927,0.06395893422537423,1.0000000000000002,0.09489212994886587,7.508777091359475e-06,
student_t,50,Original TV-MVP,8.035205261340751e-06,0.004016619366401311,0.0007195105088490926,0.04499857470918239,0.1975267020991578,4.029386472833592,-0.010353954245453156,0.06376185572822217,1.0251160975373612,0.19262467531675398,9.358889164168845e-06,0.0008423698302177821
student_t,50,Dynamic SigmaF TV-MVP,7.954204956222518e-06,0.003954299422818674,0.0007128442985875522,0.04477119217720336,0.19553010062167586,4.012329234679857,-0.010320475219027903,0.06277255729358676,1.022487923469318,0.19064860546948914,9.279866043042917e-06,0.0009339176147342957
student_t,50,Dynamic-factor CVaR,8.981992008456529e-06,0.003921843415958656,0.0007384967814854483,0.04757585507514337,0.20312477303068288,3.9116730249072074,-0.008004074420223772,0.06225733415737588,1.000000000000047,0.19831025609821662,1.174401125225608e-05,0.0008405191301166743
student_t,51,Equal weight,9.607893064932583e-06,0.0055039112506434455,0.00027313054093447176,0.049205579484068784,0.06996864752605148,1.3988026771998796,-0.023856330467377562,0.08737188244423828,1.0000000000000002,0.06568354044062641,1.0009800206236612e-05,
student_t,51,Original TV-MVP,8.854811838379774e-06,0.005832473207513025,0.0002446000661527833,0.04723783000172323,0.062404234339507925,1.3048697763689148,-0.013943668940425868,0.09258764181316011,1.0992168391208175,0.05772113598455664,1.106308692650243e-05,0.0008530705864721233
student_t,51,Dynamic SigmaF TV-MVP,9.013681138483522e-06,0.005910118577497219,0.00024341329089341547,0.04765970674372481,0.06206573211326227,1.2870442035025143,-0.014167191918511568,0.09382022384976277,1.1082926480347384,0.057345314219775956,1.1334518290007114e-05,0.0009634714186404584
student_t,51,Dynamic-factor CVaR,9.568514327753849e-06,0.0061651812683210325,0.00013187737847730185,0.049104639399897544,0.032563228804532995,0.6767812529002994,-0.013769694252792064,0.09786921854166737,1.0000000000000158,0.02842048489819371,1.2327447132191003e-05,0.0007191892074965002
student_t,52,Equal weight,8.830930804477225e-06,0.006048903757560755,6.814713384515726e-05,0.047174087831438366,0.016207888106888557,0.3640362435908072,-0.023217790080533263,0.09602337028241938,1.0000000000000002,0.012156822146603075,9.977334255697349e-06,
student_t,52,Original TV-MVP,9.053084147335853e-06,0.006010637821262847,0.00010002571264626765,0.04776376456194209,0.024375333061210203,0.527732263527315,-0.020566534455974672,0.09541591737564355,0.9999999999999999,0.02029035888971209,1.2389452497506319e-05,0.0006523706993402469
student_t,52,Dynamic SigmaF TV-MVP,9.055575544766462e-06,0.00601047005420691,0.00010015596082167512,0.04777033637395856,0.024408636711674703,0.5283467532964881,-0.02057641137100097,0.09541325415619437,1.0,0.020323529366976567,1.2389435517897412e-05,0.0006601544155625826
student_t,52,Dynamic-factor CVaR,9.669511168933235e-06,0.005603072401070252,1.493810299310347e-05,0.04936311188094988,0.0025702096633373195,0.0762594133720898,-0.017661843313450443,0.08894601690672867,0.9999999999999984,-0.0014300320189648552,1.0742463390669584e-05,0.0006288425976241833
student_t,53,Equal weight,4.639208325345225e-06,0.003798937366021417,0.00026824755975071957,0.03419181916755815,0.06931076704784744,1.9770338842140336,-0.013325544412305823,0.06030626110082056,1.0000000000000002,0.06504409242531461,7.432523768119468e-06,
student_t,53,Original TV-MVP,7.78149703226364e-06,0.0049355221162392365,0.0005339091053521982,0.044282471161063694,0.14287277805259735,3.038337541267471,-0.01310755206836789,0.07834898465896946,1.0000000000000002,0.1383159982767852,9.698861045589776e-06,0.0017093058765822963
student_t,53,Dynamic SigmaF TV-MVP,7.784803900637031e-06,0.0049361315260489196,0.0005341798154029476,0.0442918794245687,0.14295023725550227,3.039232365625759,-0.013098522756952669,0.07835865873978713,1.0000000000000002,0.13839314614979004,9.700435628450376e-06,0.0019411822404369482
student_t,53,Dynamic-factor CVaR,9.82564507637836e-06,0.0058272465075561546,0.0006634886283487358,0.04976004983164051,0.1804869340136379,3.360107855791694,-0.011963952917292797,0.09250467052357952,0.9999999999999725,0.17578712329088253,1.0103665251549985e-05,0.0018426160187259778
student_t,54,Equal weight,8.472061764369048e-06,0.006907847064432795,-0.00011176227642923816,0.04620562265158863,-0.028794800986512104,-0.6095382346113604,-0.03720282194300917,0.10965867256414051,1.0000000000000002,-0.032672245103165354,9.45413499958873e-06,
student_t,54,Original TV-MVP,1.2646764002561508e-05,0.008738096865878233,-6.940993218263352e-05,0.05645338367755737,-0.018881517654954383,-0.3098362183200223,-0.02738155341999393,0.13871298743464036,1.059240276795836,-0.02302679870419788,1.0929885022908693e-05,0.0019202367616313863
student_t,54,Dynamic SigmaF TV-MVP,1.2596813441889877e-05,0.008735054226934528,-6.604200327912552e-05,0.05634178722188576,-0.018042367222456113,-0.2953861715603314,-0.027506913398454236,0.13866468703879392,1.0584219213857593,-0.022187856965802277,1.0879857530091751e-05,0.0015577168762765717
student_t,54,Dynamic-factor CVaR,1.083074065310576e-05,0.007047816907157167,-6.761809528325103e-05,0.05224314925980871,-0.01821548175318166,-0.3261625735202023,-0.022913327999616206,0.11188062493352559,1.000000000000013,-0.02212664785907359,1.2332121176935985e-05,0.0017564976585395956
student_t,55,Equal weight,6.3008605441274904e-06,0.004424790194333283,0.00023291759805157172,0.03984741970467006,0.05961731671472825,1.4729996357108432,-0.019835498852527556,0.07024136674705816,1.0000000000000002,0.05539609673570611,8.150165706367527e-06,
student_t,55,Original TV-MVP,1.6020569858009172e-05,0.008774309292155854,-6.433483011414964e-05,0.06353883540181006,-0.01803668107950307,-0.2551569774019475,-0.030011971165042284,0.13928784188044543,1.0687983604968037,-0.022271050748197463,1.6367883429091695e-05,0.0006347694471098212
student_t,55,Dynamic SigmaF TV-MVP,1.5188269911436559e-05,0.008487197203832146,-5.419472602076657e-05,0.06186633994089204,-0.015422290061006039,-0.22075123516731932,-0.02920249864730906,0.13473007877581578,1.0565423702988148,-0.01961756316114749,1.5384663135553827e-05,0.0006380005868346089
student_t,55,Dynamic-factor CVaR,1.3203412159648305e-05,0.0062302617619457,0.0001887073338729179,0.05768240515296994,0.0469846364852986,0.824415140281765,-0.026698624573790464,0.09890233934966054,0.9999999999999885,0.04278186482030688,1.471960352044043e-05,0.0006585925793339215
student_t,56,Equal weight,6.22978610052142e-06,0.005371921462794298,0.000297749980955527,0.0396220405498177,0.0770750994006697,1.8937186010511526,-0.01491118923989887,0.08527660951874416,1.0000000000000002,0.07276902498733673,7.712027535689146e-06,
student_t,56,Original TV-MVP,8.778340687515979e-06,0.006162106799206864,0.0002762560435418533,0.04703341209453155,0.07092033779032092,1.480150383999913,-0.016064203820247647,0.09782041285752954,1.0,0.06663816956216118,9.129634774902001e-06,0.0005969534942609532
student_t,56,Dynamic SigmaF TV-MVP,8.624270351317963e-06,0.0061982437772370525,0.0002770173637547397,0.046618838772883725,0.07114615192889917,1.4974284538978928,-0.016010129798235906,0.09839406959953724,1.0,0.0668633739063782,8.995168224243625e-06,0.0005368696306447112
student_t,56,Dynamic-factor CVaR,8.800239062167403e-06,0.0064039137315100485,0.00037980793770936796,0.04709204013064401,0.09922055295085874,2.032436905201708,-0.013587265031618778,0.10165897890652348,1.0000000000000009,0.09482487289421826,1.0027503433228474e-05,0.0005803448156535048
student_t,57,Equal weight,1.0423612628216274e-05,0.005892613163426322,0.00010147647166085258,0.05125183296537306,0.024576916722584663,0.4989493912502981,-0.018952131457760646,0.09354233401638994,1.0000000000000002,0.02047752649188861,8.90018466953274e-06,
student_t,57,Original TV-MVP,1.314383750648676e-05,0.006584677851728138,0.00023488181246088754,0.05755212464917923,0.059245471800113414,1.0284627561701634,-0.021930866917179603,0.10452852035488616,1.1379525490232252,0.05444823138560562,1.390048264428372e-05,0.0012146951416224323
student_t,57,Dynamic SigmaF TV-MVP,1.3795962009166635e-05,0.006749416829085184,0.00024863577169354634,0.05896255104988244,0.06283640199515728,1.0626442267358207,-0.022137180775105847,0.10714367054684122,1.1593370113505257,0.057933771366410314,1.4764451396396478e-05,0.0013679400616519435
student_t,57,Dynamic-factor CVaR,1.288170664095879e-05,0.005949291636666784,-0.00028409828998513176,0.056975346190449916,-0.07058293496720947,-1.2565569823295508,-0.03680473206535262,0.0944420768857005,1.0000000000000016,-0.07429653976741579,1.308079411099703e-05,0.0010049639522915486
student_t,58,Equal weight,9.975679065672337e-06,0.005387359901584872,0.0008482375537132224,0.05013851936933748,0.23668063239081283,4.263306260823805,-0.010669874202008156,0.08552168713676989,1.0000000000000002,0.23173893257254718,1.1935838405042267e-05,
student_t,58,Original TV-MVP,1.0058389565754488e-05,0.005115484846664948,0.000802667064110659,0.05034594492677768,0.22255947351538818,4.017644329648939,-0.012746714921334501,0.081205804438769,1.0115148792415058,0.2176215277577258,1.0433022064250336e-05,0.0005972260993568854
student_t,58,Dynamic SigmaF TV-MVP,1.0080811399507125e-05,0.005126861148533527,0.0008038429792635714,0.05040202845794796,0.22291812308041137,4.019053140756615,-0.012741616511442344,0.08138639763227216,1.0119905648470116,0.21797642609374135,1.0456154759317369e-05,0.0005920949412353547
student_t,58,Dynamic-factor CVaR,1.2220093454203116e-05,0.0060659902156297105,0.00071419606689388,0.05549291441669996,0.19530475873715436,3.2432502554433444,-0.01788839332873815,0.09629460939544372,0.9999999999999851,0.19053331761486958,1.1593664463470227e-05,0.000588035634863892
student_t,59,Equal weight,1.4105723227777347e-05,0.007968386232623467,-9.084842029127852e-06,0.05962082063675316,-0.00403182837821392,-0.038399005026927356,-0.03230083492587388,0.12649420993219543,1.0000000000000002,-0.008022632223389392,1.1163292344865187e-05,
student_t,59,Original TV-MVP,1.312803857816391e-05,0.007720922330274811,0.00026443021835720104,0.05751752534399673,0.06715840968581155,1.1585410642665923,-0.02864243406923772,0.12256584226771473,1.1803010270686398,0.06210723836926069,1.1193826588480378e-05,0.0008968325829598068
student_t,59,Dynamic SigmaF TV-MVP,1.3160485232527772e-05,0.007722614845710474,0.0002606836823919023,0.057588560310160554,0.06614730979286665,1.1407176635247307,-0.028830104714373972,0.12259271011731215,1.1797769185195928,0.06110310681013065,1.1221322982135631e-05,0.0009224937029827072
student_t,59,Dynamic-factor CVaR,1.5447003997924133e-05,0.0076674977809030875,3.470882659340434e-05,0.06239106512535975,0.006853414770408683,0.14019033468916853,-0.037519301823683016,0.12171775383845511,1.0000000000000007,0.00281756617180573,1.250937478807023e-05,0.0009140148705753068
student_t,60,Equal weight,9.277120592836169e-06,0.007587941840013299,-0.0007924899523792661,0.04835115706365996,-0.18203829875688005,-4.13035551014088,-0.056190335740214925,0.1204548424289823,1.0000000000000002,-0.18530161326748518,8.054437472390197e-06,
student_t,60,Original TV-MVP,8.200712845778685e-06,0.007341735909838663,-0.0006533084012263236,0.04545964844932513,-0.15270543216800248,-3.621535201543724,-0.047890304443185205,0.11654644445367376,1.0000000000000002,-0.1560930390374069,8.005517289985517e-06,0.0008823134799649681
student_t,60,Dynamic SigmaF TV-MVP,8.201547966993658e-06,0.0073403474655959235,-0.0006563357082827666,0.04546196308654524,-0.15335209702751418,-3.6381314676709895,-0.047971991533498626,0.11652440358462036,1.0000000000000002,-0.15673712967175457,8.006188129018793e-06,0.0009496092452299308
student_t,60,Dynamic-factor CVaR,9.998174030617284e-06,0.008136899926962206,-0.0005010703615022781,0.05019501823603171,-0.11974514181473905,-2.515582931055364,-0.038995171983891574,0.12916928189856977,0.9999999999999931,-0.12326595055508849,1.0755119268156255e-05,0.0010197256004829377
student_t,61,Equal weight,7.150223510615012e-06,0.004437125783183929,0.0002145451132479218,0.04244827822980554,0.054613531396181525,1.273676360812055,-0.023796430003455882,0.07043718814930428,1.0000000000000002,0.050397214011606906,8.233317079654163e-06,
student_t,61,Original TV-MVP,7.688700921302934e-06,0.004748154248840938,0.00047091963205922834,0.04401764001134476,0.12489782589728171,2.696004312097151,-0.020879321134087192,0.07537461197404692,1.0268467517795066,0.12028086478753108,9.517428847496237e-06,0.0005170509167968323
student_t,61,Dynamic SigmaF TV-MVP,7.670614757577087e-06,0.004695097907331182,0.00046669915252122617,0.04396583808946926,0.1237051996128462,2.674990209353444,-0.021257344709983528,0.07453236866338854,1.0246891746568,0.11910243719002933,9.431338720802598e-06,0.000499125001346183
student_t,61,Dynamic-factor CVaR,8.521401635539216e-06,0.005172665670013451,0.00043021142355955945,0.04633997423559796,0.1133072077387609,2.3395196161703273,-0.024141972604017847,0.08211352186882133,1.0,0.10885690644609669,1.0443418689703896e-05,0.0005198152865055819
student_t,62,Equal weight,7.116673561096708e-06,0.005989699751342534,-0.0004239098556962862,0.042348574207361114,-0.10213117404190308,-2.5225237362748225,-0.04649810492342099,0.09508353581998656,1.0000000000000002,-0.10571650287108969,7.468197052425175e-06,
student_t,62,Original TV-MVP,8.838512456075952e-06,0.006916566064377698,-0.00039780541044584283,0.047194333758737814,-0.0963965173490986,-2.12413134052967,-0.047692411126178835,0.1097970823973529,1.0189750786005891,-0.10006894259164811,8.845803470397681e-06,0.0006365337107215353
student_t,62,Dynamic SigmaF TV-MVP,8.967192778202656e-06,0.006919843349779221,-0.0003896611836123671,0.04753664460294889,-0.09455381048987266,-2.0656615352322345,-0.047539184011841096,0.10984910769023978,1.0245620294487627,-0.09825361831258217,9.030577856045471e-06,0.0006640796195969806
student_t,62,Dynamic-factor CVaR,1.3720643235562539e-05,0.007547869368972433,-0.0002962719958546623,0.05880137834576465,-0.07353151874805564,-1.2697073615580063,-0.052087924681276876,0.11981871167221847,1.0000000000000002,-0.07722632338258606,1.2697830958860103e-05,0.0005976729171486854
student_t,63,Equal weight,7.06236423474106e-06,0.005109184918477019,-0.00030206392952759084,0.042186677839748735,-0.07411740463361782,-1.8043637029230997,-0.026695285930333545,0.08110579617919204,1.0000000000000002,-0.07781816111688744,8.308872842372953e-06,
student_t,63,Original TV-MVP,7.866380987925479e-06,0.005201083151761376,-0.0002586308611930309,0.04452334229319741,-0.0640182736856576,-1.4638383747439752,-0.03195648145898444,0.08256463540637168,1.0184878107930582,-0.06782309215535554,9.26942463137812e-06,0.0005722471459341679
student_t,63,Dynamic SigmaF TV-MVP,7.920518362956231e-06,0.005280934205037929,-0.0002638202564176844,0.04467628708235467,-0.06524813690972431,-1.488098249854663,-0.031893084278601935,0.08383223157974964,1.0171176676619875,-0.06904298197977454,9.30490046315884e-06,0.00048618731257009
student_t,63,Dynamic-factor CVaR,8.649220805369175e-06,0.005794423406218218,-0.00037177765994129974,0.04668622540914003,-0.0904256726208087,-2.0067582993519477,-0.03807038207723079,0.09198361994319121,1.0,-0.09405393363314807,9.276842499329565e-06,0.0005566687474127955
student_t,64,Equal weight,9.882455019278213e-06,0.006439983791306343,0.0002267149761428421,0.049903693899931996,0.05749270237404125,1.1448485978324356,-0.012464098883037233,0.10223157335450082,1.0000000000000002,0.05326265601448821,8.388635594825034e-06,
student_t,64,Original TV-MVP,1.0028393162542342e-05,0.006120896037966953,0.00010186704610472445,0.05027081734924021,0.0247271147221928,0.5106440868079211,-0.0166014306958161,0.09716621230404675,1.0,0.020620771748408595,9.474156086813599e-06,0.0013410995914178983
student_t,64,Dynamic SigmaF TV-MVP,1.0077199786449845e-05,0.0061244791429461995,0.0001059830151141358,0.05039299897987181,0.02578423703281585,0.5299886958390776,-0.01655350491427865,0.0972230923322259,0.9999999999999999,0.021673569371083,9.519335495132347e-06,0.0017395369964660838
student_t,64,Dynamic-factor CVaR,1.0587481087704186e-05,0.005326078342116853,0.0003741228769792592,0.05165312414657467,0.0974071885928891,1.8252325789867125,-0.016090170810763138,0.08454887253893031,1.0000000000000002,0.09300798499014595,1.1458206971137671e-05,0.0015578881105027355
student_t,65,Equal weight,7.979055242878712e-06,0.006588342112175326,-0.000296312073875474,0.04484107404161318,-0.07288027552254683,-1.6652286817957125,-0.03277058084801521,0.10458668868617954,1.0000000000000002,-0.07658067816420322,7.5050220285584564e-06,
student_t,65,Original TV-MVP,1.541218191863759e-05,0.008870976594323496,-0.0003217443768976919,0.06232070156454172,-0.07965573199943177,-1.3010056200065274,-0.03544169089170246,0.1408223877291281,1.0000000000000002,-0.08332592019619711,1.2290572811001129e-05,0.0005694410964699414
student_t,65,Dynamic SigmaF TV-MVP,1.5005940010555351e-05,0.008766182519712309,-0.000326414665540431,0.061493876789969495,-0.08069218328371608,-1.3376371764156818,-0.035713206804599884,0.13915883336736204,1.0,-0.08435836408963582,1.1965890246775368e-05,0.0005813975572209919
student_t,65,Dynamic-factor CVaR,1.4680444436230624e-05,0.008006340719098502,-0.00034667313160534775,0.06082328499785356,-0.08533595351543322,-1.436318823747034,-0.036100636945980535,0.12709671872630807,0.9999999999999999,-0.08899196187361091,1.219602960243017e-05,0.0005995066151538508
student_t,66,Equal weight,1.3750792843278916e-05,0.008939552094822159,0.00023834576717223754,0.058865947682053735,0.060083479671290796,1.020337490391157,-0.016630861585496204,0.1419109900512356,1.0000000000000002,0.05583975194345214,1.2194021440094453e-05,
student_t,66,Original TV-MVP,9.018103481026213e-06,0.005531080200723453,0.0003367736184699823,0.04767139684568312,0.08734191264499547,1.7802489012259912,-0.014814322166841087,0.08780317615600486,1.0000000000000002,0.08298713056706175,9.775331924316046e-06,0.0009813809398251114
student_t,66,Dynamic SigmaF TV-MVP,8.99664889498484e-06,0.005454714096144172,0.00033712110711211807,0.04761465658320114,0.08743998286040999,1.7842094239156279,-0.01456479510078934,0.08659090182813568,1.0,0.08308475398213,9.821189823892297e-06,0.0008959517334279319
student_t,66,Dynamic-factor CVaR,1.0480532196676488e-05,0.006550337473645184,-1.8447921599810299e-06,0.051391576289918126,-0.0017633386835022025,-0.009045988815221846,-0.018489642286617314,0.10398338375287358,0.9999999999999898,-0.00575930384636858,1.5188851866836454e-05,0.0010398368427136995
student_t,67,Equal weight,4.877803982447518e-06,0.004518767313898787,0.0005495169399695546,0.035060042834782375,0.1477868694611224,3.949746140496617,-0.012617937937867363,0.07173320727086122,1.0000000000000002,0.14322021164091825,7.78057934370389e-06,
student_t,67,Original TV-MVP,6.5099405310740915e-06,0.004980442744931031,0.0006350348736772097,0.04050314819653741,0.1725383577765338,3.9510209771875866,-0.012947701943501588,0.07906207753250043,1.0,0.16787021635271948,8.974427164455677e-06,0.0008885025324600915
student_t,67,Dynamic SigmaF TV-MVP,6.494464751399337e-06,0.0049744883073222146,0.0006349144042100563,0.04045497642259396,0.17250503821029683,3.954975234433103,-0.012930104321084879,0.07896755376583936,1.0,0.16783706179529156,8.962097213263513e-06,0.0007971824274937251
student_t,67,Dynamic-factor CVaR,8.202538817674505e-06,0.005160336273592718,0.0005164730950923505,0.04546470919354896,0.13780495065633191,2.8626867359736603,-0.013466820754796993,0.08191779876835259,1.0,0.13329145449562785,1.033896398597092e-05,0.0010286330081903164
student_t,68,Equal weight,5.725691485114139e-06,0.005170655004727159,-0.0006910771337191148,0.03798518466782494,-0.16047770046137033,-4.584720048622814,-0.04666783703799593,0.08208160354691742,1.0000000000000002,-0.16383013090525878,8.2405502797531e-06,
student_t,68,Original TV-MVP,7.5105066230832865e-06,0.0054239532526669555,-0.000560642876863379,0.04350457066811473,-0.13259801161144602,-3.247520956990379,-0.04278696021935513,0.0861025885763799,1.0396723652947344,-0.13619842962947515,9.342053129259137e-06,0.0007463587768841943
student_t,68,Dynamic SigmaF TV-MVP,7.518364426067896e-06,0.0054345431599193295,-0.0005608518115669635,0.04352732286011982,-0.13264455789738672,-3.2470330640152247,-0.04272811705669677,0.08627069814236202,1.0396746330373734,-0.13624464200959008,9.366150513914625e-06,0.0008094879509587052
student_t,68,Dynamic-factor CVaR,8.257946256174734e-06,0.007053579806283917,-0.0007245629001937087,0.045618005837125684,-0.16779917141242917,-4.002582916507412,-0.05098275250550588,0.11197210812104637,0.9999999999999996,-0.17112583290098504,9.863297945964298e-06,0.0008214123786378147
student_t,69,Equal weight,9.038595942686523e-06,0.006137037558165174,-0.00015837422693661278,0.047725529620497704,-0.040204197785344786,-0.8362464598168711,-0.01830261102339603,0.09742245099340886,1.0000000000000002,-0.044030053038353945,1.3224741259601723e-05,
student_t,69,Original TV-MVP,9.65102316142891e-06,0.007412840638375689,-0.00014831503936879988,0.049315898417042814,-0.037841467706207554,-0.7578770968516152,-0.019874978513602315,0.11767519702617213,1.0105249654242785,-0.04172423105425993,1.0454523934496286e-05,0.0005418643287815845
student_t,69,Dynamic SigmaF TV-MVP,9.29584452524149e-06,0.007258525859803742,-0.00014087793016178259,0.048399925830117305,-0.0359938093204768,-0.733497785211031,-0.019508606999993683,0.11522552585983192,1.0057954938327374,-0.03986490611986593,1.0288244718732326e-05,0.0005536165545599613
student_t,69,Dynamic-factor CVaR,9.264497509023578e-06,0.0072951776307952,-0.00016893963584765434,0.048318250923165065,-0.042785077461336196,-0.8810912526885025,-0.023745279302107902,0.11580735468675285,1.0,-0.04659783315886201,1.1990776201662197e-05,0.0005904105208314141
student_t,70,Equal weight,9.946200982262463e-06,0.005307170647285538,-0.00015362307782031362,0.050064385020992135,-0.03916105466971154,-0.7732645790912355,-0.03220355377637252,0.08424872218859535,1.0000000000000002,-0.04298391734632112,9.732492758123457e-06,
student_t,70,Original TV-MVP,5.865911825196281e-06,0.005313388349658524,-0.0005008698934684499,0.03844749380583165,-0.11924737649925976,-3.282898328600671,-0.038864540256403624,0.08434742515382616,1.0166083136577382,-0.12281188862054937,1.0390437389376856e-05,0.000895240226100361
student_t,70,Dynamic SigmaF TV-MVP,5.863592608961282e-06,0.005359562007241416,-0.0005109468059185939,0.03843989252662191,-0.1214820011996467,-3.3496086130395057,-0.03953972708276199,0.08508040924434568,1.0180142922002484,-0.12504239342045398,1.0458035531759742e-05,0.0011057840944286817
student_t,70,Dynamic-factor CVaR,7.026292064966882e-06,0.005644840531488251,-0.0005960998063048491,0.042078802268739245,-0.1402674477502519,-3.5699008310514526,-0.04323363953479065,0.08960906542161348,0.9999999999999998,-0.14369074086048128,1.1503768203586123e-05,0.0008722263683895356
student_t,71,Equal weight,6.465441761844428e-06,0.00505011216788537,-0.00020851694225796873,0.040364480970090474,-0.05195528643997971,-1.3017947508836838,-0.03010841968407363,0.08016804533523576,1.0000000000000002,-0.05573620142793401,1.1046307441672278e-05,
student_t,71,Original TV-MVP,5.6319592032903866e-06,0.004695983958300652,-0.0005479725870770534,0.03767298394379157,-0.12962037944474925,-3.66546733195989,-0.04187915671898945,0.07454643428647342,1.0453601142079494,-0.13325563523301176,9.279970832371322e-06,0.0005522695204610936
student_t,71,Dynamic SigmaF TV-MVP,5.6455760351364614e-06,0.0046915834773188815,-0.0005532283200641562,0.03771849892101207,-0.13077450070797547,-3.6961581357762743,-0.042088941680419545,0.07447657881651241,1.045669932656406,-0.1344060540659635,9.278986394709576e-06,0.0005799129610719318
student_t,71,Dynamic-factor CVaR,6.9489039329978064e-06,0.005149245035237895,-0.0006257160088300768,0.04184643104394266,-0.14665515292063702,-3.7680736514805817,-0.047313126807736916,0.08174173081784097,0.9999999999999998,-0.15006234030444754,1.2320507184773016e-05,0.000555971413762526
student_t,72,Equal weight,8.789297035127499e-06,0.004992470836232023,0.00021901778454913725,0.04706275441208398,0.055587883920308556,1.1727422756244628,-0.014533787231873707,0.07925301756247564,1.0000000000000002,0.0513606082390039,9.845840628118836e-06,
student_t,72,Original TV-MVP,1.076961579837989e-05,0.00705561709730286,-8.777763337941761e-05,0.05209551978041617,-0.023183976387829985,-0.4246039526018629,-0.034570299642264324,0.11200444911335271,1.0,-0.027107433949086546,1.0242283897788925e-05,0.000615646227364522
student_t,72,Dynamic SigmaF TV-MVP,1.0720185313111712e-05,0.007026340420432901,-8.628381474824619e-05,0.05197582802519025,-0.02281013393273079,-0.4183391038238001,-0.03429682652033916,0.11153969627607885,1.0,-0.026734967461105708,1.0213373779758711e-05,0.0004380466523993006
student_t,72,Dynamic-factor CVaR,1.4282974868995576e-05,0.00783420825702128,9.850990777057945e-05,0.05999424694907742,0.023319071777134326,0.41378128771675116,-0.03867691382328875,0.12436420060300256,0.9999999999999999,0.019213009007339465,1.306841400131857e-05,0.0007440417739921289
student_t,73,Equal weight,1.0310535848645064e-05,0.006852352665318924,0.00015282781405305084,0.05097308146324447,0.03793205739891681,0.7555479879932193,-0.018763985940616346,0.10877772628886692,1.0000000000000002,0.0337943509063896,9.254407784005912e-06,
student_t,73,Original TV-MVP,1.720198601817371e-05,0.008521394770859496,0.00033177767432417035,0.06583996109187623,0.08487251741519763,1.269866697111506,-0.025234165150366028,0.13527294832260275,1.0000000000000002,0.08054755348110199,1.3180199305632984e-05,0.0009575607327997889
student_t,73,Dynamic SigmaF TV-MVP,1.735160600409976e-05,0.00857474197323646,0.0003406571264410072,0.0661256736300897,0.08728180568876076,1.2982188483002584,-0.025336289819860025,0.13611980890638564,1.0,0.08294726308733158,1.3338975124862903e-05,0.0012564518885773272
student_t,73,Dynamic-factor CVaR,1.9682032690465e-05,0.00825883626607749,0.0004964160713632255,0.07042636039152655,0.13046609079025195,1.77627878663717,-0.029223282820180052,0.13110496127305385,1.0,0.12595311597983172,1.6152609062188833e-05,0.0009546759909983057
student_t,74,Equal weight,9.107407548049088e-06,0.0052858557323723875,0.000442008540993373,0.047906854437631055,0.11653976107994501,2.325056688398136,-0.018419364563753038,0.08391035840413516,1.0000000000000002,0.11207027591431662,7.385691293440768e-06,
student_t,74,Original TV-MVP,9.633147438867466e-06,0.004148238253726426,0.0005380434880662133,0.049270205546502466,0.1438049962753638,2.7519056900364536,-0.013215021522681392,0.06585124079042988,1.0,0.13923263026986343,9.111404363047955e-06,0.000606372369807001
student_t,74,Dynamic SigmaF TV-MVP,9.727877321459379e-06,0.004124589969016594,0.0005464291917165394,0.04951186812278207,0.14621003358537843,2.781154529881442,-0.01310001160411911,0.06547583590877708,1.0,0.14162819517573433,9.197721835333168e-06,0.0007585297209682578
student_t,74,Dynamic-factor CVaR,1.4544857433538899e-05,0.006874689600530406,0.00028761269122068575,0.06054175479164609,0.07322587009573267,1.1971638158993998,-0.03236085576570713,0.10913231414259257,1.000000000000009,0.06894053755727558,1.1407530327693189e-05,0.0006396653837406666
student_t,75,Equal weight,9.977217046348965e-06,0.006244561642267702,1.444007723892767e-05,0.05014238422412659,0.0024052871591098146,0.07257132903662117,-0.023209505110586948,0.09912934291232055,1.0000000000000002,-0.0015859348510055549,8.576243471429818e-06,
student_t,75,Original TV-MVP,1.4252672973956867e-05,0.007080353033617013,0.0005086013265718517,0.05993057307783007,0.13470162320199952,2.1386001787378075,-0.018334961635171343,0.11239711992895418,1.0184204918531699,0.13010404059447267,1.0983530510823486e-05,0.0006481437850002074
student_t,75,Dynamic SigmaF TV-MVP,1.4257938228219675e-05,0.007078056621705495,0.0005092402423092146,0.059941641898694754,0.13488351523774034,2.1408913235777827,-0.018345425765523227,0.11236066552000033,1.0173502896573265,0.13028986774861062,1.0964967006320283e-05,0.0007474410577675957
student_t,75,Dynamic-factor CVaR,1.1627160861949497e-05,0.006865190650196933,0.00010739871176690956,0.054129885804528294,0.025953466589343055,0.4999913626826293,-0.02660986355250483,0.10898152298080144,1.0,0.021869217227689752,1.0283596791013461e-05,0.0006595831018498556
student_t,76,Equal weight,9.697391027945848e-06,0.006388834794390997,-0.0001475863371781232,0.0494342243697861,-0.03767028089064128,-0.7523483465762321,-0.025522675716346144,0.10141960820061033,1.0000000000000002,-0.041504326302193695,1.1931479243042506e-05,
student_t,76,Original TV-MVP,9.208420369493408e-06,0.0058972811340093235,3.8201338986109015e-05,0.04817179603369942,0.008520303188064071,0.19984177915568938,-0.021816407528598702,0.09361643575212987,1.0119804671017871,0.004455835143034603,1.1269753320305604e-05,0.0014316482187192864
student_t,76,Dynamic SigmaF TV-MVP,9.155072167395665e-06,0.005881039017151786,4.1829613072162815e-05,0.04803205373689229,0.009449494390079582,0.21945891699585374,-0.021720249951126647,0.0933586001403081,1.0118830826339047,0.005381751333789042,1.1249192485484681e-05,0.0020896461701036817
student_t,76,Dynamic-factor CVaR,1.4942241108809713e-05,0.006565215571085401,-1.3651382756919353e-05,0.061363219923827726,-0.0052787465772607955,-0.056062058982792165,-0.027249587381156792,0.1042195662277252,0.9999999999999877,-0.009245352691106934,1.5027898041183996e-05,0.0013356961135068796
student_t,77,Equal weight,5.4599152379698164e-06,0.004295218130234294,-0.00012630155936384075,0.03709310771515908,-0.03198414532856375,-0.8580567906064265,-0.023516666854048185,0.0681844739962547,1.0000000000000002,-0.0358490302069191,7.629788289884561e-06,
student_t,77,Original TV-MVP,7.925349050594161e-06,0.0056294922604483415,-0.00011337715915745761,0.04468990893646718,-0.029122952367786392,-0.6393175727499684,-0.021003302505429255,0.08936541917225499,1.0522906232773819,-0.03320455508804021,9.617522334676843e-06,0.0007225867044627979
student_t,77,Dynamic SigmaF TV-MVP,7.921145405627305e-06,0.005629166164207128,-0.00011294256898169924,0.04467805548832761,-0.02901609995601584,-0.6370359468939722,-0.021018431890961087,0.08936024255490864,1.0524431886194434,-0.0330987425692475,9.620740413121989e-06,0.0007495347896861583
student_t,77,Dynamic-factor CVaR,4.975696217369291e-06,0.00552971959982696,-0.0004071927399194367,0.0354101037385809,-0.09809985416223266,-2.8978330935499925,-0.03172915086405825,0.08778157728637045,0.9999999999999994,-0.10170293931222563,9.871604542515587e-06,0.0007035849480600334
student_t,78,Equal weight,1.1581977714195988e-05,0.007177936264044738,-0.0004552443727288795,0.05402460905899634,-0.10969005982909441,-2.1235060082044934,-0.050973282974466017,0.1139462056880066,1.0000000000000002,-0.11324446375717834,1.3051974442066041e-05,
student_t,78,Original TV-MVP,8.81364745764986e-06,0.006921803394785615,-0.00037825968407337443,0.047127902131622254,-0.0919291522212885,-2.0226115756281637,-0.03906457260716367,0.10988022244011225,1.0675673515195443,-0.09579302638480724,9.450393885900204e-06,0.0018024515000092216
student_t,78,Dynamic SigmaF TV-MVP,8.834957001304952e-06,0.006945115178907967,-0.00038150806063962263,0.047184840408004435,-0.09267489325807321,-2.0375194755321395,-0.039133798405179165,0.11025028554054206,1.0673915863559578,-0.09653513583084017,9.42793794607957e-06,0.002350585716275059
student_t,78,Dynamic-factor CVaR,7.9578525751468e-06,0.006533648740303573,-0.0004022389803047764,0.04478145652987399,-0.0973067251680314,-2.2635311776691083,-0.03614590593727274,0.10371845832416214,0.9999999999999998,-0.1009049108399912,9.747414344789934e-06,0.0016682095975295963
student_t,79,Equal weight,4.885718815845513e-06,0.004034471142340705,0.00021888432052581143,0.035088475908666504,0.056062348251392446,1.5719932925009377,-0.00739303878787112,0.06404524388580106,1.0000000000000002,0.051853371539245297,7.518522238823538e-06,
student_t,79,Original TV-MVP,5.931334544767735e-06,0.004011350814375307,0.00025190984905176464,0.03866130242608841,0.06474824129896728,1.6419850852776217,-0.009927911283759028,0.0636782200576409,1.0,0.060506009840794794,8.246989661699412e-06,0.0006842978728266992
student_t,79,Dynamic SigmaF TV-MVP,5.961591956121662e-06,0.004006508355868199,0.00025261636413991917,0.038759788092076294,0.06493380305218799,1.6424063932453126,-0.009951885794103998,0.06360134841197716,1.0000000000000002,0.0606908860654376,8.271433892509984e-06,0.0007733299434391395
student_t,79,Dynamic-factor CVaR,6.730027965804339e-06,0.004326344633215962,0.000305367404324069,0.04118212048186316,0.07907823288440619,1.8685921217572015,-0.011520336387610963,0.06867859191269032,1.0000000000000002,0.07477481133609754,1.0019086365033597e-05,0.0008208161862656127
student_t,80,Equal weight,7.976306348948462e-06,0.0063984754010951465,-0.00010562159657234594,0.044833349193820135,-0.027230618063220247,-0.5936795446881322,-0.025821924735887514,0.1015726480875721,1.0000000000000002,-0.031106348348923007,9.315045908067093e-06,
student_t,80,Original TV-MVP,7.2814796426740054e-06,0.005286334831988233,-0.0003361895305243636,0.04283611642007069,-0.08207277280427838,-1.9777647642316272,-0.028572023014808767,0.08391796387475568,1.0,-0.08573912249556725,9.915978795074863e-06,0.0005067663683134729
student_t,80,Dynamic SigmaF TV-MVP,7.23531928403817e-06,0.005273457859565109,-0.0003345645964439698,0.04270012247731403,-0.08169143194368567,-1.9744739221456158,-0.028518345311959625,0.08371354827472954,0.9999999999999998,-0.08535927642004648,9.866111894026336e-06,0.0005417795759709238
student_t,80,Dynamic-factor CVaR,9.574909824884864e-06,0.007217790113082222,-0.0005904236127274361,0.04912104717807821,-0.1393099428402771,-3.028981647478285,-0.039021931663258846,0.11457886592805798,1.0000000000000024,-0.14275286526750153,1.1205872250099584e-05,0.0005377591250826926
student_t,81,Equal weight,9.286345125617657e-06,0.006322747874792395,-0.0002705314644131517,0.04837518962914409,-0.06698545156821156,-1.40927466237863,-0.034097241011295853,0.100370510875577,1.0000000000000002,-0.07072856200975519,8.339536962682315e-06,
student_t,81,Original TV-MVP,8.332481164386537e-06,0.00570569975571956,-0.00023665127985269047,0.04582341381243226,-0.05887187173659991,-1.3014334280502307,-0.03479606869200047,0.09057517565541565,1.0,-0.06265276364721273,8.137207458901717e-06,0.0006243778555893154
student_t,81,Dynamic SigmaF TV-MVP,8.325506456858533e-06,0.0057003092822148025,-0.00023785199850836274,0.045804231541729315,-0.05915584960952036,-1.3085844169113738,-0.03485151363109651,0.09048960454136082,1.0,-0.0629355773994641,8.134263624514236e-06,0.0006038729525829198
student_t,81,Dynamic-factor CVaR,1.1875694934539949e-05,0.006511620913286264,-0.00015380683478626714,0.05470534821664211,-0.039435667851031586,-0.7085106599202345,-0.0320187112793584,0.10336877741089645,0.9999999999999997,-0.04329648532872987,1.0365080971678896e-05,0.0006921297534657076
student_t,82,Equal weight,9.197009673235105e-06,0.005654563199486125,0.0003558833459219708,0.04814194052648113,0.09256374221348795,1.862878857635693,-0.01487036866900604,0.08976340799122802,1.0000000000000002,0.08819421668875038,8.696698314958883e-06,
student_t,82,Original TV-MVP,1.0032841893501048e-05,0.006297392943253673,0.00038589845298979896,0.05028196652043618,0.10074191730737092,1.9340216161574617,-0.015614854047027893,0.09996801381541384,1.0430564285829624,0.09614646271790006,8.59957686133421e-06,0.0007038690577608436
student_t,82,Dynamic SigmaF TV-MVP,1.0004865649845995e-05,0.00627520549617953,0.0003875418210784778,0.05021181279102749,0.1012015081116211,1.9449713818981598,-0.015577927377752099,0.09961579901230029,1.043115187014194,0.09660384709692305,8.615067828622894e-06,0.000636104822390955
student_t,82,Dynamic-factor CVaR,1.028855543588114e-05,0.0057434897037303995,0.0002925874707528235,0.05091871924785666,0.07513568804466142,1.448034116310087,-0.012561897769181929,0.09117507248238409,1.000000000000001,0.07083176536218572,1.032699110232314e-05,0.0005952879769930353
student_t,83,Equal weight,4.865864848718092e-06,0.003196290709368238,0.0006162773961496436,0.035017109273567396,0.16725133679425408,4.435029248600471,-0.01133731247642722,0.05073954200912752,1.0000000000000002,0.16258331441575735,7.498277916868624e-06,
student_t,83,Original TV-MVP,5.831797862130949e-06,0.003203371127973857,0.0006559264801924007,0.03833553261997281,0.1788243190626979,4.311756266622655,-0.009599657018425356,0.05085194016997974,1.0000000000000002,0.17411473425804114,8.775241849990653e-06,0.0007039564100889397
student_t,83,Dynamic SigmaF TV-MVP,5.824338372729731e-06,0.003200959400677313,0.0006562377459526934,0.038311007164102226,0.17891781530487227,4.316563938706205,-0.009651874996036813,0.05081365518603917,1.0,0.17420773460155314,8.77664731994112e-06,0.0006484349629425592
student_t,83,Dynamic-factor CVaR,1.0776474624835004e-05,0.0058434832973971035,0.0003741975530531141,0.052112106131477945,0.09740125997473359,1.8095177947994097,-0.02101830536939997,0.09276242157163454,0.9999999999999999,0.09302301658681311,1.3624527156591132e-05,0.0007423018731553469
student_t,84,Equal weight,8.574783917448246e-06,0.004082728322181607,0.00038543916005365675,0.0464848959039058,0.10081515618983294,2.0895102902738842,-0.01620249808176777,0.06481130286679514,1.0000000000000002,0.09643778794105451,7.357888174542196e-06,
student_t,84,Original TV-MVP,8.401973581581998e-06,0.004563036793940356,0.00034136638918348645,0.046014099388759784,0.08868354799452804,1.8695211080291712,-0.018200965330088414,0.07243596348002197,1.0,0.08436103384176019,8.63312237699566e-06,0.0006332340777952038
student_t,84,Dynamic SigmaF TV-MVP,8.397553681854833e-06,0.004545125319722371,0.00034295197102961336,0.0460019948244358,0.08911907997431556,1.878698891847948,-0.018234557565544707,0.07215162764164998,1.0000000000000002,0.08479487398860464,8.646455450058891e-06,0.0007082714425516407
student_t,84,Dynamic-factor CVaR,1.0325478192552979e-05,0.005185429414259981,0.0003436831615408195,0.05101000396513757,0.08905994269104855,1.6978661042151313,-0.017611633307394237,0.08231614002726743,1.0000000000000613,0.0847353373229256,9.6196051654048e-06,0.0007039606775401464
student_t,85,Equal weight,1.2292223230566334e-05,0.009298830475175737,-0.0004479476431162543,0.05565644845031631,-0.10813157116126815,-2.028207138766048,-0.0358217752159784,0.14761435752638147,1.0000000000000002,-0.11169220713743877,1.018676193975686e-05,
student_t,85,Original TV-MVP,9.48920710795517e-06,0.007317804375544699,-0.00022323186784399638,0.048900717696212834,-0.05582056532071411,-1.150380471840064,-0.022928887296118083,0.11616654312426952,1.0000000000000002,-0.05959132955004276,9.134558118380702e-06,0.0005265137587937457
student_t,85,Dynamic SigmaF TV-MVP,9.621135222519622e-06,0.007342911599424521,-0.00022971995782527613,0.04923947680545504,-0.05737883133080446,-1.175671090102977,-0.023693174468062184,0.1165651079472529,0.9999999999999998,-0.06114335439518437,9.229685802921675e-06,0.0005668634968814767
student_t,85,Dynamic-factor CVaR,1.0983644277971649e-05,0.007958038617952405,-9.62023007999981e-05,0.05261062970587651,-0.025283029747715347,-0.4608000310418567,-0.02177323360074679,0.12632994664170133,1.0000000000000004,-0.02917765902586289,9.541500038560267e-06,0.0005485657054234972
student_t,86,Equal weight,7.152627434831921e-06,0.005134538051094067,-0.00033918981652320554,0.042455413242337474,-0.08275213425504002,-2.0133082506098283,-0.032827761211896345,0.08150826468235893,1.0000000000000002,-0.0864117399333616,1.024717862408073e-05,
student_t,86,Original TV-MVP,6.950998455330461e-06,0.005797781144506081,-0.000759723900684307,0.0418527371953529,-0.1750119652303691,-4.574382365455012,-0.04911433765966877,0.09203692238605515,0.9999999999999998,-0.1782995276380861,9.892467905933454e-06,0.0009958286874824707
student_t,86,Dynamic SigmaF TV-MVP,6.938495406595007e-06,0.005795127106834766,-0.0007596400636615929,0.0418150791277733,-0.17499324275449246,-4.577996742700778,-0.049107099998578985,0.09199479084416418,0.9999999999999998,-0.17828088613274806,9.868750318686205e-06,0.0010992974666132588
student_t,86,Dynamic-factor CVaR,8.26046872236995e-06,0.00614514011890691,-0.0006789621725059239,0.0456249725264271,-0.15817412588630175,-3.7501056548009624,-0.04383557654188175,0.09755107515764143,1.0000000000000002,-0.161530411698811,1.3014585778393603e-05,0.0009197923072326643
student_t,87,Equal weight,1.2199843781677876e-05,0.006710278705615377,0.00033568613076347077,0.05544691725409831,0.08661515503863693,1.5256556927182825,-0.023052264447165682,0.10652237209794413,1.0000000000000002,0.08224665623968441,1.0805116240697802e-05,
student_t,87,Original TV-MVP,1.187047552468437e-05,0.008073535446156115,-0.00019076550592473287,0.05469332529861813,-0.04834548568022001,-0.8789538253628051,-0.030292764263892047,0.12816340194956394,1.0132018167274217,-0.052220504628618825,9.952072850475156e-06,0.0020523325837373914
student_t,87,Dynamic SigmaF TV-MVP,1.1868944899214544e-05,0.008072808806813372,-0.00019141552513301906,0.05468979899946667,-0.048501213549167144,-0.8820056613115584,-0.030293650093140223,0.12815186690760152,1.0133267741113767,-0.05237605956545144,9.951927633715264e-06,0.002224528188227664
student_t,87,Dynamic-factor CVaR,1.7995679329106497e-05,0.01016795806876113,-0.00021208127571833632,0.06734174924172105,-0.05417180110790565,-0.7936307280819734,-0.03972450674889583,0.16141133034764726,1.0,-0.05796744100256479,1.0770598503740105e-05,0.0021544841718788006
student_t,88,Equal weight,1.3559749899381353e-05,0.008482546813268026,0.00015063355256632481,0.05845559831739045,0.03693946681316107,0.6493758739857243,-0.03350989809811655,0.13465625611422388,1.0000000000000002,0.032822717199135765,7.394179185159147e-06,
student_t,88,Original TV-MVP,1.342008998762308e-05,0.00800778964365744,0.00032932298885480447,0.05815378471674063,0.08470800714109927,1.4270677926749058,-0.027540405932990675,0.12711971969061672,0.9999999999999998,0.08040228308256503,8.424885473942505e-06,0.0006116055478038635
student_t,88,Dynamic SigmaF TV-MVP,1.3424634702223537e-05,0.008004969452991851,0.0003316077142044051,0.058163630775256214,0.08533190311483674,1.436725026716525,-0.02744896787146467,0.12707495055171114,1.0,0.0810236991055664,8.438173466726282e-06,0.0006387170196980268
student_t,88,Dynamic-factor CVaR,1.4030167594936372e-05,0.00826678943003045,0.00013535759930921327,0.059460930314988905,0.03289667622208037,0.5736559257520273,-0.03494773741926027,0.1312312138367878,0.9999999999999993,0.028770688964097513,9.551947916572835e-06,0.0005827582654614773
student_t,89,Equal weight,9.80691535251508e-06,0.005721810846017115,0.0005550509450695022,0.049712600704789126,0.14868623392038982,2.813629465658588,-0.01632913950814152,0.09083093128508025,1.0000000000000002,0.1440887815381111,9.295981469534268e-06,
student_t,89,Original TV-MVP,8.31335529631552e-06,0.004468149222465719,0.0004992134439927082,0.04577079346779463,0.1328554997987872,2.7485166490434447,-0.01234423389528827,0.07092966998022544,1.0,0.12832255472903187,8.617304787817384e-06,0.0006067067007964579
student_t,89,Dynamic SigmaF TV-MVP,8.337459952290691e-06,0.004489930048134114,0.0004919568736492099,0.045837101871488935,0.1307834216689472,2.704645954868129,-0.012459225972323407,0.0712754298686348,0.9999999999999998,0.1262588662520061,8.654114536882324e-06,0.0005896695982387635
student_t,89,Dynamic-factor CVaR,1.2554025897884073e-05,0.005859272819847084,0.000779231305137816,0.056246017870306045,0.2149917514010602,3.4912034012348685,-0.01960181237256131,0.09301307246997326,1.0000000000000002,0.21013667214680387,9.964603755129516e-06,0.0006048720482252661
student_t,90,Equal weight,7.746635601298375e-06,0.006181225784863166,-6.906435803539209e-06,0.04418316615553021,-0.0026985977970587216,-0.0393910616628374,-0.02529228795569105,0.09812391734572785,1.0000000000000002,-0.006663311423851681,8.714757268373493e-06,
student_t,90,Original TV-MVP,1.012195184939027e-05,0.0057783703541406444,0.00015308572457482566,0.05050477072560916,0.0380250896004084,0.7638407627359992,-0.02384195755105223,0.09172878564170624,0.9999999999999998,0.033886861093023635,9.501702147914314e-06,0.0010838785354116442
student_t,90,Dynamic SigmaF TV-MVP,1.0117668213158039e-05,0.005778159618080347,0.000153003247458737,0.05049408271981803,0.038004071019681174,0.7635908265438965,-0.02383257772534042,0.09172544031045932,1.0,0.033865920951146045,9.499906708726965e-06,0.0012898562328204138
student_t,90,Dynamic-factor CVaR,9.653670399892647e-06,0.005482857293686125,0.00043713181452368347,0.04932266153375087,0.11509253825141164,2.2333996956873277,-0.016616867044574213,0.08703766123890071,1.0000000000005271,0.11064899299916853,9.785880696898252e-06,0.0010409516897720227
student_t,91,Equal weight,5.714200292934527e-06,0.004559829308011232,0.00020250127284106284,0.03794704828862847,0.05160432799688919,1.3447770790446438,-0.019392127822546068,0.07238504621940876,1.0000000000000002,0.04740677245264702,7.841066369292396e-06,
student_t,91,Original TV-MVP,5.060891341872971e-06,0.004807906735381548,0.0002908080545163671,0.035711967436028905,0.07534916736180053,2.052074836520782,-0.0153597391213669,0.07632315329167204,0.9999999999999999,0.0710543362794196,8.091357314056372e-06,0.0013823490355648453
student_t,91,Dynamic SigmaF TV-MVP,5.062283245574909e-06,0.0048074896675168195,0.0002906958935166335,0.03571687805344803,0.07531859751557146,2.051001351701839,-0.015377560456664052,0.07631653254457259,0.9999999999999999,0.07102389372269413,8.09124788576798e-06,0.0012999295492370701
student_t,91,Dynamic-factor CVaR,7.637033763282485e-06,0.005375213538766714,0.00020713965528023357,0.043869494051643525,0.052582955845738466,1.1898745189349473,-0.016490218545970103,0.08532886960466503,0.9999999999999999,0.048381270055981584,1.0027042392467104e-05,0.0013158875779719647
student_t,92,Equal weight,1.0594821025996733e-05,0.007427749983794274,6.688992930793123e-05,0.051671025716073966,0.015661001690119747,0.3262227128646873,-0.0236142815588537,0.11791187554730216,1.0000000000000002,0.011613718802492734,9.572181015578895e-06,
student_t,92,Original TV-MVP,1.0206255945924489e-05,0.007657579277625789,-0.00032675893091787286,0.050714657628470404,-0.08022440858510094,-1.623657822843662,-0.03005275927795703,0.12156030248015684,1.0,-0.08389276488043984,9.17974433652162e-06,0.0009310491993329043
student_t,92,Dynamic SigmaF TV-MVP,1.0199449420465232e-05,0.007612194147714963,-0.0003380167227937178,0.050697744071676785,-0.08283021987793815,-1.6801578788907958,-0.030263460042559198,0.12083983587837041,1.0,-0.0864885678167604,9.104703693782674e-06,0.0008784519086198594
student_t,92,Dynamic-factor CVaR,1.5708512534508215e-05,0.009576858391044055,-0.0006663000744600858,0.06291697035535064,-0.15626433414361496,-2.668717482987677,-0.04460918418571469,0.15202791386390843,1.0,-0.15962361578222672,1.3056206070561589e-05,0.0009341681922431761
student_t,93,Equal weight,5.951189471114746e-06,0.0061901058479667,-0.0005928845728885304,0.03872595701491335,-0.13945584489833007,-3.858056040045005,-0.038873160727907585,0.09826488397731892,1.0000000000000002,-0.14290190433369854,7.871504478742456e-06,
student_t,93,Original TV-MVP,6.529534664820505e-06,0.00615924423804827,-0.0006070036943710868,0.04056405718779579,-0.14257557485120598,-3.7709475231569125,-0.041019111499275285,0.09777497110789941,0.9999999999999999,-0.1460070815041209,8.655929160295594e-06,0.0007205386148393704
student_t,93,Dynamic SigmaF TV-MVP,6.5457546503911705e-06,0.006154327475638247,-0.0006063121013633299,0.040614408427288154,-0.142427765552276,-3.7619814115254138,-0.04101519899364814,0.09769691992434434,0.9999999999999998,-0.14585988766744418,8.693479881118593e-06,0.0006810978924732874
student_t,93,Dynamic-factor CVaR,1.376701754603916e-05,0.009172860452281769,-0.0005933915610591922,0.05890066571442014,-0.1404046763800234,-2.538760327632548,-0.03835814272201299,0.14561464540702215,0.9999999999999999,-0.14384800055360403,1.051021763538552e-05,0.0007113482320490602
student_t,94,Equal weight,7.97756179176621e-06,0.0039272326690953235,0.00040559227624120453,0.04483687736144306,0.1065003147326371,2.27958010520771,-0.007486641811615291,0.06234288589868787,1.0000000000000002,0.10207209635244019,7.4605132477389146e-06,
student_t,94,Original TV-MVP,9.683656782390374e-06,0.004733882019284367,0.0004726509388154847,0.04939920555193549,0.1251112396373646,2.411132633626644,-0.013123582214038865,0.07514804735368023,1.0069789380742216,0.12057580025879866,1.0268606420602357e-05,0.0011352372225844122
student_t,94,Dynamic SigmaF TV-MVP,9.693648986941009e-06,0.004736974001795961,0.0004729884209591673,0.04942468558027592,0.12520549468385722,2.4116103255349177,-0.013139671118893248,0.07519713105438326,1.0071374645877027,0.12066896012299222,1.0281402845445836e-05,0.00120956778441947
student_t,94,Dynamic-factor CVaR,1.1567253703648989e-05,0.005195496323349659,0.0005608939255388068,0.053990257763040415,0.15013189252827397,2.617977299833132,-0.01117877947218393,0.08247594725480172,0.9999999999991076,0.14552629265125372,1.1542440339039975e-05,0.0013288309790476787
student_t,95,Equal weight,1.681548685345168e-05,0.007949658547422673,2.1910863075826006e-05,0.06509610347071339,0.0034441483654663596,0.08482132110399333,-0.027231676056891918,0.12619691714615622,1.0000000000000002,-0.000571965167746824,1.2508528400787087e-05,
student_t,95,Original TV-MVP,1.31561841219477e-05,0.007276701064784924,2.9748262983221412e-05,0.057579148992763174,0.0058826300879653015,0.13019578098860057,-0.02385194656105105,0.1155140482942789,0.9999999999999999,0.0018638585980139677,1.0138523624045057e-05,0.0008112069351460087
student_t,95,Dynamic SigmaF TV-MVP,1.3269755769890944e-05,0.007306612445883179,2.915444829047254e-05,0.057827142883014014,0.005717970748046364,0.12704969678446873,-0.02415562048250619,0.11598887674881767,0.9999999999999998,0.0016996938040652054,1.022127411003978e-05,0.0008363236636633128
student_t,95,Dynamic-factor CVaR,1.6590630566095753e-05,0.00869977156983328,-0.00022847933221683138,0.06465940691543752,-0.0578993567716658,-0.8904627256161078,-0.034294957540861426,0.13810459222109311,0.999999999999719,-0.06166056561364741,1.6700480883075438e-05,0.0008251308091021091
student_t,96,Equal weight,1.5843168969437313e-05,0.007559042632555563,0.00033648781301365396,0.06318606318088035,0.0863446748942529,1.3419878468563802,-0.018479839680205168,0.1199960817328621,1.0000000000000002,0.08201124742323174,1.4965079704596784e-05,
student_t,96,Original TV-MVP,1.0755516088337348e-05,0.007001725470358676,-0.0003823243030127668,0.05206140657205693,-0.09307753457610057,-1.8506170060132252,-0.032049342886612986,0.11114894605749483,1.1142353524715967,-0.09711691541204714,1.0551858692855954e-05,0.00132932250228556
student_t,96,Dynamic SigmaF TV-MVP,1.0770151407823582e-05,0.007021385153990983,-0.0003886060264215186,0.05209681520756852,-0.09451428449791588,-1.8797448225586697,-0.03241713449715011,0.11146103385996657,1.117294514706964,-0.09855841283150557,1.0571627233060452e-05,0.001699924184838924
student_t,96,Dynamic-factor CVaR,1.4635119595648094e-05,0.007624296398673832,0.0002935380696987626,0.06072931860397678,0.07481236254909263,1.2180540678624416,-0.021107356221903517,0.12103195315641797,0.9999999999999969,0.0705193098106689,1.325496697697522e-05,0.0013092338039313648
student_t,97,Equal weight,7.791504369427451e-06,0.004041660365425639,0.00047730339918065326,0.044310936585629936,0.12669641437906964,2.714464325552795,-0.01268601849822426,0.06415936926421607,1.0000000000000002,0.12217980897163616,7.709102256858278e-06,
student_t,97,Original TV-MVP,1.0026740585418054e-05,0.004933650277421965,0.0006678958062310161,0.05026667511906223,0.18177250952233592,3.348336502693995,-0.012961516221622005,0.07831927013894008,1.0000000000000002,0.17702827154795875,1.0514603639655733e-05,0.0009148380479185373
student_t,97,Dynamic SigmaF TV-MVP,1.0075802917203186e-05,0.004938177470140653,0.0006689382304619576,0.05038950620054937,0.18207554592088715,3.3453876965076406,-0.0132548853584471,0.07839113709536553,1.0,0.17732927364493922,1.0575815591992434e-05,0.0008718693549552818
student_t,97,Dynamic-factor CVaR,1.10292128901135e-05,0.005456658458702945,0.0008901454801201042,0.052719651443352715,0.24963945223063178,4.254896511053277,-0.013525805956314918,0.08662176762687003,1.0000000000000018,0.24461749618158413,1.1779168814837848e-05,0.0010258059117380085
student_t,98,Equal weight,4.954268795805663e-06,0.004207894567982809,-4.4524815926826214e-05,0.0353337761432744,-0.011764961227043291,-0.3175503678990711,-0.013633677898643448,0.06679825542037252,1.0000000000000002,-0.015707489778482575,8.181085282426856e-06,
student_t,98,Original TV-MVP,6.687338513805362e-06,0.004445248391723293,-0.00011977726242098024,0.041051300898740734,-0.03053843723537153,-0.735271951662144,-0.029253849205231552,0.070566130562458,1.0468444162005777,-0.03458650303223698,1.0693979636442503e-05,0.0006359662876063427
student_t,98,Dynamic SigmaF TV-MVP,6.609378915916841e-06,0.004423244265219224,-0.00012553879846621872,0.040811315671159684,-0.03193583405743472,-0.7751717065040203,-0.02931914075696196,0.07021682588317617,1.0457294837257252,-0.03597393951635086,1.0773445498850438e-05,0.0005687782439044145
student_t,98,Dynamic-factor CVaR,8.044696814501952e-06,0.005324432148220596,-1.1174683798878828e-05,0.04502514405589939,-0.003806360994527469,-0.06254328278930843,-0.027357890470611768,0.08452274002097458,1.0,-0.0077737971571699704,1.131572891661147e-05,0.0006426758219213558
student_t,99,Equal weight,8.444088362749425e-06,0.005412965550119721,0.00029130194650150244,0.046129277768168615,0.07503263249629,1.5913557304604857,-0.01677386053413854,0.08592816420586029,1.0000000000000002,0.07074205231991493,9.444818389167154e-06,
student_t,99,Original TV-MVP,6.154648753383108e-06,0.004810877422605638,0.00019535108636648796,0.03938237532009139,0.0496539012572752,1.250012813199728,-0.019506811461537432,0.07637031148937944,1.00036281395009,0.04546377188365924,8.912758759549418e-06,0.00046072378854156295
student_t,99,Dynamic SigmaF TV-MVP,6.1598405214084e-06,0.004823247257211465,0.00019824602975506502,0.039398982364966195,0.05041911078695027,1.2680022807568587,-0.019396374905558456,0.07656667652613555,1.0,0.04622747710863262,8.89367898805852e-06,0.00047619842199515236
student_t,99,Dynamic-factor CVaR,7.1927994892021725e-06,0.005044459614863973,3.3522077933016e-05,0.04257446971224595,0.00758394592667444,0.1984185286679028,-0.023037360661946504,0.08007831383783243,1.0000000000000002,0.003560254442425137,9.609254586437285e-06,0.0005003809894137001
regime_shift,0,Equal weight,4.150255243937285e-05,0.012386108857708312,-0.00018597967003599575,0.10226750810849924,-0.050692333991106286,-0.45827729369672515,-0.05686078326637034,0.19662338249562306,1.0000000000000002,-0.054502865773178755,4.73770035214864e-05,
regime_shift,0,Original TV-MVP,4.391094814838002e-05,0.012293556429342543,0.0001602123881809775,0.10519296047450973,0.03554150268451872,0.38380440705810936,-0.05041355261717084,0.19515415824347737,1.040617959499656,0.03122414265893103,5.6965725132849024e-05,0.0018992299985385837
regime_shift,0,Dynamic SigmaF TV-MVP,4.3941539431412236e-05,0.012295533358589968,0.00016070633726146378,0.1052295962964597,0.035666462303761026,0.38485367629649814,-0.05043708369921018,0.1951855410223669,1.0407844047685686,0.0313478446615707,5.697493473058841e-05,0.0020435109619253568
regime_shift,0,Dynamic-factor CVaR,5.1928398750987465e-05,0.015090659642313405,-9.134154928661071e-05,0.11439386559273554,-0.029038173477043072,-0.20121769905192924,-0.06480860263040356,0.2395567952008812,1.0000000000000002,-0.03294294736580239,5.5670405646109544e-05,0.002017906681453177
regime_shift,1,Equal weight,5.768747366551029e-05,0.011005242796772612,0.00042748566862211315,0.12057049126427491,0.10583322355513336,0.8934722531456741,-0.04476481600074844,0.1747028133488717,1.0000000000000002,0.10144735462189991,5.196804449521152e-05,
regime_shift,1,Original TV-MVP,5.280907233459956e-05,0.009989444373985912,0.00019683540555424703,0.11535981201579296,0.04403005782952629,0.42998095552443844,-0.04531200394135104,0.15857751329568015,1.0322987605463003,0.039749567462632474,4.819730431651465e-05,0.001951515673939866
regime_shift,1,Dynamic SigmaF TV-MVP,5.2723787551796154e-05,0.009991247839603208,0.00020041141944670846,0.11526662336970157,0.04498215541171646,0.4381465876603937,-0.045117965070519794,0.1586061424248087,1.032227797439615,0.04069806069188453,4.814817611545141e-05,0.002323163363334509
regime_shift,1,Dynamic-factor CVaR,6.242715371230923e-05,0.011123526783057636,0.00016369058555198906,0.1254258455642294,0.03412058841957677,0.32887980442577514,-0.05901221441146287,0.17658051341962097,0.9999999999999993,0.030016420682910105,5.3895116436603426e-05,0.002012226811659699
regime_shift,2,Equal weight,5.3997509907192836e-05,0.014252160834457211,-0.0005757363786530761,0.11665064293270139,-0.1408585309743503,-1.2437614039065228,-0.06662895120183121,0.22624603927961148,1.0000000000000002,-0.14433770903451815,5.234581370761525e-05,
regime_shift,2,Original TV-MVP,5.442733480540099e-05,0.013912742334711556,-0.0006437456908877145,0.11711399733149343,-0.15551376577500908,-1.3851795498408799,-0.06920350270378894,0.2208579376354016,0.9999999999999998,-0.1589306556598501,4.7210191880464524e-05,0.0015944639857022609
regime_shift,2,Dynamic SigmaF TV-MVP,5.445094901696847e-05,0.013912617408562485,-0.0006434115342264675,0.11713940051185193,-0.1554450952692864,-1.3841602903599022,-0.06919794661150558,0.22085595449426546,0.9999999999999999,-0.15886228380829315,4.721589359276661e-05,0.0018419781569088336
regime_shift,2,Dynamic-factor CVaR,6.331435536845173e-05,0.016884328126913407,-0.0011155176939612733,0.1263139642036851,-0.25108869713019555,-2.225489957903164,-0.08625698770164714,0.2680303996693554,0.9999999999999993,-0.2541127758818832,5.695179612266345e-05,0.0015907976986628827
regime_shift,3,Equal weight,5.348824143990265e-05,0.011276728772883656,0.0012371043261276177,0.11609925427346839,0.3565446362048623,2.685204932064775,-0.02378465064923385,0.17901251961226036,1.0000000000000002,0.35117042727354386,4.878668139875669e-05,
regime_shift,3,Original TV-MVP,4.955028037320849e-05,0.012196677192742809,0.0012518921670809833,0.111743772327806,0.362264178106255,2.8232161804860194,-0.021271358801833617,0.19361624803998528,1.032218470050896,0.3566757834304959,6.021610120598201e-05,0.0018080313012451667
regime_shift,3,Dynamic SigmaF TV-MVP,4.972156553288504e-05,0.01227379306749597,0.0012460377438817177,0.11193674336109226,0.3602292964328959,2.8051692592598303,-0.021645938272104703,0.1948404246003777,1.0341592454606885,0.35463849377817525,6.0827321657866824e-05,0.0018027959727048967
regime_shift,3,Dynamic-factor CVaR,5.102020275759733e-05,0.012380240039781734,0.0013846975650093204,0.113389113652566,0.4083149608424217,3.0774011291025922,-0.028501364368831883,0.19653021789928118,1.0,0.4027160025249892,5.87611603232194e-05,0.0018207360237356386
regime_shift,4,Equal weight,6.824307196396426e-05,0.01657556969800233,0.00029012350824455813,0.13113830155572018,0.06677539935152299,0.5575115981394956,-0.07208272636020152,0.26312901156079305,1.0000000000000002,0.06251293266002,5.157953569463373e-05,
regime_shift,4,Original TV-MVP,6.619410545273679e-05,0.01588778295094834,0.00028601113855508686,0.12915461499338562,0.06593642246904396,0.558050573102425,-0.08624454713375218,0.25221073543428735,1.1721815472755424,0.060959397162027695,5.817914856353377e-05,0.0014685609997110458
regime_shift,4,Dynamic SigmaF TV-MVP,6.634569540617938e-05,0.015896126755648776,0.00028595517899420987,0.12930241777460005,0.0659013679758389,0.5573036169529104,-0.0863582278130578,0.25234318922764,1.1740608706161983,0.06091675295485999,5.8323729718991244e-05,0.001540538967585372
regime_shift,4,Dynamic-factor CVaR,6.752970432060662e-05,0.015685391926083647,0.0002296162320446194,0.1304510846593192,0.050728257832203916,0.4435631227318464,-0.08854638169465023,0.24899787751798652,1.0000000000000007,0.0465381892670329,5.746234477264618e-05,0.0014332110846005887
regime_shift,5,Equal weight,7.813808960902928e-05,0.016856766266638484,0.0009646679211869075,0.1403239059514642,0.2627789501046687,1.7323941668441285,-0.04501111720572337,0.2675928687016088,1.0000000000000002,0.25783144328110796,6.0159131333860357e-05,
regime_shift,5,Original TV-MVP,5.479818825122745e-05,0.014658684414791916,6.70901344394558e-05,0.1175123118626696,0.010161833163695455,0.14387185147459985,-0.06649842568384656,0.23269940105350675,1.0263108283225537,0.006067123571111166,4.9781062136977275e-05,0.0014911602178759539
regime_shift,5,Dynamic SigmaF TV-MVP,5.480100589430854e-05,0.014663881000382784,6.162665555522414e-05,0.11751533297985312,0.00877165479804165,0.1321522630802479,-0.06669975201656975,0.23278189429234736,1.0270032458587184,0.004679631586995692,4.9834781831144256e-05,0.0016470749576115086
regime_shift,5,Dynamic-factor CVaR,5.780009725358222e-05,0.015925685646329464,-0.00023957460253244944,0.12068812910929856,-0.06532373168914063,-0.5002380953598341,-0.08321603935136812,0.25281242207027227,1.000000000000015,-0.06901462719149831,5.210714713560787e-05,0.0014784135167999408
regime_shift,6,Equal weight,3.2722359125725424e-05,0.009575101205348966,-0.0009511347405532249,0.09080767863833326,-0.21640055528243662,-2.6394899441712236,-0.09583967128080928,0.15200001940576902,1.0000000000000002,-0.21952838514499162,4.861885889616691e-05,
regime_shift,6,Original TV-MVP,6.747088035350547e-05,0.015715028640177733,-0.0011800504729756046,0.13039425542976724,-0.2635557914164499,-2.2805661047700285,-0.11071837534428308,0.24946834576900698,1.0754520506125176,-0.2667095054402008,7.128834467087008e-05,0.0017747431363216726
regime_shift,6,Dynamic SigmaF TV-MVP,6.827165887720365e-05,0.01582699594883633,-0.0011891642490871603,0.13116576549182077,-0.2653204603991365,-2.284661623757696,-0.111226240239924,0.2512457716910861,1.0775036075558724,-0.2684725733053144,7.19821506407341e-05,0.0020660528166977117
regime_shift,6,Dynamic-factor CVaR,4.671970819168432e-05,0.012714336963708484,-0.0014025473555871317,0.10850514487481436,-0.301962340869668,-3.2573748831517046,-0.12213014511258913,0.20183384214629227,0.999999999999999,-0.3047421752099726,5.658024210952511e-05,0.001746950209023171
regime_shift,7,Equal weight,6.568341458159203e-05,0.014492089081565657,0.0003927571953882555,0.12865543313269437,0.09507150205148962,0.7693014653781347,-0.03850584024765935,0.23005478212570307,1.0000000000000002,0.09069058327339552,5.373373158185901e-05,
regime_shift,7,Original TV-MVP,7.152182820821973e-05,0.01589120346038587,0.001777744079203746,0.13425163205142565,0.5507536109256714,3.3369539059885622,-0.05194702039228383,0.2522650343382605,1.58303780798698,0.5409023119869543,7.437648861444981e-05,0.0019804242804176185
regime_shift,7,Dynamic SigmaF TV-MVP,7.223582056717847e-05,0.015928261798416766,0.001811409138322741,0.1349200755370711,0.5638044442347085,3.3833000836996123,-0.05252765765427758,0.2528533172168472,1.5965848500026254,0.553785589918909,7.556123220261417e-05,0.0020433334447697658
regime_shift,7,Dynamic-factor CVaR,5.1661565938121296e-05,0.012311233480591908,0.001380692757546426,0.11409958201679166,0.4067845582980776,3.0493939482661294,-0.040671016584236885,0.19543477273258994,1.0000000000000002,0.4011570153517836,5.612291656680548e-05,0.002000858959731524
regime_shift,8,Equal weight,4.001615271320264e-05,0.012160194529814986,3.6758017342664695e-05,0.10041947263218955,0.004307470451339279,0.09224326843738308,-0.04866298493116583,0.1930371037203508,1.0000000000000002,0.0003257143832038345,4.757290530597614e-05,
regime_shift,8,Original TV-MVP,5.097008744840029e-05,0.01465326388517412,-0.00013423900710252736,0.11333341094750865,-0.03936527382699151,-0.2984841760873564,-0.05711071437209081,0.23261335281344908,1.0016320444392222,-0.04317574618392794,5.527683215529499e-05,0.002105868831270585
regime_shift,8,Dynamic SigmaF TV-MVP,5.096724946225302e-05,0.014652437324570153,-0.0001342420832194771,0.11333025573291433,-0.03936567870027341,-0.2984993261731723,-0.05710921849005657,0.23260023157063936,1.0016228820305917,-0.043176115537712834,5.527515771351544e-05,0.002110988887942904
regime_shift,8,Dynamic-factor CVaR,5.12606121350714e-05,0.013975615973881682,-0.00010820745967095941,0.11365594686613628,-0.03307476854271818,-0.23991951665492955,-0.05852579353902698,0.22185602571499619,1.0,-0.03691036915104928,5.365688572681965e-05,0.0022014077308379525
regime_shift,9,Equal weight,4.1191249823472896e-05,0.011260226732876816,0.0008385277923597125,0.10188324177957418,0.22890551037725593,2.0740310180924313,-0.04007309982154372,0.17875055784836033,1.0000000000000002,0.22402400704015135,4.813978234194002e-05,
regime_shift,9,Original TV-MVP,5.29398945154022e-05,0.013232412881464331,0.00016909550149236615,0.11550261216908195,0.03671374232987579,0.36892729589264467,-0.05872202349178546,0.2100580423780934,1.0,0.032622364451957875,5.2374611958299265e-05,0.0020640545876306963
regime_shift,9,Dynamic SigmaF TV-MVP,5.2898031692893306e-05,0.013222966875256686,0.00016937206081764675,0.11545693563666548,0.03679134712749099,0.3696768764101219,-0.05874265310223403,0.20990809167824417,1.0000000000000002,0.03269963636262707,5.2351653869938175e-05,0.0023955133488984515
regime_shift,9,Dynamic-factor CVaR,5.336727207826043e-05,0.013634497634831426,0.00043641385485312863,0.11596789453862491,0.10887953695217578,0.9483339493273211,-0.04424175191745394,0.21644093995837385,1.000000000000005,0.10448737107783934,5.22364887738508e-05,0.0020443347502600118
regime_shift,10,Equal weight,5.944998042291973e-05,0.01667282984126917,-0.0010570922699144807,0.12239850924980979,-0.2396032056689743,-2.176392945070637,-0.09323064078921373,0.2646729684701684,1.0000000000000002,-0.24270964544656226,5.688068863822931e-05,
regime_shift,10,Original TV-MVP,8.23948472153311e-05,0.02000550752707262,-0.0007543827273206189,0.14409545967261927,-0.18162630514693612,-1.3192951930387524,-0.0800407376244957,0.31757758660958957,1.1227105741418624,-0.18534492951412984,8.338285123246538e-05,0.0022581462922779804
regime_shift,10,Dynamic SigmaF TV-MVP,8.309963295630128e-05,0.020119119398792146,-0.0007476820265233866,0.14471042638658738,-0.1803143331672834,-1.3020200091218648,-0.07987637771125577,0.31938111916091616,1.1297002563792147,-0.18406145730768642,8.4143875080738e-05,0.0024032788409919185
regime_shift,10,Dynamic-factor CVaR,6.97821152609335e-05,0.018434003763749138,-0.000663192784756155,0.13260879701496145,-0.1612658509766386,-1.260282767965201,-0.07796445980632294,0.29263073775665327,1.0000000000000004,-0.16466440390237924,6.678722919059885e-05,0.0023390088391785136
regime_shift,11,Equal weight,5.393130411536162e-05,0.01331481333450531,0.0014062077509825008,0.11657910892210117,0.4154385416136539,3.039690014137769,-0.029340888037697077,0.21136610901808633,1.0000000000000002,0.4098201147698255,4.894443527358164e-05,
regime_shift,11,Original TV-MVP,5.221954413219684e-05,0.01302754969876517,0.000991300740227675,0.11471410166720396,0.27534181756913867,2.1776554312571723,-0.032447608500634995,0.20680594017280238,1.032206406214873,0.27011971285406977,5.696988394073237e-05,0.0015163283902650704
regime_shift,11,Dynamic SigmaF TV-MVP,5.223245080222845e-05,0.013019922042247908,0.0009888202217082475,0.11472827725613931,0.2745435857055729,2.17193792001391,-0.032458117614372894,0.20668485487941698,1.0322590553239606,0.26932441482597613,5.709370959785504e-05,0.0018711371304559543
regime_shift,11,Dynamic-factor CVaR,5.714878130772751e-05,0.01371190203920083,0.0008984292990068588,0.12000622021190124,0.24510746399777084,1.88660373562266,-0.034464170935994964,0.217669696784429,0.9999999999999999,0.2401788888083798,5.526268150627536e-05,0.0015740661909966875
regime_shift,12,Equal weight,3.6632210068006905e-05,0.01245868124816338,0.00019324430639642055,0.09607974259508474,0.04513763885942401,0.5068452922186456,-0.05323522784700996,0.19777543347878457,1.0000000000000002,0.04099599428138623,5.201350998513142e-05,
regime_shift,12,Original TV-MVP,5.4846569462153014e-05,0.012078794015474504,0.0012195370092178658,0.11756417611016785,0.35033769616464183,2.6140899080933764,-0.038280149460707125,0.1917449106151248,1.1443038800288148,0.34422276679058617,6.645939854540057e-05,0.002203228288144984
regime_shift,12,Dynamic SigmaF TV-MVP,5.5336493177761494e-05,0.012165472144458837,0.0012223608467349244,0.11808808695544144,0.35121581379649824,2.6085182791845276,-0.03853429890476512,0.19312088325553037,1.1489042880977645,0.3450723785093037,6.707756729908615e-05,0.002785540897199191
regime_shift,12,Dynamic-factor CVaR,5.067386143361e-05,0.011976493981687444,0.000948610096088349,0.11300359764746307,0.2619635073690436,2.115417112294306,-0.036458465122746087,0.1901209479240404,1.0000000000000002,0.25695504044584516,6.175134739291599e-05,0.002404152291689912
regime_shift,13,Equal weight,6.612401650775794e-05,0.015805418693730436,-1.2385175336266964e-05,0.12908621986856303,-0.011250684291529534,-0.024178136038975933,-0.05526413271197894,0.25090324338517256,1.0000000000000002,-0.01520175828109116,6.423963949517435e-05,
regime_shift,13,Original TV-MVP,4.880911072490722e-05,0.013638033348752176,0.0003434188464302158,0.11090489575612351,0.08380325536720745,0.780322173429716,-0.05504429142121858,0.21649706767682209,1.0,0.07949241699831422,5.238475451494792e-05,0.001770223142400622
regime_shift,13,Dynamic SigmaF TV-MVP,4.884212474735415e-05,0.013639001885924354,0.0003427001017824349,0.11094239692891643,0.08360262606395796,0.77842581411421,-0.05505576702431936,0.21651244272778072,0.9999999999999999,0.07929264757457566,5.232432960072014e-05,0.0016871317723695669
regime_shift,13,Dynamic-factor CVaR,5.594604378549413e-05,0.014101915478084396,0.0005903215164586783,0.11873669623980837,0.15233204303335213,1.252864757556834,-0.05119173404161226,0.223860968187983,0.9999999999999982,0.14775893618742808,6.578716282149981e-05,0.0017966957578851625
regime_shift,14,Equal weight,5.901949620524752e-05,0.014756083713718587,0.0011960506706022223,0.12195455318979434,0.34167732088478653,2.4714515457466564,-0.04560404508956273,0.23424556699049884,1.0000000000000002,0.3362839091282728,5.5785258756426884e-05,
regime_shift,14,Original TV-MVP,6.45734136211215e-05,0.014356108632058894,0.0008447730175744647,0.1275637104843012,0.22728008982176529,1.668835122626539,-0.06083333089373444,0.22789615941033303,1.014647740657247,0.22228051550309003,5.394811426565536e-05,0.002197891640331461
regime_shift,14,Dynamic SigmaF TV-MVP,6.45886429540475e-05,0.0143537149008146,0.0008784089664478539,0.1275787522451132,0.23771631202802546,1.7350777903797707,-0.060054798046226154,0.22785816010486548,1.0128285525338379,0.23268264470128863,5.396896942995243e-05,0.002291304044438191
regime_shift,14,Dynamic-factor CVaR,6.872773201577498e-05,0.012901081406883662,0.0007723736458043735,0.13160314763703526,0.20449710034292212,1.4789779897933675,-0.06115663578751929,0.20479831827848077,0.999999999999996,0.19966690523939867,5.893633013862678e-05,0.0021431811515413035
regime_shift,15,Equal weight,5.005278261451123e-05,0.013697195530070143,-0.0012741591620754385,0.11230895431289897,-0.2792812159518149,-2.8589715825190685,-0.08383656111512705,0.2174362381895468,1.0000000000000002,-0.2822098239699802,5.43467463244145e-05,
regime_shift,15,Original TV-MVP,0.00010260851134981619,0.018618928794905946,-0.0023303129855686785,0.16080219171439697,-0.4515578120016791,-3.65193326099877,-0.16683103287897294,0.29556633161844403,1.3983587402946884,-0.45467694133153613,8.974773251569648e-05,0.0018344398162337598
regime_shift,15,Dynamic SigmaF TV-MVP,0.00010519247627893263,0.018840894533581388,-0.002356416561405772,0.16281432376265617,-0.45533725699462624,-3.6472035122652713,-0.16902160080083317,0.29908992848311583,1.411818596142339,-0.45846466116310114,9.195525443074395e-05,0.0018766307159135943
regime_shift,15,Dynamic-factor CVaR,6.858199255619784e-05,0.015808342151392644,-0.0021491793472467407,0.13146353914360384,-0.4234492603342519,-4.119721704088392,-0.14236445095760852,0.2509496518368283,0.9999999999999982,-0.42579829720601314,6.156112039656356e-05,0.0018589259932567015
regime_shift,16,Equal weight,3.8840160018912726e-05,0.011382355933848776,-0.0004405048635106654,0.09893290819927415,-0.10939286949234583,-1.1220455117026684,-0.04239633623727124,0.18068929880990534,1.0000000000000002,-0.1129793546246538,5.1683813505931455e-05,
regime_shift,16,Original TV-MVP,5.584010561493591e-05,0.015460146472553955,0.0006398466488754082,0.11862422440194857,0.16678506998619613,1.359261620714582,-0.03911116847160201,0.2454222167940614,1.4585664210769385,0.15994632144740817,6.307964838774012e-05,0.0018864339167641183
regime_shift,16,Dynamic SigmaF TV-MVP,5.5440515074721784e-05,0.015403730623177556,0.0006268864606024196,0.11819902621777344,0.16304079219787426,1.3365202161712497,-0.03911874076466648,0.2445266429493468,1.449354529930468,0.15626637014795608,6.270976446013892e-05,0.0020977959273430773
regime_shift,16,Dynamic-factor CVaR,3.8826124878883924e-05,0.012196766006773333,6.441019198577941e-05,0.09891503156486757,0.011478018211273922,0.16409405247747436,-0.04257197609966279,0.19361765791901148,0.9999999999999993,0.0074148181710052,5.153063816388654e-05,0.001945088268256475
regime_shift,17,Equal weight,6.359596762401972e-05,0.012960647691765411,-6.87428268023862e-05,0.12659456481718703,-0.024887981796926195,-0.13683993763253136,-0.04776836149938235,0.20574390373640758,1.0000000000000002,-0.028765295366330434,6.440836895998367e-05,
regime_shift,17,Original TV-MVP,5.912123627977837e-05,0.014789717491728988,-0.0004001604614123999,0.12205962290005712,-0.1025513225472261,-0.8261571998997024,-0.04876866692556503,0.23477948666410128,1.6098211784829526,-0.10831324644554263,6.527933194041616e-05,0.0018807646012112017
regime_shift,17,Dynamic SigmaF TV-MVP,6.084121330242982e-05,0.015043084371369066,-0.00041084284485992624,0.12382239600416524,-0.10515649027235063,-0.8361362745816897,-0.05018463315221189,0.23880156118802975,1.6517916459898134,-0.1110525058930214,6.720167505736547e-05,0.00198654797132067
regime_shift,17,Dynamic-factor CVaR,4.589027339095202e-05,0.014828746004928377,-0.000683220496365343,0.10753766267926744,-0.16299954968549357,-1.6010350308391073,-0.06151225977988972,0.2353990451038984,1.0000000000000002,-0.16634305942409733,5.664391373018412e-05,0.0018738669037164804
regime_shift,18,Equal weight,4.6162660127217384e-05,0.015045792853144651,0.00047414868876324097,0.10785634126957387,0.12042595311032978,1.1078205338868048,-0.04248274199313817,0.23884455700328225,1.0000000000000002,0.11597609715762602,6.010963441794375e-05,
regime_shift,18,Original TV-MVP,4.0212217424460455e-05,0.011712109503274455,0.00027594834476448235,0.10066518162186981,0.06667357193555112,0.6907947888263881,-0.041166927851113866,0.18592397444172265,1.0400798301464182,0.06224793253364047,5.093829715184828e-05,0.0016991303418635998
regime_shift,18,Dynamic SigmaF TV-MVP,4.0315774929431764e-05,0.011700486570987635,0.0002724696488476955,0.10079471852342664,0.0657255477118841,0.6812098145168273,-0.041181365703495953,0.18573946611170503,1.0416195052250656,0.061297326739430336,5.104361656186032e-05,0.0019637116688589586
regime_shift,18,Dynamic-factor CVaR,4.9068560840188146e-05,0.01260438224373216,0.00028051283395657905,0.11119926857550554,0.06672839261358554,0.6356987331176477,-0.0418316846882435,0.20008836507908168,0.9999999999999986,0.06247188165206685,5.372848088000095e-05,0.0019504403346461848
regime_shift,19,Equal weight,5.293512561615026e-05,0.01688612583533049,-0.0024701427297874655,0.11549740973402765,-0.4673272270588764,-5.389523187921751,-0.1712465511949135,0.2680589374057638,1.0000000000000002,-0.4694459614180351,6.578816878796937e-05,
regime_shift,19,Original TV-MVP,3.879819655359093e-05,0.014244297423237743,-0.001307286150287853,0.09887944949030064,-0.28428968069417526,-3.3316944175023377,-0.08941317858485054,0.22612121149635137,1.2409307368738385,-0.2878419723330521,5.505507025126694e-05,0.001719155409700086
regime_shift,19,Dynamic SigmaF TV-MVP,3.971050585507912e-05,0.014406683239384334,-0.0012694506704703792,0.10003523117122257,-0.27750624681787306,-3.197889035823637,-0.08715793508636727,0.2286990064121602,1.2538120415790432,-0.28113003315537366,5.583434221828627e-05,0.002040133268251835
regime_shift,19,Dynamic-factor CVaR,4.024770681167791e-05,0.013910744897728984,-0.0017214768107470634,0.10070959297178614,-0.3554433501766123,-4.307555452337026,-0.12164844740547864,0.22082622930630916,0.9999999999999999,-0.3580166720596878,5.884659696965645e-05,0.001637692462719021
regime_shift,20,Equal weight,4.4058169327592005e-05,0.010866157000898036,0.000599876605111515,0.10536915426515098,0.15682911675644928,1.4346599395464472,-0.021762428879972928,0.17249489478815797,1.0000000000000002,0.1522265826851581,5.113436585531405e-05,
regime_shift,20,Original TV-MVP,4.866545215023451e-05,0.011985398064353923,8.076432271208998e-05,0.11074156375028799,0.014435973175055405,0.18378473839632545,-0.0284731233359371,0.1902622958543724,1.058778955642376,0.010161867511204958,5.1900552625454974e-05,0.0017401189832310416
regime_shift,20,Dynamic SigmaF TV-MVP,4.8837015242680206e-05,0.012038877813362991,6.546441396845997e-05,0.11093659378742171,0.010510761818086412,0.14870685818661208,-0.028770046055639154,0.1911112605507093,1.0606967790475301,0.006245288168212015,5.2031511627605317e-05,0.0017779519711237349
regime_shift,20,Dynamic-factor CVaR,5.2494626890354435e-05,0.01258667614670621,0.0004158912422916557,0.11501585097876431,0.10328830919652843,0.9112186899947173,-0.02776129941398775,0.1998072895025602,0.9999999999999988,0.0989046524882009,5.7523373322880244e-05,0.0017161470029468417
regime_shift,21,Equal weight,5.967238614447141e-05,0.014077893600886002,-0.00013668705492057997,0.12262724537559669,-0.04097896399309087,-0.2808930245027006,-0.06737167055660731,0.22347963270943172,1.0000000000000002,-0.04480998683590576,4.7409757938860653e-05,
regime_shift,21,Original TV-MVP,0.00015520814290870868,0.026027287628696133,-0.0017160437591065278,0.1977686830946563,-0.3637390161567182,-2.186610238426215,-0.1682504242757048,0.413170382202468,1.6884449980927942,-0.36804283237585533,0.00010992215518002924,0.0018271797817370078
regime_shift,21,Dynamic SigmaF TV-MVP,0.0001636144309343017,0.02682104276048449,-0.0017890596179700152,0.2030537775946166,-0.3760166876308564,-2.2203134020413158,-0.17283877963534466,0.42577085428602773,1.733439771706712,-0.38035050542441606,0.00011624864595181965,0.002081655580681702
regime_shift,21,Dynamic-factor CVaR,0.00011102572930134795,0.021954105592068993,-0.0013498338814120173,0.16726770095849253,-0.29826398718192304,-2.033615193887543,-0.14020681857707562,0.348510621920802,0.999999999999998,-0.30107198069193253,7.157660744364276e-05,0.0018171924235575328
regime_shift,22,Equal weight,5.783802014787748e-05,0.01377703981742951,-0.0007906679394717928,0.12072771461957328,-0.18658551225618403,-1.650394206290957,-0.07501290926906501,0.21870372695731918,1.0000000000000002,-0.18981922449941124,5.632125713986606e-05,
regime_shift,22,Original TV-MVP,4.55510259893366e-05,0.012478893107901127,0.0005141752225546374,0.10713943508023936,0.13189434078479723,1.209378750100081,-0.032990589887397115,0.19809628680518576,0.9999999999999999,0.12739805834147555,4.783345058794887e-05,0.0016863692087760558
regime_shift,22,Dynamic SigmaF TV-MVP,4.56408133635506e-05,0.012495010189971213,0.0004996060380860965,0.10724497642134456,0.1277356286356377,1.1739544899805563,-0.03310028953204214,0.19835213755129055,0.9999999999999998,0.12325569479393805,4.783749870881564e-05,0.0018138706773660673
regime_shift,22,Dynamic-factor CVaR,5.272683680718901e-05,0.014167290686100946,0.00013752608592536324,0.11526995651691568,0.028507704069820505,0.3006557363288824,-0.055046074432346104,0.22489876744190845,1.0000000000000002,0.02442378135460843,5.605758405565972e-05,0.0015958256527670795
regime_shift,23,Equal weight,4.998995549270757e-05,0.011926956552477311,0.0008515013389288924,0.11223844610543354,0.23158365920141022,1.9118078061105035,-0.029243979946523724,0.18933456561436354,1.0000000000000002,0.22670649547826338,5.029008701426828e-05,
regime_shift,23,Original TV-MVP,0.00012647669829696492,0.021524408872119316,0.0009650221252311564,0.17852766724190164,0.25535802214816816,1.3621730419450313,-0.08881558788880495,0.3416893979597999,1.6158011444971385,0.24746568164981686,0.00011296754916098264,0.002203159759262403
regime_shift,23,Dynamic SigmaF TV-MVP,0.0001348747232655066,0.02227900397314854,0.0009064846316012526,0.1843595136219112,0.23571296784028517,1.239068831739238,-0.09657231800351906,0.35366822382702584,1.7413620366465912,0.22735851433687793,0.00012073969785657584,0.0022212386122609463
regime_shift,23,Dynamic-factor CVaR,7.494912963468171e-05,0.014908001039815924,0.0010924507028687643,0.13743063948021123,0.3045900248813489,2.003174678981021,-0.03649995382025273,0.23665717977867157,1.0,0.2994697781530211,7.339617193643049e-05,0.0022467821250203484
regime_shift,24,Equal weight,5.914087950036235e-05,0.015070779490085064,0.00019244325452946124,0.12207989856684562,0.042018190589120374,0.3972455802367014,-0.03619208565425058,0.23924120756794742,1.0000000000000002,0.037826100840016696,5.4863571565373034e-05,
regime_shift,24,Original TV-MVP,8.519933146242632e-05,0.01778703688542609,-0.00047736781497940723,0.1465272381795666,-0.12269622576983363,-0.8209851688283999,-0.10603391885364644,0.28236045695742185,1.1430945473544656,-0.12672666493817242,6.209154550727887e-05,0.001782634610901405
regime_shift,24,Dynamic SigmaF TV-MVP,8.587547932679672e-05,0.01785372985891972,-0.00048269454023025277,0.14710751439118525,-0.12394738443582176,-0.8268715887249902,-0.10664355547960336,0.28341917508977926,1.147876197674567,-0.12798858074265218,6.26549581649591e-05,0.0017683732664504723
regime_shift,24,Dynamic-factor CVaR,6.659162473215835e-05,0.015643172504889065,-0.0001666137891346086,0.12954184433033175,-0.049010188551859346,-0.32411669819101335,-0.07165382686039357,0.24832766498411882,0.9999999999999877,-0.05283734888601055,5.1584693111240466e-05,0.001847806269580575
regime_shift,25,Equal weight,3.6116030541709025e-05,0.011942976107392726,0.0005042007699707094,0.09540041769568243,0.13037432100924895,1.3318452591887249,-0.03274291266973006,0.18958886816488432,1.0000000000000002,0.1258771642276253,5.2095784988452186e-05,
regime_shift,25,Original TV-MVP,9.78053280944637e-05,0.022044054785750028,1.623757520157995e-05,0.15699344788813593,-0.008041114404361505,0.026063947291059986,-0.08039577725308478,0.3499385211034668,1.622041812116409,-0.014360524433644772,9.534508708905669e-05,0.002512022424124089
regime_shift,25,Dynamic SigmaF TV-MVP,0.00010058145178559184,0.022363493368439347,9.127269353006092e-06,0.15920592278545778,-0.01015983362116335,0.0144471501858449,-0.08168272726554615,0.3550094513971961,1.6337087938758532,-0.016509935602050163,9.736351547028189e-05,0.0028836265109992124
regime_shift,25,Dynamic-factor CVaR,8.035379244957336e-05,0.020035971337744003,-0.0008128909792440328,0.1422995280993317,-0.19341780269727282,-1.4395587217021724,-0.10216245293715509,0.31806118461173255,0.999999999999999,-0.19662842223516097,7.68666043104865e-05,0.00252884232345386
regime_shift,26,Equal weight,4.518462103905326e-05,0.011975078566677951,0.0012300381976273163,0.10670765905895145,0.3555306378315344,2.904848897780043,-0.029950040373435516,0.19009847890733803,1.0000000000000002,0.3501830126758363,5.188203628775457e-05,
regime_shift,26,Original TV-MVP,5.71225186730842e-05,0.014097220891676896,0.0017623790975074172,0.11997864270618008,0.5475449194216471,3.701654915862727,-0.02442236105946305,0.22378644393912772,1.4319540088031606,0.5387552578084118,6.618531639725246e-05,0.0017468233714549727
regime_shift,26,Dynamic SigmaF TV-MVP,5.8989016352577957e-05,0.014339005125530237,0.0017878263922941184,0.12192305820003715,0.5571243670422728,3.6952177669209787,-0.024417920712789698,0.22762464966140106,1.4630523625821186,0.5480857951681248,6.813645837551837e-05,0.0018329884778079007
regime_shift,26,Dynamic-factor CVaR,5.6945069682825114e-05,0.013582805631653441,0.001610626970320375,0.11979214314833811,0.4896101613191002,3.3881854506779923,-0.026000336209643593,0.21562035484729558,1.0,0.48372138975147494,6.265356837065643e-05,0.001764818202578279
regime_shift,27,Equal weight,6.65068684133252e-05,0.019543606145898545,-0.0022084877118991285,0.12945937911236077,-0.4318964188611949,-4.298946180759507,-0.13810856090985346,0.3102451295006464,1.0000000000000002,-0.43417036272269416,6.655628333894966e-05,
regime_shift,27,Original TV-MVP,5.3443723951174185e-05,0.015364005132077752,-0.0011889139653578024,0.11605093035256502,-0.26392423699267764,-2.581679598431105,-0.08714178030077135,0.24389602032838686,1.1728079517496501,-0.2674145892456756,6.543026691689083e-05,0.0021814496086497034
regime_shift,27,Dynamic SigmaF TV-MVP,5.363595999665013e-05,0.015375502872340118,-0.001179497472882749,0.11625945948246892,-0.2621908152348117,-2.556638096285605,-0.08691499924634316,0.24407854129662748,1.1757955731739211,-0.265698594217877,6.57330680656197e-05,0.0023314059412022177
regime_shift,27,Dynamic-factor CVaR,6.739534334619409e-05,0.017116425779973975,-0.0017117332832075494,0.130321243560829,-0.3560405975911348,-3.3099499021198455,-0.10952432539645651,0.2717148356886354,1.000000000000001,-0.35864358030487853,7.249173769170811e-05,0.002132007072097588
regime_shift,28,Equal weight,6.616672406039046e-05,0.01771602673174111,-0.0008145733686303694,0.12912789963140578,-0.19230829291500362,-1.5896834803384958,-0.10506573656151097,0.2812332057141563,1.0000000000000002,-0.19552073853180618,5.54230376454624e-05,
regime_shift,28,Original TV-MVP,5.721427527750886e-05,0.016744780745788945,-0.00015693659213602198,0.12007496562536353,-0.045586292718612254,-0.3293610871534056,-0.05835270955628802,0.2658151536699613,1.1285246679641334,-0.049842246255673794,6.876005618525884e-05,0.0016373902963764694
regime_shift,28,Dynamic SigmaF TV-MVP,5.779959819364926e-05,0.016806177373394696,-0.00014557701208130157,0.12068760808301578,-0.04291948104206955,-0.3039699570419334,-0.05807406717568575,0.2667897949178585,1.1314345185643386,-0.04719794062226845,6.962517370668035e-05,0.0017912560642880711
regime_shift,28,Dynamic-factor CVaR,4.910556901930573e-05,0.015079337533746334,-0.0001240852642902135,0.11124119467564633,-0.036677452408350186,-0.28109628534922176,-0.04719020536003904,0.23937706229936911,0.9999999999999847,-0.04048884147531884,5.9391895947217676e-05,0.0016322888180847334
regime_shift,29,Equal weight,5.317970777787726e-05,0.01489951849882115,-0.0005851002206457945,0.11576392512361125,-0.14281104832656477,-1.27367187528671,-0.07481848957756487,0.23652252361492307,1.0000000000000002,-0.14621493037628064,4.7790414215966467e-05,
regime_shift,29,Original TV-MVP,7.068550173928698e-05,0.017731969447290673,-0.0005049588088821804,0.13346440138966015,-0.12720309911008243,-0.9534349123313706,-0.07487932875256431,0.2814862884775594,1.0892939745666543,-0.13097192244694023,8.728174757168069e-05,0.001767431595523513
regime_shift,29,Dynamic SigmaF TV-MVP,7.120123576953016e-05,0.017771644911973448,-0.0004935308679924486,0.13395040654630952,-0.12474038311218605,-0.9284763065732076,-0.07531007384978361,0.28211611695376865,1.0948062760804214,-0.12853865205044546,8.826431660636822e-05,0.001897359708099296
regime_shift,29,Dynamic-factor CVaR,6.496393453573703e-05,0.016023913551770824,-9.135365233231636e-05,0.1279488628437382,-0.03059830253567586,-0.1799243844461442,-0.06403441854496461,0.25437174172789995,1.0,-0.034430306998713855,7.908963907318165e-05,0.0017502566646840061
regime_shift,30,Equal weight,3.915158738884757e-05,0.012601465522526136,-2.878634663550043e-05,0.09932874720839677,-0.012040998926691304,-0.07303182166313356,-0.06875176398220462,0.20004206356535256,1.0000000000000002,-0.016015107850329335,5.3163357509234e-05,
regime_shift,30,Original TV-MVP,6.837121063821995e-05,0.015938880741365968,0.0006208494048131847,0.13126136172092467,0.15944021637627115,1.191927677434584,-0.06337744867998041,0.253021887710227,1.5447768952145216,0.15227674246001643,8.929457166836923e-05,0.0021261391324923894
regime_shift,30,Dynamic SigmaF TV-MVP,7.33892334336753e-05,0.016495669688039553,0.0006502266102428915,0.13599296608753772,0.1673240986852369,1.2048939772056668,-0.06492251427909845,0.2618606382241145,1.5774988135155144,0.15996120639914024,9.464869951565565e-05,0.0022063150845978135
regime_shift,30,Dynamic-factor CVaR,3.5950765345908326e-05,0.012287077719251856,0.0003248549049770047,0.09518189358890114,0.08046219267170329,0.8600736229075299,-0.04058216774617662,0.1950513119091787,1.0,0.07613045649575634,5.54444860797003e-05,0.002103194413418308
regime_shift,31,Equal weight,9.218448515751355e-05,0.01937122072238909,0.0005255314926702015,0.15241551843461812,0.12858281779148606,0.8689006048271989,-0.049175897582527606,0.30750859573909506,1.0000000000000002,0.12406857211163724,6.776698204054532e-05,
regime_shift,31,Original TV-MVP,6.205419402411802e-05,0.014389208725914066,0.0005380858272516607,0.12505061732785544,0.13641747343794242,1.0843419358091702,-0.03681514879566916,0.22842160711061513,1.137826797904651,0.13123781419240022,5.7402769568083985e-05,0.0015875482796947438
regime_shift,31,Dynamic SigmaF TV-MVP,6.233038704666948e-05,0.014387346839924344,0.0005435770497350407,0.12532859823584044,0.1379514639642876,1.0929781267916345,-0.03684793874305725,0.228392050586825,1.1391894855339628,0.13275869009215713,5.763868110818181e-05,0.001589622410771234
regime_shift,31,Dynamic-factor CVaR,6.166216875170748e-05,0.015378945773892573,0.001223740491500139,0.12465498997404913,0.3506155694930404,2.4738889628263947,-0.03743665615515046,0.24413319566440514,1.0000000000000129,0.3452042902372987,5.519437016523576e-05,0.0016693826250541964
regime_shift,32,Equal weight,4.800691579329387e-05,0.01540171563726632,-0.0014189371737605221,0.10998973943013983,-0.3049729042498043,-3.2509593134800014,-0.09226544972526951,0.24449465603964823,1.0000000000000002,-0.3077768168715814,5.2516441027475536e-05,
regime_shift,32,Original TV-MVP,5.5285137695440536e-05,0.01738349384553113,-0.0016321800668543471,0.11803327793148428,-0.34198924691448407,-3.4846899455427436,-0.10132506029999899,0.2759544097961834,1.163292339130834,-0.34508649446172346,5.91504312830302e-05,0.0017363179635844466
regime_shift,32,Dynamic SigmaF TV-MVP,5.515049197413755e-05,0.017389137386005782,-0.0016414372821781547,0.11788945660016702,-0.3435141353356834,-3.508729338805935,-0.10180381776888336,0.2760439982238425,1.162663932832478,-0.34660267792098653,5.901438503455991e-05,0.0016436308426431212
regime_shift,32,Dynamic-factor CVaR,5.40337626028117e-05,0.016736644044108094,-0.001117202192244062,0.11668979465192553,-0.250554145152584,-2.4126784461768516,-0.07373323848046165,0.2656859875351222,0.9999999999999604,-0.2535835466691685,5.690778451621435e-05,0.0017485286556792733
regime_shift,33,Equal weight,5.262490427008059e-05,0.014831717625208565,0.0004891011612503162,0.11515848156371424,0.12377464119101678,1.0702945276930096,-0.04704991163459671,0.23544621811341215,1.0000000000000002,0.11932301926800837,5.0766685729454266e-05,
regime_shift,33,Original TV-MVP,0.00014900645568978455,0.019705791613752164,0.0019303902535541455,0.19377726087914884,0.5961486179946318,2.5103995261808834,-0.07011624310881515,0.31281974398590245,1.5137812976162475,0.5867075017285068,0.0001539562936606277,0.0024939103163620444
regime_shift,33,Dynamic SigmaF TV-MVP,0.0001526202709326783,0.019961329946954553,0.0019618635811728814,0.1961129987406111,0.6081193414221344,2.520942648526173,-0.07154848322006979,0.3168762892664873,1.53801756921723,0.5984592095156567,0.0001582311988935803,0.0027410854139778658
regime_shift,33,Dynamic-factor CVaR,0.00010794404565404404,0.01841042924845272,0.0012906175249898604,0.16492998364402728,0.36570580665679553,1.9719617325580379,-0.05691468144613576,0.292256503928134,1.0000000000001383,0.3603651372275365,9.861374248265296e-05,0.00241999516397589
regime_shift,34,Equal weight,0.00010228952990299294,0.02059146850984942,-0.0007887463820282671,0.1605520524177571,-0.1906736141428006,-1.2380040321997152,-0.07557715908413576,0.32687942884007604,1.0000000000000002,-0.1939169960015671,8.436898597993514e-05,
regime_shift,34,Original TV-MVP,8.990352240754013e-05,0.017040163548221875,0.0001769554702521727,0.1505180641873264,0.034033467847616405,0.29626197190557696,-0.059656946434955005,0.2705042102907784,1.1993733211327546,0.029032400289160654,6.177096177791276e-05,0.0015815995503100225
regime_shift,34,Dynamic SigmaF TV-MVP,9.079801727187221e-05,0.01714069885236669,0.0001864570063460302,0.15126500042148483,0.03639718676866921,0.3106281391483461,-0.0596321426442743,0.272100158767275,1.2041150445961097,0.03136465292128254,6.250854919379146e-05,0.0016246743576918113
regime_shift,34,Dynamic-factor CVaR,7.26264250861269e-05,0.013935803795889126,1.913316706297976e-05,0.13528436392171855,-0.00415110616152059,0.03564017274502518,-0.055816838800596735,0.22122402698227533,1.0,-0.008151648623266783,4.9122012529431263e-05,0.00157668413176317
regime_shift,35,Equal weight,3.696890956645406e-05,0.013742552749306244,-0.001663774483196291,0.0965202839342406,-0.34572118722878853,-4.343865897152928,-0.11346023680755635,0.21815626172310773,1.0000000000000002,-0.3483333717485818,4.774475519115406e-05,
regime_shift,35,Original TV-MVP,3.780732541450999e-05,0.0135028276614492,-0.0016259393561114496,0.09760863693575747,-0.3395120930226767,-4.197750635630323,-0.10923354170913935,0.21435074393015063,1.0,-0.3421501023043021,5.000819256308899e-05,0.001722904797939129
regime_shift,35,Dynamic SigmaF TV-MVP,3.785043834479832e-05,0.013512854811601863,-0.0016218963302654114,0.09766427424032381,-0.33884124498767787,-4.184927174302714,-0.1090324462488852,0.21450992000412655,1.0,-0.34148196790765095,4.997362953398686e-05,0.0018620968114474673
regime_shift,35,Dynamic-factor CVaR,4.4024775308846404e-05,0.015333259002612199,-0.0013746851926019394,0.10532921426569788,-0.2968178315849399,-3.288932429153287,-0.09855047790097982,0.24340794065432497,0.9999999999999991,-0.29962138615919853,5.2331938114933606e-05,0.0016639964165187043
regime_shift,36,Equal weight,4.2903491235537456e-05,0.012858111236907152,-0.001153348969247301,0.10397922769166656,-0.25631879274384184,-2.7952115696817543,-0.08531283935558986,0.20411618797716866,1.0000000000000002,-0.2592823180372461,6.274916275873605e-05,
regime_shift,36,Original TV-MVP,6.235814646372288e-05,0.012978825079239968,9.586921715262123e-05,0.12535650325714326,0.016578644360635275,0.19272269164132005,-0.04914140885035012,0.20603246081686283,1.055640891813667,0.01228365879304194,6.025033064519864e-05,0.0024801273813107295
regime_shift,36,Dynamic SigmaF TV-MVP,6.316735149270561e-05,0.013045724105316013,0.0001125199099663314,0.12616724050307915,0.02075089250898543,0.22474151926009273,-0.04904078873505591,0.20709444993256065,1.0574314052231186,0.01643057008543347,6.0818086426697775e-05,0.0029958929304863885
regime_shift,36,Dynamic-factor CVaR,3.981816324819822e-05,0.011475351866220779,-0.0006631854178155722,0.10017073993210768,-0.1581179073185942,-1.6683786642965233,-0.053252285764809226,0.18216556346988674,0.9999999999999999,-0.16147771015380052,4.880509027887629e-05,0.0022152544269160015
regime_shift,37,Equal weight,5.5358119787018874e-05,0.01530885260531372,-0.0010200570174826252,0.11811116029541305,-0.23208090410697158,-2.1763766248904126,-0.06388572737459886,0.2430205011084201,1.0000000000000002,-0.23518101576172723,4.991734152823971e-05,
regime_shift,37,Original TV-MVP,5.640987606806067e-05,0.01639187201417217,-0.0017999628164965282,0.11922788587050971,-0.3693657656751914,-3.8044005095398408,-0.10886318509070403,0.2602129012337939,1.0000000000000002,-0.3719190714013376,5.010753744220737e-05,0.002239157340628917
regime_shift,37,Dynamic SigmaF TV-MVP,5.602300876453027e-05,0.01629302983652022,-0.0017872461393039281,0.11881834121322192,-0.36730729662458284,-3.790542962524305,-0.10813687800365013,0.25864383030712723,0.9999999999999999,-0.369868644586438,4.972970110560287e-05,0.0024163414045510066
regime_shift,37,Dynamic-factor CVaR,6.182630548220186e-05,0.01717960758776864,-0.0013284294282095484,0.12482078745751794,-0.29014244187849536,-2.6819588525888878,-0.08210542578491309,0.2727178157934844,1.0000000000000022,-0.29301668149421845,5.340382553070414e-05,0.0022733583433805398
regime_shift,38,Equal weight,3.830298416406601e-05,0.011057804796178114,0.0019127805935422175,0.09824638420493975,0.6109491214247686,4.906243761268145,-0.01719005378193994,0.17553720922190738,1.0000000000000002,0.6045585976668553,4.993706709722551e-05,
regime_shift,38,Original TV-MVP,5.4514867953532844e-05,0.014717239266620262,0.001678237849593387,0.11720813420701773,0.5155832544486043,3.608247336746803,-0.037698541802516417,0.233628930509471,1.0613526569619969,0.5092099935800607,5.6617747460610276e-05,0.0019334926384141425
regime_shift,38,Dynamic SigmaF TV-MVP,5.420994643894821e-05,0.01465829800902195,0.0016811656959446531,0.11687988065794279,0.5167576695021561,3.6246935999011263,-0.03745090341271429,0.23269326705207183,1.0598091751472585,0.5103885777776134,5.64471919333038e-05,0.001910168586845666
regime_shift,38,Dynamic-factor CVaR,4.7482547876685856e-05,0.013088225967857726,0.0017865940050493902,0.10938739445166815,0.5588361418016847,4.115846177059943,-0.029961277645917606,0.20776914608381522,0.9999999999999977,0.5526583236166642,5.0487197319018065e-05,0.001863314498664428
regime_shift,39,Equal weight,5.003279703942106e-05,0.011700089448269172,0.0003591472546389308,0.11228653015359459,0.08794823135253615,0.806019279830006,-0.03124253498415741,0.18573316198398687,1.0000000000000002,0.08358281648777521,5.131686061802405e-05,
regime_shift,39,Original TV-MVP,6.439630546068513e-05,0.01833252676695884,3.2999382600212748e-06,0.12738865324703239,-0.0071493458387372755,0.006527931808123843,-0.0393388152198616,0.2910198403728483,1.077050373182754,-0.011444958172944664,7.52521916488279e-05,0.0031039274570614592
regime_shift,39,Dynamic SigmaF TV-MVP,6.52236983830486e-05,0.018429523537861467,-8.599191755322028e-06,0.12820441487143977,-0.010223913764655146,-0.016902665360737864,-0.0399001991780904,0.2925596163755563,1.0831631780188256,-0.014530485178675723,7.633766991573348e-05,0.0030568293424664077
regime_shift,39,Dynamic-factor CVaR,5.827938528563688e-05,0.0172118790609535,-7.284348030514298e-05,0.12118747910564233,-0.02527286727526301,-0.15147238949408412,-0.04590469094285654,0.27323010954841737,1.0,-0.029181671283219357,6.61315097851739e-05,0.003223221959555637
regime_shift,40,Equal weight,4.581151577022594e-05,0.014168812847136216,-0.0010144132395868562,0.10744534412480114,-0.23006649570828908,-2.3791830019080495,-0.07979868563205295,0.22492293099923677,1.0000000000000002,-0.23315853422856847,4.750872212266778e-05,
regime_shift,40,Original TV-MVP,5.495478513991676e-05,0.01488313982198111,-0.0013766033826462514,0.11768009965690471,-0.29809945832651163,-2.947856548713428,-0.10474924900061211,0.23626252018058486,1.0307584777764327,-0.30100305514024084,5.9778448950700966e-05,0.0019209060173246072
regime_shift,40,Dynamic SigmaF TV-MVP,5.50429037903195e-05,0.014910899025687187,-0.0013850677623930836,0.11777441044284838,-0.2996048267904461,-2.9636070756850192,-0.10542530867481348,0.23670318387818162,1.0332122140349125,-0.30250900645670553,5.998174772096531e-05,0.001903802869303916
regime_shift,40,Dynamic-factor CVaR,6.171046677401926e-05,0.01673933281761418,-0.0016717219469151092,0.12470379956943115,-0.3490298785890561,-3.3781964308798424,-0.1265841438427998,0.2657286704912955,0.9999999999999996,-0.35164728365721876,6.166783127242862e-05,0.002003550306713741
regime_shift,41,Equal weight,3.6977605984442254e-05,0.014438435046379136,-0.0013913076937425105,0.0965316357888928,-0.29914565949799365,-3.6320687612698133,-0.09841588637582666,0.2292030507220712,1.0000000000000002,-0.3019646134271261,5.0998310213062434e-05,
regime_shift,41,Original TV-MVP,6.730631490294534e-05,0.016769902242399232,-0.0010858387399571225,0.13023513871279987,-0.2458381509464046,-2.1010563291418496,-0.10493046989720767,0.2662139450655167,1.07462391007012,-0.24911684043009508,6.499822525185842e-05,0.0020610537267394496
regime_shift,41,Dynamic SigmaF TV-MVP,6.716210642956654e-05,0.01675182760403246,-0.0010810329180720281,0.13009554496696177,-0.24490966120562396,-2.0940017232975445,-0.10487304112248419,0.2659270190765813,1.0747248999748225,-0.24819243995000062,6.493063679758994e-05,0.001994608088339618
regime_shift,41,Dynamic-factor CVaR,5.9715647278432256e-05,0.016689842457062752,-0.0009659429524477551,0.12267168831545823,-0.221944734880841,-1.9843015724285955,-0.10618437796370017,0.26494303537341146,1.0,-0.22508941757045087,6.416921161588173e-05,0.0021088143137777075
regime_shift,42,Equal weight,8.212031467315859e-05,0.01622523018334338,-0.0008784116946435414,0.14385520253934497,-0.20676988805051844,-1.5387677549557492,-0.09261692646057429,0.25756754417943306,1.0000000000000002,-0.2099409927479593,7.496503052766236e-05,
regime_shift,42,Original TV-MVP,8.769949100638681e-05,0.018546474148626767,-0.0004818835567179704,0.14866160140940726,-0.1239556173334555,-0.8168528735171031,-0.09131256948036182,0.29441614976612884,1.0662914477149767,-0.12767348766244746,6.60561987004435e-05,0.0018052584519784838
regime_shift,42,Dynamic SigmaF TV-MVP,8.968593404532547e-05,0.018764060036655095,-0.000481282464915432,0.15033580870644897,-0.12403856223880039,-0.806748453360907,-0.09230082734886302,0.29787021865724944,1.0718818961525547,-0.12777532013692938,6.744656954578761e-05,0.002253222387676236
regime_shift,42,Dynamic-factor CVaR,8.445860941875965e-05,0.01784640907337047,-0.00024569660702126935,0.14588889462028093,-0.06983460251140827,-0.42440204328446957,-0.07688207216831666,0.28330296122198956,1.0000000000000004,-0.0735362878081326,6.189727817475284e-05,0.0016385331478347626
regime_shift,43,Equal weight,4.252740357850153e-05,0.011745675598058957,-0.00041153361785820726,0.10352248886972523,-0.10327263415831167,-1.0017772257270063,-0.07239635274708422,0.18645681967742314,1.0000000000000002,-0.10685145845664479,5.285014366842324e-05,
regime_shift,43,Original TV-MVP,4.556534038400676e-05,0.013295580353953219,-0.0004415108731314945,0.10715626802371248,-0.11036491702012785,-1.0383036109891013,-0.07073362739145139,0.21106079491701807,1.0000000000000002,-0.11392023344684832,5.73061992519911e-05,0.002465917526772431
regime_shift,43,Dynamic SigmaF TV-MVP,4.5595370888137584e-05,0.01330574261594367,-0.0004435754094731997,0.10719157366048263,-0.11083122333314488,-1.0428152080433135,-0.07089344272260334,0.21122211582492578,1.0000000000000002,-0.1143845797863069,5.732682142160347e-05,0.002485510373594719
regime_shift,43,Dynamic-factor CVaR,4.924601393731064e-05,0.014199383011881441,-0.0004276401367538094,0.11140015939038095,-0.10765724082536099,-0.9673712771300144,-0.06497649895048407,0.2254082173199616,1.0,-0.11123605545519788,5.9842278329470136e-05,0.002552933025415532
regime_shift,44,Equal weight,4.316273091732626e-05,0.013072216605005184,0.00031065860237277255,0.10429289616827322,0.0756477973991867,0.7506356681439434,-0.05137257903291015,0.20751500532727668,1.0000000000000002,0.07133037873540049,5.053062486065747e-05,
regime_shift,44,Original TV-MVP,4.274949073237918e-05,0.010667977660885217,0.0013392713513348956,0.10379244512275233,0.393729570185289,3.2516468817864967,-0.031014275384574463,0.16934889529616898,1.1243139224924354,0.3873977697426545,5.7839385171051256e-05,0.0015672059037385331
regime_shift,44,Dynamic SigmaF TV-MVP,4.2980439660408556e-05,0.01071479009529944,0.001367109411520696,0.10407243052039745,0.403488023475697,3.3103058127934624,-0.030705930131408543,0.1700920196545223,1.1308597172885517,0.3970739308808868,5.8543655906410076e-05,0.001801079035173698
regime_shift,44,Dynamic-factor CVaR,3.6561054354928074e-05,0.010562678812262857,0.0010733801347624966,0.09598638287508221,0.304499513003027,2.818022576308249,-0.03356148475129628,0.16767732789539175,1.000000000000005,0.29924950068974154,5.40761265578913e-05,0.0015900613977710822
regime_shift,45,Equal weight,4.834995780609675e-05,0.013555902309743142,0.0008816268905599136,0.11038201559645658,0.24121122910962756,2.0127370860242766,-0.03998838784334835,0.2151932778519986,1.0000000000000002,0.23630647246287495,5.2152279020720555e-05,
regime_shift,45,Original TV-MVP,6.446080506370558e-05,0.014770125358509495,0.0010612177442295393,0.1274524337784642,0.2960349529234767,2.098248449383721,-0.0319144192033175,0.23446847119118913,1.0,0.2909071681529778,5.5468955422088536e-05,0.0019453553169450327
regime_shift,45,Dynamic SigmaF TV-MVP,6.510290393477027e-05,0.014850766191954586,0.001058447637798404,0.12808564240992082,0.2950282678409877,2.082425474914419,-0.031577466580924085,0.23574860473606526,1.0,0.28990416628654114,5.591326523045726e-05,0.0020930267851716534
regime_shift,45,Dynamic-factor CVaR,5.754260857201824e-05,0.015042538567418828,0.00126560415073986,0.12041900747036823,0.3656184438858072,2.6485207998822373,-0.03650487123887536,0.2387928968189282,1.0,0.36022502178566196,5.4131906106817643e-05,0.0020451945847506053
regime_shift,46,Equal weight,5.6729427681314854e-05,0.016995149401529117,-0.00040916694480804385,0.11956511103031413,-0.10433409307383867,-0.862375898814537,-0.062413552089888524,0.2697896328650055,1.0000000000000002,-0.10791040018746845,4.7889673108203834e-05,
regime_shift,46,Original TV-MVP,8.898585018861484e-05,0.017353654940100167,-0.001248121767379781,0.14974790231429266,-0.27803417993581137,-2.100374566313273,-0.1246579133984882,0.2754807318571952,1.3269615482761776,-0.2818424957678033,9.098970549412555e-05,0.0021579763147964058
regime_shift,46,Dynamic SigmaF TV-MVP,9.014420361785112e-05,0.017451949027961662,-0.0012599995853671945,0.15071940588954857,-0.2802981392657383,-2.1066955090389663,-0.12557264204367669,0.27704110212817185,1.3329033559544992,-0.2841112008943619,9.236689667384631e-05,0.0025830070760751067
regime_shift,46,Dynamic-factor CVaR,7.981594975301086e-05,0.01674347562077424,-0.0012321636532719228,0.14182249235491082,-0.2743005413421393,-2.18939348384518,-0.11952766452210462,0.2657944354526487,0.9999999999999992,-0.27719490364717025,8.164332847443516e-05,0.002153271481048636
regime_shift,47,Equal weight,3.348008451656739e-05,0.011405565849256689,-0.0012580652415395152,0.09185304185586333,-0.27485914981904713,-3.4515181474931245,-0.08472234690206104,0.18105774479462644,1.0000000000000002,-0.2777536782453379,5.00766851589793e-05,
regime_shift,47,Original TV-MVP,4.054047243614719e-05,0.014081910720248702,-0.001370773808455129,0.10107521483484017,-0.29581512829281864,-3.417603418356749,-0.10706041304816516,0.2235434025023551,1.1039198529663543,-0.2989326712641318,5.4486038727440024e-05,0.001451678572088652
regime_shift,47,Dynamic SigmaF TV-MVP,4.083113620771186e-05,0.014166197392831661,-0.0013740261008334173,0.10143690809731629,-0.2964184625695383,-3.413496959882022,-0.10736700097806473,0.22488141194930494,1.106019352561287,-0.2995393998268956,5.478512429571384e-05,0.0015175966159756992
regime_shift,47,Dynamic-factor CVaR,4.034605180910576e-05,0.013865350432766124,-0.001528819306300316,0.10083255950284438,-0.3233319329959301,-3.8208141009929615,-0.1104573007482691,0.22010561451516578,0.9999999999999999,-0.3260434415009039,5.481700789545111e-05,0.0015066145121124751
regime_shift,48,Equal weight,6.836865637893304e-05,0.014187519760368108,0.00018908893251577268,0.13125890982135702,0.03995779166483082,0.36302610663784113,-0.04213042867881733,0.22521989404049225,1.0000000000000002,0.03579564962726223,5.527601494015455e-05,
regime_shift,48,Original TV-MVP,9.857574254376406e-05,0.017482279701070053,0.0006799959818591267,0.157610555233552,0.1724562379567256,1.087230402650223,-0.05801127777369308,0.27752258663702384,1.3605250898060506,0.16609192952289598,8.117848222011356e-05,0.002050058420068605
regime_shift,48,Dynamic SigmaF TV-MVP,9.848158767369381e-05,0.017493814934503558,0.0006842503712093301,0.15753526619068772,0.17372582541860204,1.0945555094694346,-0.05825096428398746,0.2777057027909046,1.3676775193656556,0.16732144054389209,8.150439060729403e-05,0.0020607523121864914
regime_shift,48,Dynamic-factor CVaR,7.582694670934276e-05,0.014747414929140125,0.0004682609327997064,0.13823310229736716,0.11470229752955374,0.8536432526246901,-0.06018830760730243,0.234107954301516,1.0,0.11024236888922179,5.764112707149769e-05,0.0021328927021900634
regime_shift,49,Equal weight,6.46267300620339e-05,0.016523598234677802,-0.0006743532680061702,0.12761636249177669,-0.16308132045224455,-1.331624097564333,-0.06990844144345576,0.2623039901574201,1.0000000000000002,-0.16641814333106397,5.330288616824917e-05,
regime_shift,49,Original TV-MVP,5.478541738735837e-05,0.016385852053089178,-0.0005306483806881158,0.1174986177859736,-0.13113917383560214,-1.1380848085973692,-0.09563694151036972,0.26011733731422665,1.038044565191756,-0.13473971106359595,5.919549556952678e-05,0.0018175186198179567
regime_shift,49,Dynamic SigmaF TV-MVP,5.553343073494972e-05,0.016507193349686214,-0.0005334890886998139,0.11829803271909187,-0.13184184053778625,-1.1364453597600381,-0.09683189138235193,0.26204357068157397,1.0492436735832762,-0.1354782437487746,6.05036800307239e-05,0.001972437811377228
regime_shift,49,Dynamic-factor CVaR,6.153623172080884e-05,0.016817519554409882,0.0001508555972283027,0.12452762903726959,0.030837461076717032,0.3052785216857753,-0.06637866622286182,0.26696984645960603,0.9999999999999999,0.026740826719403366,5.958394633569241e-05,0.0019192675807103241
regime_shift,50,Equal weight,5.386417544568047e-05,0.016652992318132047,-0.0010534318809415515,0.11650653291687758,-0.2383803837573768,-2.2785403303235263,-0.09773633068539966,0.2643580575530785,1.0000000000000002,-0.24141934344930505,6.467348438649756e-05,
regime_shift,50,Original TV-MVP,6.255243412406835e-05,0.016111229213339667,-0.000199725338942004,0.12555163638625036,-0.0564369038054342,-0.4008771758143085,-0.05522702616465203,0.25575783488433335,1.1783425469351343,-0.06087910338333469,5.98427978220231e-05,0.001822394384293993
regime_shift,50,Dynamic SigmaF TV-MVP,6.285841372531353e-05,0.01613139776309686,-0.00019520264240177065,0.12585833408550667,-0.05539604825640909,-0.39084472428998124,-0.05509902363255015,0.25607800068610753,1.1821887196851004,-0.0598578002297494,6.010037200224778e-05,0.0018384597823393775
regime_shift,50,Dynamic-factor CVaR,5.38626352872146e-05,0.014729237858777838,-0.00011754151622696747,0.1165048672475879,-0.035652617258746466,-0.2542422714945333,-0.0587225132960042,0.233819402255062,1.0000000000000002,-0.03949267485041841,5.7597029098053405e-05,0.0018080922741405916
regime_shift,51,Equal weight,5.751411055121736e-05,0.01556950442280419,-0.00016044381142919531,0.12038918497484222,-0.04646306647804466,-0.33584279591731003,-0.05766215851286349,0.2471582204355608,1.0000000000000002,-0.05027689669433055,5.9285359224112505e-05,
regime_shift,51,Original TV-MVP,0.00010343526509537611,0.019176889804193107,-0.0008454251225233175,0.16144871261188423,-0.2022747078858681,-1.3195963438124911,-0.11233582266072051,0.3044236880495106,1.3205883408593526,-0.20643958089036685,8.881158855938244e-05,0.0016239147500796576
regime_shift,51,Dynamic SigmaF TV-MVP,0.00010516967636457518,0.019338874718315975,-0.0008609869451938064,0.16279667823353444,-0.20557101732063365,-1.3327588286389611,-0.11345318563754692,0.30699511884299013,1.3342218861894513,-0.20976081563912696,9.008716192467562e-05,0.0016857289263861317
regime_shift,51,Dynamic-factor CVaR,7.874654871610327e-05,0.017126555848680728,-0.0004048478554646416,0.14086919562650319,-0.10578673919949921,-0.724229730448573,-0.0804596968568998,0.27187564554400784,1.0,-0.10933234763738542,7.356622315945991e-05,0.0016699953198558498
regime_shift,52,Equal weight,4.78763438437543e-05,0.011708491849317727,0.0007243861513148665,0.10984005939831826,0.19309651499892677,1.6619192590689849,-0.02987090347321142,0.1858665459655287,1.0000000000000002,0.18831564472344042,5.430661495850086e-05,
regime_shift,52,Original TV-MVP,6.48836070940776e-05,0.012421955668702578,0.0002018367267531828,0.12786973444763056,0.04375206057762404,0.39777086705871834,-0.08285052448397834,0.19719243297873643,1.1153481157282301,0.03908711817776833,6.226364115707288e-05,0.002103785306581069
regime_shift,52,Dynamic SigmaF TV-MVP,6.35748801848661e-05,0.012182495683637055,0.00021707101619981387,0.12657357467728506,0.04793614349606079,0.43217469540401565,-0.08127011602659107,0.19339112356212873,1.1090985331162464,0.04327888189388984,6.138538625253982e-05,0.002088138284171156
regime_shift,52,Dynamic-factor CVaR,5.662406099222805e-05,0.012071953238038613,0.000655218390976015,0.1194540219919006,0.17122489244659578,1.3822475942848635,-0.05537733652126697,0.19163631663990655,1.0000000000000027,0.1665247150545992,5.648661490500178e-05,0.0020931399877102824
regime_shift,53,Equal weight,5.1711653281767725e-05,0.014923264176373675,-0.0008008933768161477,0.11415487999645688,-0.18806384650167773,-1.7679938953458096,-0.11947086977714971,0.23689947456002333,1.0000000000000002,-0.19130875960900318,5.3715269273897826e-05,
regime_shift,53,Original TV-MVP,9.196986385693176e-05,0.022569962091252643,-2.666847438255278e-05,0.15223799030447954,-0.01799993233439423,-0.04414440528912811,-0.10011020733723597,0.35828704076165874,1.6058434390903658,-0.02431656211571953,7.973407418285843e-05,0.0018719040975583763
regime_shift,53,Dynamic SigmaF TV-MVP,9.824125569361453e-05,0.023438423353016984,1.1352038394659003e-05,0.15734292623054544,-0.009321160698758435,0.01818139362212211,-0.10036304954939168,0.37207343589318964,1.677868788254702,-0.015980225552622795,8.48647886755826e-05,0.0018578360598470883
regime_shift,53,Dynamic-factor CVaR,5.3685821618958326e-05,0.013463840071045896,0.00016237978666341465,0.11631348609674418,0.03485224260056152,0.35180534615861636,-0.0937627806557968,0.21373183511960192,1.0000000000000002,0.030730635089668557,5.181332961636672e-05,0.0018907634224700981
regime_shift,54,Equal weight,6.10839549049644e-05,0.013718934830404246,0.0009855097520110009,0.12406916069697187,0.27210454665484773,2.001693701413373,-0.05351174424802585,0.21778133888371026,1.0000000000000002,0.26711192683817786,5.59488358188773e-05,
regime_shift,54,Original TV-MVP,6.338338849465454e-05,0.014728745655058561,0.0016303057766415617,0.12638280698201376,0.495797434706466,3.250735329625509,-0.025536408361638396,0.23381158876324848,1.0893140828229644,0.48942309972175213,5.82154621246809e-05,0.001618714426061103
regime_shift,54,Dynamic SigmaF TV-MVP,6.389421784148031e-05,0.014788869918013436,0.0016356117758062063,0.12689106704592346,0.49770060127634763,3.248252040894203,-0.02577301365386997,0.2347660318484864,1.092003135626035,0.4913026108168008,5.8574093126590795e-05,0.0017522674210805403
regime_shift,54,Dynamic-factor CVaR,6.082986424641925e-05,0.014736599425715168,0.001499406010227601,0.12381084681924137,0.447790706633588,3.051835313985059,-0.029758931048959325,0.23393626350731758,1.0000000000000866,0.44212033738169576,5.597851571686623e-05,0.0016650828527586968
regime_shift,55,Equal weight,7.853914921788031e-05,0.018316290919036266,-0.0020084656738533213,0.14068356550395586,-0.4033419575810445,-3.5976721801012723,-0.13122545393811635,0.29076210427728394,1.0000000000000002,-0.40572463686912075,6.573101185175875e-05,
regime_shift,55,Original TV-MVP,8.674405645523081e-05,0.021941273946043567,-0.0018394894816118098,0.1478495932585483,-0.37797661173502206,-3.135289987274786,-0.11379889020889311,0.3483069258550327,1.2130384480851926,-0.3810069970234059,6.45497910260927e-05,0.0022641416686094607
regime_shift,55,Dynamic SigmaF TV-MVP,8.687673806578476e-05,0.021950417562304654,-0.0018437109264378305,0.14796262363373314,-0.3786491827582952,-3.1400845838773597,-0.11430556820839455,0.34845207626329655,1.2244256760436047,-0.3817044691816902,6.488791918523414e-05,0.002828174198941884
regime_shift,55,Dynamic-factor CVaR,7.154810567743551e-05,0.017771122103743056,-0.0019311700163952685,0.13427629213943074,-0.3910521349915862,-3.624279732316943,-0.11662515516300531,0.2821078176304027,0.9999999999999993,-0.3934962786975028,5.603434386606617e-05,0.002339519512805988
regime_shift,56,Equal weight,5.149008193844167e-05,0.01189814199596798,0.0010663054145306223,0.11391005508069646,0.2997878960757385,2.3589573744947923,-0.02470697401070332,0.1888771487103897,1.0000000000000002,0.2945551007517839,5.2753848936560834e-05,
regime_shift,56,Original TV-MVP,7.259640704685818e-05,0.01540766973014616,0.0009188189436282401,0.13525640308616915,0.24914546326030917,1.7118773567178591,-0.04173743689082132,0.24458917433390645,1.0271905119003544,0.24399424629663913,6.208509455412858e-05,0.0019999485046884417
regime_shift,56,Dynamic SigmaF TV-MVP,7.345637945574636e-05,0.015494679871053666,0.0009114213149469791,0.13605516389629643,0.24668822753504327,1.6881253514324777,-0.04194993044915729,0.24597041750019816,1.029760029807982,0.24153440037721552,6.282087001976703e-05,0.001990799542169706
regime_shift,56,Dynamic-factor CVaR,6.169114289210279e-05,0.012824771910233778,0.0008885232165743222,0.12468427330184792,0.24133549194323423,1.7957986572586513,-0.03188261471625964,0.2035869425736321,1.0000000000000004,0.2363462547393258,5.855373415282423e-05,0.0020222773260871736
regime_shift,57,Equal weight,6.538393773769628e-05,0.01389869676521999,-4.7855176747533745e-05,0.12836180237866507,-0.019973470374059277,-0.09394932384014973,-0.03900365914121995,0.22063497113201985,1.0000000000000002,-0.023857472166809335,4.7371158486073e-05,
regime_shift,57,Original TV-MVP,0.0001112939892162087,0.018621871361582065,0.00019520702944149834,0.16746965481090775,0.036013423345969464,0.2937378205908476,-0.087534619790128,0.2956130434162914,1.1753120576204663,0.03118479818801223,8.591522384181574e-05,0.0019173735449439107
regime_shift,57,Dynamic SigmaF TV-MVP,0.00011334538861864675,0.018837974033377933,0.00019866467643152593,0.1690060292767657,0.03665234417677654,0.2962231505880783,-0.08923459038477544,0.2990435669796623,1.1876850914056782,0.03176946888159948,8.786893257728797e-05,0.002148533874440743
regime_shift,57,Dynamic-factor CVaR,0.00011494062788404251,0.017840843078412022,0.0003416426624210396,0.170191181401325,0.07446621961610789,0.505866110225096,-0.07810752874125637,0.2832146037912374,1.0,0.0701937001580335,8.807334795862304e-05,0.0020094595361638827
regime_shift,58,Equal weight,5.5894538332784414e-05,0.016225619425998532,0.000568473656744527,0.1186820275351819,0.14600235771235925,1.2070518550684048,-0.05005836609060543,0.25757372321502425,1.0000000000000002,0.14146078201119328,4.839848670895038e-05,
regime_shift,58,Original TV-MVP,7.953616594311025e-05,0.016840835964080307,0.0013574681872044153,0.14157370454171136,0.3937467875274556,2.416281923842194,-0.05086061954421739,0.2673399829883351,1.203787714458424,0.38710192284989,7.307067923679236e-05,0.0024696198504183748
regime_shift,58,Dynamic SigmaF TV-MVP,8.058485670350504e-05,0.01685504491894015,0.0013990744504684867,0.14250397850335011,0.408234200250307,2.4740836376703,-0.050691395315563104,0.2675655431540308,1.2202978307036105,0.4014292299741318,7.396547060472446e-05,0.0028212862550895303
regime_shift,58,Dynamic-factor CVaR,7.639343531381203e-05,0.015354523252973727,0.001122626371216475,0.1387484980065753,0.3142686286878065,2.0389542921981394,-0.05256688213560001,0.2437455001639619,1.0000000000000016,0.309083178925887,6.472982556073782e-05,0.002427608196540039
regime_shift,59,Equal weight,5.3342894849866134e-05,0.017014669849114802,-0.001138844750657281,0.11594140546916906,-0.2545662614402837,-2.475292377251287,-0.09880254064394767,0.2700995103637599,1.0000000000000002,-0.25754214005774534,5.417400364867098e-05,
regime_shift,59,Original TV-MVP,7.146252223718061e-05,0.019645466359399847,-0.0013105280569929718,0.134195959714775,-0.2877822724223732,-2.460976254904849,-0.09505928076115433,0.31186211026114474,1.003011688642933,-0.2906337079901937,5.6155382635825104e-05,0.0020374524051987846
regime_shift,59,Dynamic SigmaF TV-MVP,7.186643225993983e-05,0.019713878204001584,-0.0013284872937918306,0.13457466674491467,-0.2910385781385526,-2.4876806767065025,-0.09573695583870745,0.3129481146264291,1.0058349797427575,-0.29388515645788293,5.657034120590467e-05,0.002193603352163814
regime_shift,59,Dynamic-factor CVaR,6.0169649358563475e-05,0.01748839815764771,-0.000952388201625288,0.12313712534551875,-0.2193286893790729,-1.9490614722094193,-0.07996127472657544,0.27761971412409603,0.9999999999999999,-0.22244508678426467,5.198989668200474e-05,0.0021387384461179952
regime_shift,60,Equal weight,3.8605261951474706e-05,0.010543562969104567,5.578690340007454e-05,0.09863329058574304,0.009317850572861719,0.14253098090241392,-0.050726828937530555,0.16737387329280287,1.0000000000000002,0.005311434804258663,4.915476337909214e-05,
regime_shift,60,Original TV-MVP,8.628048997197809e-05,0.01739187080398769,0.0001508323223308115,0.14745400460122635,0.027689664036835815,0.2577735703425473,-0.05406737087594249,0.2760873898890984,1.0042787670087252,0.023599125780298102,7.732134060570441e-05,0.0022089277646784775
regime_shift,60,Dynamic SigmaF TV-MVP,8.735530435119697e-05,0.017541777800204845,0.0001540269089046944,0.14836959491924767,0.02838024061969935,0.26160872829172654,-0.0541968450362138,0.2784670896797742,1.0058071848893309,0.02428140711796356,7.798003785607039e-05,0.0023441261294581415
regime_shift,60,Dynamic-factor CVaR,7.3458445646308e-05,0.01655846381029432,0.0001830970263352812,0.13605707737148265,0.03771760751634057,0.33912569289219374,-0.05143406104346604,0.26285746401181065,1.0,0.033596193621828974,7.05866519966031e-05,0.0022662936677980447
regime_shift,61,Equal weight,6.235472178936946e-05,0.0193415043373812,0.0009216910363663917,0.12535306095553114,0.2515844354406942,1.8528956484495172,-0.03652143670890018,0.30703686275152664,1.0000000000000002,0.24661173000671766,4.948785852347394e-05,
regime_shift,61,Original TV-MVP,7.860079277073365e-05,0.019859088141559064,0.0010287405530263552,0.14073876430544954,0.283194401263384,1.8420128998717051,-0.040806054277712556,0.3152532509224629,1.0310132616151797,0.27795505871240356,6.548618505988151e-05,0.0017550576282061253
regime_shift,61,Dynamic SigmaF TV-MVP,7.865748209308482e-05,0.019852252012290267,0.0010245695913355963,0.1407895077321367,0.28183882964157836,1.833883370824766,-0.04093716987697027,0.3151447307346098,1.0325717978533706,0.2765973107970152,6.567538132689242e-05,0.0018234663508704672
regime_shift,61,Dynamic-factor CVaR,6.680429232118326e-05,0.019048197290075283,0.0007993013431931529,0.12974853241920767,0.21293037534931059,1.552417855747987,-0.03941516434276282,0.30238075772180195,1.0,0.2081296538328159,6.447415142472876e-05,0.001712345268215043
regime_shift,62,Equal weight,5.201793511361514e-05,0.015169633628033379,-0.0012242145415558474,0.11449244363114544,-0.2703168265754923,-2.6945189978297535,-0.0890053999354089,0.2408104683584329,1.0000000000000002,-0.27326546406261587,5.97388826389327e-05,
regime_shift,62,Original TV-MVP,6.717067938044339e-05,0.017794717333473657,-0.0013388388499307536,0.1301038477673575,-0.2924561528471752,-2.593216080633081,-0.09197826310165935,0.28248238029037037,1.3654636098987096,-0.2963443942493147,7.277244762603216e-05,0.0019047620224448825
regime_shift,62,Dynamic SigmaF TV-MVP,6.626802512556916e-05,0.017586929555315548,-0.0013362423315776283,0.129226709049033,-0.29191242186890454,-2.6057544143586786,-0.09152031555291629,0.27918385157146025,1.3538268353887795,-0.29577072217690037,7.20597813569951e-05,0.001904048448878567
regime_shift,62,Dynamic-factor CVaR,6.110589662307013e-05,0.01476507104410069,-0.0018668833824970906,0.12409144188465888,-0.3802706345080421,-3.791193052833952,-0.1206811380594256,0.23438823643734735,0.9999999999999986,-0.38276751359089656,6.474399385081804e-05,0.00191946420809278
regime_shift,63,Equal weight,7.590402596237526e-05,0.014919056593770108,0.0004900481706739279,0.13830334248498322,0.12083310528229485,0.8929078414951427,-0.04797436152523715,0.23683268125688453,1.0000000000000002,0.11636442148284365,7.082149393925685e-05,
regime_shift,63,Original TV-MVP,6.490757256424529e-05,0.016072708145080952,0.0002786713963534935,0.1278933473101311,0.06414224980175698,0.5490918281370017,-0.04919688377191578,0.2551463318832387,1.0000000000000002,0.05989407942631053,6.604660682156373e-05,0.0019688434391924394
regime_shift,63,Dynamic SigmaF TV-MVP,6.462727388789838e-05,0.016068885596931193,0.000271319473542488,0.1276168994285255,0.062209750646837536,0.5357637400601512,-0.04898566782779379,0.25508565081256573,1.0000000000000002,0.05796917701882065,6.587723535291632e-05,0.0019722403480907026
regime_shift,63,Dynamic-factor CVaR,8.255093115004631e-05,0.01693702406211977,0.00016781142870338176,0.14423187806380278,0.03257690579786798,0.29319787415196363,-0.061161504155147095,0.2688669217073154,1.0000000000000022,0.02845481563115282,7.812432195770264e-05,0.0019238878617902203
regime_shift,64,Equal weight,4.28837204855975e-05,0.012437629813553227,0.0005505801171331454,0.1039552671218278,0.14269829838237413,1.3346720503825216,-0.031168083619439235,0.19744125231446694,1.0000000000000002,0.1381172356367164,6.628131892195465e-05,
regime_shift,64,Original TV-MVP,5.924037215253079e-05,0.01740168996275355,-0.0005897228064794689,0.12218254287105731,-0.1444648556392415,-1.2162960742244386,-0.06754182797883901,0.2762432642021684,1.0409002293442189,-0.14800001401636098,6.679110616170554e-05,0.001938274573944551
regime_shift,64,Dynamic SigmaF TV-MVP,6.0070535985207334e-05,0.017524323469645067,-0.0006017578106041752,0.12303566583829362,-0.147145354240511,-1.2325122738926553,-0.06865181146255384,0.2781900107720005,1.0438431259526628,-0.15067891393563326,6.745476890988828e-05,0.002140199186331911
regime_shift,64,Dynamic-factor CVaR,5.019779697811235e-05,0.016316140576231916,-0.0003659925580483403,0.11247152901283201,-0.09379945586645766,-0.820030859700139,-0.057967034339380885,0.25901070192647857,1.0,-0.09739443059438513,5.899701801934873e-05,0.001967526144978813
regime_shift,65,Equal weight,6.112418755733905e-05,0.01533640260993616,0.0002323948498653075,0.12411001274856692,0.05228810337849543,0.4718676669923533,-0.07546825652367561,0.24345784387351804,1.0000000000000002,0.04808443523292305,6.933977178658003e-05,
regime_shift,65,Original TV-MVP,5.3876232856688965e-05,0.014594646950002304,0.0004510328004540941,0.11651957208935167,0.1128793068914069,0.9754607202579897,-0.056787417630020376,0.23168283781496055,1.0169372739642888,0.10834215602431341,5.4092297047181784e-05,0.0016955380963483918
regime_shift,65,Dynamic SigmaF TV-MVP,5.3896998283061955e-05,0.014596021255668078,0.0004498136655396105,0.11654202489802386,0.11253472858137537,0.9726366417193076,-0.056899491599242014,0.2317046542410627,1.0166350608220516,0.10800039421051078,5.412747499744888e-05,0.0017147280616475163
regime_shift,65,Dynamic-factor CVaR,5.235420036111113e-05,0.014700831657256535,0.0002484241518676148,0.11486191053173374,0.05770279876181572,0.5450273809727654,-0.06422230070897705,0.2333684677855579,1.0,0.05345587093623538,5.5290207144499735e-05,0.0017764418142941988
regime_shift,66,Equal weight,3.8959962421082896e-05,0.012117547765129452,-0.0013163120948633544,0.0990853699095527,-0.28592641119903384,-3.347725786444135,-0.08074554649939136,0.1923601073188743,1.0000000000000002,-0.288803388151213,4.7305699572371896e-05,
regime_shift,66,Original TV-MVP,5.16837041632738e-05,0.014192867588954291,-0.0012477950230859983,0.11412402660765611,-0.27461677768441517,-2.755286114278909,-0.0863970501031669,0.22530478818745173,1.0201029060894222,-0.2775930444615101,5.508651420481375e-05,0.001938621391682959
regime_shift,66,Dynamic SigmaF TV-MVP,5.1743170781564376e-05,0.014214135442347911,-0.001241712939651491,0.11418966256607568,-0.2735081869725833,-2.7402801073267895,-0.08629021828399908,0.22564240489344992,1.0209565776320053,-0.2764914442766968,5.51273025436391e-05,0.002147634200256547
regime_shift,66,Dynamic-factor CVaR,5.0552510655741434e-05,0.013857985982537537,-0.0013380267265926588,0.11286820936493519,-0.2908498947613374,-2.9874021834717155,-0.08233420759620813,0.21998870749208047,1.0000000000000004,-0.29370322767418244,5.645311399637848e-05,0.0019197571205306332
regime_shift,67,Equal weight,6.765893592469283e-05,0.0142012166275581,-0.0005363046494942442,0.1305758471273405,-0.1337478333955332,-1.0350212129257674,-0.0763549520170812,0.22543732506644465,1.0000000000000002,-0.13725295288398953,7.003801062797742e-05,
regime_shift,67,Original TV-MVP,5.6754325245082886e-05,0.013663808413552306,3.433374846384352e-05,0.1195913456808681,0.0016164359262342831,0.07234724689842427,-0.05032749845488271,0.2169062341457484,1.0182332275042123,-0.002484096978531025,5.419264158467323e-05,0.002196564410039769
regime_shift,67,Dynamic SigmaF TV-MVP,5.6812225021557984e-05,0.013681080504370374,3.554509466779874e-05,0.11965233263682164,0.0019148966412900759,0.07486158989873931,-0.049974515936679564,0.21718042008730876,1.024188785270431,-0.002210172720077286,5.440801195565074e-05,0.002158968125492029
regime_shift,67,Dynamic-factor CVaR,4.8834534666628734e-05,0.012622922065852518,-0.00014497029190957612,0.11093377635323898,-0.04169447626000489,-0.329318218149224,-0.05538307910857798,0.2003826756311727,1.0,-0.045553904052291316,5.403901790002951e-05,0.0022246553743859735
regime_shift,68,Equal weight,7.354435015958125e-05,0.01704365198515943,0.0005830060145602762,0.13613660874362368,0.14769524508072274,1.079191828157471,-0.04782499713231392,0.27055958751038506,1.0000000000000002,0.14313152728486989,7.083129987960993e-05,
regime_shift,68,Original TV-MVP,6.328912700280469e-05,0.016088264490985393,-0.001571538363001075,0.12628879603791773,-0.33249386391652835,-3.135889167534428,-0.11003127139356883,0.255393281218671,1.4107461678842488,-0.3362517668992232,9.958436168511767e-05,0.0017496492552325214
regime_shift,68,Dynamic SigmaF TV-MVP,6.570222016547072e-05,0.016322712415232254,-0.0016429543620769165,0.1286738492534463,-0.3446156817119249,-3.217627370639136,-0.11402056406920547,0.2591150266363861,1.4483141167693194,-0.3484039044304208,0.00010493275759037527,0.0018634070454188513
regime_shift,68,Dynamic-factor CVaR,5.4753391382760594e-05,0.0151884142166007,-0.0009426562060043366,0.11746426958209748,-0.2168683650272405,-2.0223116762077695,-0.07869601458221442,0.24110860095938022,1.0000000000000002,-0.21998908151996954,7.562092413150945e-05,0.0018068046639229901
regime_shift,69,Equal weight,3.6047972694003877e-05,0.012957430038650148,-0.0015335493221703472,0.09531048797949246,-0.32377847953335914,-4.054689440579501,-0.10307595786982793,0.20569282507671804,1.0000000000000002,-0.32644987394865077,5.1610902934999e-05,
regime_shift,69,Original TV-MVP,4.58886062984117e-05,0.012297602861579868,-0.002082329615005115,0.10753570935833245,-0.41197461407184954,-4.879747072971987,-0.13872640533992042,0.19521839336385957,1.0253025330990515,-0.41434294957210216,5.09206057759685e-05,0.0016669805560110265
regime_shift,69,Dynamic SigmaF TV-MVP,4.591076231740708e-05,0.012299653991799905,-0.002082840442020901,0.10756166651733594,-0.4120520737536949,-4.879766262311228,-0.1387582264040138,0.19525095404667256,1.0253285121953033,-0.4144201476983729,5.093069516275662e-05,0.0016017893396622876
regime_shift,69,Dynamic-factor CVaR,5.9744298350314956e-05,0.014328013166079479,-0.002513572410665842,0.12270111321532243,-0.47356870293591147,-5.162302369467771,-0.1654377088479123,0.22745015771463298,0.9999999999999997,-0.4756300029759155,5.604615196752117e-05,0.0016953762238354421
regime_shift,70,Equal weight,4.174326948097911e-05,0.013234228850079782,-0.00011176182054754486,0.10256365783846995,-0.03279739480180566,-0.27459998377141986,-0.06960535023208081,0.21008686998616447,1.0000000000000002,-0.03663651514380384,4.7997900654457964e-05,
regime_shift,70,Original TV-MVP,9.762491633925132e-05,0.022426312143597117,-0.000986235451693217,0.1568485859594894,-0.2295744527742547,-1.5845302799916918,-0.12899521058394892,0.35600666853759494,1.3343871667183094,-0.23366800802407894,8.584152798381417e-05,0.0025223742086389984
regime_shift,70,Dynamic SigmaF TV-MVP,9.735466115328707e-05,0.02239786214361805,-0.0009719482351336317,0.1566313334254304,-0.22676701185416948,-1.5637417488390521,-0.12844226786961066,0.35555503878912853,1.336741636950691,-0.23088271092220936,8.554491310171221e-05,0.002472324268220849
regime_shift,70,Dynamic-factor CVaR,7.858626962860455e-05,0.0202293586482224,-0.000867168733313228,0.14072576148810972,-0.204200651711118,-1.5528537098262376,-0.12070534638913422,0.32113111299318137,1.0000000000000004,-0.20738858974734575,6.666915227518456e-05,0.002559322313156225
regime_shift,71,Equal weight,7.399935780127534e-05,0.01789404819096546,0.0002514290571759687,0.13655708757117438,0.05566943434946903,0.4639826722675265,-0.09212294431566304,0.28405920876899904,1.0000000000000002,0.05144172554127424,7.315915037719772e-05,
regime_shift,71,Original TV-MVP,5.556279286559942e-05,0.016035774356708717,-0.00020670629087824228,0.11832930238166309,-0.057285696975529765,-0.4402120544352097,-0.0800331936712676,0.2545600261691882,1.0155891897775546,-0.061107728848888265,5.472802459120128e-05,0.0018987451866278187
regime_shift,71,Dynamic SigmaF TV-MVP,5.56284793928894e-05,0.016057005350914602,-0.0002168626888391202,0.1183992263784191,-0.05970386574133668,-0.4615688738775355,-0.08011733797706855,0.25489705775372073,1.0167194605655516,-0.06352001103154392,5.470545329277173e-05,0.0023657489264352913
regime_shift,71,Dynamic-factor CVaR,6.75111489796181e-05,0.01745694801216545,-0.0004967345366639345,0.1304331612085813,-0.12505295316153942,-0.9597030546483144,-0.09066988928144282,0.2771204585422388,1.0,-0.12853987196645844,5.900496918918734e-05,0.001788082466562055
regime_shift,72,Equal weight,5.9119105219877523e-05,0.010917579663604867,0.0020888525835131354,0.12205742302461223,0.6795844805025009,4.312649226906637,-0.032967873027277106,0.17331120425180815,1.0000000000000002,0.6728402775109086,5.283755311157256e-05,
regime_shift,72,Original TV-MVP,9.244901585127935e-05,0.01528656763350248,0.0017539447696960234,0.15263404598752664,0.5375139163132403,2.8957764901253946,-0.04967694481110618,0.24266673814810036,1.2740778043350511,0.5296289958333309,8.65527956866964e-05,0.001628049904974796
regime_shift,72,Dynamic SigmaF TV-MVP,9.31068326441664e-05,0.015345416001926846,0.0017627366259815038,0.1531761137590647,0.5407933235996307,2.899992817718627,-0.04984925718536404,0.24360092703557704,1.272222203469731,0.5329029476076867,8.689328235918188e-05,0.0016155810373237184
regime_shift,72,Dynamic-factor CVaR,7.74503618975151e-05,0.016937230404043865,0.0014020061598312087,0.13970501493566295,0.409804102270803,2.5289396550307743,-0.04266344279287404,0.2688701972838126,0.9999999999999998,0.40412331231380794,7.363286544704621e-05,0.0016317425029877528
regime_shift,73,Equal weight,5.045039962516859e-05,0.012448031535108808,0.0006783761548562673,0.11275416047996847,0.17898282100890084,1.5161373229695583,-0.05706860820894455,0.197606374525125,1.0000000000000002,0.17429073899756364,4.9314310223861115e-05,
regime_shift,73,Original TV-MVP,6.512550554986724e-05,0.010467890480409178,0.0011851561389618337,0.1281078740693426,0.33704033719199944,2.3313113982105653,-0.03620895722462347,0.16617260977573878,1.049098189724337,0.3313952226301189,5.8127461262205644e-05,0.0018429584233272912
regime_shift,73,Dynamic SigmaF TV-MVP,6.623175684002392e-05,0.010537905820091592,0.0011965034240920911,0.12919134151980166,0.34068277595038166,2.3338937371820077,-0.03677359706034111,0.16728406883629507,1.0551446173894306,0.3349880083163592,5.8908765485233264e-05,0.0022140307388267685
regime_shift,73,Dynamic-factor CVaR,5.5624685120352576e-05,0.011491611175699728,0.0009019611200275724,0.11839518845936625,0.24647629150369066,1.9197925625580352,-0.03590156365045116,0.18242367200611234,0.9999999999999999,0.24148611017752653,5.430275043273182e-05,0.001993695359344693
regime_shift,74,Equal weight,6.19399391589079e-05,0.015448418410494573,0.0005630874492432623,0.12493544200123835,0.14359936697106912,1.1357708824361916,-0.08519453469073734,0.24523603958064225,1.0000000000000002,0.13904718392986948,4.795761277243859e-05,
regime_shift,74,Original TV-MVP,6.509508065585939e-05,0.015393726636858947,0.0006810837389643983,0.12807794628770627,0.17763015421971118,1.3400675697397784,-0.08097497388436747,0.24436783458983682,0.9999999999999997,0.17295036661341268,5.1199689437337714e-05,0.0023150879162393955
regime_shift,74,Dynamic SigmaF TV-MVP,6.508243185753759e-05,0.015394271245819435,0.0006803923818195776,0.12806550209989995,0.1774269785641689,1.3388373715568131,-0.08098212697998686,0.2443764799890642,1.0,0.17274802433034075,5.118093214896348e-05,0.0028193372279058083
regime_shift,74,Dynamic-factor CVaR,6.962553640714238e-05,0.014989380200599001,0.001018376579285684,0.13245993799862613,0.2813056178465836,1.9374227548155287,-0.07991012607943748,0.23794903390668254,1.0000000000000036,0.2762195570825221,5.6619749013039506e-05,0.0023894232288190808
regime_shift,75,Equal weight,5.097055294244474e-05,0.014001027170704127,-0.0005916722214670173,0.11333392846582209,-0.14399546131716057,-1.3155936781513105,-0.06863087625415021,0.2222594159588484,1.0000000000000002,-0.14744696030709536,6.536808357880909e-05,
regime_shift,75,Original TV-MVP,4.7831819883043594e-05,0.015345545540088601,-0.001958305115456383,0.10978897308257778,-0.3934257417694408,-4.494922169677531,-0.13179100953383394,0.2436029833901448,1.1642852884569281,-0.3962684230296455,6.09647681707738e-05,0.0016520199405605758
regime_shift,75,Dynamic SigmaF TV-MVP,4.897536900287033e-05,0.015440773587224097,-0.0019912751562101913,0.11109362262849891,-0.39854014065862275,-4.516923001449058,-0.13329949401921304,0.24511468177349796,1.1749958756586127,-0.40138463714280714,6.1850210313405e-05,0.0019237120633439388
regime_shift,75,Dynamic-factor CVaR,4.733940881404067e-05,0.01548639806347768,-0.0013464441935510188,0.10922239248953601,-0.29207984902218,-3.106541882493222,-0.09968623795091325,0.24583894788068525,1.0000000000000009,-0.29493557549762084,6.114836705569693e-05,0.001633316522263809
regime_shift,76,Equal weight,5.149217021756595e-05,0.01246475110329496,0.0012140175622296094,0.11391236497776096,0.3490199171731345,2.685682329056978,-0.04175814001233347,0.19787178944181869,1.0000000000000002,0.3436419964627331,4.994538837721363e-05,
regime_shift,76,Original TV-MVP,8.970547267332791e-05,0.012933323540433939,0.003570906804158639,0.1503521836012987,1.4283920194575468,5.985071138269816,-0.033535099823556624,0.20531014628115377,1.747260767997929,1.4116755814845403,9.666384729951224e-05,0.0018779533770739592
regime_shift,76,Dynamic SigmaF TV-MVP,9.735438696744203e-05,0.013482211185795071,0.0037274622512830737,0.15663111286010642,1.5233810309769544,5.997023644735767,-0.03401430352050783,0.214023467525202,1.817467899121381,1.5053285201814957,0.00010577671613099044,0.0020853943427221787
regime_shift,76,Dynamic-factor CVaR,6.412755278138413e-05,0.013958524567147997,0.0015570919337344372,0.12712255229072772,0.46836790215340085,3.0866841502969007,-0.06083188487864588,0.22158470804435468,1.0,0.4625311436508819,5.523359583524762e-05,0.001855830154661803
regime_shift,77,Equal weight,4.4208356533341175e-05,0.014249896703938537,-0.0006451818801554465,0.10554859471542942,-0.15476033989657223,-1.5403884271270663,-0.06503187392976861,0.22621009732188224,1.0000000000000002,-0.15816813114634432,4.918013045914502e-05,
regime_shift,77,Original TV-MVP,0.0001278908297093995,0.022760865781140824,-0.0006587030261849607,0.1795229486354563,-0.16634488906031275,-0.9246347826855269,-0.10332276513162986,0.3613175428885111,1.709179967381068,-0.17206265952088728,0.00011040552444903127,0.0019502506979130305
regime_shift,77,Dynamic SigmaF TV-MVP,0.0001282049029002503,0.022873407948311594,-0.000678145508788572,0.17974324891595533,-0.17045492819288122,-0.9507598713464142,-0.10419469204085174,0.36310409440656377,1.7184108949451455,-0.17617574129017366,0.00011084237457804655,0.001992351621989094
regime_shift,77,Dynamic-factor CVaR,8.138429236133034e-05,0.01705684509130613,-0.0004631700782062101,0.1432090837728363,-0.11912300625035588,-0.8150241355716573,-0.0813039796572248,0.27076902157769295,1.0000000000000004,-0.12267328204887806,7.527263334461903e-05,0.0019862399066614884
regime_shift,78,Equal weight,5.685165830376709e-05,0.014421161880014695,-0.00018631563537833737,0.11969385068811726,-0.05257816804648163,-0.3922635945407193,-0.08039167618055032,0.22892884770674146,1.0000000000000002,-0.056344522878295944,4.831783182625033e-05,
regime_shift,78,Original TV-MVP,6.77040556650175e-05,0.01677823907657938,-0.0005335437071431928,0.13061937845352203,-0.13315424725537373,-1.029349670714646,-0.08602071247687115,0.2663462882052902,1.1409464071516995,-0.13707469510687265,6.178004016238162e-05,0.002113681211212197
regime_shift,78,Dynamic SigmaF TV-MVP,6.769100329261824e-05,0.016768016514395356,-0.0005347527533798279,0.13060678707379567,-0.13341708018288345,-1.031781708063729,-0.08616541193355431,0.26618401006148534,1.1406334220865153,-0.1373352901023961,6.17293672140321e-05,0.0024330646502923408
regime_shift,78,Dynamic-factor CVaR,6.482509828205642e-05,0.016772061060092484,-0.00021427379773895864,0.12781206815898966,-0.06015981904356915,-0.42247181982102766,-0.07711315332705926,0.26624821523397035,0.999999999999983,-0.06388788820096902,6.0264532068289456e-05,0.00210827644957934
regime_shift,79,Equal weight,6.464489456177403e-05,0.014825149142475163,0.0013199729872767302,0.12763429566369322,0.38321273741893913,2.6061427382354934,-0.04817332668530305,0.23534194668259054,1.0000000000000002,0.37758751597360707,4.778878701951174e-05,
regime_shift,79,Original TV-MVP,7.707015560173998e-05,0.017513016218818116,0.0011914619578238925,0.13936168487657746,0.33712410653067226,2.1544545305801175,-0.05543701122648581,0.27801051372980085,1.3424458910479073,0.3298836444885873,5.835270517160701e-05,0.0015891516485858784
regime_shift,79,Dynamic SigmaF TV-MVP,7.821436276381677e-05,0.017776419064568033,0.0011406884029629926,0.14039237663235787,0.3199557381101472,2.047500615360488,-0.05618774675665683,0.2821919042766868,1.3620739456004238,0.3127066216806722,5.9777099193910796e-05,0.0021389449558363253
regime_shift,79,Dynamic-factor CVaR,7.256398723274166e-05,0.01582932361192824,0.0010768771277752365,0.1352261985809366,0.2998371786987435,2.0068081410787824,-0.060207176927209005,0.2512827221971489,1.0000000000000062,0.2945769722208962,5.3018940704849506e-05,0.0016783316612759
regime_shift,80,Equal weight,5.4724707519322826e-05,0.015268116370891559,0.0001593392094002944,0.1174334973287833,0.03391476232660229,0.34192527415286694,-0.03954827289178897,0.2423738334346385,1.0000000000000002,0.02974741003273995,7.185742918703685e-05,
regime_shift,80,Original TV-MVP,5.8660796098442686e-05,0.014424910912802548,-0.00031006529547653933,0.12158338955962512,-0.08188199006792052,-0.6426573131666921,-0.04477548703959966,0.2289883617572236,1.1828769055423456,-0.0862632556622488,6.0623369013516215e-05,0.0016723573568715646
regime_shift,80,Dynamic SigmaF TV-MVP,5.975631221752918e-05,0.014581399261620085,-0.00031924047181673313,0.12271344946181471,-0.08412792746577757,-0.6555809428440059,-0.044795537016092735,0.23147253728152556,1.1912815469001383,-0.08853064319240622,6.120390502454979e-05,0.0016751829456853333
regime_shift,80,Dynamic-factor CVaR,5.093024634951437e-05,0.015118967770987427,-0.0004572797301941799,0.11328910839122013,-0.11449001037150663,-1.0171718503688392,-0.046838008679658816,0.24000617281219966,0.99999999999999,-0.11806006276921499,5.647578495953266e-05,0.0016605185341215549
regime_shift,81,Equal weight,6.859844526328578e-05,0.017098698798967575,-0.0006762683271382824,0.1314793071412685,-0.16388930575613192,-1.2961706457407711,-0.07511820138670666,0.27143342858920205,1.0000000000000002,-0.16725742309908054,5.2438746149249986e-05,
regime_shift,81,Original TV-MVP,5.029939414923396e-05,0.015775886493288694,-0.001303845085714805,0.11258528911721531,-0.28468994718032703,-2.918400478219225,-0.08802036296538518,0.2504344342369484,1.1069565629943454,-0.2878697682648911,5.784996811192883e-05,0.0017132193272800817
regime_shift,81,Dynamic SigmaF TV-MVP,5.071116794680554e-05,0.015820815811349524,-0.0013144774819858814,0.11304518708284311,-0.2866430240245327,-2.9302293534858133,-0.08898016788556407,0.25114766504993646,1.1135262490253812,-0.28983264238809403,5.86266309644547e-05,0.0018623690038208642
regime_shift,81,Dynamic-factor CVaR,5.773750847916789e-05,0.017032800675465903,-0.0013195292907156187,0.12062276790370179,-0.288174764501927,-2.756704949150244,-0.08147000041665042,0.2703873283092946,1.0000000000000002,-0.29104071456898617,5.39943854713648e-05,0.0016610362933139366
regime_shift,82,Equal weight,5.563825993403493e-05,0.013583668089623831,-0.00043539389780253914,0.11840963433511989,-0.11009902576544017,-0.9266075591088749,-0.09058373572771428,0.21563404594313096,1.0000000000000002,-0.11362564425263832,5.64576036268208e-05,
regime_shift,82,Original TV-MVP,4.31752329942282e-05,0.012715687419971134,-0.0008296215018668734,0.10430799928359046,-0.19306703197475827,-2.0043009156186717,-0.09491766778720934,0.20185527997485692,1.0,-0.19626256338422243,4.679034263795264e-05,0.00197655988710861
regime_shift,82,Dynamic SigmaF TV-MVP,4.317174230134651e-05,0.012712844909000121,-0.0008297669846410179,0.10430378257733189,-0.19309629039117215,-2.0047334330804993,-0.0949118805376995,0.20181015651208725,0.9999999999999999,-0.1962917195342907,4.6789559040974376e-05,0.0019012664325842913
regime_shift,82,Dynamic-factor CVaR,4.967540032600831e-05,0.013131952511077908,-0.0011363379402228606,0.11188476608615713,-0.25374930515543914,-2.5593936596842046,-0.1074944172916833,0.20846328343813392,0.9999999999999992,-0.2567072985028198,5.240392474540211e-05,0.0019662368413791292
regime_shift,83,Equal weight,4.611224445943778e-05,0.011572794560340736,0.000976934074818651,0.1077974285582839,0.2717130711158433,2.283796470350789,-0.028160892717170927,0.183712418284216,1.0000000000000002,0.2666654760284135,4.934740585328661e-05,
regime_shift,83,Original TV-MVP,4.3203554971117584e-05,0.01089151918619457,0.0009145901478911657,0.10434220551973028,0.2523636689196871,2.208854184369262,-0.02259150979165503,0.1728975069981566,1.0002958259019634,0.2473836063075634,4.791532070240442e-05,0.001789045262699015
regime_shift,83,Dynamic SigmaF TV-MVP,4.320232749049773e-05,0.010895411819971796,0.0009139847178128677,0.10434072324651306,0.25217295888583857,2.207423350369961,-0.022578084458866,0.1729593006436741,1.0005250751049928,0.24719257292149122,4.789866199707975e-05,0.002052987020779773
regime_shift,83,Dynamic-factor CVaR,5.0409305960074873e-05,0.010565112047056544,0.001363267025035913,0.11270822996542387,0.4008531871867884,3.0480763508968316,-0.02537352153207506,0.16771595430026492,1.0000000000000002,0.39530447239263333,5.146085325529068e-05,0.0019576366568711005
regime_shift,84,Equal weight,7.044309249937501e-05,0.01461230473277755,-0.0002973047852714603,0.13323535307808698,-0.08025796521164241,-0.5623192655518252,-0.04770480497178142,0.23196314642652915,1.0000000000000002,-0.08393698766239388,5.914725934680997e-05,
regime_shift,84,Original TV-MVP,7.553870542401996e-05,0.015789175702363645,-0.000468331956736784,0.13797011910864262,-0.11962610462568535,-0.8554000957608557,-0.05362100022889549,0.25064539389094675,1.0673513873769849,-0.12338071365422798,7.330546790729107e-05,0.0022183305949517993
regime_shift,84,Dynamic SigmaF TV-MVP,7.555721444942974e-05,0.01579900069244873,-0.00047026135171905034,0.13798702127829376,-0.12005631576550346,-0.85881889133759,-0.053707468900545785,0.25080136077333964,1.0674719886122486,-0.12380945739202809,7.333760314797975e-05,0.0023113240074747726
regime_shift,84,Dynamic-factor CVaR,6.128985930203674e-05,0.014655058815292225,-0.0008887624286285156,0.12427809358094152,-0.20679516867830627,-1.8021529423326481,-0.0705077345159284,0.23264184644572855,1.0000000000000016,-0.20996867557913812,6.168492430710319e-05,0.0021820562016395787
regime_shift,85,Equal weight,5.70257849464696e-05,0.013088457477832525,-0.0005396855872707062,0.11987701116773951,-0.13334707057806305,-1.1345024927416407,-0.051437887969497,0.2077728211907313,1.0000000000000002,-0.13683698589790116,4.812192237821131e-05,
regime_shift,85,Original TV-MVP,4.87175373407045e-05,0.012180965154160802,-9.357164502503534e-05,0.1108008096083126,-0.029186486125934552,-0.21281482174783556,-0.040191023223392186,0.19336682715991824,1.0,-0.03308220374700421,4.760286637036495e-05,0.0030091190492823596
regime_shift,85,Dynamic SigmaF TV-MVP,4.873403121768732e-05,0.012188350099390377,-8.90562240892639e-05,0.11081956445888608,-0.0280829924133692,-0.2025108885788892,-0.040243128473187895,0.19348405953105793,1.0,-0.03198305161961468,4.7650282398140035e-05,0.003278874629747499
regime_shift,85,Dynamic-factor CVaR,5.590882805457572e-05,0.012566116046527912,-0.0004091549579223753,0.11869719739637108,-0.10422160017296389,-0.8686561406511429,-0.04718296847344461,0.19948090803054608,1.0,-0.10782899051395889,5.2282852671599565e-05,0.0030681121790608478
regime_shift,86,Equal weight,5.459612901330468e-05,0.016298803998747585,0.00024219356069469733,0.11729545818723239,0.05574482955281446,0.5203336790555045,-0.07395376302134693,0.2587354922908273,1.0000000000000002,0.0516000448787759,5.025533159517438e-05,
regime_shift,86,Original TV-MVP,8.374907969503683e-05,0.019446215830769373,0.0003424933366060017,0.14527480195529188,0.07885404304268095,0.5941038615304648,-0.09766633203094521,0.3086991061770184,1.0023453902926753,0.07461947216557041,6.816820213184058e-05,0.0017416739445116512
regime_shift,86,Dynamic SigmaF TV-MVP,8.36146969633237e-05,0.01943754946471337,0.0003409969546533781,0.14515820209260508,0.07846537295220357,0.5919833074112522,-0.09756732342153118,0.3085615318808894,1.0021967553448383,0.07423291241654906,6.803992561047447e-05,0.0019854509970682185
regime_shift,86,Dynamic-factor CVaR,8.765780715520544e-05,0.021893022298262663,-0.00021478915582727486,0.1486262675408078,-0.06297197726758685,-0.36418103047371386,-0.11319835509954423,0.3475409546927686,1.0000000000000004,-0.06664111300971842,6.501563079372113e-05,0.0016463317307399664
regime_shift,87,Equal weight,4.567880307963247e-05,0.011247717544765798,0.00017746310649768412,0.10728960050287904,0.03983313305946812,0.4168223446429587,-0.042444560619036675,0.17855198064328984,1.0000000000000002,0.03564624613909628,5.302290778599131e-05,
regime_shift,87,Original TV-MVP,4.871900148890845e-05,0.012191268774867786,-4.402677174934796e-05,0.11080247458971722,-0.016988525908445684,-0.10013085467556256,-0.04794201996608527,0.1935303920678835,1.0,-0.02094811241635386,4.8910674963229945e-05,0.0019258074080608183
regime_shift,87,Dynamic SigmaF TV-MVP,4.8868567515705525e-05,0.012192318002097465,-4.640830613949965e-05,0.11097242456555499,-0.017596508690021273,-0.10538557838073873,-0.048101319260029696,0.1935470480337947,1.0,-0.021553736185161876,4.894551639181574e-05,0.0020062398607369114
regime_shift,87,Dynamic-factor CVaR,5.113038221880693e-05,0.01145630413126899,6.999931900914002e-05,0.11351148100143592,0.011373990559506941,0.15540127073207813,-0.04834039452298,0.18186319005155768,1.0000000000000013,0.007309497297874001,5.405256024158234e-05,0.0019780334955530085
regime_shift,88,Equal weight,0.00010077747210712404,0.01910854735758169,-0.000977832289349182,0.159360983214196,-0.22818273969443725,-1.5462613994091068,-0.10056872588190346,0.30333878534316944,1.0000000000000002,-0.23121029511140823,7.455242247472504e-05,
regime_shift,88,Original TV-MVP,6.218626695856862e-05,0.01681586190433122,-0.0016505231754622312,0.12518362222575002,-0.345582638581439,-3.3225739343634837,-0.11567044603117327,0.26694353208039256,1.2516844447252118,-0.348798211010538,6.238786973309786e-05,0.002049924561921269
regime_shift,88,Dynamic SigmaF TV-MVP,6.086701269210991e-05,0.016887942768074305,-0.0016650617008864019,0.12384864633257683,-0.3478735165831567,-3.387970406205433,-0.11618352756066952,0.2680877803188982,1.2773651824741568,-0.3511444186562209,6.277415824755982e-05,0.0029487952264299244
regime_shift,88,Dynamic-factor CVaR,6.391233117863128e-05,0.01661396444358432,-0.0014976917955778844,0.12690905191126078,-0.31998460452543087,-2.9739276024970303,-0.10689840587224086,0.2637385092515623,1.000000000000009,-0.32265582155078243,5.963410799920192e-05,0.0020231756306612384
regime_shift,89,Equal weight,4.4252573901034215e-05,0.01506636413174995,-0.000904649374936443,0.10560136657761879,-0.20830885448260927,-2.15879443488471,-0.07382321670588021,0.23917111592732374,1.0000000000000002,-0.21147077274449166,4.8403752018012475e-05,
regime_shift,89,Original TV-MVP,4.506013125918199e-05,0.014922997262526154,-0.001055749517136595,0.10656056060904458,-0.23799342336051144,-2.4966918041517925,-0.08447513724977651,0.23689523743405122,0.9999999999999998,-0.24103625341414514,4.980718750990327e-05,0.0017144764575857578
regime_shift,89,Dynamic SigmaF TV-MVP,4.515115113414072e-05,0.014935044828005624,-0.0010574024566326575,0.10666813060049127,-0.23831974993724658,-2.498079019209909,-0.0846219974171728,0.2370864866070259,1.0,-0.24136133413333472,4.986891306400665e-05,0.0018210904402059188
regime_shift,89,Dynamic-factor CVaR,4.345805542018576e-05,0.013694126123179783,-0.0012878842087109515,0.10464908010052841,-0.28119323000533425,-3.1012868940978016,-0.0991527035471449,0.21738751286572064,0.9999999999999998,-0.28406414084362064,5.295940900888487e-05,0.001684246804329395
regime_shift,90,Equal weight,4.652672435273296e-05,0.013826103462638552,-0.00024293361448202806,0.10828081333684518,-0.06479880505846936,-0.5653750554960021,-0.049751211813347074,0.21948258817914376,1.0000000000000002,-0.06856413947509121,4.792891635875395e-05,
regime_shift,90,Original TV-MVP,7.719830792633473e-05,0.016974680572797884,0.0011915648140359625,0.13947750211928933,0.33714594442541346,2.1528513815816,-0.05342541453780092,0.26946470028229585,1.1703737895349111,0.33085400189011493,8.749168877081201e-05,0.001892678511050446
regime_shift,90,Dynamic SigmaF TV-MVP,7.926278718317764e-05,0.017144103809622384,0.001225459039986259,0.1413301891676395,0.34825775152422134,2.185065200119658,-0.054434139355774125,0.2721542107880152,1.178096169300783,0.34187185364020234,8.949657988118476e-05,0.0021461396177965193
regime_shift,90,Dynamic-factor CVaR,5.328469065401466e-05,0.016349625154460215,0.00015551064042672132,0.11587813445517535,0.03311514484731748,0.33818874951506034,-0.03302714903292103,0.2595422531269663,1.0000000000000002,0.02896534574010845,6.678457264741819e-05,0.0017843124492646749
regime_shift,91,Equal weight,4.29645984810158e-05,0.011252015705181436,-5.0938564727191746e-05,0.10405324991184074,-0.017995329832167117,-0.12336489559074877,-0.0757152852715236,0.1786202118246189,1.0000000000000002,-0.021866620071893328,4.899506924236217e-05,
regime_shift,91,Original TV-MVP,6.57124859636193e-05,0.013217828432257484,0.0006608713812940388,0.12868390133514007,0.1715677749827209,1.2941757776861895,-0.07221641495567765,0.20982652142443237,1.0985711795645388,0.16648897586568911,6.352324142654986e-05,0.0037791396294609672
regime_shift,91,Dynamic SigmaF TV-MVP,6.622558887231225e-05,0.013277685771205038,0.0006651998577332853,0.12918532577588948,0.17277097620617665,1.2975960167456857,-0.07218226129760663,0.21077672722241636,1.1011697199507753,0.16767492742883805,6.39207501216277e-05,0.0048173675296663675
regime_shift,91,Dynamic-factor CVaR,5.825338583841582e-05,0.012190364538092866,0.0004256139908835469,0.1211604441692122,0.10518633055703952,0.8852288916410895,-0.06521254313371216,0.19351603775408696,0.9999999999999984,0.1008254331223617,5.863809797836552e-05,0.004023392063910486
regime_shift,92,Equal weight,6.348456337115745e-05,0.017116104758994465,0.00020524598679989354,0.12648363518468184,0.04480514847380879,0.40892237638531376,-0.039216303455700374,0.2717097396385709,1.0000000000000002,0.0406691836390316,5.90357709409881e-05,
regime_shift,92,Original TV-MVP,6.381272982626078e-05,0.014752202706461194,0.00033825133434326864,0.1268101254483163,0.08037648654924912,0.6721808369257114,-0.060304691751031925,0.23418395791026184,1.0563276407117468,0.07584631562260191,5.859371015058383e-05,0.0020017105379836943
regime_shift,92,Dynamic SigmaF TV-MVP,6.418421734181994e-05,0.014790840024635172,0.00034417838624687427,0.12717870407477277,0.08194112817463295,0.6819770178128173,-0.06054338763057898,0.23479730632155077,1.0580495161266121,0.07739701558369538,5.9008829448366966e-05,0.0025130154938891383
regime_shift,92,Dynamic-factor CVaR,6.266964452778304e-05,0.01425565272061284,0.0006291245766048931,0.12566921031422665,0.16267322918099536,1.2615611485742366,-0.0498486744302028,0.22630147125385755,0.9999999999999944,0.15806202183379892,5.440119845120307e-05,0.002156249886841992
regime_shift,93,Equal weight,7.445881154487337e-05,0.018067496024318917,0.0004996321452898039,0.13698036541529626,0.12370086594401108,0.9191631240820946,-0.06829795302987174,0.2868126077639763,1.0000000000000002,0.1192095661758481,5.420620007562801e-05,
regime_shift,93,Original TV-MVP,7.291392604351132e-05,0.01850797577128981,0.0004274115841597736,0.13555186964024085,0.1036537893058791,0.7945867474504248,-0.06138391600395232,0.29380500697225015,1.084893823569914,0.09889994697248738,6.522955983844007e-05,0.0015538957888355945
regime_shift,93,Dynamic SigmaF TV-MVP,7.354769108394683e-05,0.018559236296577977,0.00043062613015215753,0.13613970087066668,0.10446135797015565,0.797106091054483,-0.06145015006512011,0.2946187425841723,1.0886372289516277,0.09968856048469288,6.614068722984881e-05,0.0016004172167853037
regime_shift,93,Dynamic-factor CVaR,7.343995314247554e-05,0.0183894505440336,0.0005507749509912528,0.136039950720014,0.138415023200958,1.0202538806813635,-0.05896317720592781,0.2919234773198061,1.0000000000000004,0.13389672602893588,6.617914132340544e-05,0.0016283362646016214
regime_shift,94,Equal weight,5.643276522114026e-05,0.018625745816791592,-0.00164821576680374,0.11925207266847544,-0.3447440775441917,-3.482961460881521,-0.1378936028091079,0.295674548485993,1.0000000000000002,-0.3473608517141471,5.013505122285981e-05,
regime_shift,94,Original TV-MVP,7.352397317914183e-05,0.020742836049418803,-0.0010128851725518695,0.13611774770816532,-0.2324398445243917,-1.8751931161123643,-0.09266782813525132,0.32928231403768593,1.1018188146608996,-0.23585851524484813,6.568987556408457e-05,0.0019031042443652738
regime_shift,94,Dynamic SigmaF TV-MVP,7.404707358853349e-05,0.02082684042967922,-0.0010064818208160734,0.13660110740513945,-0.23124915168968663,-1.8567449683508777,-0.09236167064017209,0.3306158422329409,1.108400306274783,-0.23469411536710671,6.624426257135585e-05,0.0020477501356248764
regime_shift,94,Dynamic-factor CVaR,6.805609021994692e-05,0.02055389291634547,-0.0012911838801817758,0.13095852295832686,-0.2839997804667427,-2.484590773136226,-0.1105699718668125,0.32628293478541337,1.0,-0.28688092420458,5.662306927828578e-05,0.0019109069519401326
regime_shift,95,Equal weight,4.333365071460105e-05,0.014690274693775967,-0.0010021615333781371,0.10449918650439086,-0.2274521467238202,-2.4167145684017277,-0.06247825949556707,0.23320088118574045,1.0000000000000002,-0.23054486492336357,4.765053203151584e-05,
regime_shift,95,Original TV-MVP,4.402779383796825e-05,0.015118460039522363,-0.0012765874049137115,0.10533282511718747,-0.27919320243121504,-3.0541289069228865,-0.07858618724017497,0.2399981128250635,0.9999999999999999,-0.2820769152701478,4.8135718323660596e-05,0.0015950935952385604
regime_shift,95,Dynamic SigmaF TV-MVP,4.4017200091893455e-05,0.015118493675435607,-0.0012763986206117731,0.10532015202779169,-0.27915792765216263,-3.0540447027582127,-0.07857491443021125,0.2399986467786329,1.0000000000000002,-0.28204172529330984,4.811452455520426e-05,0.0017225634848244558
regime_shift,95,Dynamic-factor CVaR,5.659820673209601e-05,0.015502476175655899,-0.00046398485051894555,0.11942674782680887,-0.11660403319924761,-0.9790451842524945,-0.05521936070014555,0.24609417999893507,0.9999999999999999,-0.12014568686835092,5.46555207197691e-05,0.0016972797887046748
regime_shift,96,Equal weight,6.151506885356629e-05,0.015018401748268902,-0.0008379190657699974,0.1245062141063598,-0.19657702500250884,-1.6959443035803743,-0.08917719680290315,0.23840973669346313,1.0000000000000002,-0.19978660738026144,5.313307283076108e-05,
regime_shift,96,Original TV-MVP,7.077264720954531e-05,0.01804349113873161,-0.000778922658109253,0.1335466476434561,-0.1854777646002318,-1.4698123337965352,-0.07979200654271379,0.28643154201888893,1.031982317253173,-0.18884383759779122,6.071250218225211e-05,0.0018172240239128091
regime_shift,96,Dynamic SigmaF TV-MVP,7.098002635732984e-05,0.018082877472529568,-0.0007811530602899869,0.1337421647875012,-0.1859568938032864,-1.471866194971844,-0.07995832968297678,0.2870567806845927,1.0326440217580726,-0.1893232102558451,6.090680483091227e-05,0.001899972888808959
regime_shift,96,Dynamic-factor CVaR,7.227092760014184e-05,0.018405834231199767,-0.0008442074667789682,0.1349528575289747,-0.19893201644876346,-1.5764044239124329,-0.08072377140452791,0.2921835602906058,0.9999999999999998,-0.2021458883845284,5.8724926856453026e-05,0.0018055212647725288
regime_shift,97,Equal weight,4.8242997764411745e-05,0.010453043299147348,0.001423008447406629,0.11025985414751718,0.4224594423367405,3.2523000462770466,-0.03337524336828446,0.1659369180800042,1.0000000000000002,0.4168466081410189,5.21566687579365e-05,
regime_shift,97,Original TV-MVP,5.301296585513814e-05,0.012243626448437604,-0.00019723150919342302,0.11558229706791093,-0.05472089709877648,-0.43001689339622445,-0.058762555309309294,0.19436154436883332,1.062995152116538,-0.058729155530924726,5.5544245795636105e-05,0.0015989827940960295
regime_shift,97,Dynamic SigmaF TV-MVP,5.334118185178432e-05,0.01230756745661913,-0.00021473695495370196,0.11593954384354654,-0.05892106531355301,-0.4667407758767458,-0.05904537642587415,0.1953765764061957,1.0652223686562958,-0.06292032713124174,5.589886773816547e-05,0.0017140337352372589
regime_shift,97,Dynamic-factor CVaR,4.686710455500202e-05,0.012295541926382027,0.0002149304643784523,0.10867617194150937,0.049541209734346836,0.4983841080869207,-0.05148935821941747,0.19518567703184933,0.9999999999999998,0.045366269187312236,5.680673926800106e-05,0.0015280481758988718
regime_shift,98,Equal weight,4.6467224979887985e-05,0.014194698959366463,-0.0008649405290673729,0.1082115552745259,-0.20055083279964514,-2.0142489660370786,-0.06037748758505734,0.22533386029146601,1.0000000000000002,-0.20374617206836865,5.069069975941295e-05,
regime_shift,98,Original TV-MVP,3.434938172542718e-05,0.012850854735543872,-0.0004307108709566618,0.0930378643069995,-0.1066985949211734,-1.1666125430709515,-0.04820604463818434,0.20400099458919482,1.0184987085380888,-0.11033141692121551,5.0833508645359365e-05,0.0021564205550977473
regime_shift,98,Dynamic SigmaF TV-MVP,3.43310700389149e-05,0.012851578958512855,-0.00042865250306197393,0.09301306171611898,-0.1062328826650989,-1.1613468987968787,-0.04811761048256635,0.20401249127241297,1.018847416822276,-0.1098688064109904,5.085360695965871e-05,0.0020451667837921603
regime_shift,98,Dynamic-factor CVaR,3.2208534396814e-05,0.013163082386841914,-0.0006084257518553049,0.09009190123422375,-0.1456187725116761,-1.7018542995215755,-0.04128648690363934,0.2089574548958293,1.0000000000000002,-0.1490295254113947,5.0403404151399364e-05,0.002225840798992682
regime_shift,99,Equal weight,5.401142059163204e-05,0.012829987941271189,2.0834622385616586e-05,0.11666566756801795,-0.001422320792890952,0.04500316974669825,-0.07454958803174105,0.2036697444993668,1.0000000000000002,-0.005411404753737137,5.645063756680337e-05,
regime_shift,99,Original TV-MVP,8.039112240888362e-05,0.01697163127596764,0.0006439577891861833,0.14233257830531518,0.16448251238052736,1.1401280353877932,-0.0499259895045564,0.2694162941957772,1.3998616946457918,0.15802403785175123,8.092338404104031e-05,0.0016036982267139824
regime_shift,99,Dynamic SigmaF TV-MVP,8.2437655076295e-05,0.016998300371892063,0.0006351919582710622,0.14413288687605733,0.16162229794339988,1.11056107286572,-0.05050610718342219,0.2698396529688189,1.3963170322884104,0.15519543191387397,8.188555468988496e-05,0.0017485744897001798
regime_shift,99,Dynamic-factor CVaR,6.36985601985021e-05,0.015445006158569578,0.0004237347378829416,0.12669663440684814,0.10392507269568241,0.8428097119265674,-0.04541228505896011,0.24518187176061684,1.000000000000093,0.09954621876810266,6.705170611983374e-05,0.0016345190978109324
