Rebalance date,Holding start,Holding end,Model,Scenario mean return,Scenario VaR 95%,Scenario CVaR 95%,Realised mean return,Realised VaR 95%,Realised CVaR 95%,VaR exceedance rate,Gross exposure,Effective number of assets,Weights at 10% cap,Zero weights
2017-01-31,2017-02-01,2017-02-28,Equal weight,0.001268867160444466,0.013446248005575175,0.020007475714926518,0.002302666807446796,0.005897125371159755,0.006353526947631184,0.0,1.0,39.000000000000014,0,0
2017-01-31,2017-02-01,2017-02-28,Original TV-MVP,0.000369221139898524,0.006560204559953758,0.008697738023286678,0.0024296130214591536,0.00528250881857772,0.0069538112344992,0.05263157894736842,1.7233375628283072,8.641569260434316,0,0
2017-01-31,2017-02-01,2017-02-28,Dynamic SigmaF TV-MVP,0.00045230762309912074,0.006815667680972078,0.008948648706388814,0.002479417244885901,0.0052018355491866295,0.006691055906565369,0.0,1.674977661944579,9.17634671391451,0,0
2017-01-31,2017-02-01,2017-02-28,Dynamic-factor CVaR,0.0007548271749296359,0.00847180141912215,0.010925784188702976,0.003025430590297257,0.006899885791332715,0.007767461199806851,0.0,1.0,11.810396158747633,7,24
2017-02-28,2017-03-01,2017-03-31,Equal weight,0.00020905372231569893,0.010736520395552302,0.01601043456472693,0.0011100289339239524,0.008513766729340457,0.009230096052842172,0.0,1.0,39.000000000000014,0,0
2017-02-28,2017-03-01,2017-03-31,Original TV-MVP,-3.858174268519286e-05,0.005552434543249372,0.007997694547787156,0.000532888734850157,0.006757861304458017,0.007567214622312195,0.22727272727272727,1.5767941074281846,11.076731924818274,0,0
2017-02-28,2017-03-01,2017-03-31,Dynamic SigmaF TV-MVP,1.8691077245909631e-06,0.00645794434710367,0.008492212110863814,0.0006412899575999251,0.006539501384489636,0.007578825355511822,0.09090909090909091,1.4350006288918193,13.384414685548226,0,0
2017-02-28,2017-03-01,2017-03-31,Dynamic-factor CVaR,0.00016930457117342456,0.007625223585660616,0.0088994513316497,0.0010706089835580662,0.00849263474298124,0.008988447568297853,0.09090909090909091,0.9999999999999999,12.377688152924161,4,20
2017-03-31,2017-04-03,2017-04-28,Equal weight,0.00013970628667048338,0.009807137559068842,0.01630705201316437,0.000892648627846943,0.007228404590842231,0.007884861827744186,0.0,1.0,39.000000000000014,0,0
2017-03-31,2017-04-03,2017-04-28,Original TV-MVP,-0.00014785549096063433,0.006301655016137507,0.00778753846464747,0.0001388217701545258,0.007092990019454378,0.00755630227869346,0.1111111111111111,1.5444504826770835,11.768287996588187,0,0
2017-03-31,2017-04-03,2017-04-28,Dynamic SigmaF TV-MVP,-0.00011210836926834983,0.006288941362839912,0.008048473612239558,0.0002265948098976327,0.006095597641951987,0.006593667243910469,0.05555555555555555,1.465263352210184,13.155796290432036,0,0
2017-03-31,2017-04-03,2017-04-28,Dynamic-factor CVaR,-2.0082597784826033e-05,0.0068872858671672225,0.008765448452933538,-0.00037481564171442413,0.0068766383420592,0.010321162266981534,0.05555555555555555,0.9999999999999989,13.686756979443365,2,20
2017-04-28,2017-05-02,2017-05-31,Equal weight,0.00045547624120865,0.008763515454691671,0.013133546024329427,0.0008415599827093789,0.009069411891107049,0.011389160533606214,0.09090909090909091,1.0,39.000000000000014,0,0
2017-04-28,2017-05-02,2017-05-31,Original TV-MVP,4.694400435192852e-05,0.00533547667915937,0.006879903718061539,0.001114363055105741,0.007145047898431789,0.0076117132417197605,0.09090909090909091,1.3655279780024838,13.502336585144423,0,0
2017-04-28,2017-05-02,2017-05-31,Dynamic SigmaF TV-MVP,6.721533201219406e-05,0.0052375396722589024,0.006949256581454063,0.0011119053766372048,0.007263765613638946,0.0076406949469334596,0.09090909090909091,1.3235498478391639,14.372880344183798,0,0
2017-04-28,2017-05-02,2017-05-31,Dynamic-factor CVaR,0.0002748893831238496,0.005573340449587051,0.006730536064494448,0.0011538413457139335,0.007404636436833403,0.009962883214926561,0.13636363636363635,1.0000000000000002,14.502037505452527,4,17
2017-05-31,2017-06-01,2017-06-30,Equal weight,0.00079418201047208,0.009467127960847145,0.012693686512895666,0.0001462516204723341,0.006566330125178792,0.006613789891779909,0.0,1.0,39.000000000000014,0,0
2017-05-31,2017-06-01,2017-06-30,Original TV-MVP,0.00015677992399142033,0.004546664785046068,0.005576710513084223,-0.00025279475919599213,0.0040498615231816994,0.00566647132630939,0.047619047619047616,1.264980631750496,13.760170335133505,0,0
2017-05-31,2017-06-01,2017-06-30,Dynamic SigmaF TV-MVP,0.00013634902672577577,0.004774197460046891,0.005752603549992777,-0.0002297729026727037,0.004212156463317095,0.005671256827436784,0.047619047619047616,1.2881601252352852,13.101952237992615,0,0
2017-05-31,2017-06-01,2017-06-30,Dynamic-factor CVaR,0.000293707020186124,0.005149286258233079,0.005792674506218008,0.00034803803166176783,0.005300354266900226,0.005730942877742137,0.09523809523809523,1.0,13.573868790782306,5,18
2017-06-30,2017-07-03,2017-07-31,Equal weight,0.00037486994917070146,0.008065351684609114,0.011581637185761015,0.002950027659401102,0.004482401604732362,0.005033042955328783,0.0,1.0,39.000000000000014,0,0
2017-06-30,2017-07-03,2017-07-31,Original TV-MVP,-4.789127257879995e-06,0.004508278975780289,0.005839238177681087,0.002195084778729367,0.0036415960735364846,0.0038818040562704145,0.0,1.2244196955966584,15.844446329356336,0,0
2017-06-30,2017-07-03,2017-07-31,Dynamic SigmaF TV-MVP,2.0283278901562193e-05,0.004662110282778495,0.006034559410199814,0.0022596658637024183,0.0035907602962020353,0.0038765642860270227,0.0,1.183041685234988,17.19662258019619,0,0
2017-06-30,2017-07-03,2017-07-31,Dynamic-factor CVaR,-2.2625883980275627e-05,0.004697420587853303,0.00536524688464213,0.002350536329058766,0.0032427039272602373,0.005066301638738228,0.047619047619047616,0.9999999999999994,14.28334115492995,3,17
2017-07-31,2017-08-01,2017-08-31,Equal weight,0.0006561157008348443,0.008058491028713559,0.011480694683722304,0.0002962183555277492,0.01178084790948998,0.011945836989151894,0.23809523809523808,1.0,39.000000000000014,0,0
2017-07-31,2017-08-01,2017-08-31,Original TV-MVP,0.0003904252793064229,0.0049414109427271475,0.006356158277563657,-0.0012432384405857272,0.008874293948422395,0.009817020438316917,0.2857142857142857,1.3277569932960849,12.664460106815595,0,0
2017-07-31,2017-08-01,2017-08-31,Dynamic SigmaF TV-MVP,0.00040865052152357344,0.004959066912900305,0.006598724237671089,-0.0011228478754769517,0.00893321214609785,0.009878672081413329,0.2857142857142857,1.27262179076995,14.000175188364075,0,0
2017-07-31,2017-08-01,2017-08-31,Dynamic-factor CVaR,0.0005706833821750572,0.004831322544685973,0.006136674331463594,-0.0007883248324705767,0.011356443646458247,0.012005747848363281,0.38095238095238093,0.9999999999999999,15.244133443412844,2,16
2017-08-31,2017-09-01,2017-09-29,Equal weight,0.0009336975307442865,0.009980543616235939,0.013123153737153939,-0.00017860177521229797,0.01310300167854594,0.015080960386901023,0.14285714285714285,1.0,39.000000000000014,0,0
2017-08-31,2017-09-01,2017-09-29,Original TV-MVP,0.00039384378709868945,0.005481053894379368,0.006912889142592989,-4.63638927239399e-05,0.00806207330902859,0.00853290287640494,0.2857142857142857,1.4233555514279796,12.881212151276067,0,0
2017-08-31,2017-09-01,2017-09-29,Dynamic SigmaF TV-MVP,0.0003652903584749444,0.005779001358002392,0.006890524322498136,-7.335422976537763e-05,0.008637610398797145,0.008672753141561036,0.23809523809523808,1.5276927624270566,11.36273919269679,0,0
2017-08-31,2017-09-01,2017-09-29,Dynamic-factor CVaR,0.0006410682371896718,0.005412565519296433,0.0062627431088222016,-0.0006858256937671719,0.007661905780952733,0.00936349612582588,0.2857142857142857,1.0,14.273751627391563,1,21
2017-09-29,2017-10-03,2017-10-31,Equal weight,0.0009511111402802594,0.010832536007804225,0.013682521093247553,0.003417585591855349,0.004996251828520503,0.006300116465245047,0.0,1.0,39.000000000000014,0,0
2017-09-29,2017-10-03,2017-10-31,Original TV-MVP,0.00019499290187729553,0.005681677254445062,0.0070327728847262095,0.0028346519172411807,0.003991574675940138,0.004746264243466457,0.0,1.4535231524090337,12.798267365585815,0,0
2017-09-29,2017-10-03,2017-10-31,Dynamic SigmaF TV-MVP,0.00017323311567332475,0.005772066045314533,0.007184457280080799,0.0028100950442585047,0.0044580926963326325,0.004649459233784127,0.0,1.4937344108173873,11.983584564263042,0,0
2017-09-29,2017-10-03,2017-10-31,Dynamic-factor CVaR,0.000520543617107936,0.006106566124547037,0.006991940297682244,0.002416356895678721,0.0030455906501258736,0.005445339976969536,0.0,1.0000000000000322,14.497289875492928,2,20
2017-10-31,2017-11-01,2017-11-30,Equal weight,0.00044259176850647297,0.011732677008741746,0.015593334506239537,8.632232034398503e-05,0.010452066426996006,0.010663309085138377,0.0,1.0,39.000000000000014,0,0
2017-10-31,2017-11-01,2017-11-30,Original TV-MVP,7.336517816819037e-05,0.005892510349802904,0.0073791560579755085,0.0008109099341831543,0.0037934295765011004,0.006296053842794447,0.045454545454545456,1.5108267935911808,12.123074114864599,0,0
2017-10-31,2017-11-01,2017-11-30,Dynamic SigmaF TV-MVP,0.0001433781059378863,0.005924855463158867,0.008040477402914668,0.0006402769152321438,0.003573763335437525,0.006413211355026742,0.045454545454545456,1.2969667526817665,16.80860511842844,0,0
2017-10-31,2017-11-01,2017-11-30,Dynamic-factor CVaR,0.0002149626625915165,0.006663303503256501,0.007886095919245516,0.00024847822526655633,0.005082736950706565,0.008101729579186747,0.045454545454545456,1.0000000000000002,13.128912781495787,5,21
2017-11-30,2017-12-01,2017-12-29,Equal weight,0.00032328394177297916,0.010249425476519443,0.012900382652344354,0.0017151134702050488,0.008618372533076861,0.011122510439809708,0.05,1.0,39.000000000000014,0,0
2017-11-30,2017-12-01,2017-12-29,Original TV-MVP,0.0003840258150351603,0.00481032237005354,0.0059348636872338266,0.00127042806682624,0.008206621030912634,0.008870659590784109,0.2,1.2945688824875214,15.601592229034932,0,0
2017-11-30,2017-12-01,2017-12-29,Dynamic SigmaF TV-MVP,0.0003723773508010217,0.005098074270523643,0.0058322331661865906,0.0013076905762463308,0.008034691846707454,0.009030607055849925,0.15,1.2443785391514166,16.95200040244482,0,0
2017-11-30,2017-12-01,2017-12-29,Dynamic-factor CVaR,0.0006441193772522842,0.0040570015873197165,0.004731295942440076,0.0014051461398582072,0.009549303250987911,0.011416587148363756,0.2,0.9999999999999999,15.13249271009405,1,18
2017-12-29,2018-01-02,2018-01-31,Equal weight,0.0008224154460322904,0.010751282024435552,0.01217902197683068,0.0007658636166823329,0.008194600723917712,0.00838632305082207,0.0,1.0,39.000000000000014,0,0
2017-12-29,2018-01-02,2018-01-31,Original TV-MVP,0.0003472526374679583,0.004713535266221982,0.005949703971590123,0.0021904263349471764,0.004692666928903312,0.006834872676878062,0.047619047619047616,1.3493987157489062,14.967100233825034,0,0
2017-12-29,2018-01-02,2018-01-31,Dynamic SigmaF TV-MVP,0.00036349877783910733,0.0047691363563052026,0.006001574272723351,0.002110915503234801,0.004874315891972133,0.006926213623451074,0.09523809523809523,1.3122224211568283,15.940464023406626,0,0
2017-12-29,2018-01-02,2018-01-31,Dynamic-factor CVaR,0.0004231790121000757,0.005120884079534309,0.005773412080071701,0.0024647468710163887,0.004418884731347099,0.00575910700176571,0.047619047619047616,0.9999999999997127,14.287465623428487,1,21
2018-01-31,2018-02-01,2018-02-28,Equal weight,0.0008442266419296513,0.008944767835152596,0.011068923271651588,-0.0014996525469395453,0.014182612932796285,0.023326535780537797,0.21052631578947367,1.0,39.000000000000014,0,0
2018-01-31,2018-02-01,2018-02-28,Original TV-MVP,0.000495016443142317,0.005709265410484119,0.007390588217996655,-0.0009902173987230277,0.011565017531963845,0.02285367592233735,0.21052631578947367,1.4058235453629955,11.543357017914067,0,0
2018-01-31,2018-02-01,2018-02-28,Dynamic SigmaF TV-MVP,0.0005171371650485369,0.005596477930495023,0.0073230909710495715,-0.0010079213942264774,0.01158120979477362,0.023062003199225394,0.21052631578947367,1.3612179472773682,12.27567901381408,0,0
2018-01-31,2018-02-01,2018-02-28,Dynamic-factor CVaR,0.0006027413730949233,0.005744356414350711,0.006586788970744364,-0.0003944330265193801,0.015364059690465934,0.01608723173321043,0.2631578947368421,0.9999999999999999,13.36799288510827,3,21
2018-02-28,2018-03-01,2018-03-28,Equal weight,0.001191686620970414,0.010095824355315591,0.013108661317895575,-0.0017914698680608358,0.012424502280783728,0.013539720261100147,0.10526315789473684,1.0,39.000000000000014,0,0
2018-02-28,2018-03-01,2018-03-28,Original TV-MVP,0.00042747808582834705,0.005770676458989174,0.007968561240738073,0.0005644585635515925,0.008824150615431302,0.010584666944574262,0.15789473684210525,1.6090158567126174,8.122049309336282,0,0
2018-02-28,2018-03-01,2018-03-28,Dynamic SigmaF TV-MVP,0.0004023389842605823,0.006025444875842475,0.008020024393220252,0.0006716576454785124,0.008769066823600557,0.010332683955519792,0.15789473684210525,1.6464625308691572,7.663493087471983,0,0
2018-02-28,2018-03-01,2018-03-28,Dynamic-factor CVaR,0.0008752534127069479,0.006304959804357623,0.0077276583114715535,-0.0005688772193609782,0.009987741732133367,0.011185021026099997,0.21052631578947367,1.0000000000000029,13.944419822175089,4,19
2018-03-28,2018-04-02,2018-04-30,Equal weight,0.0007258244546078901,0.012990564347161261,0.018813007032988327,0.00309466391501031,0.004537889821706345,0.008551124668480823,0.0,1.0,39.000000000000014,0,0
2018-03-28,2018-04-02,2018-04-30,Original TV-MVP,0.00032050345394614573,0.007292094956319672,0.00934783347895847,0.003039558772482028,0.007891530710956083,0.010565519461778751,0.09523809523809523,1.689017130735769,8.137665153132819,0,0
2018-03-28,2018-04-02,2018-04-30,Dynamic SigmaF TV-MVP,0.0003034678099030853,0.007190609866162435,0.009411487312336098,0.003063466655910559,0.007635957220954358,0.010852516451300741,0.09523809523809523,1.7348154450072661,7.744414753670214,0,0
2018-03-28,2018-04-02,2018-04-30,Dynamic-factor CVaR,0.0004997638579595936,0.009123542818959116,0.011127453637159041,0.002660983766439999,0.005581244616352729,0.008334860688063979,0.047619047619047616,1.0000000000000002,11.869924686102173,7,23
2018-04-30,2018-05-02,2018-05-31,Equal weight,0.0013121651786919383,0.010634858059886313,0.013608369462910887,-0.0004583742985116556,0.009498343905275675,0.010723138057281997,0.045454545454545456,1.0,39.000000000000014,0,0
2018-04-30,2018-05-02,2018-05-31,Original TV-MVP,0.0005444115444253723,0.006755653784917878,0.008517941362757542,0.0002471442958079178,0.006633156146021015,0.007347423974295022,0.045454545454545456,1.7490313422347876,8.74647494526031,0,0
2018-04-30,2018-05-02,2018-05-31,Dynamic SigmaF TV-MVP,0.0006326724659779442,0.006948614597656515,0.00840532908435881,0.00017695721451721372,0.006499847418895792,0.007260753550452788,0.045454545454545456,1.6428693513743395,10.127580436815258,0,0
2018-04-30,2018-05-02,2018-05-31,Dynamic-factor CVaR,0.0010776848122953672,0.007571321312378842,0.008529551459490239,8.196281304435688e-05,0.009644922890243738,0.01060010178625681,0.18181818181818182,1.0000000000001203,13.058214396222478,4,17
2018-05-31,2018-06-01,2018-06-29,Equal weight,0.0004600539182271176,0.010997263795781208,0.014663071371221453,1.9712333390444158e-05,0.008010906155506708,0.008170960039172639,0.0,1.0,39.000000000000014,0,0
2018-05-31,2018-06-01,2018-06-29,Original TV-MVP,0.0002340080547229459,0.006266736974425085,0.00927895567319594,-0.0005219341492232216,0.009438533469072969,0.013995839263343225,0.3333333333333333,1.5423135750832322,11.988557008731924,0,0
2018-05-31,2018-06-01,2018-06-29,Dynamic SigmaF TV-MVP,0.0002542687884564855,0.006200718013827516,0.009131378123773586,-0.0005352663129623503,0.009289961439995305,0.013795545211548712,0.3333333333333333,1.511395277591524,12.47869729776121,0,0
2018-05-31,2018-06-01,2018-06-29,Dynamic-factor CVaR,0.0004253023531764259,0.007051579019477119,0.008340770231468253,-0.0005501619363061224,0.008629753465305846,0.009311508013890508,0.2857142857142857,1.000000000000001,13.330935679376044,3,22
2018-06-29,2018-07-02,2018-07-31,Equal weight,0.0007694209243283944,0.008745695981692569,0.012489548199104313,0.0021977688779332392,0.007246249880136768,0.010392066797817904,0.045454545454545456,1.0,39.000000000000014,0,0
2018-06-29,2018-07-02,2018-07-31,Original TV-MVP,0.0005142675038640436,0.006396444774623248,0.008930789571555624,0.0030185800010845004,0.005139514590507346,0.00608116236151452,0.045454545454545456,1.4933682319213455,9.479265933887223,0,0
2018-06-29,2018-07-02,2018-07-31,Dynamic SigmaF TV-MVP,0.0005319494506077201,0.006582282697677888,0.009187062365387683,0.0029979021542189174,0.004318218010542186,0.005799382881989354,0.045454545454545456,1.4654504896043163,9.545602308366988,0,0
2018-06-29,2018-07-02,2018-07-31,Dynamic-factor CVaR,0.0007630764750072058,0.00641671663402992,0.007449047723438644,0.002536665694412074,0.004697258416216207,0.006662438233904375,0.045454545454545456,0.9999999999999998,13.176495386004639,4,19
2018-07-31,2018-08-01,2018-08-31,Equal weight,0.0007382206127395628,0.010201504494826806,0.014258907091793224,0.0029041601097833645,0.004403651734530984,0.0044753464508498035,0.0,1.0,39.000000000000014,0,0
2018-07-31,2018-08-01,2018-08-31,Original TV-MVP,0.00042711684564646237,0.004645480051864454,0.005450949773691544,0.002265138508786486,0.0025335561326585857,0.0044484112145812705,0.047619047619047616,1.3096909018908236,14.115875109041745,0,0
2018-07-31,2018-08-01,2018-08-31,Dynamic SigmaF TV-MVP,0.00041966448162216797,0.004550441902973839,0.0055138418409362375,0.002247442932757011,0.0027095468990588024,0.004575381776914453,0.047619047619047616,1.3353868578875776,13.560985927225751,0,0
2018-07-31,2018-08-01,2018-08-31,Dynamic-factor CVaR,0.000596967129680665,0.005090149715351596,0.0056701429103558675,0.001723037018282297,0.003507440257626882,0.005370683586102111,0.047619047619047616,1.0000000000000018,14.982236335961773,4,18
2018-08-31,2018-09-03,2018-09-28,Equal weight,0.0009168484014915753,0.009785101789627012,0.012550528760239954,-0.004021873177056,0.014026340142715686,0.01613486957424418,0.2777777777777778,1.0,39.000000000000014,0,0
2018-08-31,2018-09-03,2018-09-28,Original TV-MVP,0.0006410448592959067,0.004642196159674929,0.005530140955980463,-0.002516740612858688,0.012658793265727492,0.01564028371174519,0.5,1.3231808615635219,13.224345584268772,0,0
2018-08-31,2018-09-03,2018-09-28,Dynamic SigmaF TV-MVP,0.0006772989448316757,0.00474858342721487,0.005591809647727887,-0.0027216113017921205,0.012900414563453857,0.015933972984439347,0.5555555555555556,1.2414502357543182,15.171296117639148,0,0
2018-08-31,2018-09-03,2018-09-28,Dynamic-factor CVaR,0.0007712936302736327,0.004779105856291234,0.005391410244898551,-0.002967520871274083,0.013656413492679577,0.015253266054963117,0.4444444444444444,0.9999999999999999,14.546743554398429,3,17
2018-09-28,2018-10-01,2018-10-31,Equal weight,0.0009841310031475604,0.011687525131549538,0.014804218646026266,-0.0013852715835517813,0.02184319406378865,0.023127913930204854,0.2857142857142857,1.0,39.000000000000014,0,0
2018-09-28,2018-10-01,2018-10-31,Original TV-MVP,0.0007348875683004893,0.00594967706361072,0.007706713374924097,-0.0023504338140333267,0.017369077672013733,0.023322089045996076,0.3333333333333333,1.4885275742830304,8.537300742835706,0,0
2018-09-28,2018-10-01,2018-10-31,Dynamic SigmaF TV-MVP,0.0007089033585936751,0.0059147874857494835,0.00795646203475468,-0.002372430081302731,0.018046672781667793,0.02405682363575731,0.38095238095238093,1.5698939403088559,7.757093841254041,0,0
2018-09-28,2018-10-01,2018-10-31,Dynamic-factor CVaR,0.0009614013888574657,0.006544406011883436,0.007247224387804313,-0.001987902886090024,0.01879564682209943,0.020709926433853783,0.3333333333333333,1.0000000000000002,14.296685642560885,3,19
2018-10-31,2018-11-01,2018-11-30,Equal weight,0.0009134625886212737,0.016676236572151948,0.020840532559758658,0.001291378040341836,0.00953680174173533,0.013190178741998175,0.0,1.0,39.000000000000014,0,0
2018-10-31,2018-11-01,2018-11-30,Original TV-MVP,0.000281692186260979,0.007613979614476817,0.009040038583335583,0.00029524285699530917,0.009509012322853548,0.015743659794109396,0.1,1.8295372522717228,5.781857426574036,0,0
2018-10-31,2018-11-01,2018-11-30,Dynamic SigmaF TV-MVP,0.00020410078528462354,0.007884773076550644,0.009339616844507357,0.00032137297252454066,0.009607869079755568,0.015639128776327223,0.1,1.9495875207703777,5.059737964888818,0,0
2018-10-31,2018-11-01,2018-11-30,Dynamic-factor CVaR,0.0007660049947814613,0.010260829422876629,0.01162742084752737,0.000517107959975066,0.010453281529623935,0.013629766044642947,0.1,1.0000000000000018,13.500567704005157,5,21
2018-11-30,2018-12-03,2018-12-31,Equal weight,0.0016118274789356515,0.01386880008694722,0.019955400063935966,0.0003691765322468404,0.018531048705982284,0.01932129657958842,0.2,1.0,39.000000000000014,0,0
2018-11-30,2018-12-03,2018-12-31,Original TV-MVP,0.0003568118002189386,0.008270410099569397,0.009413365587438981,0.0009585150760937598,0.012245866871421441,0.016596892019744423,0.15,1.8369730204352792,6.5632845656011725,0,0
2018-11-30,2018-12-03,2018-12-31,Dynamic SigmaF TV-MVP,0.0003991524615816679,0.008218739471755495,0.009497543120734303,0.0009460866281008718,0.01210930099595764,0.01666596530529103,0.25,1.7442578451158728,7.299815025978278,0,0
2018-11-30,2018-12-03,2018-12-31,Dynamic-factor CVaR,0.001031856088813267,0.008950882013608288,0.010761878158967545,0.0011714065914429817,0.013994132744638963,0.014114364632657101,0.15,1.0,12.336742493625604,6,20
2018-12-31,2019-01-02,2019-01-31,Equal weight,0.0009790608073306525,0.01501745924309179,0.019380824710822666,-0.0009776522752038745,0.013113096928798806,0.013921203724542301,0.0,1.0,39.000000000000014,0,0
2018-12-31,2019-01-02,2019-01-31,Original TV-MVP,0.00012931598165874742,0.009265649005750217,0.010933083201938075,0.00020991098806655292,0.0075331488833352825,0.007658087493963121,0.0,1.7893399615663876,5.214143930285983,0,0
2018-12-31,2019-01-02,2019-01-31,Dynamic SigmaF TV-MVP,0.00019040863777742574,0.008998274511945356,0.011080887331567254,0.00017004947873986578,0.007435730366883349,0.007586734759371843,0.0,1.6836793909591883,5.88348981834782,0,0
2018-12-31,2019-01-02,2019-01-31,Dynamic-factor CVaR,0.0008044433410441611,0.010079195843409544,0.011861891697835062,7.430362643905822e-05,0.00899045443772275,0.009637664975205087,0.045454545454545456,0.9999999999999997,12.683624326101535,5,19
2019-01-31,2019-02-01,2019-02-28,Equal weight,0.0005091779992881969,0.012729207972985133,0.016810625178971847,0.0005571398508888704,0.012123195684215587,0.014537838740321565,0.05263157894736842,1.0,39.000000000000014,0,0
2019-01-31,2019-02-01,2019-02-28,Original TV-MVP,0.00023988956996249112,0.006881917264503014,0.008672596342030731,0.000359373106657975,0.010185465627259884,0.011746075977833583,0.2631578947368421,1.673611577198497,8.540488337543811,0,0
2019-01-31,2019-02-01,2019-02-28,Dynamic SigmaF TV-MVP,0.00032479068033124207,0.006700370864255363,0.008913146488993528,0.0004080834905732124,0.012259767863966722,0.013592411214286684,0.21052631578947367,1.538926504350251,10.092239426658827,0,0
2019-01-31,2019-02-01,2019-02-28,Dynamic-factor CVaR,0.00041736742023340843,0.008101131768424542,0.009197311240196317,-0.0001146268584899331,0.010732280012187817,0.012488009540128697,0.15789473684210525,1.0,13.660840374872498,3,20
2019-02-28,2019-03-01,2019-03-28,Equal weight,0.00016660657518433996,0.012941678452304796,0.015808568199192987,0.003091628928025775,0.005308225156847211,0.006008365101337771,0.0,1.0,39.000000000000014,0,0
2019-02-28,2019-03-01,2019-03-28,Original TV-MVP,0.00013504209038617607,0.009273881452331668,0.01090273474229744,0.003932764576346034,0.004216446139347006,0.00500247379884481,0.0,1.643523893586004,8.091504331811317,0,0
2019-02-28,2019-03-01,2019-03-28,Dynamic SigmaF TV-MVP,0.00019821678005603778,0.009090708892912655,0.011012834632223223,0.0037967815163873018,0.0038719504113052423,0.004514332334332393,0.0,1.4826516967469536,9.660729507706797,0,0
2019-02-28,2019-03-01,2019-03-28,Dynamic-factor CVaR,0.00011935794215747513,0.009333769737270943,0.010388458672073995,0.0027599614308723057,0.0044803258394844414,0.004879705915343143,0.0,0.9999999999999407,13.136414519044143,3,22
2019-03-28,2019-04-01,2019-04-30,Equal weight,0.00020347821973439956,0.013213740032129651,0.016018904133882874,0.001820598793509655,0.005897753971739681,0.009497357368566038,0.0,1.0,39.000000000000014,0,0
2019-03-28,2019-04-01,2019-04-30,Original TV-MVP,0.00032898909567592835,0.0065569219014999115,0.008357240075776637,0.0016181001238944834,0.006099149252360043,0.00616744386920844,0.0,1.5581996357214571,9.620198779853775,0,0
2019-03-28,2019-04-01,2019-04-30,Dynamic SigmaF TV-MVP,0.00032222111456971616,0.006448247783188757,0.008609083715011161,0.0017072097785202239,0.00570717462670047,0.005968680494497956,0.0,1.4280365782953424,11.513529108215618,0,0
2019-03-28,2019-04-01,2019-04-30,Dynamic-factor CVaR,0.0002690628827707873,0.008117008840055711,0.009144940629305081,0.001811282578274581,0.005179527879480406,0.006663513948555567,0.0,0.9999999999999999,12.86119813653336,4,20
2019-04-30,2019-05-02,2019-05-31,Equal weight,0.00035887931717743616,0.0110784386769877,0.013159560686533069,0.0006038701878510422,0.011924787774698126,0.013615125663079278,0.09090909090909091,1.0,39.000000000000014,0,0
2019-04-30,2019-05-02,2019-05-31,Original TV-MVP,0.0004731030956468718,0.005776190089401565,0.006969316177692364,-0.0002855697760065701,0.007213514939294233,0.00909480440395163,0.09090909090909091,1.4869133870836502,11.274454262849112,0,0
2019-04-30,2019-05-02,2019-05-31,Dynamic SigmaF TV-MVP,0.0004389333192518646,0.005659363738947407,0.007013804774730811,-0.00019036154863586713,0.007061359306590906,0.008972945231949182,0.13636363636363635,1.408865784354274,12.476233408056624,0,0
2019-04-30,2019-05-02,2019-05-31,Dynamic-factor CVaR,0.000608500761589764,0.006416992693382416,0.0071946004670939805,0.0007429254252246653,0.008207399263305054,0.00914762948036211,0.09090909090909091,0.9999999999999999,13.982078485780479,3,21
2019-05-31,2019-06-03,2019-06-28,Equal weight,0.00026646387803822756,0.014185473839547201,0.01827063468183948,0.0003072397906752534,0.010218114798812338,0.014225797379205521,0.05263157894736842,1.0,39.000000000000014,0,0
2019-05-31,2019-06-03,2019-06-28,Original TV-MVP,0.00045097842291598635,0.005910631115184644,0.00843008304478718,-0.00023849510311453476,0.009654765123456501,0.009889038548273438,0.21052631578947367,1.4440570049466512,11.630689352198162,0,0
2019-05-31,2019-06-03,2019-06-28,Dynamic SigmaF TV-MVP,0.00046536513798977637,0.005813981567340477,0.008433576273808679,-0.0002477256937895478,0.009714539032202579,0.010187593287282129,0.2631578947368421,1.4625548782151296,11.276397469378956,0,0
2019-05-31,2019-06-03,2019-06-28,Dynamic-factor CVaR,0.00038561561689012954,0.007305887045667357,0.008177260519944803,-8.874199472985857e-05,0.007645023253679861,0.007791140381559118,0.10526315789473684,1.0,13.120827208277197,5,22
2019-06-28,2019-07-01,2019-07-31,Equal weight,0.00024180267580439888,0.014300685697269642,0.016344769352015433,-0.0030521335273932582,0.017527309073500717,0.021419173824942638,0.13043478260869565,1.0,39.000000000000014,0,0
2019-06-28,2019-07-01,2019-07-31,Original TV-MVP,0.00011130874998955341,0.007268746478439289,0.008702603382172823,-0.0016441472231355054,0.014311900613446815,0.016146723923867,0.2608695652173913,1.4343721024095295,10.31881842661504,0,0
2019-06-28,2019-07-01,2019-07-31,Dynamic SigmaF TV-MVP,0.00015833746397601013,0.007057209133000905,0.008718327374769491,-0.00166430915319392,0.014454477250456501,0.016165151047263678,0.2608695652173913,1.3958542865201125,11.039860676833575,0,0
2019-06-28,2019-07-01,2019-07-31,Dynamic-factor CVaR,0.00022719449725236383,0.007542577998056583,0.009167316050535059,-0.0018399730453423266,0.015050400043714645,0.015645262090107664,0.17391304347826086,0.9999999999999795,13.165171202231605,4,20
2019-07-31,2019-08-01,2019-08-30,Equal weight,0.00029440264688566524,0.0141898744847927,0.01800611804894481,-0.0003181597757126574,0.012890518124136535,0.021574989235872657,0.05,1.0,39.000000000000014,0,0
2019-07-31,2019-08-01,2019-08-30,Original TV-MVP,0.0003811149318219024,0.006922984299114888,0.00796786277719577,0.0009004005724853433,0.01062931647483401,0.015736513277111057,0.1,1.5977124885010026,9.896585355753794,0,0
2019-07-31,2019-08-01,2019-08-30,Dynamic SigmaF TV-MVP,0.0003692243149362659,0.007041657702756251,0.008100744136310989,0.0009382063462655606,0.010940122372604486,0.015742797755831515,0.1,1.652514728606403,9.342967012134539,0,0
2019-07-31,2019-08-01,2019-08-30,Dynamic-factor CVaR,0.0004055111163126355,0.0073510870445312754,0.008447805695491306,0.0016723913408254452,0.008826245718172436,0.019679032549246626,0.1,1.0000000000000067,13.621536958499108,4,20
2019-08-30,2019-09-03,2019-09-30,Equal weight,0.00011151889138632254,0.014682886786609343,0.019355607466310112,0.0026343439633719746,0.017340439273406113,0.0195803597135696,0.10526315789473684,1.0,39.000000000000014,0,0
2019-08-30,2019-09-03,2019-09-30,Original TV-MVP,0.00041823495694013864,0.0053073978232244315,0.006595228880128312,0.00013743763535367876,0.009611029792899243,0.010833114809831684,0.3157894736842105,1.427706102485314,11.568680338044407,0,0
2019-08-30,2019-09-03,2019-09-30,Dynamic SigmaF TV-MVP,0.0004213757729836564,0.005225113880238252,0.006649676273393867,0.00010575122627451717,0.009604621604399963,0.010865564890836328,0.3157894736842105,1.4315101356840236,11.49972974551618,0,0
2019-08-30,2019-09-03,2019-09-30,Dynamic-factor CVaR,0.0003929946396006085,0.0065122348441615935,0.0074211945402867675,0.000318838791381116,0.012427701532467717,0.01247448415634893,0.2631578947368421,0.9999999999999988,13.913016445318434,3,22
2019-09-30,2019-10-01,2019-10-31,Equal weight,0.000848293396970375,0.01979464492914111,0.024768773620738923,0.0025449998018634724,0.012173521230838312,0.014360354698153737,0.0,1.0,39.000000000000014,0,0
2019-09-30,2019-10-01,2019-10-31,Original TV-MVP,0.0003782128284204964,0.005924109440814762,0.007489485512573736,0.0013576275537024482,0.0074832478614286725,0.012495670859162842,0.10526315789473684,1.5801670481079826,9.903951431035717,0,0
2019-09-30,2019-10-01,2019-10-31,Dynamic SigmaF TV-MVP,0.00039314940539520463,0.0057825158300693884,0.00735128863039084,0.0012799406790687153,0.00788114010818925,0.012543369543477158,0.10526315789473684,1.575438183136555,9.92301544631267,0,0
2019-09-30,2019-10-01,2019-10-31,Dynamic-factor CVaR,0.0003832733798285765,0.008272608366533166,0.009539165085981257,0.0021125564597038148,0.013715946979937062,0.015411376178071938,0.10526315789473684,1.0000000000000002,12.950288147918812,4,24
2019-10-31,2019-11-01,2019-11-29,Equal weight,0.00037718984637485014,0.018953365962689036,0.023981545901510214,-7.165143238640342e-06,0.009672445363059098,0.010557333358505434,0.0,1.0,39.000000000000014,0,0
2019-10-31,2019-11-01,2019-11-29,Original TV-MVP,0.0002714730188544903,0.006704972441971104,0.008449466831617318,-0.0014879738545569327,0.01218279069413376,0.016646645429561777,0.15,1.6908361545576667,9.194994534448545,0,0
2019-10-31,2019-11-01,2019-11-29,Dynamic SigmaF TV-MVP,0.00025876302711106,0.006733200659228618,0.008697264997077781,-0.0014743113612337927,0.011867534017857107,0.016535062513574797,0.2,1.667639034169236,9.431831882835976,0,0
2019-10-31,2019-11-01,2019-11-29,Dynamic-factor CVaR,0.0002670724620406269,0.008756241744879966,0.01064013730032848,-0.0011918451177487387,0.009781860907529496,0.015673527885014034,0.2,0.9999999999999927,12.348325261992441,5,23
2019-11-29,2019-12-02,2019-12-31,Equal weight,0.00012994581520933904,0.016318368544747858,0.020785744098699384,0.00045241208867579714,0.007962237725037007,0.007987066596098389,0.0,1.0,39.000000000000014,0,0
2019-11-29,2019-12-02,2019-12-31,Original TV-MVP,0.00017834403359853957,0.0057862743247631306,0.008231329655983959,0.0004185155993584364,0.00785875998342425,0.009492704321723933,0.19047619047619047,1.553356841529991,10.357952196169991,0,0
2019-11-29,2019-12-02,2019-12-31,Dynamic SigmaF TV-MVP,0.000192936608324758,0.006349582525969129,0.008564564654072645,0.00038947609899487733,0.007800456079720599,0.009184997080461449,0.14285714285714285,1.457004451139018,11.933194377567169,0,0
2019-11-29,2019-12-02,2019-12-31,Dynamic-factor CVaR,1.6093259799499862e-05,0.008047440948949592,0.009192713719144159,0.00042444014350734776,0.009100091758478899,0.011160245112000765,0.09523809523809523,1.0000000000000007,11.77944975856883,5,24
2019-12-31,2020-01-01,2020-01-31,Equal weight,0.00048556507792614576,0.010329221921133508,0.012972601725762216,-0.00037491761217526464,0.012149658660815773,0.014380685500295311,0.08695652173913043,1.0,39.000000000000014,0,0
2019-12-31,2020-01-01,2020-01-31,Original TV-MVP,0.0004096812173626092,0.006722316453538921,0.00919299704032586,0.001199340350334827,0.006417666623477747,0.010664770106786648,0.043478260869565216,1.5085258106297827,12.373604321940212,0,0
2019-12-31,2020-01-01,2020-01-31,Dynamic SigmaF TV-MVP,0.0003528758664301839,0.0072133198187419555,0.009115410888809461,0.00046308122310395415,0.010562149700552557,0.012703625661971824,0.08695652173913043,1.164555793098918,20.816667973662838,0,0
2019-12-31,2020-01-01,2020-01-31,Dynamic-factor CVaR,0.0005436291531395427,0.006740512231380445,0.007985450849620629,0.0008674159731957014,0.006808331042160579,0.009095577226641685,0.08695652173913043,1.0,14.168501091775948,4,17
2020-01-31,2020-02-03,2020-02-28,Equal weight,0.0003098408475192553,0.01028914513505703,0.01310836781408322,-0.003555503187632646,0.026224644577527427,0.03888944695961248,0.2631578947368421,1.0,39.000000000000014,0,0
2020-01-31,2020-02-03,2020-02-28,Original TV-MVP,0.0002391238188962581,0.006383245101545897,0.0079652376106712,-0.0026788482156527636,0.014644115135192702,0.0351960613328821,0.2631578947368421,1.4113817737939354,12.816604068511188,0,0
2020-01-31,2020-02-03,2020-02-28,Dynamic SigmaF TV-MVP,0.00025136350199424066,0.006377597121766783,0.007768775146098817,-0.002513623752618772,0.014093258541105606,0.03526002705124409,0.2631578947368421,1.4436385086543995,12.210313877933922,0,0
2020-01-31,2020-02-03,2020-02-28,Dynamic-factor CVaR,0.00034648577397544266,0.006783173108602693,0.007743107181338211,-0.0030258863126944695,0.020332132213108457,0.03730064109515091,0.2631578947368421,1.0,13.693205727561887,4,21
2020-02-28,2020-03-02,2020-03-31,Equal weight,0.00014650451961569286,0.014995684965120873,0.019881805681042867,-0.010410959267658637,0.08027565810949963,0.10371025141255737,0.38095238095238093,1.0,39.000000000000014,0,0
2020-02-28,2020-03-02,2020-03-31,Original TV-MVP,0.00043907225973568005,0.00871131701799658,0.011916941372677051,-0.007950564953071757,0.07986442874978356,0.10027062339620724,0.38095238095238093,1.850098161328694,7.425025794626479,0,0
2020-02-28,2020-03-02,2020-03-31,Dynamic SigmaF TV-MVP,0.00043279216943213774,0.008788981654120401,0.012031822202571906,-0.007609226482334456,0.0806762807704562,0.10016406666274802,0.38095238095238093,2.0026643198477037,6.12748797197773,0,0
2020-02-28,2020-03-02,2020-03-31,Dynamic-factor CVaR,0.00024464062107742334,0.01038623071032905,0.012549363992390797,-0.010567748151752094,0.0790753178098337,0.10266357403301427,0.47619047619047616,1.0000000000000004,12.840222445928827,5,21
2020-03-31,2020-04-01,2020-04-30,Equal weight,-0.0024324500875825264,0.05032097037883476,0.067887087529068,0.007768855603854046,0.032610789744480145,0.034128747899981,0.0,1.0,39.000000000000014,0,0
2020-03-31,2020-04-01,2020-04-30,Original TV-MVP,-0.0004806206148945256,0.020090423114747707,0.029452718753896594,0.0067092633447334215,0.025549673930611957,0.04538255720330962,0.16666666666666666,3.63362851904193,2.1482808089199015,0,0
2020-03-31,2020-04-01,2020-04-30,Dynamic SigmaF TV-MVP,-0.0003970714620531446,0.020598244129424022,0.029686822112515075,0.006710514155635456,0.026566431370156705,0.04833571314228588,0.16666666666666666,3.8976236158928894,1.8815827539984442,0,0
2020-03-31,2020-04-01,2020-04-30,Dynamic-factor CVaR,-0.0014167021712172718,0.039751537623186096,0.050584495648884925,0.008341573101236415,0.01484762233570424,0.0285677577718724,0.0,0.9999999999999989,10.731381860985897,9,26
2020-04-30,2020-05-04,2020-05-29,Equal weight,0.0015147429538777228,0.053001590675873046,0.0666480790732529,0.000465352487804049,0.0375259441497682,0.05130207233267059,0.0,1.0,39.000000000000014,0,0
2020-04-30,2020-05-04,2020-05-29,Original TV-MVP,0.00013121110715368523,0.01857183775257179,0.022311785520465324,-0.00018324561548232118,0.02683677173341046,0.03649051422190912,0.15789473684210525,3.708721235796456,1.9567505720603016,0,0
2020-04-30,2020-05-04,2020-05-29,Dynamic SigmaF TV-MVP,9.029640321767564e-05,0.018248830722599904,0.022532365828050144,-0.00017111821856663015,0.026906689887571087,0.03695370050736388,0.15789473684210525,3.7535738799627083,1.9114482474681278,0,0
2020-04-30,2020-05-04,2020-05-29,Dynamic-factor CVaR,0.0015158260089231587,0.03653843447941941,0.04731507439419667,0.0018502841419610382,0.02155793296342839,0.023734891454720262,0.0,0.9999999999999983,10.668686187681274,9,27
2020-05-29,2020-06-01,2020-06-30,Equal weight,0.0016220307251778297,0.045345738441350654,0.055235513113006916,0.003038494958258109,0.01808135654222824,0.01986335130604801,0.0,1.0,39.000000000000014,0,0
2020-05-29,2020-06-01,2020-06-30,Original TV-MVP,-0.0003519212916514325,0.019327879457765755,0.022466294001793313,0.0026602902106070674,0.02012895983843804,0.02132313892963463,0.09090909090909091,3.546515536445293,2.0608865630575366,0,0
2020-05-29,2020-06-01,2020-06-30,Dynamic SigmaF TV-MVP,-0.00019050104359952382,0.020039074176624223,0.023508649821836283,0.002314145824152782,0.017646602558925646,0.01851973889303088,0.0,3.089605638353902,2.712440384112413,0,0
2020-05-29,2020-06-01,2020-06-30,Dynamic-factor CVaR,0.001240087471642134,0.032764200496735084,0.04119611007973741,0.0008999055103585687,0.01437191587157917,0.016542747585772215,0.0,1.0000000000000002,10.975529482365417,8,27
2020-06-30,2020-07-01,2020-07-31,Equal weight,0.0008147728310477115,0.030255642961810665,0.036966480207569936,0.003578364117963628,0.008738150990999564,0.012917581465755005,0.0,1.0,39.000000000000014,0,0
2020-06-30,2020-07-01,2020-07-31,Original TV-MVP,0.00037957082470325466,0.014833960948905543,0.018649661772522592,0.004066820710676212,0.00976619354946984,0.011209690899321698,0.0,2.527588604213711,3.9051531601950686,0,0
2020-06-30,2020-07-01,2020-07-31,Dynamic SigmaF TV-MVP,0.0006550620152263045,0.017642181595447372,0.022439637800389302,0.0042960744996658525,0.008548579139740458,0.009224520865712928,0.0,1.7075581305290128,9.436239908593723,0,0
2020-06-30,2020-07-01,2020-07-31,Dynamic-factor CVaR,0.0007806769107181146,0.021227224054383993,0.025839036479083023,0.0024027269357135964,0.007799172698579622,0.01158817835677852,0.0,1.0,11.277754701894319,7,26
2020-07-31,2020-08-03,2020-08-31,Equal weight,0.0004314525503818181,0.019606829469701298,0.025184577875003486,0.001992733218154936,0.010468564697235092,0.019525409133538646,0.047619047619047616,1.0,39.000000000000014,0,0
2020-07-31,2020-08-03,2020-08-31,Original TV-MVP,-0.00013769020429946698,0.010416165689746598,0.013349294336615847,-0.0005024388811099665,0.010815486584970294,0.013831715988536386,0.09523809523809523,1.6356914880765996,7.993995796215245,0,0
2020-07-31,2020-08-03,2020-08-31,Dynamic SigmaF TV-MVP,-2.9723742983818976e-05,0.011336884725341738,0.014339970440264587,1.3166294207751222e-05,0.01058816576124703,0.014869898559094144,0.047619047619047616,1.3456495517108484,11.457824971651062,0,0
2020-07-31,2020-08-03,2020-08-31,Dynamic-factor CVaR,9.467016743753437e-06,0.010692901885054918,0.014011015488569761,-0.0002526045260105354,0.009648934611589149,0.018326024959335788,0.047619047619047616,1.000000000000001,11.77021838994123,7,23
2020-08-31,2020-09-01,2020-09-30,Equal weight,0.0007277657167653542,0.014196062333906174,0.022090590667083958,-0.00023296030948211479,0.029283405714628553,0.030139890808491505,0.13636363636363635,1.0,39.000000000000014,0,0
2020-08-31,2020-09-01,2020-09-30,Original TV-MVP,0.0004912524978662607,0.006949802701226767,0.010237404782992381,0.0008382972470081628,0.020684466424488332,0.02267793632840703,0.2727272727272727,1.6492240803997118,8.269122137061574,0,0
2020-08-31,2020-09-01,2020-09-30,Dynamic SigmaF TV-MVP,0.0004504956366463338,0.0076103766153186245,0.010456635044465482,0.0010491608925127264,0.021265036684147486,0.022396120639805967,0.22727272727272727,1.64124442154746,8.71038833578847,0,0
2020-08-31,2020-09-01,2020-09-30,Dynamic-factor CVaR,0.0006152525271790929,0.009126897698903388,0.011359238342713676,0.000987476350631371,0.02125675846045017,0.02424858433052012,0.13636363636363635,0.9999999999996048,11.554462669247552,8,23
2020-09-30,2020-10-01,2020-10-30,Equal weight,0.00015169994800805873,0.017591487735874687,0.02319805764056458,0.0014892334499776577,0.015793652115159845,0.017318583167941794,0.047619047619047616,1.0,39.000000000000014,0,0
2020-09-30,2020-10-01,2020-10-30,Original TV-MVP,0.00011939997630932065,0.009539294611406544,0.012125262818083089,0.002934872187552469,0.010412622148234452,0.012370960189840921,0.09523809523809523,2.017584876369588,6.341220782400022,0,0
2020-09-30,2020-10-01,2020-10-30,Dynamic SigmaF TV-MVP,0.00011140097589189065,0.00919474405235888,0.012485640488881573,0.003082914695454677,0.010351270643239086,0.01198112722193661,0.09523809523809523,2.233095680577078,5.143773853170958,0,0
2020-09-30,2020-10-01,2020-10-30,Dynamic-factor CVaR,0.0006487135056132628,0.011453247607374893,0.015092785079786349,0.0032042356318401515,0.010196365914638331,0.013740010162155845,0.047619047619047616,0.9999999999999972,11.381233584029825,7,23
2020-10-30,2020-11-02,2020-11-27,Equal weight,0.000809186498790914,0.01590140804222995,0.02225440317280368,0.007162610755408942,0.007703469742520671,0.012730546908969988,0.0,1.0,39.000000000000014,0,0
2020-10-30,2020-11-02,2020-11-27,Original TV-MVP,0.00039289014172410496,0.010242634549318673,0.012898765334431343,0.001976945508822103,0.01155291642707104,0.015791266786143964,0.10526315789473684,1.8389092991803455,6.599248449039198,0,0
2020-10-30,2020-11-02,2020-11-27,Dynamic SigmaF TV-MVP,0.0003922534608620998,0.01016193625664692,0.01248665913302654,0.0019108379285892772,0.011890770965095538,0.01626244707354966,0.10526315789473684,1.8220979973074194,6.641718972356355,0,0
2020-10-30,2020-11-02,2020-11-27,Dynamic-factor CVaR,0.0007138331943181735,0.010816187975430129,0.014567925291880057,0.0027974056836626584,0.010969167928866421,0.015091811887426879,0.05263157894736842,1.0000000000000002,12.264941460691588,6,23
2020-11-27,2020-12-01,2020-12-31,Equal weight,0.0012560471470886385,0.016455573379403666,0.021215188593258404,0.003963322504929644,0.0022452893410683412,0.01986220403566889,0.045454545454545456,1.0,39.000000000000014,0,0
2020-11-27,2020-12-01,2020-12-31,Original TV-MVP,9.662193594534095e-05,0.009552598196700228,0.011740576948606037,0.004720369249974018,0.011218546097192248,0.019591615665267705,0.09090909090909091,1.7693536062019117,6.550617706928445,0,0
2020-11-27,2020-12-01,2020-12-31,Dynamic SigmaF TV-MVP,0.00015402898218260116,0.00977465737512587,0.011888177154681927,0.004738682596273199,0.011005030153121393,0.02082954713599117,0.09090909090909091,1.7089478706989119,6.950270617786733,0,0
2020-11-27,2020-12-01,2020-12-31,Dynamic-factor CVaR,0.0007637712807202325,0.01019243545395362,0.013440450194780152,0.0037930807110575712,0.0034568784622708206,0.018319323573559632,0.045454545454545456,1.0000000000000009,11.533446954606433,6,24
2020-12-31,2021-01-01,2021-01-29,Equal weight,0.0005723143149014277,0.017314758063630722,0.024459454393116323,-0.0004293206031268761,0.01722400240169853,0.018018069421626804,0.05,1.0,39.000000000000014,0,0
2020-12-31,2021-01-01,2021-01-29,Original TV-MVP,0.00021900424558561504,0.00983872605289097,0.013295158669230322,-0.0015924476463226298,0.02147818269764776,0.023626630730861756,0.25,1.8045822939426515,6.712349884266237,0,0
2020-12-31,2021-01-01,2021-01-29,Dynamic SigmaF TV-MVP,0.00028613663899522293,0.010111804500364386,0.013435405188735258,-0.0014192861039540583,0.020786994844195245,0.023091358863300233,0.2,1.7735061914634374,7.107731916423264,0,0
2020-12-31,2021-01-01,2021-01-29,Dynamic-factor CVaR,0.0006760697899514652,0.012304467561949733,0.015477062124308348,-0.0027026278043864862,0.01951574221924984,0.021205357646796978,0.2,0.9999999999999999,11.461168641962558,7,23
2021-01-29,2021-02-01,2021-02-26,Equal weight,0.0015789660327030425,0.01447618353595993,0.02061824477315667,0.003969349462664708,0.017296103489636235,0.035142344210632934,0.15,1.0,39.000000000000014,0,0
2021-01-29,2021-02-01,2021-02-26,Original TV-MVP,0.0005716776935754291,0.009927776127108224,0.012047480524878463,-0.0009150046757207375,0.028676021853064143,0.035420704664792274,0.3,1.983457590771142,6.357641170278956,0,0
2021-01-29,2021-02-01,2021-02-26,Dynamic SigmaF TV-MVP,0.0004933402452396122,0.009649393534133358,0.012310865707427203,-0.000933386573276284,0.02921903235265557,0.03780972072345394,0.35,2.1021032519192606,5.724964985612727,0,0
2021-01-29,2021-02-01,2021-02-26,Dynamic-factor CVaR,0.000967759706124226,0.01154910727626956,0.013715937103976998,0.0014851608022568544,0.016497164559424814,0.0314689929223138,0.15,0.9999999999999998,12.213026212793082,6,23
2021-02-26,2021-03-01,2021-03-31,Equal weight,0.0007222174234627668,0.020057187719144214,0.029671217950227775,0.0011631287962438315,0.017741646067529662,0.018078200631044237,0.0,1.0,39.000000000000014,0,0
2021-02-26,2021-03-01,2021-03-31,Original TV-MVP,0.0005593156160504511,0.012283289792511864,0.015849261001982837,0.004121169050067977,0.014069850140174919,0.016743904368349487,0.09523809523809523,2.1741771604648283,5.435804620704487,0,0
2021-02-26,2021-03-01,2021-03-31,Dynamic SigmaF TV-MVP,0.0005228422088629063,0.011783602364286709,0.015496148202155897,0.004454615632472964,0.013727832122308162,0.016691210923221105,0.09523809523809523,2.3688441178127797,4.575690621725374,0,0
2021-02-26,2021-03-01,2021-03-31,Dynamic-factor CVaR,0.0006672542219300392,0.015911117181491435,0.018799628086597485,0.0017396002349150581,0.01375504424092531,0.01575590340206796,0.047619047619047616,1.0,11.07376926641593,6,27
2021-03-31,2021-04-01,2021-04-30,Equal weight,0.0017625078295656028,0.018360362602592235,0.026502977540496672,0.0016935925180238357,0.020699517648183598,0.03657116373465877,0.10526315789473684,1.0,39.000000000000014,0,0
2021-03-31,2021-04-01,2021-04-30,Original TV-MVP,0.0008076752042871664,0.01444885033108991,0.01803864993672222,-0.0006637543014945373,0.013330258589601103,0.013807078276844544,0.0,2.107970039865527,5.28621655769277,0,0
2021-03-31,2021-04-01,2021-04-30,Dynamic SigmaF TV-MVP,0.0007402543964089604,0.013779498498135048,0.018417517280381174,-0.0008938367346516681,0.013891275006358906,0.0164821926533558,0.05263157894736842,2.3405818411609545,4.332853010027477,0,0
2021-03-31,2021-04-01,2021-04-30,Dynamic-factor CVaR,0.001711233770383027,0.015154300383012811,0.019754460797250645,0.0013966419296225555,0.012764639953415207,0.017228719059146122,0.05263157894736842,1.0000000000000036,12.07364384537667,6,24
2021-04-30,2021-05-03,2021-05-31,Equal weight,0.0007258749977700349,0.018095373290392798,0.023794780131823137,0.003314053486792888,0.008599212689541818,0.010848509675096984,0.0,1.0,39.000000000000014,0,0
2021-04-30,2021-05-03,2021-05-31,Original TV-MVP,0.00028033131719120867,0.010254244520176469,0.013343432965983807,0.0018768229034350852,0.006161406304760965,0.01295822899253005,0.05,1.9412152598600745,5.443529450841095,0,0
2021-04-30,2021-05-03,2021-05-31,Dynamic SigmaF TV-MVP,0.0002614279139844383,0.01047207602877075,0.013294505712311434,0.0018898624017373033,0.005971598997761632,0.012920051415439383,0.05,1.9194135853687158,5.64560773852457,0,0
2021-04-30,2021-05-03,2021-05-31,Dynamic-factor CVaR,0.0007364500526605101,0.01139292134784156,0.014067890316015,0.003002148084028833,0.008462185519126844,0.010878941383516099,0.0,1.0,11.479816443464255,6,25
2021-05-31,2021-06-01,2021-06-30,Equal weight,0.0016881859174598527,0.015218029967983205,0.02038669736531471,0.001025294380121032,0.007709746386710744,0.008272647849917516,0.0,1.0,39.000000000000014,0,0
2021-05-31,2021-06-01,2021-06-30,Original TV-MVP,0.0005358862716742263,0.009401540568838155,0.012373034601883468,0.001806116369877782,0.004426545828885428,0.007794756588703918,0.045454545454545456,1.8187708586818716,7.030880916531341,0,0
2021-05-31,2021-06-01,2021-06-30,Dynamic SigmaF TV-MVP,0.0007800846826261703,0.009509020686719468,0.012730221116402625,0.0016973227585246483,0.003416891665936339,0.006172007349143445,0.0,1.5159761486346761,9.911751666168499,0,0
2021-05-31,2021-06-01,2021-06-30,Dynamic-factor CVaR,0.0011793984303664668,0.010136236845392603,0.011867377879611306,0.0011415393841728118,0.005150708506709705,0.005858941209061063,0.0,0.9999999999999998,13.120258262146065,4,20
2021-06-30,2021-07-01,2021-07-30,Equal weight,0.0009792363252965196,0.010130416457366414,0.014415228999633097,0.0011572192104950907,0.008098618875568083,0.008658973467182068,0.0,1.0,39.000000000000014,0,0
2021-06-30,2021-07-01,2021-07-30,Original TV-MVP,0.0002957987709629236,0.006365696598483408,0.007851878717126951,-2.755732965645233e-05,0.008893060130147783,0.01326033907408005,0.09523809523809523,1.4089126629773303,11.929146831461246,0,0
2021-06-30,2021-07-01,2021-07-30,Dynamic SigmaF TV-MVP,0.0004221595829362978,0.006205682997027878,0.008140161833075867,0.0002693508092584066,0.007111578453338927,0.010908701634927433,0.14285714285714285,1.216533845861273,16.043881779572942,0,0
2021-06-30,2021-07-01,2021-07-30,Dynamic-factor CVaR,0.0006292500361703537,0.006745180262859349,0.007636503622489774,-0.000758508889061409,0.009206215542426305,0.012815748089408436,0.09523809523809523,1.0,14.218237008369918,3,17
2021-07-30,2021-08-02,2021-08-31,Equal weight,0.0008954010466696808,0.0073925332907156865,0.011327169279385653,0.003392855426128176,0.0037968870505474903,0.008293164626584346,0.047619047619047616,1.0,39.000000000000014,0,0
2021-07-30,2021-08-02,2021-08-31,Original TV-MVP,0.0003651334866108781,0.004783147076882675,0.006576371481045886,0.004003327810486118,0.0026001815204037687,0.0034127480790920096,0.0,1.2158031260262967,19.25674334467479,0,0
2021-07-30,2021-08-02,2021-08-31,Dynamic SigmaF TV-MVP,0.0003892576711659239,0.004893062343918895,0.006566365983459127,0.003977799846035006,0.0024063368308676674,0.003210828247703013,0.0,1.2174599975654574,19.381984998162775,0,0
2021-07-30,2021-08-02,2021-08-31,Dynamic-factor CVaR,0.0007442984269125569,0.004787218879865749,0.0058278096680346655,0.0037655274815967922,0.0028874473916042196,0.003528190911680269,0.0,1.0000000000001148,18.89852364461349,1,12
2021-08-31,2021-09-01,2021-09-30,Equal weight,0.0006493254600898764,0.008633839293233317,0.01685453810096816,0.002064279453392774,0.005590717277519415,0.009641427354692932,0.047619047619047616,1.0,39.000000000000014,0,0
2021-08-31,2021-09-01,2021-09-30,Original TV-MVP,0.00024069412879181294,0.005691232229220773,0.007579209241789018,0.0023603634955815848,0.004251957782883309,0.005429590607234509,0.047619047619047616,1.2554974698120054,16.342828871856707,0,0
2021-08-31,2021-09-01,2021-09-30,Dynamic SigmaF TV-MVP,0.00019006615006696061,0.00553771589237213,0.007524713936971907,0.00241776306226339,0.003008244230926353,0.004856957803816015,0.047619047619047616,1.3373649906880671,14.441025166344708,0,0
2021-08-31,2021-09-01,2021-09-30,Dynamic-factor CVaR,0.00041380287549211317,0.00582890663663225,0.006983704811602397,0.002038095471254995,0.0060190069142078625,0.006172503883021804,0.09523809523809523,1.0000000000000007,16.003679701528537,3,16
2021-09-30,2021-10-01,2021-10-29,Equal weight,0.0011284623537540942,0.007785595207173276,0.01295497880521466,-0.00042061611784267525,0.015276673105430448,0.02101496864400027,0.25,1.0,39.000000000000014,0,0
2021-09-30,2021-10-01,2021-10-29,Original TV-MVP,0.0002197144793439526,0.005151976663064756,0.006591284541901432,-0.0003112713909990608,0.0108577720714842,0.017262064363063673,0.25,1.1927393911602466,15.856605079482499,0,0
2021-09-30,2021-10-01,2021-10-29,Dynamic SigmaF TV-MVP,0.00015822028230761992,0.005145377126352314,0.006762591277826835,-0.0003651123429134786,0.010746394343453642,0.017098119393592376,0.25,1.2142113780117125,15.17719484559228,0,0
2021-09-30,2021-10-01,2021-10-29,Dynamic-factor CVaR,0.00047500577675854683,0.005244653559903319,0.005861345778952178,-0.0002500052054494362,0.010999610465880024,0.019137270812459035,0.3,1.0000000000000344,14.100905898789069,4,15
2021-10-29,2021-11-01,2021-11-30,Equal weight,0.0010182364738737792,0.010440856139706207,0.015224288632216811,-0.001018631916150418,0.017944663300336703,0.027833783479894767,0.15,1.0,39.000000000000014,0,0
2021-10-29,2021-11-01,2021-11-30,Original TV-MVP,0.0002662157377867566,0.0064041891235382085,0.008350531558274756,-0.0009502499128635834,0.01392130286851483,0.016321208535212503,0.2,1.3941493210524398,11.859802437609565,0,0
2021-10-29,2021-11-01,2021-11-30,Dynamic SigmaF TV-MVP,0.00022615379564157963,0.006512060591961154,0.008374395587621292,-0.000892155411116587,0.012812316565438766,0.016302617447420176,0.2,1.461948925488184,10.766857181861226,0,0
2021-10-29,2021-11-01,2021-11-30,Dynamic-factor CVaR,0.0006827449406948111,0.006282231832272611,0.008203525482040093,-0.0012817404506877204,0.013906793393869668,0.017669118332741766,0.2,1.0000000000000022,13.369245157234287,4,20
2021-11-30,2021-12-01,2021-12-31,Equal weight,0.001036153367072719,0.01267235794767789,0.02068481904114153,0.0014268249517970233,0.017400718290904563,0.01848622342940716,0.13043478260869565,1.0,39.000000000000014,0,0
2021-11-30,2021-12-01,2021-12-31,Original TV-MVP,0.00023572616949668095,0.00666153164488588,0.008571359244190169,0.001102234851811866,0.014760305629253652,0.017378782280601274,0.13043478260869565,1.532583937418383,9.107534997459418,0,0
2021-11-30,2021-12-01,2021-12-31,Dynamic SigmaF TV-MVP,0.00016328055909244923,0.00678234806903417,0.00841210082387001,0.0010484870867844005,0.014732718439336536,0.017465225851855795,0.13043478260869565,1.6508664353631726,7.956413483776899,0,0
2021-11-30,2021-12-01,2021-12-31,Dynamic-factor CVaR,0.0006392547263122608,0.0066500636595229826,0.00882250052812326,0.0015613985676135756,0.011755439418991263,0.015373556197746054,0.13043478260869565,0.9999999999999987,12.336658889619406,4,24
2021-12-31,2022-01-03,2022-01-31,Equal weight,0.0005749421871524729,0.017223504317181868,0.024996301324963152,0.0001880802988625998,0.01685192798594781,0.02764143367313062,0.05,1.0,39.000000000000014,0,0
2021-12-31,2022-01-03,2022-01-31,Original TV-MVP,-0.0001044816846904548,0.010102783285075308,0.012196754716164115,0.000241091836170522,0.00899794514521309,0.011209908412986073,0.05,1.7805845973245944,7.17946393960637,0,0
2021-12-31,2022-01-03,2022-01-31,Dynamic SigmaF TV-MVP,-6.437994513726788e-05,0.009900767578944154,0.012290161036347787,-0.000623948798867719,0.009893900476653185,0.012432531004832412,0.05,1.792090474206446,7.143247218374717,0,0
2021-12-31,2022-01-03,2022-01-31,Dynamic-factor CVaR,0.00037691401322151633,0.011173174232217283,0.013705988008731068,-0.0015912025781071309,0.015005193087919786,0.0170639872977607,0.25,0.9999999999999999,11.801057012345757,5,26
2022-01-31,2022-02-01,2022-02-28,Equal weight,0.001494351960561907,0.013702628797977835,0.024576255634380196,-0.0004626760358725,0.02914912618187887,0.04554488349902683,0.1,1.0,39.000000000000014,0,0
2022-01-31,2022-02-01,2022-02-28,Original TV-MVP,0.00021443547227780371,0.007969031024409799,0.010735227019942001,-0.0018222744748109206,0.015634421483944373,0.030759106115817565,0.2,1.754482593394543,6.98392510086895,0,0
2022-01-31,2022-02-01,2022-02-28,Dynamic SigmaF TV-MVP,9.514973288430256e-05,0.0076516948870336155,0.01093928488835805,-0.0019770592937201044,0.015023878807710377,0.030038528892829035,0.2,1.8211968376252978,6.384146154716753,0,0
2022-01-31,2022-02-01,2022-02-28,Dynamic-factor CVaR,0.000815734444019272,0.009787989260326271,0.013336716726876056,-0.001599705283080915,0.019571876259811022,0.03665175276200916,0.2,1.0,11.728237943426231,6,24
2022-02-28,2022-03-02,2022-03-31,Equal weight,0.002708004147804637,0.01884242954851438,0.031536890187077886,0.0017116090765762124,0.013857701618804076,0.014999183717482167,0.0,1.0,39.000000000000014,0,0
2022-02-28,2022-03-02,2022-03-31,Original TV-MVP,0.0006000968327588736,0.010169035620264756,0.014227086131787064,0.0016109506755669068,0.00772739949200949,0.00788061158441437,0.0,2.117613223514127,4.657278952471501,0,0
2022-02-28,2022-03-02,2022-03-31,Dynamic SigmaF TV-MVP,0.00037839826762371795,0.011406905606364514,0.014014947454397563,0.0016808742610105055,0.008215838230899962,0.00831863325316624,0.0,2.3488727561148215,3.84510468256697,0,0
2022-02-28,2022-03-02,2022-03-31,Dynamic-factor CVaR,0.0017313516350300731,0.013602325398193957,0.01889803711844498,0.0015931489253830046,0.010952351777780419,0.011590553967376342,0.0,1.0000000000000517,11.447951031291055,7,26
2022-03-31,2022-04-01,2022-04-29,Equal weight,0.0022138123455151884,0.020448093268345152,0.031421437684590124,-0.00026954339585203585,0.013343597385889049,0.016216664447443012,0.0,1.0,39.000000000000014,0,0
2022-03-31,2022-04-01,2022-04-29,Original TV-MVP,0.00037312707871773156,0.01005430147162383,0.013117318834961759,0.0008398023020082173,0.01322898767644688,0.024094896179536703,0.15789473684210525,2.004875897776178,5.024580997195093,0,0
2022-03-31,2022-04-01,2022-04-29,Dynamic SigmaF TV-MVP,0.000434679769829843,0.009919736128560492,0.013356787153489959,0.0006360504056779433,0.013006282968107935,0.02370370230780644,0.21052631578947367,1.9263798162354486,5.40827772139164,0,0
2022-03-31,2022-04-01,2022-04-29,Dynamic-factor CVaR,0.0011274040729980232,0.013686627757348243,0.017627075551027063,-0.00045342525091850616,0.017907774916632164,0.018145094141474655,0.15789473684210525,1.0000000000000002,10.933596384613372,8,26
2022-04-29,2022-05-02,2022-05-31,Equal weight,0.0019979328356332813,0.018739668047320537,0.030872939359755342,-0.0017801207514028376,0.023148026679571707,0.024386559346041857,0.14285714285714285,1.0,39.000000000000014,0,0
2022-04-29,2022-05-02,2022-05-31,Original TV-MVP,0.0007205257592167124,0.012083041952364468,0.01658878061660413,0.0007518361519194414,0.014567778098549904,0.017572763751453717,0.09523809523809523,2.1571151033190192,4.041693687768208,0,0
2022-04-29,2022-05-02,2022-05-31,Dynamic SigmaF TV-MVP,0.0008010980575138914,0.012047234988617804,0.017147361685091886,0.0005295270557406333,0.014668963925530007,0.018108132315922874,0.09523809523809523,2.0114115148926923,4.5681675206457815,0,0
2022-04-29,2022-05-02,2022-05-31,Dynamic-factor CVaR,0.0013640712623206556,0.016718446069335036,0.021969455169224047,-0.000403152477043926,0.012674729935913159,0.015192891308535537,0.047619047619047616,0.9999999999999978,10.66824332145602,9,26
2022-05-31,2022-06-01,2022-06-30,Equal weight,0.0006980078813240367,0.021944488500594675,0.031049028713257164,-0.0023947504400174996,0.025125184945374492,0.02591164773730684,0.09090909090909091,1.0,39.000000000000014,0,0
2022-05-31,2022-06-01,2022-06-30,Original TV-MVP,0.00010200441493686848,0.013055092976402633,0.018041918544141174,-0.0006602169177556347,0.01642951697719112,0.01655176758110819,0.18181818181818182,2.1852400380719565,5.2760027118027475,0,0
2022-05-31,2022-06-01,2022-06-30,Dynamic SigmaF TV-MVP,-1.555428184658392e-05,0.01327269857306804,0.018304452911410744,-0.0004678759430216685,0.015335878647735052,0.015915046598210286,0.18181818181818182,2.195185242172064,5.287897158618163,0,0
2022-05-31,2022-06-01,2022-06-30,Dynamic-factor CVaR,0.000706321525822045,0.015077269985796095,0.020079709053459315,-0.0017085235155541703,0.01874909335140499,0.019396872064173804,0.09090909090909091,1.0000000000000002,10.809339089080687,6,27
2022-06-30,2022-07-01,2022-07-29,Equal weight,0.0011938029443829246,0.018702079355114927,0.026932760420063085,0.005050721586535233,0.0072446385907663224,0.008275128014048432,0.0,1.0,39.000000000000014,0,0
2022-06-30,2022-07-01,2022-07-29,Original TV-MVP,0.0006538063767733219,0.00948953480660518,0.013193555384770413,0.0033531337755978376,0.008816234926084259,0.011933670861310556,0.047619047619047616,2.228205575912968,5.208632697724834,0,0
2022-06-30,2022-07-01,2022-07-29,Dynamic SigmaF TV-MVP,0.0006194834836973689,0.009741393846456352,0.013363954475936132,0.003388190170586123,0.00784902041695338,0.011437936424324394,0.047619047619047616,2.2039965804596413,5.331585760812239,0,0
2022-06-30,2022-07-01,2022-07-29,Dynamic-factor CVaR,0.0009968102681543031,0.01358149552545888,0.016342389647978354,0.003943280222125772,0.007213908289635914,0.007586221835807042,0.0,0.9999999999999988,11.583492036543632,6,24
2022-07-29,2022-08-01,2022-08-30,Equal weight,0.0019059830354837862,0.015966022165861446,0.02392230281986614,0.002464666915957373,0.011335621482988015,0.01633549172621184,0.05,1.0,39.000000000000014,0,0
2022-07-29,2022-08-01,2022-08-30,Original TV-MVP,0.0006114881456025159,0.010728567818111236,0.013190822291769723,0.0027808297064356863,0.006233321634218053,0.013705039822983527,0.05,2.1148063639601933,5.932396064167078,0,0
2022-07-29,2022-08-01,2022-08-30,Dynamic SigmaF TV-MVP,0.0007237412312424755,0.00995420557045493,0.013326416572808452,0.0027142152137488,0.007259000653704726,0.012856346007365252,0.05,1.9027699332352075,7.328544830480394,0,0
2022-07-29,2022-08-01,2022-08-30,Dynamic-factor CVaR,0.0010777918606860897,0.01074527976695772,0.014995556361997684,0.0026063730620742636,0.009280000172204574,0.011052928787810614,0.05,1.000000000000004,11.039369870671003,8,25
2022-08-30,2022-09-01,2022-09-30,Equal weight,0.0007898699994818511,0.015893280002633205,0.02385239164936275,-0.0011020618352576201,0.018313568346772228,0.01973300355036805,0.13636363636363635,1.0,39.000000000000014,0,0
2022-08-30,2022-09-01,2022-09-30,Original TV-MVP,0.0003989336951260014,0.0076936794757042895,0.010262291224402705,-0.0010507587954088988,0.013567627254770813,0.01730473973784042,0.22727272727272727,1.8716711036339857,7.133084135315261,0,0
2022-08-30,2022-09-01,2022-09-30,Dynamic SigmaF TV-MVP,0.00040823851656717587,0.007778678782640175,0.010465324941812654,-0.0010062055139607828,0.013726607311589038,0.017205807902546277,0.22727272727272727,1.826348845830846,7.439172954419261,0,0
2022-08-30,2022-09-01,2022-09-30,Dynamic-factor CVaR,0.00048437170238160957,0.010253904204267406,0.013685649668741156,-0.0013858450684771167,0.018991265560920616,0.019187571871067198,0.18181818181818182,1.0000000000000002,10.981531593993434,7,26
2022-09-30,2022-10-03,2022-10-31,Equal weight,0.0014009625034162524,0.013045411754552788,0.020114336420559053,0.002834880167481326,0.01097535815748434,0.015968586397417196,0.05263157894736842,1.0,39.000000000000014,0,0
2022-09-30,2022-10-03,2022-10-31,Original TV-MVP,0.0007507882228335651,0.007670129644004271,0.010929734945537138,0.0028749285670862843,0.006590431920610548,0.019082053279764824,0.05263157894736842,1.8599860491541933,7.825172137633143,0,0
2022-09-30,2022-10-03,2022-10-31,Dynamic SigmaF TV-MVP,0.0007570374619019513,0.0077371570360099465,0.011085765730713364,0.0028558716205210888,0.006495251587172189,0.019204553978995918,0.05263157894736842,1.9047404607349745,7.46907126856291,0,0
2022-09-30,2022-10-03,2022-10-31,Dynamic-factor CVaR,0.0010796906594759744,0.009928591098981851,0.013264373726746548,0.002766716845357031,0.007355833186612632,0.017465905918295044,0.05263157894736842,0.9999999999999879,11.886852953761482,4,24
2022-10-31,2022-11-01,2022-11-30,Equal weight,0.0005505169497044899,0.01516057509746832,0.020985544282908376,0.0011137709116023655,0.006705192099993573,0.008010722932150327,0.0,1.0,39.000000000000014,0,0
2022-10-31,2022-11-01,2022-11-30,Original TV-MVP,0.0005755434147524881,0.00991921982288383,0.013137396164903958,0.0010758458106598183,0.00991603227258529,0.012060697334307003,0.047619047619047616,1.8959246119142275,7.804356183445644,0,0
2022-10-31,2022-11-01,2022-11-30,Dynamic SigmaF TV-MVP,0.000555927834895155,0.00996352775918411,0.01308457921283559,0.0012126585255269775,0.00906931219811424,0.010791678334936739,0.047619047619047616,1.7501648727195163,8.982562081257493,0,0
2022-10-31,2022-11-01,2022-11-30,Dynamic-factor CVaR,0.0003659263812038136,0.012635107879876685,0.013908466892964275,0.0010908425500805981,0.006377280910487651,0.006584071394546052,0.0,1.0000000000000004,12.591612585202283,5,23
2022-11-30,2022-12-01,2022-12-30,Equal weight,0.0010417547049134323,0.0132628809130129,0.019272562934785728,-0.00132860199178611,0.012521497713879401,0.015962563338431067,0.045454545454545456,1.0,39.000000000000014,0,0
2022-11-30,2022-12-01,2022-12-30,Original TV-MVP,0.0006568336553715885,0.009917671322078846,0.013239397850112465,-0.0016387361972491114,0.010960720253261386,0.011566270779527174,0.09090909090909091,1.6805363808070874,9.006393207378176,0,0
2022-11-30,2022-12-01,2022-12-30,Dynamic SigmaF TV-MVP,0.000686195254169867,0.01041187079516019,0.013429327242605222,-0.0015883885601814724,0.011920170792305427,0.012922806845282256,0.09090909090909091,1.3968788248676909,12.772816067654501,0,0
2022-11-30,2022-12-01,2022-12-30,Dynamic-factor CVaR,0.0008612197180035789,0.01029883470382829,0.011840170733996824,-0.0016793600501859953,0.011064994972341891,0.012759546071507272,0.09090909090909091,1.0,12.93503541962747,4,23
2022-12-30,2023-01-02,2023-01-31,Equal weight,0.0011086585104557267,0.010591051849631323,0.015068151277686655,-0.0009820815452276027,0.011151762211892537,0.011516114221856744,0.09523809523809523,1.0,39.000000000000014,0,0
2022-12-30,2023-01-02,2023-01-31,Original TV-MVP,0.00047232469978473606,0.007311675431191133,0.011264064062138153,-0.0009506824309726302,0.00934783099707812,0.009589625292487806,0.09523809523809523,1.601001906211986,11.453152786519532,0,0
2022-12-30,2023-01-02,2023-01-31,Dynamic SigmaF TV-MVP,0.0005179745956911048,0.007215001674184606,0.01134987901443,-0.0008372385834664597,0.009492717053322238,0.009630513446085797,0.14285714285714285,1.5391348051958582,12.452232154763868,0,0
2022-12-30,2023-01-02,2023-01-31,Dynamic-factor CVaR,0.0008726642934938415,0.008078002826567083,0.009910280786188944,-0.0011574470870034553,0.009016260111354944,0.00984336788409373,0.14285714285714285,0.9999999999999999,13.428071971189151,5,19
2023-01-31,2023-02-01,2023-02-28,Equal weight,0.0006943483886781245,0.011149591360164296,0.01389534914290098,-0.0007418947629439371,0.006858815270955613,0.013920256308310489,0.05,1.0,39.000000000000014,0,0
2023-01-31,2023-02-01,2023-02-28,Original TV-MVP,0.0002906610510005282,0.0055990099553721515,0.007525075731950345,0.0007246357110816487,0.008144960371363943,0.00943772862360673,0.1,1.5779335765951839,10.863453946760824,0,0
2023-01-31,2023-02-01,2023-02-28,Dynamic SigmaF TV-MVP,0.000313577669424407,0.005725265493254079,0.007727582870147344,0.0005372651289972369,0.007699071071702135,0.009317088236802452,0.1,1.5215329243080822,12.111083364075725,0,0
2023-01-31,2023-02-01,2023-02-28,Dynamic-factor CVaR,0.0004946143610489179,0.007066988383573609,0.00843238561635892,-9.941212359607185e-07,0.007163179912353501,0.010366251308702114,0.05,1.0000000000000007,13.29824845757062,5,19
2023-02-28,2023-03-01,2023-03-31,Equal weight,0.0007044820406307841,0.011059100443448435,0.01488386246338324,0.00032075805535610455,0.008879656673533774,0.010209885973506064,0.047619047619047616,1.0,39.000000000000014,0,0
2023-02-28,2023-03-01,2023-03-31,Original TV-MVP,0.0004591312159767117,0.005754840326063482,0.007923824627023013,0.00118357338304859,0.005875525183714867,0.009104377491721037,0.09523809523809523,1.5433218336422763,11.397943016754231,0,0
2023-02-28,2023-03-01,2023-03-31,Dynamic SigmaF TV-MVP,0.0004323893557805608,0.005870088962030133,0.008139295792749355,0.0012523433378359313,0.005773367287390092,0.009250480932237258,0.047619047619047616,1.5359839756990339,11.46585913771051,0,0
2023-02-28,2023-03-01,2023-03-31,Dynamic-factor CVaR,0.00038044884533139383,0.007754389099918665,0.009471233428127786,0.0009652973688853815,0.005765655817913767,0.0075171126938828325,0.047619047619047616,0.9999999999999997,12.53119183894324,6,23
2023-03-31,2023-04-03,2023-04-28,Equal weight,0.00022782429567537788,0.011709938608225438,0.014565467171246408,0.002721720649286527,0.002077388995355657,0.003893171481328986,0.0,1.0,39.000000000000014,0,0
2023-03-31,2023-04-03,2023-04-28,Original TV-MVP,0.0003458762819203464,0.005890132049734092,0.008259080965593009,0.002854659634655466,0.0026760417692987173,0.0033222824658757214,0.0,1.59089777574298,10.975010111507961,0,0
2023-03-31,2023-04-03,2023-04-28,Dynamic SigmaF TV-MVP,0.0003697476242801964,0.0061562516802057396,0.008109373664475322,0.0028816165949682036,0.0027024850353121973,0.003610310998890231,0.0,1.6879237382867416,9.700446611949737,0,0
2023-03-31,2023-04-03,2023-04-28,Dynamic-factor CVaR,0.00043788381451674536,0.006422373705483256,0.008727068717822955,0.002464089555008835,0.002122922427395261,0.005176817410266868,0.0,0.9999999999999998,12.358625803109625,5,20
2023-04-28,2023-05-02,2023-05-31,Equal weight,0.0005391284758899004,0.009958105775852677,0.012435574478424187,0.0015057197514538245,0.005518670213932336,0.005710906655275671,0.0,1.0,39.000000000000014,0,0
2023-04-28,2023-05-02,2023-05-31,Original TV-MVP,0.000510635606569604,0.005867143918404833,0.007051211577735404,0.002341770893787453,0.004912835166127968,0.005116497891783998,0.0,1.5297089361244296,11.040853883902699,0,0
2023-04-28,2023-05-02,2023-05-31,Dynamic SigmaF TV-MVP,0.0004895467667082028,0.006086398671639367,0.007323091991707563,0.0022371683989313323,0.004934901610548263,0.004997394349109971,0.0,1.4019360442600701,13.171399337695776,0,0
2023-04-28,2023-05-02,2023-05-31,Dynamic-factor CVaR,0.0008333139236822953,0.006336275052896625,0.007427574911576099,0.0022301156987265722,0.0037016924523771344,0.004082216338909385,0.0,1.0,14.936855524707669,2,19
2023-05-31,2023-06-01,2023-06-30,Equal weight,0.00041005220506841006,0.009158051018938382,0.013037825859305073,0.002109556120881945,0.006071397560108933,0.006281405269602577,0.0,1.0,39.000000000000014,0,0
2023-05-31,2023-06-01,2023-06-30,Original TV-MVP,0.00012090162928222815,0.005911891756843459,0.007414677467554454,0.002462792549616971,0.006601742790958508,0.007786968524344645,0.09523809523809523,1.4205966536657857,13.0660174852282,0,0
2023-05-31,2023-06-01,2023-06-30,Dynamic SigmaF TV-MVP,7.654061825072875e-05,0.00598357925346146,0.008340358470375753,0.002285567715104698,0.006416477245855233,0.007455128753275361,0.09523809523809523,1.2591065933261953,18.193761319040338,0,0
2023-05-31,2023-06-01,2023-06-30,Dynamic-factor CVaR,0.00020685991038242582,0.006318152089607084,0.00782795551418258,0.002772122171238983,0.006217306960024958,0.006502767716198116,0.047619047619047616,1.0,13.553079298098682,2,22
2023-06-30,2023-07-03,2023-07-31,Equal weight,0.0004191497816035932,0.007507513897851507,0.01139139176967644,0.0017986041485750434,0.007737759918114193,0.008718892091605276,0.09523809523809523,1.0,39.000000000000014,0,0
2023-06-30,2023-07-03,2023-07-31,Original TV-MVP,0.00032590774730391017,0.0062083346878582125,0.007995652253500516,0.0013950848425101285,0.005243497048292304,0.007153711743726463,0.047619047619047616,1.4744025294174115,12.885580433769922,0,0
2023-06-30,2023-07-03,2023-07-31,Dynamic SigmaF TV-MVP,0.0003342887416337092,0.006175854876538061,0.008023493242696309,0.0014343824401162192,0.00501479940088383,0.007014389883814167,0.047619047619047616,1.4534689522793507,13.247457036572742,0,0
2023-06-30,2023-07-03,2023-07-31,Dynamic-factor CVaR,0.0005391293324451602,0.0061821147711925385,0.007429182770438093,0.001189849723862912,0.004249225709168144,0.006545249877076054,0.047619047619047616,1.0,12.320209411081343,5,23
2023-07-31,2023-08-01,2023-08-31,Equal weight,0.0005302546024620775,0.007859614569445256,0.011385956360385698,-0.0003924547208174568,0.00652089229937099,0.008826324341465238,0.045454545454545456,1.0,39.000000000000014,0,0
2023-07-31,2023-08-01,2023-08-31,Original TV-MVP,0.0003538753321288437,0.004757642257015728,0.0061905583578923075,-0.0010850306598379135,0.01014435108244086,0.011372490349053398,0.18181818181818182,1.458761778805223,12.956440638295605,0,0
2023-07-31,2023-08-01,2023-08-31,Dynamic SigmaF TV-MVP,0.00033556346922916376,0.004872672826332456,0.0064000605037161365,-0.0010610706150122648,0.010277313309432911,0.011276817281173832,0.18181818181818182,1.4334281297152387,13.34410033914622,0,0
2023-07-31,2023-08-01,2023-08-31,Dynamic-factor CVaR,0.0005502060431788884,0.005100086741902111,0.006045925366310002,-0.000877141463310924,0.010713533467722258,0.011856729918570678,0.13636363636363635,0.9999999999999999,12.838118229231359,3,22
2023-08-31,2023-09-01,2023-09-29,Equal weight,0.0006938492817451786,0.007296547841558717,0.010753305023997522,0.0020222243501901395,0.007485630938245163,0.011717239531181603,0.05,1.0,39.000000000000014,0,0
2023-08-31,2023-09-01,2023-09-29,Original TV-MVP,0.0003344121089849162,0.0060425512009597065,0.007404263404770891,0.0014345669870012355,0.008972304430041003,0.011672223765823775,0.15,1.4512564102579806,13.381063893048598,0,0
2023-08-31,2023-09-01,2023-09-29,Dynamic SigmaF TV-MVP,0.00032992353073126366,0.006155545899036328,0.007548204535773512,0.0013817953742712517,0.008915880236964777,0.012090174315638963,0.15,1.400052901848442,14.54183371982275,0,0
2023-08-31,2023-09-01,2023-09-29,Dynamic-factor CVaR,0.0005474767433171744,0.005808855235854867,0.007174501963697745,0.0013464910405636913,0.009174297728460285,0.010488804702818271,0.1,1.000000000000002,13.550535626628275,4,21
2023-09-29,2023-10-03,2023-10-31,Equal weight,0.0006838008507309481,0.008865373209315056,0.01157441106053722,-0.0011778226331764137,0.013823333690741393,0.014821089724718094,0.1,1.0,39.000000000000014,0,0
2023-09-29,2023-10-03,2023-10-31,Original TV-MVP,0.00035406368364541827,0.004640599460730541,0.006099177194446197,-0.0005876641012138044,0.010160864229157924,0.018188883539742882,0.25,1.575102640381579,12.62094951864203,0,0
2023-09-29,2023-10-03,2023-10-31,Dynamic SigmaF TV-MVP,0.000365644644956191,0.0049007711597160875,0.006358303684969213,-0.0005384788387431443,0.01028077805287632,0.018486710285788837,0.25,1.5838689733216813,12.272328186605758,0,0
2023-09-29,2023-10-03,2023-10-31,Dynamic-factor CVaR,0.0006847485058466486,0.005088291503785309,0.006020569572272658,-0.0012875291494413841,0.01237367742702867,0.0168187598043309,0.25,0.9999999999999998,14.729971451500159,2,18
2023-10-31,2023-11-01,2023-11-30,Equal weight,0.000731510212700782,0.010452267932945907,0.014132078639897195,0.0033869859959044534,0.0026873551280293304,0.005689605527879555,0.0,1.0,39.000000000000014,0,0
2023-10-31,2023-11-01,2023-11-30,Original TV-MVP,0.0007290029296046181,0.0066768554545837185,0.00855829031538386,0.0020861803544906903,0.004991290078215602,0.005970339514322083,0.0,1.7363514028404996,9.27724473721312,0,0
2023-10-31,2023-11-01,2023-11-30,Dynamic SigmaF TV-MVP,0.0007571377806018662,0.006552194175963312,0.008436983573213668,0.0020352320141498004,0.005237120906404095,0.005792792702529135,0.0,1.89815173799655,7.4429040877669825,0,0
2023-10-31,2023-11-01,2023-11-30,Dynamic-factor CVaR,0.0007937324921994162,0.007563560351690058,0.009072004050936285,0.0030923376066738584,0.002313110184226203,0.0040015142697084356,0.0,0.9999999999999997,13.444000243348649,5,21
2023-11-30,2023-12-01,2023-12-29,Equal weight,0.0009975568465948603,0.008539205842581533,0.01328345310218991,0.0041565081524857555,0.0038504078327672234,0.019003556070234136,0.05,1.0,39.000000000000014,0,0
2023-11-30,2023-12-01,2023-12-29,Original TV-MVP,0.0005384295430787595,0.007245858146579935,0.00964164708775144,0.002586674573325862,0.0031339133642081514,0.010693371318256893,0.05,1.6211271340584006,8.8177322505126,0,0
2023-11-30,2023-12-01,2023-12-29,Dynamic SigmaF TV-MVP,0.0006055835830339042,0.007043842567176316,0.009629187762693127,0.0029154086682032223,0.0031245602783791632,0.01244027684181704,0.05,1.5363835832551633,10.024988483696395,0,0
2023-11-30,2023-12-01,2023-12-29,Dynamic-factor CVaR,0.0008222213436234982,0.007158272360064247,0.009064943686096744,0.0034943139066683907,0.003930214229333578,0.014834926174249224,0.05,0.999999999977983,13.762008562900363,4,19
2023-12-29,2024-01-01,2024-01-31,Equal weight,0.0010817993027583462,0.012048441018738146,0.016172616668529278,0.0008498374370488934,0.01363609705700533,0.014881586247229257,0.09523809523809523,1.0,39.000000000000014,0,0
2023-12-29,2024-01-01,2024-01-31,Original TV-MVP,0.00029468627124185217,0.006249225658496505,0.008814392784519684,-0.0006385111858363513,0.011347358046136513,0.013700939902394762,0.23809523809523808,1.9441010482487615,6.7939598575211955,0,0
2023-12-29,2024-01-01,2024-01-31,Dynamic SigmaF TV-MVP,0.0003057303104642663,0.0060065560706716445,0.008725812651857715,-0.0006530928296865036,0.011154497814466547,0.013682078553504468,0.23809523809523808,1.9635775111641605,6.681553018508036,0,0
2023-12-29,2024-01-01,2024-01-31,Dynamic-factor CVaR,0.0007694864607671218,0.007895682110721409,0.00971962995113091,-0.0011681299714917733,0.014950251351522954,0.01604636076672723,0.23809523809523808,1.0000000000000016,12.680714109065475,3,23
2024-01-31,2024-02-01,2024-02-29,Equal weight,0.0015715220554003066,0.011139061142349848,0.015864748266182827,0.0011879128442074695,0.006813056356353268,0.010325880685760196,0.047619047619047616,1.0,39.000000000000014,0,0
2024-01-31,2024-02-01,2024-02-29,Original TV-MVP,0.000534987742845281,0.0061739292759255575,0.008166769809925891,0.0007545517971706689,0.012309490929402766,0.015298388168431912,0.19047619047619047,1.9230607570605496,6.791180542681523,0,0
2024-01-31,2024-02-01,2024-02-29,Dynamic SigmaF TV-MVP,0.000460648648488995,0.006540002865322417,0.008311736236810746,0.0007696011288990882,0.012152253437565258,0.015567737433959377,0.19047619047619047,2.038816097767627,6.079881128916463,0,0
2024-01-31,2024-02-01,2024-02-29,Dynamic-factor CVaR,0.0012370558949373685,0.007093514747083059,0.008529211260563541,0.001308231672577597,0.007285404789673601,0.010023038421032644,0.09523809523809523,0.9999999999999999,11.636299721510593,4,26
2024-02-29,2024-03-01,2024-03-28,Equal weight,0.0013320190246621675,0.01167904426973833,0.015877667275243187,0.0012117052215607578,0.01274664747278473,0.021230404897523356,0.05555555555555555,1.0,39.000000000000014,0,0
2024-02-29,2024-03-01,2024-03-28,Original TV-MVP,0.0005127376378556858,0.006469710809407842,0.008326331409628738,0.0008825288808458759,0.009242826784122483,0.015120962466260022,0.16666666666666666,1.8075731750587891,7.331419728579389,0,0
2024-02-29,2024-03-01,2024-03-28,Dynamic SigmaF TV-MVP,0.0005319287345065787,0.006484134042541511,0.008305851866851979,0.0008789388664547609,0.009122103246213627,0.015067912755606747,0.16666666666666666,1.7756959025827352,7.595390382385522,0,0
2024-02-29,2024-03-01,2024-03-28,Dynamic-factor CVaR,0.0010121881158625709,0.0075620038748571644,0.008906781567668342,0.0003041181487724936,0.01262985217915507,0.018134013394410873,0.1111111111111111,1.0000000000000013,11.71453415464418,4,25
2024-03-28,2024-04-01,2024-04-30,Equal weight,0.0009668676803845086,0.015453433775782408,0.01851477279758607,0.0009166358787808841,0.009005849257757418,0.011149391599485668,0.0,1.0,39.000000000000014,0,0
2024-03-28,2024-04-01,2024-04-30,Original TV-MVP,0.0008109270022504195,0.006564904007932253,0.008994609288789746,-0.0002135315114162437,0.00815265209885609,0.015139403536860989,0.15,1.9649001601637797,6.669830987812468,0,0
2024-03-28,2024-04-01,2024-04-30,Dynamic SigmaF TV-MVP,0.0008332366013949249,0.006712885886082751,0.009039688147860624,-0.00027401235291053675,0.008363643084527818,0.015286652939148694,0.15,1.9101462601177204,7.081950371763067,0,0
2024-03-28,2024-04-01,2024-04-30,Dynamic-factor CVaR,0.0010259861930482185,0.008553158070945128,0.01037347423036056,1.6908230724922486e-05,0.011668112274767831,0.01172173566854998,0.1,1.0000000000002107,12.128912096241775,6,23
2024-04-30,2024-05-02,2024-05-31,Equal weight,0.000776186030402959,0.011673864182389877,0.015618518544066439,0.0003512051465868709,0.0153393273071782,0.015852503730093052,0.09523809523809523,1.0,39.000000000000014,0,0
2024-04-30,2024-05-02,2024-05-31,Original TV-MVP,-4.7068038845543327e-07,0.007524243348865607,0.008820724667422621,0.0006759563456229664,0.00888602844578362,0.009363996927989417,0.09523809523809523,1.6885311260159919,7.957084755405515,0,0
2024-04-30,2024-05-02,2024-05-31,Dynamic SigmaF TV-MVP,0.00012694372915688656,0.0075966720064453855,0.009079207243233299,0.0010052878508085656,0.008549744906175067,0.009512188357761924,0.09523809523809523,1.6871176516283939,7.8352039937041,0,0
2024-04-30,2024-05-02,2024-05-31,Dynamic-factor CVaR,0.00030841065084944325,0.007426749671952166,0.00847637236126144,0.00012418959779930794,0.008359459532639037,0.008609587369534703,0.14285714285714285,1.000000000000283,11.084536995309662,7,24
2024-05-31,2024-06-03,2024-06-28,Equal weight,0.0015650662633715576,0.010234785872840647,0.01422613416657669,0.0035502088479184217,0.01231328965489475,0.05638125149517885,0.05263157894736842,1.0,39.000000000000014,0,0
2024-05-31,2024-06-03,2024-06-28,Original TV-MVP,0.0004859731005951634,0.006323686766375329,0.008088492073486228,0.00366749482670569,0.007377750013775164,0.01825255444486965,0.05263157894736842,1.619797177610248,8.599477570803037,0,0
2024-05-31,2024-06-03,2024-06-28,Dynamic SigmaF TV-MVP,0.0004829773295404738,0.006344518746655354,0.008145566077413628,0.0036487775735907888,0.007484553183291932,0.018544351955481913,0.05263157894736842,1.659997045060759,8.195348534037173,0,0
2024-05-31,2024-06-03,2024-06-28,Dynamic-factor CVaR,0.0008716159180660517,0.006664163676960551,0.008254672274741566,0.0029649570213065276,0.009370632134498527,0.025739029686427706,0.10526315789473684,1.0,11.587210487632086,5,26
2024-06-28,2024-07-01,2024-07-31,Equal weight,0.0014817642143301064,0.01853446297949088,0.025699058444391777,0.0022011924408216112,0.0029140379509161205,0.009377428170447597,0.0,1.0,39.000000000000014,0,0
2024-06-28,2024-07-01,2024-07-31,Original TV-MVP,0.0003492458237704003,0.0082251116448675,0.009813992519978106,0.0030268191381566186,0.003163398973424585,0.0049563254154570136,0.0,2.1588983153204744,5.4619001850195055,0,0
2024-06-28,2024-07-01,2024-07-31,Dynamic SigmaF TV-MVP,0.0003438133448837543,0.00821218752363089,0.009945905074598646,0.0030460094103995305,0.0031492898459854557,0.0049655102792144955,0.0,2.1976770067204052,5.262234738233351,0,0
2024-06-28,2024-07-01,2024-07-31,Dynamic-factor CVaR,0.0007877549267562217,0.009589344457229948,0.012430765259855182,0.0021543033862754454,0.0068628222639306085,0.008178928437686726,0.0,1.0000000000000018,11.826303538097882,4,24
2024-07-31,2024-08-01,2024-08-30,Equal weight,0.001845808604648503,0.01760025840353283,0.022380052275488654,0.0007683425619083829,0.014841473628527502,0.020938444964576287,0.047619047619047616,1.0,39.000000000000014,0,0
2024-07-31,2024-08-01,2024-08-30,Original TV-MVP,0.0005081002758636319,0.006975407307441478,0.009026388376784432,0.002268569035513648,0.010607905828166703,0.012140167580066814,0.09523809523809523,2.134564089684385,5.966212438674561,0,0
2024-07-31,2024-08-01,2024-08-30,Dynamic SigmaF TV-MVP,0.0005996635374983452,0.00724317270256473,0.009021878025964832,0.002166303750092386,0.010722969928989743,0.012703364838649818,0.09523809523809523,2.0977969291233824,6.227837013723801,0,0
2024-07-31,2024-08-01,2024-08-30,Dynamic-factor CVaR,0.0009672982547677631,0.009940044314073838,0.011971134001968697,0.002161612982839337,0.010127438937737168,0.013681096389737227,0.09523809523809523,1.0,11.480992644077284,6,26
2024-08-30,2024-09-02,2024-09-30,Equal weight,0.0009858903316581143,0.01449727722943882,0.01877277257540911,0.001493636075989043,0.009011868273864672,0.009260395327881022,0.0,1.0,39.000000000000014,0,0
2024-08-30,2024-09-02,2024-09-30,Original TV-MVP,0.00047378918731788344,0.006881123188940243,0.009807150302661185,0.0019267480124906626,0.009229041469029805,0.01390931667787502,0.09523809523809523,1.8903437224443274,6.5824168268198795,0,0
2024-08-30,2024-09-02,2024-09-30,Dynamic SigmaF TV-MVP,0.0005347229935277327,0.0068722328973173435,0.010029111700284612,0.001915543719168759,0.008131369342051645,0.012963962918914662,0.09523809523809523,1.7502540001447238,7.581956342557559,0,0
2024-08-30,2024-09-02,2024-09-30,Dynamic-factor CVaR,0.0006206382366577826,0.008804777454623346,0.010252038165073502,0.0018985396311657573,0.006447550981019007,0.010252151611587084,0.047619047619047616,0.9999999999999999,11.986615506877095,7,23
2024-09-30,2024-10-01,2024-10-31,Equal weight,0.0013198467153618925,0.010928123262463806,0.018612603143456172,-0.003162617198920317,0.014220703146139312,0.016652922671736004,0.13636363636363635,1.0,39.000000000000014,0,0
2024-09-30,2024-10-01,2024-10-31,Original TV-MVP,0.0006405916619958408,0.006776023353939448,0.010221080735731278,-0.0038577240673244653,0.011269213556038602,0.016559952040931206,0.2727272727272727,1.8725291151067618,6.482548300372082,0,0
2024-09-30,2024-10-01,2024-10-31,Dynamic SigmaF TV-MVP,0.0007391234615855567,0.007016644671315854,0.010763470257956173,-0.0037257517282135912,0.010187276130507223,0.015641783603125035,0.2727272727272727,1.7937765217454948,7.046755112728088,0,0
2024-09-30,2024-10-01,2024-10-31,Dynamic-factor CVaR,0.0009581560826492591,0.007638756125681358,0.010456404832677619,-0.004622979638944694,0.018603579427345328,0.02044016347278065,0.2727272727272727,1.0,11.402389392393687,5,25
2024-10-31,2024-11-01,2024-11-29,Equal weight,0.0004413721872391524,0.012857456379856606,0.01788408973225086,-0.0004525198236790315,0.014598839935044931,0.015190849381579833,0.15789473684210525,1.0,39.000000000000014,0,0
2024-10-31,2024-11-01,2024-11-29,Original TV-MVP,-2.2779174106039844e-05,0.008014350894838932,0.010348218128827297,0.0007007925776808939,0.011060161206815442,0.014108688772635523,0.15789473684210525,1.8055124170007204,8.016323768486345,0,0
2024-10-31,2024-11-01,2024-11-29,Dynamic SigmaF TV-MVP,-6.588143653123018e-06,0.007874118412648559,0.010379045548728394,0.0006329575636169129,0.01049988382285995,0.013911143185131288,0.10526315789473684,1.7375436071074901,8.728340065746067,0,0
2024-10-31,2024-11-01,2024-11-29,Dynamic-factor CVaR,0.00026583847931233316,0.009573653862526718,0.010603929071326833,-0.0003457780229682934,0.012142168040410907,0.012694470256187407,0.10526315789473684,1.0,11.644474923743815,7,22
2024-11-29,2024-12-02,2024-12-31,Equal weight,2.370130772015711e-05,0.014425338563497103,0.023581179981913777,-0.000758743767722707,0.013202783663738948,0.014064804452186455,0.047619047619047616,1.0,39.000000000000014,0,0
2024-11-29,2024-12-02,2024-12-31,Original TV-MVP,-2.158035392054181e-05,0.011111981837725224,0.013750849834499012,0.0005034448310829552,0.008308271225775364,0.008385405224589096,0.0,2.081590117223891,6.13160209237912,0,0
2024-11-29,2024-12-02,2024-12-31,Dynamic SigmaF TV-MVP,-5.8738868411626896e-05,0.010984453510180611,0.013873687783134544,0.0005533592220272482,0.008257268028756532,0.008764988977716992,0.0,2.274095584379626,5.120358771603101,0,0
2024-11-29,2024-12-02,2024-12-31,Dynamic-factor CVaR,0.0003734354535625936,0.011466718805795438,0.015129058205076967,0.0010499669807916266,0.007955979382389199,0.00837119764703379,0.0,1.0000000000000007,11.099063851040597,6,25
2024-12-31,2025-01-01,2025-01-31,Equal weight,0.00037316124372373895,0.013222477194622292,0.018719348656064123,0.0004074226394794529,0.016450148478095592,0.01773471392816772,0.13043478260869565,1.0,39.000000000000014,0,0
2024-12-31,2025-01-01,2025-01-31,Original TV-MVP,-1.55189160019404e-05,0.010155599459842034,0.012655605357399348,-0.0010948930509449499,0.013158280412675331,0.013488602146383252,0.17391304347826086,2.0706897077207405,6.100065688948865,0,0
2024-12-31,2025-01-01,2025-01-31,Dynamic SigmaF TV-MVP,-6.393495675376369e-06,0.009550633614106742,0.012441134573723088,-0.0009753752033711747,0.013327784406322003,0.01378889870143252,0.17391304347826086,1.9864406819361524,6.65773336318827,0,0
2024-12-31,2025-01-01,2025-01-31,Dynamic-factor CVaR,0.0005176109100306145,0.01028500715329036,0.012091016587875333,-0.0014394417481600112,0.010713235573947358,0.012458847536843223,0.13043478260869565,1.0,11.117538870666769,6,25
2025-01-31,2025-02-01,2025-02-28,Equal weight,0.0007640658114576047,0.014497574953609049,0.01919478758753329,-0.0032768285006565243,0.016964780420998186,0.023879395837160373,0.1,1.0,39.000000000000014,0,0
2025-01-31,2025-02-01,2025-02-28,Original TV-MVP,0.00032714402789494007,0.00821603118597656,0.009677853822822666,-0.0019937904912314375,0.015474302809407156,0.016064270727477344,0.15,2.0782068283370303,5.658966365833092,0,0
2025-01-31,2025-02-01,2025-02-28,Dynamic SigmaF TV-MVP,0.0002893278108272944,0.008344750309509298,0.00987974973750527,-0.0018446784288640844,0.015328554390479985,0.016130141986224963,0.15,2.1532317262476934,5.292206226221901,0,0
2025-01-31,2025-02-01,2025-02-28,Dynamic-factor CVaR,0.0007614104610013098,0.009333977905519729,0.010622650639277403,-0.0032015723015643453,0.01652157080650519,0.020884957659215747,0.1,1.00000000000037,11.79470828311873,5,24
2025-02-28,2025-03-03,2025-03-28,Equal weight,0.0005533651072925698,0.015095171141242347,0.019987932647148883,0.003538215655829416,0.005555486972204021,0.008101312544420836,0.0,1.0,39.000000000000014,0,0
2025-02-28,2025-03-03,2025-03-28,Original TV-MVP,0.0001673915278572021,0.00765797563821023,0.009938182138493588,0.002731497882142621,0.007859481649013591,0.00953188317778578,0.10526315789473684,2.0116809075276882,5.794754205107,0,0
2025-02-28,2025-03-03,2025-03-28,Dynamic SigmaF TV-MVP,0.00016378074977813143,0.008003203448254064,0.010064828431388425,0.0029197239252289862,0.007872423385215727,0.010091006667064441,0.05263157894736842,2.0728636243842486,5.512545573459975,0,0
2025-02-28,2025-03-03,2025-03-28,Dynamic-factor CVaR,0.0002776082386811247,0.009109459036316448,0.011809212732448398,0.0026512739376297247,0.006090181662685127,0.008175558681636256,0.0,0.9999999999999956,11.538602163590893,7,24
2025-03-28,2025-04-01,2025-04-30,Equal weight,0.001193455048977609,0.013203059647796193,0.01722935445703637,0.0012524354318580366,0.02307935000341952,0.028822578400428595,0.10526315789473684,1.0,39.000000000000014,0,0
2025-03-28,2025-04-01,2025-04-30,Original TV-MVP,0.0003772917782803367,0.007676324325489287,0.010147877451218508,0.002355216275596202,0.018898438302631684,0.0244339905842547,0.15789473684210525,1.9469601183470238,5.581328719098815,0,0
2025-03-28,2025-04-01,2025-04-30,Dynamic SigmaF TV-MVP,0.00040072833045964385,0.007990521669409154,0.010133839192992137,0.002450132442332913,0.018629537129985146,0.024311430577352484,0.15789473684210525,1.9434171234695872,5.6555155359393545,0,0
2025-03-28,2025-04-01,2025-04-30,Dynamic-factor CVaR,0.0008475304499714355,0.009862761839141983,0.011372693465608881,0.0018429606986617747,0.016790524320369992,0.027726984475334518,0.15789473684210525,1.000000000000005,12.81564160914463,5,21
2025-04-30,2025-05-02,2025-05-30,Equal weight,0.0016427993798349624,0.017494766284780704,0.0228094746637133,0.0008431527259146728,0.009809377203626356,0.009934034115276675,0.0,1.0,39.000000000000014,0,0
2025-04-30,2025-05-02,2025-05-30,Original TV-MVP,0.00024149733298760496,0.009482540405963014,0.01156445392579386,-0.0012372766594901396,0.016084633977717235,0.016642305642738678,0.14285714285714285,2.4213380369339452,3.9329399052886567,0,0
2025-04-30,2025-05-02,2025-05-30,Dynamic SigmaF TV-MVP,0.00018812216457653945,0.009653629509096562,0.01168309573714858,-0.0013542278633176823,0.01649282965611223,0.017085412303766603,0.14285714285714285,2.4865461601159433,3.7324732968583723,0,0
2025-04-30,2025-05-02,2025-05-30,Dynamic-factor CVaR,0.000851898569348776,0.01232572553327542,0.014674275710032233,-6.451342467350205e-05,0.011382442560232133,0.012558011780842177,0.047619047619047616,0.999999999999967,11.168132181390495,7,26
2025-05-30,2025-06-02,2025-06-30,Equal weight,0.0010637235695459995,0.016197709524179732,0.024898031828782644,0.001654812683923927,0.006538571673491242,0.007852244565508815,0.0,1.0,39.000000000000014,0,0
2025-05-30,2025-06-02,2025-06-30,Original TV-MVP,0.00031900388970439663,0.009822220768476686,0.01255348324916034,0.0006443360283971528,0.0072382223923723385,0.008660431200449056,0.047619047619047616,2.7496983394434347,3.419786435314091,0,0
2025-05-30,2025-06-02,2025-06-30,Dynamic SigmaF TV-MVP,0.00024366850006144687,0.009501616382507794,0.013167752542062398,0.0006221989792248187,0.00805795189655197,0.00907336284689302,0.047619047619047616,2.6122807537945882,3.698065353217125,0,0
2025-05-30,2025-06-02,2025-06-30,Dynamic-factor CVaR,0.000983903959244242,0.010011137221169294,0.01609987192451945,0.0013282694992211906,0.008351849888689089,0.009193977349802884,0.047619047619047616,0.9999999999999989,10.880624519196552,7,27
2025-06-30,2025-07-01,2025-07-31,Equal weight,0.0003949025702040218,0.014095897472433432,0.0193967545922448,-0.0013234908204216116,0.007348495501719418,0.008188184836690064,0.0,1.0,39.000000000000014,0,0
2025-06-30,2025-07-01,2025-07-31,Original TV-MVP,0.00038327101545937263,0.008753190418144256,0.01084605663769986,-0.000463447609916301,0.007505007457228027,0.010283279011029397,0.043478260869565216,2.4111252262219853,4.307861525166146,0,0
2025-06-30,2025-07-01,2025-07-31,Dynamic SigmaF TV-MVP,0.00039341496101570785,0.008819038248133234,0.011629394052747237,-0.0008852760864063622,0.006136364122253065,0.009227593346476427,0.043478260869565216,1.872722545478702,6.874079817024044,0,0
2025-06-30,2025-07-01,2025-07-31,Dynamic-factor CVaR,0.0005760258876371676,0.010290549652944613,0.012365209102237673,-0.0006672541781077401,0.006976366108898315,0.007609526600081504,0.0,1.0000000000000007,12.680697640205954,4,24
2025-07-31,2025-08-01,2025-08-29,Equal weight,0.0006187741540932318,0.00834239448584325,0.011113020617279232,0.00036099141271332783,0.009522179146025121,0.010244998466991902,0.10526315789473684,1.0,39.000000000000014,0,0
2025-07-31,2025-08-01,2025-08-29,Original TV-MVP,0.0003431485334696678,0.006932839855767237,0.00854591040971203,0.00046990909193520334,0.008034447058307373,0.015910843717549646,0.10526315789473684,1.677824169068382,8.315481428916959,0,0
2025-07-31,2025-08-01,2025-08-29,Dynamic SigmaF TV-MVP,0.0004406007520320116,0.006991718664973929,0.008899256061045694,0.00036208740342523157,0.0097079311210128,0.014371050268805908,0.10526315789473684,1.3033131789278103,14.81415228443022,0,0
2025-07-31,2025-08-01,2025-08-29,Dynamic-factor CVaR,0.0005201204439215512,0.006508910826972109,0.007427132214271672,-0.00011006938970770424,0.009837450795604403,0.014618113260726677,0.15789473684210525,0.9999999999998171,13.579068570923278,3,22
2025-08-29,2025-09-01,2025-09-30,Equal weight,0.0004247316211628044,0.0091016842944458,0.011723186024542153,0.0007504649973741836,0.006958591962279928,0.00945402418680007,0.045454545454545456,1.0,39.000000000000014,0,0
2025-08-29,2025-09-01,2025-09-30,Original TV-MVP,0.0003330510666240437,0.005708690603611228,0.007392870907055125,0.00010007533575995428,0.005672427218374097,0.006434728939947632,0.09090909090909091,1.5986816255959198,9.460151129933783,0,0
2025-08-29,2025-09-01,2025-09-30,Dynamic SigmaF TV-MVP,0.0003173166745422375,0.005798966472074497,0.00737642075264593,4.8339916346023266e-06,0.005556110377741677,0.0064282478040901935,0.045454545454545456,1.646789953448183,8.888881846696053,0,0
2025-08-29,2025-09-01,2025-09-30,Dynamic-factor CVaR,0.0004961103291443698,0.0054307661036795,0.006566229340469187,0.0005791139690888811,0.0055570621775164674,0.005835626762426721,0.09090909090909091,1.0,14.157490409911299,3,19
2025-09-30,2025-10-01,2025-10-31,Equal weight,0.00048433270333170437,0.008259948173130346,0.01250443877270092,0.0021502804071224734,0.004603647969103522,0.0052454671537269905,0.0,1.0,39.000000000000014,0,0
2025-09-30,2025-10-01,2025-10-31,Original TV-MVP,0.0003250494248684132,0.0049330360627975675,0.0071583558633364994,0.001385818083747584,0.005145854356269199,0.006995445436328912,0.09523809523809523,1.6050724156067888,10.05765646481712,0,0
2025-09-30,2025-10-01,2025-10-31,Dynamic SigmaF TV-MVP,0.000346048873556594,0.0048757355022804715,0.007151494543550211,0.001365955943286042,0.005196632788122924,0.007215108559877138,0.09523809523809523,1.6146485507301997,10.04186456824553,0,0
2025-09-30,2025-10-01,2025-10-31,Dynamic-factor CVaR,0.000373548134342728,0.005057412690308098,0.006704665097684666,0.0016366649963329215,0.006425016830135828,0.006980922107723848,0.14285714285714285,0.9999999999999999,13.868292825684428,2,20
2025-10-31,2025-11-03,2025-11-28,Equal weight,0.000914105833431889,0.00776709898506478,0.011495051081871275,0.0006552926765123842,0.0056561246874954315,0.006969225527301706,0.0,1.0,39.000000000000014,0,0
2025-10-31,2025-11-03,2025-11-28,Original TV-MVP,0.0002808433638390917,0.005706721294837745,0.007630625968464208,-9.34570370742869e-05,0.008767303113162393,0.010372509330751966,0.10526315789473684,1.8003292780831839,8.82113402434025,0,0
2025-10-31,2025-11-03,2025-11-28,Dynamic SigmaF TV-MVP,0.00034229408043211397,0.005527862429459154,0.007861070879100924,-0.00015798011697912002,0.009120621033428368,0.010404419411032841,0.10526315789473684,1.6933081478072043,9.933441874580813,0,0
2025-10-31,2025-11-03,2025-11-28,Dynamic-factor CVaR,0.0007825613360158799,0.005838641055536663,0.007621177936915157,-6.531489336699642e-05,0.007578210026470096,0.00804635064011233,0.10526315789473684,1.0000000000000064,13.14008606098963,5,19
2025-11-28,2025-12-01,2025-12-31,Equal weight,0.0002977836313755721,0.007850888213912726,0.010013930629819727,0.00028913092479334923,0.00712316540629975,0.008775704738984036,0.045454545454545456,1.0,39.000000000000014,0,0
2025-11-28,2025-12-01,2025-12-31,Original TV-MVP,0.00021968503954198048,0.004946388341370584,0.006391505012889059,0.00015065786410468172,0.006927026494852877,0.008880008672836896,0.09090909090909091,1.4644168765499992,11.627213492640346,0,0
2025-11-28,2025-12-01,2025-12-31,Dynamic SigmaF TV-MVP,0.0002274078100922746,0.0048461924441632765,0.006448031456513253,0.00015164363651422658,0.006544482290731768,0.008379738811196665,0.09090909090909091,1.4588889627036599,11.449815268800151,0,0
2025-11-28,2025-12-01,2025-12-31,Dynamic-factor CVaR,0.00015711390812340193,0.004865182828389199,0.005971708298872159,0.00032619857659861595,0.0057123067868824545,0.006830324405351483,0.09090909090909091,0.9999999999999039,14.225532029599943,3,18
2025-12-31,2026-01-01,2026-01-30,Equal weight,0.0005832283215401452,0.007318438316712731,0.011044593899804268,-0.00038135677666493957,0.01277204731688665,0.0177975381094152,0.15,1.0,39.000000000000014,0,0
2025-12-31,2026-01-01,2026-01-30,Original TV-MVP,0.0003646732463295704,0.005361583799475126,0.006142396189642666,-0.0012089077457756753,0.013064304061103642,0.017893406717268117,0.15,1.6258209748729882,10.48618638943136,0,0
2025-12-31,2026-01-01,2026-01-30,Dynamic SigmaF TV-MVP,0.0003618646623724703,0.005600753776706454,0.0061688440763727525,-0.001330864582148896,0.012797009283415556,0.018327342839998383,0.15,1.6107368433100075,10.736775284268836,0,0
2025-12-31,2026-01-01,2026-01-30,Dynamic-factor CVaR,0.00046986474816009883,0.005381832741574201,0.006365890759282604,-0.0003835757831572744,0.010341366420610579,0.016608920743919193,0.2,1.0000000000000022,13.589417139246137,3,20
2026-01-30,2026-02-02,2026-02-27,Equal weight,0.00045892960419410275,0.00859559189036289,0.012286151790979324,0.0002951796287516182,0.012979092463025366,0.012979234541886188,0.2,1.0,39.000000000000014,0,0
2026-01-30,2026-02-02,2026-02-27,Original TV-MVP,0.00012558363437170888,0.005628913962268645,0.007679971874199526,-0.00030246167462273264,0.013289934849042215,0.015475899567550869,0.3,1.6412612553949564,9.505371145062096,0,0
2026-01-30,2026-02-02,2026-02-27,Dynamic SigmaF TV-MVP,0.00010817016823729916,0.005699870015360253,0.007826000068836849,-0.0005669570652478108,0.01435791769629678,0.015439511448390595,0.3,1.7364574382570748,8.479624336639926,0,0
2026-01-30,2026-02-02,2026-02-27,Dynamic-factor CVaR,0.000261078001564904,0.006411845751617777,0.007592585597237306,0.00035980947793041486,0.013506579905652233,0.014672781862677581,0.3,0.9999999999999997,13.767319457614525,3,17
2026-02-27,2026-03-02,2026-03-30,Equal weight,0.000907874292685231,0.011228050998888002,0.014089628701379754,-0.004973340403004485,0.025638048559854874,0.02897528771229095,0.42105263157894735,1.0,39.000000000000014,0,0
2026-02-27,2026-03-02,2026-03-30,Original TV-MVP,0.0002907446469108425,0.007397684369972665,0.009251033913264855,-0.005210211572950751,0.026768186345169646,0.027702324508947433,0.47368421052631576,2.001407730374908,6.319241425697756,0,0
2026-02-27,2026-03-02,2026-03-30,Dynamic SigmaF TV-MVP,0.00023424680999179095,0.0071184007921526685,0.009570932500852246,-0.005116003086988619,0.026948934179994374,0.026949560982597813,0.47368421052631576,2.1943773023011826,5.197451951076059,0,0
2026-02-27,2026-03-02,2026-03-30,Dynamic-factor CVaR,0.0006377897404372623,0.007834824153771874,0.009348536211394308,-0.004984777421978482,0.023595099698290958,0.030077522948424716,0.5263157894736842,1.0000000000000002,13.140383660836736,3,22
2026-03-30,2026-04-01,2026-04-30,Equal weight,0.0017819124637118492,0.016971301424800262,0.02357218398088706,0.004161632031446102,0.009261749962828018,0.01089482225743892,0.0,1.0,39.000000000000014,0,0
2026-03-30,2026-04-01,2026-04-30,Original TV-MVP,0.0002433642580431003,0.008062768151266282,0.010311840202718563,0.001638231511361863,0.009186496878437946,0.01612730537666656,0.15,2.1939097187201178,5.409087973483621,0,0
2026-03-30,2026-04-01,2026-04-30,Dynamic SigmaF TV-MVP,0.00010416574149238533,0.008581519369347057,0.010637333238125025,0.001452540037816934,0.009585214540770694,0.01680747125155916,0.15,2.2638031773811456,5.035784034218463,0,0
2026-03-30,2026-04-01,2026-04-30,Dynamic-factor CVaR,0.0009141737399558644,0.009750498950333702,0.014493837119511261,0.0021744934478637374,0.011481516646602168,0.01965255624112702,0.1,0.999999999999993,11.42876617307778,7,25
2026-04-30,2026-05-04,2026-05-29,Equal weight,0.000850196975132162,0.01759093431240922,0.031029286515739003,-0.00032537434870311523,0.014160873876880739,0.017169014031471058,0.0,1.0,39.000000000000014,0,0
2026-04-30,2026-05-04,2026-05-29,Original TV-MVP,0.0001510630765437386,0.009821133818021348,0.01142456052157709,-0.002468661681270588,0.012443203666721163,0.01579438443161124,0.15789473684210525,2.276776592508244,4.554187264383017,0,0
2026-04-30,2026-05-04,2026-05-29,Dynamic SigmaF TV-MVP,0.00015632979005542703,0.009987264798865957,0.012177889058771768,-0.002368250928436935,0.012451795507508183,0.016616317233178933,0.10526315789473684,2.1602319468073294,4.986258685867253,0,0
2026-04-30,2026-05-04,2026-05-29,Dynamic-factor CVaR,0.0006126793951239308,0.011204992860329027,0.0160607362960501,-0.002283823867504792,0.010073027421332842,0.01430810230100289,0.05263157894736842,1.0,11.969743033800013,6,24
2026-05-29,2026-06-01,2026-06-30,Equal weight,0.0009433075578364277,0.014484279654325307,0.024561294239641183,-0.00046263830648414874,0.009114565414838072,0.009779191928457026,0.0,1.0,39.000000000000014,0,0
2026-05-29,2026-06-01,2026-06-30,Original TV-MVP,0.00014406864383251542,0.008244201700885537,0.009843072887788311,-0.002459333310670973,0.011393847839963297,0.011421916097569526,0.19047619047619047,2.1340657494795017,5.230123820772765,0,0
2026-05-29,2026-06-01,2026-06-30,Dynamic SigmaF TV-MVP,0.00019683271363911734,0.007990932849503259,0.010304565558433508,-0.002460471333020373,0.009718091983893557,0.010448233273451402,0.19047619047619047,1.9354038551105759,6.3761292223740575,0,0
2026-05-29,2026-06-01,2026-06-30,Dynamic-factor CVaR,0.0004367747169501036,0.009779954781515297,0.013288917959766059,-0.0013563242746893734,0.008079281214383421,0.008949639672602493,0.047619047619047616,1.0,12.015652725962669,6,25
2026-06-30,2026-07-01,2026-07-31,Equal weight,4.518428896261876e-05,0.012171120998526712,0.015852022786667166,0.0017722741516663977,0.004986086158109945,0.010920625979176238,0.043478260869565216,1.0,39.000000000000014,0,0
2026-06-30,2026-07-01,2026-07-31,Original TV-MVP,4.337937528851603e-05,0.005370111833149606,0.006864293917960963,0.0005816395394355797,0.009296860687333795,0.010355565268476936,0.13043478260869565,1.5782165454548813,8.606477352697473,0,0
2026-06-30,2026-07-01,2026-07-31,Dynamic SigmaF TV-MVP,7.287214721850968e-05,0.005545909084900406,0.007353868325940383,0.000657044839933201,0.008546558311092798,0.010460860909674095,0.08695652173913043,1.4150849245790726,11.003156598334524,0,0
2026-06-30,2026-07-01,2026-07-31,Dynamic-factor CVaR,-1.468842528847908e-05,0.005886321308425862,0.007068427662570896,0.0006697407301111336,0.005486454740488103,0.008681887702213117,0.043478260869565216,1.000000000000258,11.972661667769353,6,24
2026-07-31,2026-08-03,2026-08-31,Equal weight,0.00043975363334091354,0.009010438413540774,0.011723896951175783,-0.0003899255927730273,0.00550551059764743,0.00564805792011527,0.0,1.0,39.000000000000014,0,0
2026-07-31,2026-08-03,2026-08-31,Original TV-MVP,8.910901880856844e-05,0.004897427820457717,0.006231806480485687,0.00029453265608496003,0.004650075332304335,0.00506395958699438,0.047619047619047616,1.4729989723593815,11.09065777257206,0,0
2026-07-31,2026-08-03,2026-08-31,Dynamic SigmaF TV-MVP,0.00011065522577197516,0.005068442753256366,0.0064203579196560785,0.00025777729176060097,0.0045300765524176586,0.005069233354989609,0.047619047619047616,1.394271539670752,12.406024468676561,0,0
2026-07-31,2026-08-03,2026-08-31,Dynamic-factor CVaR,0.00011929990959110667,0.005498111919183982,0.006397365570579987,0.0001812276937591241,0.005435570892836219,0.005963046948305979,0.047619047619047616,1.0,12.884602722801201,2,21
