Date,TV-MVP baseline,TV-MVP L1=1e-06,TV-MVP L1=3e-06,TV-MVP L1=1e-05,TV-MVP L1=3e-05,TV-MVP L1=0.0001
2017-02-01,0.0018407939812245574,0.0022180959342851035,0.0026646993684695183,0.004205957331664922,0.007087447678149585,0.011866147123567506
2017-02-02,0.0048141215095758895,0.005029989702249767,0.0053598145828869705,0.005232505865010198,0.006388633623846535,0.007373270068478821
2017-02-03,0.004544972500989181,0.004523153345898107,0.004537715090046681,0.004655000209641907,0.005429871111408977,0.0031647594170184645
2017-02-06,0.006391049108484348,0.0064637823216545055,0.006404476673216725,0.0058088265061358385,0.0046520513302438496,0.00754930166282988
2017-02-07,-0.006870076449139166,-0.006803905654654472,-0.006758077799046692,-0.00670974598354069,-0.006146710991562351,-0.005431502866684754
2017-02-08,-0.0026031268161454263,-0.0026067369171406977,-0.002520865152220028,-0.0020167091375784957,-0.0015655993951584294,0.0020878766048796466
2017-02-09,0.0009043774784238971,0.0009889273780198232,0.0010943799037866368,0.001648172555103237,0.0021470163116861876,0.0007271176004149944
2017-02-10,0.002181755862145322,0.0019476538178443325,0.0013241243465812024,0.0006474758243222821,0.0009177803903377369,0.0036558567030281794
2017-02-13,0.004220730724207188,0.004101705304768251,0.004091915599115292,0.004666971885450681,0.0030199887712020115,0.0007762066032970666
2017-02-14,0.000906717119823406,0.0010788209325953645,0.0012517177392678647,0.0017131881915375857,0.0010903659675176054,-0.001120576724067349
2017-02-15,-0.003638030296719077,-0.003646744833122997,-0.0036466215617803367,-0.003721362793835366,-0.004539504113024048,-0.006038573434121873
2017-02-16,0.00755568417704669,0.007390115252478435,0.007313173750186898,0.007743311610590307,0.008313642859118384,0.00937920493588805
2017-02-17,0.004467305023020331,0.004501752342926411,0.004650826546299828,0.004465970288188679,0.0010008916421789435,0.0016303538860066556
2017-02-20,0.007330482590949218,0.007320438391320918,0.007319521844483609,0.006932454476083375,0.005104683302220983,0.006643352467888603
2017-02-21,0.003101628310356097,0.0029675344939911093,0.002795218242212542,0.002808780327476436,0.0033867239856404273,0.004738920691832044
2017-02-22,0.007401994753426511,0.007582111428249934,0.00775283313915756,0.007822257136098182,0.0086008613590425,0.00034142403046444943
2017-02-23,0.0015680566799837503,0.0015230380417018473,0.001289874007895252,0.0006445545811606215,0.000822560696263857,0.000866984007753008
2017-02-27,0.0018677955085904653,0.0017243943133103245,0.0012346118990842854,0.00019108442710439374,-0.002076871592822136,-0.00613397875743309
2017-02-28,-0.0020759992896380282,-0.0019746886100185782,-0.0017601869816560112,-0.0015111437667098737,-0.0016653900884948804,-0.00031692679622704603
2017-03-01,0.005510351638567207,0.005472865929145399,0.005689730282290046,0.005915733405864483,0.006483523253061631,0.00736138459751601
2017-03-02,-0.0033664748324025383,-0.003568196033497597,-0.0036765853583678944,-0.003963748404623688,-0.004908735358147839,-0.007648964884440694
2017-03-03,-4.666332404307206e-05,-5.386673699324038e-05,-0.00026285975293833933,-0.0004880843162489714,-0.0001643149336307461,-0.0006767430866825495
2017-03-06,0.007754862743851013,0.007606528654093741,0.007424583055091659,0.007052246715122173,0.006982525255891689,0.006033234751813253
2017-03-07,0.0012806937384941535,0.001173582522705403,0.0012046778415718412,0.0013171562426292178,0.00041038486657774854,-0.001079355282400074
2017-03-08,-0.0028096090324530457,-0.002836870208990582,-0.002519282876097605,-0.0021205928207176815,-0.0026971038461114883,-0.0028517325849285887
2017-03-09,-0.005906088704403867,-0.006014936442480375,-0.006476674854570468,-0.007566045204980749,-0.007368067328755721,-0.004238692513459007
2017-03-10,0.001764272364412839,0.001935894072604681,0.0020908239243377855,0.0014236841971739988,-0.00015479356087681566,-0.0005584283977353207
2017-03-14,0.01567931041781398,0.015917093471247434,0.01577672064270619,0.015101185360446641,0.015768732875843586,0.01764434515923776
2017-03-15,-0.004154442561999542,-0.004187217111597089,-0.003908487261204281,-0.0033722774616087425,-0.0030265871851698958,-0.001101864332066341
2017-03-16,0.009880905324861881,0.00978095974373661,0.009425835261536262,0.008317698878866363,0.007089924603389263,0.011344362703128063
2017-03-17,-0.0002625640737719208,-0.0002646951477477693,-0.0005245490690866379,-0.0005774794535590858,-0.0012457209536554771,-0.002725407225861822
2017-03-20,-0.0030112622223591743,-0.003002276904827455,-0.0028732931327886233,-0.002900812801399069,-0.003684647173142876,-0.00176701886234584
2017-03-21,-0.003093443548060024,-0.0029857089334159722,-0.0031719026691006394,-0.00401275845107859,-0.005104941111131361,-0.003018566278934165
2017-03-22,-0.006864709477282207,-0.006699163758346251,-0.0062079188803367364,-0.005690422119150104,-0.0058193972525832655,-0.008757988256495083
2017-03-23,0.0052479298655936256,0.005378398051646795,0.005262322176201676,0.004917260749940229,0.005642385132084182,0.0059342933820502085
2017-03-24,-0.00033258659930749876,-0.0003424370081821107,-0.00018887486796489148,6.591000172124464e-05,0.001844667246819327,-0.0004944908224281935
2017-03-27,-0.009658354717922805,-0.009673325776027513,-0.009571517388179946,-0.009062608091742374,-0.008719315029717616,-0.008251175777041715
2017-03-28,0.003612422827134095,0.0037073862768921906,0.0037178410620696658,0.003995748358221564,0.0033700666587093767,0.005119405492501886
2017-03-29,0.005517456694233364,0.00538549800381075,0.005262492845634078,0.004869312107544599,0.004734384359028755,0.0032776313680122782
2017-03-30,0.0029699831803915015,0.003215917215744937,0.003832203987121592,0.005088631817532156,0.0036730858720331054,0.0036612619547080486
2017-03-31,0.0030665284573500613,0.0030878476663217806,0.0030809811407454596,0.0032262391933107885,0.004892335091381485,0.0030120947838937224
2017-04-03,0.00017957790996015832,0.0005845158719747572,0.001294060998720524,0.0035121852282615587,0.0058068216719595915,0.005433629732482708
2017-04-05,-0.00035826086400018195,-8.083335737544921e-05,0.0008268508228175179,0.0028890769045725735,0.0050999225446544064,0.008507961449682508
2017-04-06,0.0019979322919200498,0.002220113586370545,0.0026158529355530505,0.002864156464380935,0.0011368377681856665,0.0012571634842899035
2017-04-07,-0.0040835130533278105,-0.00421284661140384,-0.004622599173568652,-0.004971528587259387,-0.006550142440235393,-0.006855390406173529
2017-04-10,-0.0027305618974990415,-0.0029683791910823294,-0.003540531352815868,-0.005172327500551141,-0.0051920222542904,0.00057591172059833
2017-04-11,0.004692410865560208,0.004749305647765252,0.0046355086952166846,0.00422713700130053,0.004060642186142863,0.0025949564535655183
2017-04-12,-0.00432938429212767,-0.0044281698852083815,-0.004620437393464776,-0.004438013086421957,-0.004693851008589162,-0.004362901913729974
2017-04-13,-0.008069123878347845,-0.008070696470905064,-0.007949974018576628,-0.007693602137117759,-0.006711301797598431,-0.0065033507829295725
2017-04-17,-0.0016600618591701435,-0.001618753570109329,-0.0017959844896000567,-0.0019159350427959804,-0.002192089632639173,-0.003191035317347457
2017-04-18,-0.004518040900069605,-0.004482559923615698,-0.004193286417367726,-0.004103643497721703,-0.005391058128703714,-0.00746543015479742
2017-04-19,0.001443452739140522,0.001630351947409539,0.0017003466416484708,0.0012197196592361394,0.0004354997097624912,0.0017532442575727493
2017-04-20,0.0035941906885325267,0.0036195089313766607,0.003955131907385797,0.0048210971809073975,0.004036873371104007,0.004973660916851407
2017-04-21,1.0713916319735344e-05,0.00010901610617138156,0.0006196523598772587,0.0015438289380005706,-0.001011049082089737,-0.003587190835538267
2017-04-24,0.006695356910626005,0.0066145308264847795,0.006578266790601658,0.006517647249870061,0.0062238076974249785,0.009665682243960588
2017-04-25,0.00861397747777236,0.008619928480068444,0.008322847399806694,0.007831324271582663,0.007652053692730663,0.009234238870962818
2017-04-26,-0.0004631845782695834,-0.0006499318388734198,-0.000772831119228518,-0.0002890844184840354,0.0003250258489425192,0.0007905299335817266
2017-04-27,0.0018226706584919953,0.0017520538532081428,0.001959754103357577,0.003570446666045815,0.0019324229520548994,-0.0002702650328639733
2017-04-28,-0.004674591676955038,-0.004528616957117504,-0.004554856784503633,-0.004599815230767209,-0.0026026462465459275,0.0007796583382099962
2017-05-02,-0.0007099831391693869,-0.0005550835842811207,-0.00023723968023837267,-0.0011770420136199369,-0.0015770721969762024,-0.0010253387953780076
2017-05-03,0.005929686382325668,0.005830245564659595,0.005320958315580812,0.0048597126123556145,0.0038995118416475082,0.0013870115704429093
2017-05-04,0.0006545215063905687,0.0007009830766727906,0.0006137474421746482,0.0012135038336925886,0.00208291091107097,0.007958378929606462
2017-05-05,-0.005393239426626631,-0.005667103173186061,-0.00564146210115484,-0.004582673447209177,-0.004969635088429823,-0.006032937693359873
2017-05-08,0.004277533231702334,0.004203740137938726,0.004062432265146519,0.004653102002535944,0.004720324440082954,0.00450244340820703
2017-05-09,0.002002426120496173,0.002048367383767317,0.0019329888468905371,0.0019227243976858305,0.002571163320978832,0.000649460866126639
2017-05-10,0.010748466638151932,0.010721294492409123,0.011027843880559296,0.01104353604798261,0.01040405825856476,0.010792745975271158
2017-05-11,0.0005008556214718305,0.0004631199462372413,0.0002276033385756862,0.00043597631135283373,0.0020081200714599473,0.003697518445827116
2017-05-12,0.0013658609554758297,0.0013628458264471786,0.0014823309129342517,0.0009754627759035344,0.0002332700869239086,-0.002548080343123109
2017-05-15,0.0011580058642403869,0.0012712768069159234,0.001869528388992909,0.0030311594842794306,0.0036196666525571005,0.005544331421243857
2017-05-16,0.005486905340661619,0.0059049434222456865,0.006196088317811499,0.0076692379912955775,0.008548811563492248,0.00561938492379689
2017-05-17,-0.0017313955796107057,-0.0017724845286819653,-0.001975188331474499,-0.0017110931668151193,-0.00041170947230843977,0.00042700143652593957
2017-05-18,-0.005753313149970931,-0.005590203965598768,-0.005504211140439438,-0.004746169842554769,-0.00554388238018854,-0.013325413702211426
2017-05-19,3.8840607400373976e-05,-0.00013608173898712402,-0.0004906747354042876,-0.0018620791631862566,-0.0024437383026400094,-0.0018721829465487816
2017-05-22,0.0002515667450593228,0.0005707072150729752,0.0012780389733170101,0.0005957223815245053,-0.0014822507645367564,-0.004009508622813567
2017-05-23,-0.011175962914310285,-0.010982703048051885,-0.010392880560041931,-0.008192782201482758,-0.006242993667502517,-0.007027368089221251
2017-05-24,-0.007413238324502721,-0.007166638977754502,-0.00692344372205372,-0.006386680131343794,-0.007278456460108686,-0.008792085673820234
2017-05-25,0.008196963132801063,0.008505943473539907,0.00875403945569482,0.009294112340465056,0.009496317161457834,0.009301289552179551
2017-05-26,0.004118620070817203,0.004200036539062323,0.00465444993346377,0.004482870261312451,0.004296821728924739,0.008343367722161089
2017-05-29,0.0006944551852096153,0.0003958494684634039,0.00036753034862551553,0.0015783037464773425,-0.0001602627261212703,-0.005680456450664341
2017-05-30,0.0009959315847880522,0.0010049058469243685,0.0009008614377681967,0.001836962013437476,0.0029170070965797556,0.006182267000394927
2017-05-31,0.0011424439691140663,0.0009648061605807313,0.0008927737738356409,0.0006253878695760542,0.001027800016318379,0.0030478477551613816
2017-06-01,0.0021979377692552546,0.00240896380187735,0.002790939825404258,0.004173647376176988,0.0038871875941567722,0.002299121753736379
2017-06-02,0.007208858838670844,0.007153981371785936,0.006884746143088696,0.0068509213958584305,0.005864505496067122,0.00562928456991796
2017-06-05,0.003210148408912645,0.0034148714746486215,0.0037831792002447134,0.004276701712257297,0.003993014252221153,0.006692004551000767
2017-06-06,0.004523641431266887,0.004504610023702374,0.004507518170763085,0.004483837093722196,0.0015273936415042763,-0.0036222349979467034
2017-06-07,-0.0025236490013476765,-0.002494245456785324,-0.002610820164340971,-0.0032351753222374146,-0.00039099298855482605,0.0033910328143628
2017-06-08,-0.0009064293849526244,-0.0009908725614005511,-0.001096088434883,-0.001921891302021551,-0.0022576089247267916,-0.0009722789584765718
2017-06-09,-0.0007664336976294451,-0.0009995956100608033,-0.0013717175362070086,-0.0019424651577961724,-0.0012165000190883539,-0.0004727355518597212
2017-06-12,-0.0031721492775811746,-0.003175990582396441,-0.0029623870650423868,-0.0031352293013307423,-0.0051840547796648,-0.0062942638853738676
2017-06-13,-0.001681086901956873,-0.0016911728972895885,-0.0016253648575734374,-0.0021189516236573202,-0.0026721027117122937,-0.001025176836583751
2017-06-14,-0.0026185134481443995,-0.002418513115539754,-0.0017907883967738338,-0.00048346412637822924,0.0024818947991191538,0.0011597609734904251
2017-06-15,-0.0022531360230324286,-0.0023650225081880997,-0.0024930977370963576,-0.002265529765167325,-0.0009159851713850919,-0.002429461380487997
2017-06-16,-0.004857854037287121,-0.0048611052740614915,-0.004855205966344243,-0.004694587084084835,-0.0038011270368710757,-0.00010596603108935427
2017-06-19,0.0031421409145050406,0.003207659236968038,0.0033001875706587156,0.0028380646314966756,0.0028052858353095236,0.004267767707064874
2017-06-20,0.00021673549391017526,0.0002657527057415372,0.0005318492722882582,0.0008871419892504558,0.0002858882824553538,0.0012056825230941813
2017-06-21,-0.0029175035636120677,-0.0029512947707151906,-0.0028134032963319433,-0.0011703011061242016,0.0013451209438721562,-0.0008461840743837507
2017-06-22,-0.0017491242863102304,-0.0020211052954946453,-0.002363900043944475,-0.0034326391952684116,-0.002560520162645288,-0.0013148759044603504
2017-06-23,-0.00310715340592571,-0.003090082521842074,-0.002954244470135161,-0.0032990615872505874,-0.004220722961563006,-0.006213189082083858
2017-06-27,-0.006633992393379317,-0.006552355894985277,-0.00614736129640118,-0.0052905365254538195,-0.005518983599987702,-0.005565800205876275
2017-06-28,0.002765652008666159,0.0027275841519054035,0.0023066702076226624,0.001743468231198295,-0.0001280329724706275,0.0011034835900116423
2017-06-29,0.0015385316909544648,0.001736808517978021,0.0017926021418360981,0.0008099629125840767,7.855565456151058e-05,0.003077439572664253
2017-06-30,0.005794537510354894,0.0056760784591523145,0.005412685613799669,0.003503668196320357,0.0022763142562969223,0.003730434825992071
2017-07-03,0.0052054859708575065,0.004965001050486662,0.005029807885966731,0.0051371083014254346,0.005901419754321761,0.007680675885163966
2017-07-04,-0.0012303077581358565,-0.001390807549085085,-0.001994412998334362,-0.002847679434817117,-0.001521180104024124,-0.0012090833745822202
2017-07-05,0.0007410327165846718,0.0006365715547173639,0.0003466419360900209,0.0005987943528125841,0.003161939442241136,0.005094948401569474
2017-07-06,0.00016382818633719533,0.0002363218953732167,0.0003703267086740769,0.00011745574514801711,0.0008410265337109671,0.0015073718111390012
2017-07-07,-0.0016140774100978279,-0.0016977786777901578,-0.0016160710181061526,-7.542918199869206e-05,0.0024860624801820367,-0.0005942255606216331
2017-07-10,0.014871781280866848,0.014820565204118164,0.014714633060720676,0.014578235180141398,0.014099992516621425,0.011183560715570542
2017-07-11,-0.0006078722816696003,-0.0007616158605714571,-0.0011416040670891815,-0.0015610158299970136,-0.0014149084559440216,-0.0024983062095268573
2017-07-12,0.0009624344691798909,0.0010189735579979363,0.00110419986370569,0.0016957290881904007,0.0022932459437282203,0.0034834659937042277
2017-07-13,0.005065052425820838,0.004830886322777969,0.004512191238395232,0.0035338511756045363,0.005149151780371481,0.007121709934531506
2017-07-14,-0.0031446896670877284,-0.003098418560856988,-0.0029958380352427,-0.0026268695655627377,-0.0011320808391453304,0.00014415756197386418
2017-07-17,0.006843483541866936,0.006660248658881896,0.005916080199680173,0.0060150915296978205,0.006315526915964743,0.00681795306511662
2017-07-18,0.0002964524628529272,0.0005779951548606807,0.00015955343240512928,-6.756773612313005e-05,-0.001159995070219589,-0.0019717966908203667
2017-07-19,0.010471961235336082,0.010668348211558366,0.010719857015506587,0.01077923154301441,0.010545298401618122,0.010273733925141934
2017-07-20,-0.0028074757058794892,-0.0025569082982685562,-0.0023167306486151494,-0.002637026836380051,-0.0035006129422405358,-0.002098140815877559
2017-07-21,0.010412057970824578,0.009953035467143417,0.009371770867384872,0.010599568316433782,0.010811408008161749,0.007381711548468536
2017-07-24,0.0076933404270211996,0.0074562787599576075,0.007223740232907946,0.007312321654924481,0.006299139481739373,0.003694255232519921
2017-07-25,-0.0012918126268314284,-0.0014078730114929112,-0.00177737163273418,-0.002367958380979145,-0.0023482706894121,-0.000977554748445406
2017-07-26,0.0037325532526510915,0.003531741181256912,0.0032898665786059256,0.0036435483416702875,0.004623090101267907,0.004476418686343564
2017-07-27,-0.004307733084256218,-0.004276150742572793,-0.0046663494062571045,-0.004770694603933524,-0.006642320569887509,-0.005913068359939228
2017-07-28,-0.003957565183679866,-0.004084205209803173,-0.004650606519847343,-0.005325364625150512,-0.006486291675433193,-0.005297351671442153
2017-07-31,0.0021224969674637816,0.002177925521271153,0.002217304137781183,0.0013365706400355185,0.003011626305912509,0.006774054064449234
2017-08-01,0.002877602915998158,0.003020004120011275,0.0032215359369650843,0.005300214679815413,0.007269959534676895,0.007118966304602221
2017-08-02,-0.0019044852776936728,-0.0018711427489227373,-0.002317707522713693,-0.0033694111116162645,-0.0035136396528921664,-0.0020041948429823687
2017-08-03,-0.004349942996553254,-0.004102541921188576,-0.004193041826654295,-0.004998264769884835,-0.004910380291919875,-0.003636039274949961
2017-08-04,0.005550218265442877,0.005677142273598263,0.005655188060635162,0.005954453924479318,0.002858086384407062,0.008109631236324584
2017-08-07,-0.0023475867039870466,-0.002318607170601768,-0.002276250661910919,-0.0022844032439364773,-0.002589822751282642,0.0017519669081615184
2017-08-08,-0.006289743736319721,-0.00610995622597695,-0.006155187422341526,-0.006301491541672043,-0.007808122775862129,-0.007650672142710957
2017-08-09,-0.007510882271268455,-0.007528627285287719,-0.007354746392328904,-0.007406785997769293,-0.007174449549902707,-0.010350274829606843
2017-08-10,-0.008284665999990887,-0.00841726254996849,-0.008532022142673927,-0.008964317514389294,-0.009299070020471511,-0.012100122565685375
2017-08-11,-0.0075615155880376355,-0.0076262255130968475,-0.0075251144393277845,-0.00663421704976184,-0.007754636148529897,-0.007463448766991529
2017-08-14,0.0073835411792147945,0.007791078824380153,0.00798727842884423,0.007140754077091892,0.005780770823376316,0.013794118274666377
2017-08-16,0.006550387457105586,0.0065766005421091876,0.006730528491287902,0.007703982761476444,0.007579654425221856,0.007044586561739956
2017-08-17,-0.0031580772068833716,-0.0033349884189833867,-0.0036961811437183287,-0.004573758484863889,-0.0010485057767843364,-0.001493809216697305
2017-08-18,-0.008012028309068688,-0.0072800211989252316,-0.00593020665029659,-0.0030968108910735086,-0.0020963445164024997,-0.002618015490694253
2017-08-21,-0.010236230290516719,-0.009715654791366466,-0.009220854273695607,-0.008265420093288452,-0.007972966543947843,-0.00875933501393019
2017-08-22,0.0016024680066563804,0.0014517192025042451,0.0015958846654803669,0.0017907497500073886,0.00195507485974844,0.0013909815647421906
2017-08-23,0.005471238444053541,0.005321463195933861,0.004935509271635139,0.0038980002520431164,0.004841955929417596,0.007451006673808953
2017-08-24,0.0015381144699649733,0.0016693032437298761,0.0018415719771963073,0.0016553911583985946,0.0020711899583189496,0.0041555448244914184
2017-08-28,0.009969620553317297,0.009331561560803357,0.008073370945125006,0.005801100813652089,0.005404035800451016,0.006843183018327184
2017-08-29,-0.011167208393352588,-0.011150039035298185,-0.010956634730681855,-0.009922787039881979,-0.009603613067708305,-0.010632176176664423
2017-08-30,0.0053009076347009035,0.005477000988895685,0.00534027935119178,0.004871562006152909,0.00531833289454609,0.008985688599317436
2017-08-31,0.0063360921504668375,0.006695986808159275,0.007096866560566416,0.0078927064059627,0.007838834897795447,0.0046573694531331575
2017-09-01,0.005804043441496779,0.005831534613962209,0.005362015376924768,0.005325061007721034,0.006243930443680588,0.006369932712362596
2017-09-04,-0.006692744386572965,-0.006807564650361665,-0.006668360199762953,-0.005477297196105546,-0.006014789687502946,-0.005503372092153597
2017-09-05,0.0052943723003406355,0.005299623238484836,0.005172144351324148,0.0058043270159953315,0.0050975809048607506,0.006282008290479315
2017-09-06,-0.004575764391113627,-0.004603143130738904,-0.004673692121647897,-0.004666061397148922,-0.003453261673356822,-0.001979271938276388
2017-09-07,0.003851764137689464,0.004112929232234511,0.004463178781846574,0.0053534622078193015,0.004505839120372582,0.005119693787294439
2017-09-08,-1.574982225924855e-05,2.126697099710047e-05,-0.000256787866954567,-0.001178354336917832,-0.000805812568732846,-0.002023377497583567
2017-09-11,0.009042503141735988,0.009286406397421326,0.00963185858211102,0.009099380189766124,0.006877902901939464,0.007816330030781717
2017-09-12,0.0073199387751983706,0.00735131424645783,0.007331555597798941,0.006535247008952113,0.0066710935798961896,0.008243294808583847
2017-09-13,-0.001154489764689218,-0.0011863526662729575,-0.0011870724060937103,-0.0012676802106371112,6.408324953494321e-05,-0.002548589753142294
2017-09-14,-0.0021253345037242303,-0.001924712452748048,-0.0014631393933011792,-0.002680778311724581,-0.004589776222795223,-0.0002972462743993233
2017-09-15,0.002546228677684426,0.002751898159995768,0.0025091006280028288,0.003952792817114432,0.0020532684879149814,0.001761896330846357
2017-09-18,0.007393189405729806,0.0076494927141241495,0.007696086926870261,0.00727263850051422,0.008482799181972275,0.0062658503715169785
2017-09-19,-0.0004966989110380142,-0.0006580086936370731,-0.0007169500428596462,-0.0008944972395450684,-0.001375014328443544,-0.002228413432495085
2017-09-20,-0.0007165780511130585,-0.0008791649398307943,-0.0011969059718292495,-0.0007477685893803442,0.0017289967790632076,-0.00029898252648069014
2017-09-21,0.0017849343507183207,0.001577874801008016,0.00137561613417688,0.0022967790331212016,0.005531765724021676,-0.0016102028976893647
2017-09-22,-0.010118800822014377,-0.009758573869883337,-0.00930121296249965,-0.008017679646665549,-0.009608117667073294,-0.016080842522882787
2017-09-25,-0.011667037962494731,-0.01156236410477336,-0.011004774395904896,-0.008792261125209495,-0.008257105531379746,-0.011563987846303433
2017-09-26,-0.0049581877969143975,-0.005133355892158674,-0.005361080506615148,-0.0056613054477380595,-0.006492470174172849,-0.0011553334645470047
2017-09-27,-0.008478550507717144,-0.008279609118515968,-0.008120226088427416,-0.007471839399037637,-0.010133738498784,-0.013687980906211896
2017-09-28,0.0021491337126117414,0.0023762912682937405,0.0026125450171050352,0.002706585249761308,0.0019432021924808552,0.003067242023229366
2017-09-29,0.0014843409274525412,0.001621163671075474,0.0015208321867260764,-7.153934076901524e-05,-0.001535424959470429,0.004178575051618381
2017-10-03,0.006198454432853644,0.00627019702530566,0.0065977885360731766,0.007180318762185498,0.006294789613362754,0.007831123781065626
2017-10-04,0.003770977162682731,0.0036044550732472996,0.0035989865326857854,0.003884392935455872,0.005321634465391184,0.003164459393389927
2017-10-05,-0.0010754231053215985,-0.001158325149210182,-0.001273335045250631,-0.002437990109683313,-0.001822479593001926,-0.0012537359283370996
2017-10-06,0.008083398230117512,0.007792975980698391,0.007320755182634281,0.007189909331145031,0.009501213488891734,0.010070385473273347
2017-10-09,0.00014726993477554321,5.810231778252239e-05,-0.00019878439431670377,-0.0007532585560199419,0.0005532028470407069,0.0026416352089034907
2017-10-10,0.0050378922933262465,0.0051795761845086505,0.0054212990125461465,0.005126998879136411,0.0032720499433481097,0.0030454538797453686
2017-10-11,0.004675888211273705,0.0045747908554205135,0.004085532196320283,0.0028093267193289462,0.0016901733181389105,-0.0023012686917396282
2017-10-12,0.009419747991543199,0.009261078557367764,0.00937047035677369,0.009906339167297962,0.011411137867417702,0.008998826155826005
2017-10-13,0.00934264062716554,0.009196872096938482,0.008807284715074193,0.007381274447838149,0.005155492221559266,0.0062259241152927795
2017-10-16,0.00653783653929831,0.006753681060689378,0.0065166910659513935,0.0065386110752841415,0.007408810631340475,0.006748829548338722
2017-10-17,0.0012981186432356134,0.0013090975141032907,0.001207724635479719,0.0012423233182497521,0.0021541911628228426,0.001306641467066177
2017-10-18,-0.0035228494950200868,-0.00337933842509457,-0.0025409515286099653,-0.0010916791544809089,0.0007848736016109765,-0.003839548988459005
2017-10-19,-0.003935100021373571,-0.003866047329418277,-0.00397954051165797,-0.004287860488637077,-0.003931632698729507,-0.006126342610609483
2017-10-23,0.0062519118571413785,0.0062449758777486965,0.006214962871073669,0.006318124094598818,0.006963216147050807,0.007970076052395487
2017-10-24,0.0011445051227399565,0.0012059780825101948,0.001126841115943499,0.0014032219203442544,0.001562608491572618,0.0030592921425997522
2017-10-25,0.0020616097516093722,0.001554365879170212,-0.0002151914852107804,-0.0017989664554619823,0.006768984977762727,0.009910509365083595
2017-10-26,-0.000816913759392955,-0.0008083008591971326,-0.0009206070760365767,-0.0004241886336617225,0.001431652055028102,0.0012308732259121208
2017-10-27,-0.0028809151498726984,-0.0027313491292689967,-0.002419313073304623,-0.001929635952792543,-0.0030526669731529106,0.00139549325429091
2017-10-30,0.0010326544341269438,0.0011860944479065668,0.0015011679962819728,0.002060256882307391,0.002755069298235729,0.003981543261973449
2017-10-31,0.005297929174466376,0.00481059477010218,0.004119954889719484,0.002506953207659624,-0.0002727363724583014,0.0025578818336354937
2017-11-01,0.003257345903218028,0.0034855865585746663,0.0038396607798061094,0.005150788992195828,0.0031223827146517192,0.006017273555900546
2017-11-02,0.0006441481428784656,0.00045707288444965153,-0.0004398806920367488,-0.002051360651766896,-0.001441692586998543,0.002736686909195437
2017-11-03,-0.0023952600189654435,-0.00228367008205213,-0.0018931425972989165,-0.0009341163627252467,0.00032190704838396976,0.0009129263615399114
2017-11-06,0.004473433714508327,0.004227681232417769,0.0038626994798721523,0.0036882747315671914,0.002669462059588461,0.008551190762736275
2017-11-07,0.0007701987335303617,0.0008885820971480807,0.0007166609442234954,0.000287403787518086,-0.0026538346229717166,-0.010811817418265736
2017-11-08,0.005394531655466057,0.005361505076031451,0.005352449165459386,0.005332944607153282,0.001949616649905078,-0.00032626728795956276
2017-11-09,-0.00042132446571950375,-0.0003885311837611415,2.2937172606574976e-05,0.0012583531835449698,0.002095099154199462,0.0038206180303968855
2017-11-10,0.0014060186555241356,0.0011284692627728922,0.0010205816111529473,0.002021693168776578,0.0008650749655882538,0.004401120134433823
2017-11-13,-0.0029479585874459566,-0.0030041052013296005,-0.0031043096314034005,-0.0037673758695294397,-0.004308888086735378,-0.01034796824153433
2017-11-14,-0.004227711570529278,-0.00423669090467349,-0.004230425395706155,-0.00423801164274842,-0.0034271411727434657,-0.0030406711163819327
2017-11-15,-0.004246589425553601,-0.0040334744770377205,-0.0038917701400700538,-0.00330212806853442,-0.004205722182203743,-0.007112526521735376
2017-11-16,0.005604815984760958,0.005677780987906208,0.00592511321966805,0.006626742095724001,0.008009406074591066,0.005591840530595625
2017-11-17,-0.0022744088011864673,-0.0024166665989835134,-0.0028540663083502222,-0.002425853440005682,-0.0009996008275569364,0.006396017670032774
2017-11-20,6.276213569420176e-05,0.0001034053493562715,0.0001518298461890944,0.00017694146385558617,0.00014924809805736024,-1.8168028541142912e-05
2017-11-21,0.002834874725184265,0.0028702376377995947,0.003644559522395851,0.005871482711696786,0.006109954948069284,0.00716697276008554
2017-11-22,0.0011125356714689525,0.0011239820114544057,0.001183219524731169,0.0007861613492653951,-0.0004878272279868504,0.0017878987706715435
2017-11-23,-0.00011795101293620293,-0.00010574819657290955,-0.0004044625868730024,-0.0007255180830185059,0.0004454532298232578,-0.0003034655894839827
2017-11-24,0.0035562193188813426,0.0036106117449669806,0.003683264646906133,0.0033902236960597324,0.0027147327858876784,0.0024172223968965353
2017-11-27,0.002087750999088507,0.0023275146727862114,0.0026463647454669607,0.002103400621946904,0.001713217948261304,0.0010203207890250793
2017-11-28,-0.0016409088582106355,-0.0017400728873781654,-0.0017809748083724632,-0.0016090896992248666,-0.002310899053178026,-0.0038286557736883532
2017-11-29,-0.0017902898209669251,-0.0019416585634913315,-0.0018913009797014403,-0.0009572632049363075,-0.00016184661374906914,0.0013713140848488849
2017-11-30,-0.010791856816347577,-0.011092655665391426,-0.011220537918063163,-0.009305278812775875,-0.009859411377088364,-0.010385161340067818
2017-12-01,-0.011035759728629628,-0.010547031821157389,-0.0097509073408454,-0.009673572726196915,-0.010371149231070438,-0.011569356875248899
2017-12-04,9.940642861198159e-05,0.0001361960384683328,0.0001339200758524386,0.0015177421712382262,0.0014683976786575691,-0.0012062230633591697
2017-12-05,-0.006785466279692687,-0.006813909852598953,-0.007067785170511459,-0.007271236145472056,-0.005284054296967918,-0.005315598071548602
2017-12-06,-0.002292078650134532,-0.0023911228873867135,-0.0024436834813978793,-0.0025188203709953774,-0.000920878049367473,-0.0066809780396287245
2017-12-07,0.01320636667017153,0.0125323883532119,0.011829246602348069,0.012761280047306152,0.012716942216165482,0.015956785679345345
2017-12-08,0.006727887128319126,0.00680783691785561,0.0070754737378466714,0.00794272316818693,0.0066089032831627035,0.008917571098843967
2017-12-11,0.0073873506938003245,0.007723671834666475,0.008345729933482145,0.007875137860795689,0.00703726632027407,0.0049389121894943
2017-12-12,-0.00732997773011427,-0.007368301376055191,-0.00756522258390992,-0.006534905494696388,-0.005610437848139367,-0.005075370581693255
2017-12-13,-0.0017531962911997382,-0.0017357019329535305,-0.001408380372490259,-0.0014179675855177753,-0.0019240638539525217,-0.004579858233005202
2017-12-14,0.0048928984719563105,0.004918308011970632,0.005184987546220938,0.005837609725447915,0.005782649930918073,0.006212270456522824
2017-12-15,0.004584491902211564,0.004701508758798401,0.004535515647243336,0.004167137785728792,0.003058033234545978,0.006528436894420529
2017-12-18,0.005568283933246366,0.005645954405272357,0.005584357448616872,0.0053167854248140824,0.006590570218841084,0.0068898682886101
2017-12-19,0.004000883370259112,0.003738706223315898,0.003266843603002815,0.003911653600900176,0.005224562190277112,0.008454470942367042
2017-12-20,-0.0009032991359867219,-0.0009299159099338543,-0.001019954082418673,-0.0006475307794160548,-0.0012126405356646572,-0.0015191214722111996
2017-12-21,0.0007462366374931888,0.0006233191242295425,0.00014073773048532364,-0.0007888705448700611,-0.00048080039594381547,0.00016517822401924476
2017-12-22,0.0035781028785371615,0.003599703478076746,0.0038019284765741035,0.005211616322839787,0.005814272058675563,0.004137280913775708
2017-12-26,0.0009741287206995956,0.0009763268653436669,0.0008641865073674068,0.0008334286462286908,0.0026675150444572487,0.003390161123085254
2017-12-27,-0.002029692902673248,-0.0019094586712320575,-0.0012505583750359317,-0.00031789576454796303,-0.0007429278975083043,-0.001976357446766279
2017-12-28,-0.0030982664127440747,-0.00282671331548968,-0.0021909331768208726,-0.0009173361598985204,-0.0007934578245189575,-0.001364608270263609
2017-12-29,0.012308941059055598,0.012205198499854759,0.012083194327433867,0.010843972934983091,0.009181102993429991,0.00695018293999591
2018-01-02,-0.005550644504730206,-0.005507784585305393,-0.005359012140277624,-0.0045753756800320945,-0.00578629272943843,-0.008750154560737971
2018-01-03,-0.0015436506317225876,-0.0017873786126907736,-0.002178579824699183,-0.0030240662620526783,-0.0035859952679465302,-0.0007115800916123544
2018-01-04,0.004599394881634553,0.004565089127918908,0.004430080767934467,0.0037589760080904457,0.005519877500664717,0.00982014521586334
2018-01-05,0.006600529627314218,0.0065566883268365714,0.0063178130669250725,0.005132123003554274,0.004866307357791696,0.009498693647298282
2018-01-08,0.005669118864397544,0.005416783475147709,0.005080164799115525,0.004913738907238088,0.005406894753393462,0.0038713049827706755
2018-01-09,0.00046788107564641173,0.000490786522327008,0.000815765986283704,0.0002749508778003558,-0.0002681957769283382,0.00040626807712226636
2018-01-10,0.0057453725579535335,0.006003192597385074,0.006326023868799772,0.007398848342941328,0.00707040458691542,0.000826672638546043
2018-01-11,0.0018631796452012982,0.0019029605674016179,0.0018251297691107933,0.0020197950342158493,0.0009693885149220339,0.00041395690931556007
2018-01-12,-0.0006358803229384404,-0.0007541914654253848,-0.0009934675260686659,-0.0015750922726327592,3.137216458781668e-05,-0.0003143582220850083
2018-01-15,-0.0007888330071459528,-0.0009177003746439899,-0.0005897446482235258,-0.002198538294628053,-0.004549604554452135,-0.00016819334271435426
2018-01-16,0.005737788221293314,0.006358264848638632,0.007419175757041011,0.01086545372143673,0.01035233860588559,-0.0003768709963848396
2018-01-17,0.0038130648516167035,0.0036137569884581514,0.003370439115767529,0.0013967137191443276,0.0013726553696147845,0.006316803405660551
2018-01-18,-2.97398192769973e-05,0.0005507885292776907,0.0016374801782404402,0.0029478694817635263,0.0014482623044101,-0.005672628929197796
2018-01-19,0.005518889682531593,0.005791723824858441,0.0059598627722437965,0.005639378997590025,0.005765461458204085,0.00619011355717001
2018-01-22,0.011415450610127633,0.010934987294206293,0.010089245576876129,0.008498822681498163,0.010294233215841601,0.007438810530634445
2018-01-23,0.005860973753110512,0.005597195290221184,0.004897461580654017,0.004397240086143759,0.005925702902437734,0.008460364161064311
2018-01-24,0.004162746296011802,0.004331485568576783,0.0037429862974418335,0.004013413265157696,0.004065173990787624,-0.0033105142984743018
2018-01-25,-0.0035853156365974565,-0.0037828507602049185,-0.003450451837944475,-0.003275184351676109,-0.004834144880006982,-0.002764406286405608
2018-01-29,0.005128185723065563,0.005336575523329548,0.005446200825483841,0.005936637214262646,0.005410101146044967,0.002197546276984521
2018-01-30,-0.009651756825516066,-0.009767288722823328,-0.00986194166614026,-0.008954236727217353,-0.009226204557119026,-0.008655900998042894
2018-01-31,-0.003601545253844154,-0.003441609659269567,-0.0030821868041466718,-0.00280442812470161,-0.004458502177489989,-0.007269512377665904
2018-02-01,-0.0003381856677089919,4.3370134651120806e-05,0.0009500608149383857,0.0015325849548924887,0.0019338636463544572,-0.0007563020668801294
2018-02-02,-0.02094166981059191,-0.020903244457027657,-0.02054521119146837,-0.01866519610392727,-0.01828526649431042,-0.021604127141930662
2018-02-05,-0.004069504643285079,-0.004269972116416751,-0.00441844221742306,-0.004116705215011944,-0.005604744357342015,-0.006854331285045716
2018-02-06,-0.013844550021175829,-0.013931894471069994,-0.014180322217480088,-0.014912205348842487,-0.015902555863850927,-0.01550536107703723
2018-02-07,-0.0005693309123962655,-0.0006546315970946397,-0.0009896981842448167,-0.0014819152927787783,-0.002534617221129084,0.0009213616262606803
2018-02-08,0.005375064999602913,0.005473676408985556,0.0054151996776647185,0.005162811502461211,0.008131065358087365,0.01324069170225785
2018-02-09,-0.006391270539367317,-0.006409883750226015,-0.0063426961470936585,-0.005740030659663199,-0.005930602975730627,-0.005200389446994802
2018-02-12,0.010986708237461878,0.01071396999529546,0.010454381804211734,0.009645458673757077,0.00849316522100247,0.009365582877252572
2018-02-14,0.005504866596078304,0.005620204334670434,0.0056409995221957865,0.004700895035688535,0.006419431495692256,-0.000420627494981282
2018-02-15,0.007137951563337305,0.006866898273238274,0.006405871932582152,0.0063170426195435225,0.005340786375587921,0.0013808772871865748
2018-02-16,-0.009024033948077078,-0.008798269024916136,-0.008665297509509541,-0.00951255402472027,-0.011400863639659751,-0.008805967157709836
2018-02-19,-0.0030638633963513467,-0.003154943427361642,-0.0034605805152215646,-0.0034883294386171613,-0.00596041633852293,-0.01165136545457927
2018-02-20,0.0013102663050874566,0.001226677516953355,0.0011797492828410014,0.0010067563113851825,0.0009622086457847024,0.002905928438404126
2018-02-21,0.0035258794752302688,0.003707844132450031,0.004230676516018439,0.00603040078174859,0.007672070992732916,0.0021136880270214483
2018-02-22,0.0009890772813327749,0.0011022533802654065,0.000996337077400794,0.0005748655185502945,0.00021563497477906663,-0.002474487463310342
2018-02-23,0.0068871762516651116,0.006750530466707324,0.006331166420900075,0.006039377390898411,0.006323830824598125,0.011799905191416667
2018-02-26,0.00670128631008856,0.00683281985267696,0.007173892118322876,0.00602382537085715,0.004391578758589178,0.008715050769200601
2018-02-27,-0.0017140157806183505,-0.0018200984851332324,-0.0018192801860783083,-0.0021106397201578796,-0.00032497880906258436,-0.001341875179841296
2018-02-28,-0.0027373636719720267,-0.0026320948902801553,-0.00255369753578428,-0.002924717641460872,-0.0021068227967677338,-0.004934625677882037
2018-03-01,-0.000839734361537195,-0.0007424742564363845,-0.0006299975721047576,-0.0005236718302718558,-0.0007754139283155971,-0.0022299343126088765
2018-03-05,-0.009204768453886701,-0.008946631767056974,-0.00889156716353442,-0.008130553686107208,-0.00834861553927742,-0.00809951048809164
2018-03-06,-0.00773573785390648,-0.00796182762957183,-0.008030853106645731,-0.008399737033334263,-0.008884998706539119,-0.009097746863384465
2018-03-07,-0.0006889178956675727,-0.0007902138501357319,-0.0009267634471243468,-0.0017301878373561267,-0.0034110402702499485,-0.009415300765724702
2018-03-08,0.005636176362116814,0.005685856580306053,0.005906318381067849,0.005623820941646543,0.005482683807502179,0.0046773083662221895
2018-03-09,-0.002907088858306725,-0.003045845815243633,-0.0031786158939681635,-0.003204888478103486,-0.002051259906661501,-0.002525132345231704
2018-03-12,0.012774737471717746,0.012546132400279644,0.012131367683674388,0.011752048776342687,0.01130355290384473,0.015220448457048114
2018-03-13,-0.001028466736962099,-0.001126987133207684,-0.0012678186698015861,-0.001849268694948291,-0.002117356251244623,0.0023925660972807686
2018-03-14,-0.0031149545536393298,-0.003063123445893178,-0.0027670435224500713,-0.002059230042194672,-0.0007348533577303411,0.0002833731978717567
2018-03-15,0.0025040868328851753,0.002423313530793696,0.002430561631955569,0.001840858167072622,-0.00106959666726815,-0.003800537768598236
2018-03-16,-0.011368530588149097,-0.011244151625602095,-0.010811862720437795,-0.010024857116964304,-0.009531632774907477,-0.01182595357305937
2018-03-19,-0.008151070919452143,-0.008139075821638734,-0.008453101209634694,-0.009383742089675302,-0.010968228205232603,-0.011917158742517572
2018-03-20,0.003614312431798456,0.0038086400881384838,0.004094445616225738,0.0038920233943370765,0.005456719052531169,0.007034978877744694
2018-03-21,0.003962224688134705,0.0038125103661425432,0.003556616667223991,0.0028605277629674955,0.0012984462175910608,0.0018254255972754018
2018-03-22,-0.003921726077050469,-0.004056198116170791,-0.00447527548515861,-0.005269270682690287,-0.005485887835376076,-0.006385427861864859
2018-03-23,-0.0032140026141299085,-0.00322898625274941,-0.003094903652164199,-0.0030367694829401973,-0.004246507337614738,-0.006517704293568517
2018-03-26,0.003361074891176169,0.0032376640834675015,0.003344377282287883,0.0038256976518130682,0.003554273391764648,0.010504337364064947
2018-03-27,0.007921615812896925,0.00807627536508436,0.00818718212304103,0.00790945184066488,0.00806298853938938,0.006554971769248337
2018-03-28,0.0010356159691473261,0.0012074661511707943,0.0016386634372340429,0.002523996592237016,0.0029882246143279993,-0.007001759659213886
2018-04-02,0.012245724614867616,0.012148037392341144,0.011811971375048854,0.012183209154052396,0.015158232592442908,0.014112807342067745
2018-04-03,-0.0016832606720527587,-0.0015297245960422538,-0.0014598058429684093,-0.001586368805070519,-0.0025098399829213977,9.916466441310385e-05
2018-04-04,-0.011017821697974368,-0.011245404117630756,-0.011596306891791612,-0.012221752331297934,-0.009968069560916355,-0.012474031017749312
2018-04-05,0.011289786680417361,0.011282610126274115,0.011272450830580448,0.011495254794371478,0.012874072510007308,0.017618671389047796
2018-04-06,-0.0018364602203705285,-0.0018541698318580184,-0.0018361062209552908,-0.001854547026136184,-0.0021760500364617287,-0.0006191336869013984
2018-04-09,0.003996965056511388,0.003985951516155396,0.004045407191823036,0.003948485587773582,0.002270022614604059,0.0032925222630013342
2018-04-10,0.004207020610426191,0.003954108700349661,0.0037352864400339247,0.003712705113775379,0.004265232373583845,0.004915751271013292
2018-04-11,0.0057980831434052554,0.0055115795131167045,0.005035874034675336,0.005438837350884169,0.007891903833147439,0.004497795472239863
2018-04-12,0.004318432707676078,0.004564381619286399,0.0046881525520528055,0.00435386498798627,0.003605699582757661,0.002970215631750063
2018-04-13,0.005639850316295744,0.005472433295047425,0.005458788795255189,0.005307650007316464,0.006353366149285035,0.003281493295485023
2018-04-16,0.00509078603967108,0.0049047723785622145,0.0048055587631695065,0.005445854098849805,0.005650197220468689,0.005137927904253976
2018-04-17,0.008040932276753877,0.0081574495571935,0.008556251837633928,0.008254002976428256,0.004710699047959052,0.0025698983094496804
2018-04-18,0.0008641873639193372,0.000763310141665366,0.0005997750040307068,5.952872411457702e-05,-0.0012832085771323843,-0.0020877912457838476
2018-04-19,0.004362907329138469,0.004471910723406018,0.004750133929553755,0.006082817566171406,0.008241153137894091,0.006555734382755685
2018-04-20,0.009871815700611573,0.009738421388129252,0.00924815711849336,0.009157230233398744,0.010081870287991599,0.0041806876864032595
2018-04-23,-0.0021328221095697104,-0.002100846084819533,-0.002085063150791129,-0.001092754607761674,0.0010465367042661973,0.003236170047994131
2018-04-24,-0.007415691069603087,-0.00764754859971287,-0.007958873586055216,-0.007932405431021772,-0.006071475038768223,-0.0011682606065192228
2018-04-25,-0.0016632575111804983,-0.0017109370561926244,-0.0018616711566300835,-0.0018881329043716052,-0.002674043021437915,-0.002943540284055975
2018-04-26,0.0050530166724912316,0.004938529142466498,0.004769894660465679,0.004073783340680561,0.0045682542541231825,0.0022623991498386398
2018-04-27,-0.004769728671799347,-0.004619802204560871,-0.00455840118478086,-0.00553111461060744,-0.005088774092898711,0.003342514373560086
2018-04-30,0.011843531569823259,0.011764355785285927,0.011525979682768868,0.01091709347394429,0.008451752848365555,0.005662732832824117
2018-05-02,-0.008570183524681224,-0.008385653703942094,-0.00815931427200992,-0.00842319614161342,-0.010698844277491477,-0.008646166410383
2018-05-03,-0.004622160876523427,-0.004544984462212492,-0.004788086796877882,-0.005687125082365447,-0.009452848644353917,-0.007536078425343823
2018-05-04,-0.008369161788923043,-0.008141824142910429,-0.007668219072148463,-0.006374474198558685,-0.004936049076321777,-0.0052514793524896415
2018-05-07,0.010749100798970032,0.010518827298384905,0.010189193112444104,0.008854694688195284,0.0075884713585722295,0.008386504832740529
2018-05-08,0.003039659244845976,0.0030616731358796365,0.00258727839233724,0.0020748301911242264,0.002230300808538529,0.00041960400928076796
2018-05-09,0.0002864390346977507,0.00032610111313102107,0.0002697791646777118,0.00022975162212061006,-0.000251290516733983,0.0006007635116755379
2018-05-10,-0.003109245230146721,-0.003200885593345341,-0.003136576103671815,-0.0031368225010245023,-0.003632008278399669,-0.004685964435851334
2018-05-11,0.007080114537719061,0.007504939523850181,0.008375075455337676,0.009805206536280213,0.011049055405064664,0.006904123275631083
2018-05-14,-0.0010452058929966519,-0.0006534427216661888,0.00021954293247944357,0.0006660492363616528,0.00016697453910786216,-0.0010822517772605038
2018-05-15,0.0003165733833714753,0.00047751745002237353,0.0005399373389595086,-6.247048906386039e-05,-0.00041783602968931957,0.0005865609631148844
2018-05-16,0.0018502244828402501,0.0019656246698052694,0.0020405375633411496,0.0017015688594019772,0.00029138243143955267,-0.003073120144775045
2018-05-17,8.072549406218095e-05,3.820615025859186e-05,-5.25721236657381e-06,0.0002711749644739151,-0.000695400455898233,-0.001353463509122856
2018-05-18,-0.007531632813374772,-0.007377176815043636,-0.007360138864988692,-0.007805888276697939,-0.008485082785404191,-0.009597818658290222
2018-05-21,-0.007265671241519726,-0.007280772062686947,-0.0076153319886748325,-0.0076851698897343725,-0.008574689044165713,-0.011627873161790477
2018-05-22,0.0025214833816388504,0.0024376581258010307,0.0026214843332723176,0.0032080089759969083,0.005652816027326823,0.006312412170194344
2018-05-23,-0.0062977012542318805,-0.0060699176502117405,-0.005713777601009632,-0.005355085657858748,-0.005830019469273274,-0.007908758760954293
2018-05-24,0.004266163663954841,0.004490987366675269,0.0046849137007911506,0.005611296572669847,0.0068716927424286485,0.006862953600619357
2018-05-25,0.004960814671863136,0.004710447931887029,0.00448576735602136,0.004055145173902255,0.00448637123441222,0.009620089623798855
2018-05-28,0.0054402014993584855,0.005504677574492086,0.005718171320219456,0.004847971178084434,0.0019441137457692074,0.004117507873618675
2018-05-29,-0.005254492505911344,-0.005495809311401257,-0.005780232261046939,-0.005363002572449069,-0.004172193275139206,-0.0031761567061059704
2018-05-30,0.0010903255538994062,0.0011941345870914045,0.001697229770829235,0.0031589303265811054,0.001617021087221599,-0.0014567382098148482
2018-05-31,0.009507114965548877,0.009950471132075108,0.011401414949034468,0.01375357974536845,0.011312426527966251,0.00745212753732821
2018-06-01,-0.004836586532035904,-0.00527823122562495,-0.006262710610174276,-0.009034033654603126,-0.006976107717466352,-0.005294962977544889
2018-06-04,-0.007410918189563439,-0.0077668662921763516,-0.008427119918411729,-0.009115936286365103,-0.005733267959967251,-0.005400567155151019
2018-06-05,-0.005973243068498408,-0.0061460469543223204,-0.006336698601929896,-0.007656113264615062,-0.008426343099569848,-0.007640471243159801
2018-06-06,0.009989510897605377,0.009838245906891774,0.009506286649126635,0.008959366291380118,0.0094709304430338,0.011888436801788766
2018-06-07,0.007607420822645107,0.007799104574646623,0.00824883730315723,0.009061348489570025,0.010374358231037443,0.009678617312257774
2018-06-08,-0.0007021223755598395,-0.0010787544885886248,-0.001703111533096705,-0.0037142138829851087,0.0003923604045006431,0.003291255783604635
2018-06-11,0.002272042258693692,0.0019613188718453564,0.001408975116080661,0.0003410089589243459,-0.00040390883422676094,0.0024999060670425803
2018-06-12,0.002333210712516521,0.002356087788959443,0.0025249389944430904,0.0020609448177676864,0.0032934098333689513,0.0037700476102967115
2018-06-13,0.0050814606536707585,0.004806233026704769,0.004387243444309357,0.003022406076836935,0.00375087621217768,0.00340761326753043
2018-06-14,-0.007240664749146276,-0.00711324751568484,-0.006845847371572659,-0.005764418066955454,-0.0035693372523741083,-0.004493585420815134
2018-06-15,0.002408095329572313,0.0020181778239874997,0.001471165961079476,-0.0006326614565178609,0.0020646814511561247,0.0027354055921225704
2018-06-18,-0.0019396814997499922,-0.002105987962118199,-0.002301667253522327,-0.0024453020887696885,-0.0016147972165970054,-0.0033324418318529106
2018-06-19,-0.006913767960549113,-0.006812042152924215,-0.006751457895788416,-0.006714185663295104,-0.007725124020365288,-0.008725697704595275
2018-06-20,0.0008535576155639324,0.0008785011553471415,0.0011002468946273345,0.001404930617199694,0.0012834022919227606,0.0028795693600846915
2018-06-21,-0.007627680013396511,-0.007538290393795069,-0.007330391670525669,-0.007250732590652358,-0.006452075415432546,-0.0070061150141022335
2018-06-22,0.005623842509538962,0.005570813218749337,0.005612092412342648,0.006341417754563149,0.005124299349531845,0.006900225814453447
2018-06-25,-0.00938915558014471,-0.009392497992533484,-0.009263471902733737,-0.00839011177541061,-0.007060670398787339,-0.005223902528298631
2018-06-26,0.0007177353142592286,0.0008097636462718958,0.0007691769808083346,0.001049707117014576,-0.00042135952404707077,0.00016697153881611203
2018-06-27,-0.0036961767680146985,-0.0037008874485138033,-0.0036938230423329255,-0.004611974401510545,-0.004542403930372084,-0.005688070837667045
2018-06-28,-0.015232137491136529,-0.0145062380755523,-0.012886545804271158,-0.008378804751099714,-0.008437409742711182,-0.008648315730583112
2018-06-29,0.016384281573745964,0.01612602583201711,0.01548995190684574,0.013762286919818047,0.012055806966241145,0.012713529977962108
2018-07-02,-0.007390546631295186,-0.00735620908154246,-0.007685722745191386,-0.007126869699238324,-0.005434022129993139,-0.005942775448423634
2018-07-03,0.00633088459146133,0.0064598846700475885,0.006577718717499298,0.005651978126829394,0.004710053971822075,0.005864076992250321
2018-07-04,0.002374422443306771,0.002529723972842424,0.0022111990880801123,0.0035015149387421264,0.004391812906436734,0.0037809105262835044
2018-07-05,0.0035272357722517895,0.0035613602143306465,0.003072077486407793,0.0032366736977318756,0.0002590473259607485,-0.0021242468907555568
2018-07-06,-0.0012105982793116196,-0.001119235061156346,-0.001425563794398785,-0.0014931030585557936,-0.001096073606348533,0.001367508160348961
2018-07-09,0.007617124040800175,0.007646721171778781,0.007933845272952215,0.008549118215764318,0.008597803166828266,0.007300101090836437
2018-07-10,0.009804937700795057,0.010182149166090542,0.010369563744335671,0.01004959119061899,0.011242953451140996,0.010550997012166151
2018-07-11,-0.0018073421548001384,-0.0017488278194789167,-0.0022446494387679387,-0.0032507642312757353,-0.002004157209578912,-0.0009165321865251565
2018-07-12,0.004350838853776961,0.004425555378701292,0.004849245131352154,0.0049096620511214165,0.006865216136635051,0.004655860641832716
2018-07-13,-0.0011062767801082772,-0.0009891642892094522,-0.0012265467830204,-0.0009823094453642433,-0.0015344318591337257,-0.0016343333296177792
2018-07-16,-0.005771928653944186,-0.0057744632669242115,-0.0057962067802014,-0.006427868737707886,-0.007396974963850918,-0.011872566397332359
2018-07-17,0.004951190347000179,0.005009885693973245,0.005016567074745059,0.003422297103939099,0.00498035440967299,0.007053689870564451
2018-07-18,-0.003324703712093027,-0.0034644783512164127,-0.004186541190105591,-0.005541594878010295,-0.00614276894984354,-0.005534155307460963
2018-07-19,-0.0017708125910621758,-0.0015175744790694335,-0.001553609823051139,-0.0005258519971474957,-0.0008528656294025455,-0.0017637535821547637
2018-07-20,0.009402351996541346,0.008826384129279352,0.009244666527008527,0.007108801917184275,0.005457247520405046,0.005883189965336958
2018-07-23,0.008470031191821662,0.00806273114051359,0.008231226068954118,0.007223359825350932,0.004125222504827826,0.006912588589023093
2018-07-24,0.004501160383673835,0.004167003204994329,0.003811851390428357,0.004152503264120434,0.0012207859687816812,0.00550556247162674
2018-07-25,-0.00863804942616058,-0.008527716115163854,-0.008606545520955314,-0.007947342783265603,-0.006910686870232692,-0.00502410294610022
2018-07-26,0.005257960021086664,0.005203347000974735,0.0058035865746693446,0.005848531744669885,0.006272637013209153,0.004272541368335435
2018-07-27,0.005667055403359914,0.006040251080194681,0.005982013232991293,0.004364169186488833,0.005190189009758159,0.006349287583574383
2018-07-30,0.005993544351617885,0.005991956630106961,0.006444717811523587,0.006287882573287325,0.005595891999780648,0.004980638839305813
2018-07-31,0.007315412028364053,0.007271954046522439,0.006968709725103491,0.006523405695422963,0.009853369896577771,0.011196129719625261
2018-08-01,0.0012200867445514322,0.0010901414602805118,0.0010692155544395313,0.0014337639018986098,0.004932953728752109,0.0019246510060791124
2018-08-02,-0.007358397695948163,-0.007560017872702856,-0.007447853533111785,-0.006536284694058851,-0.00301275205332434,-0.005215214073986113
2018-08-03,0.0033337504704770865,0.003346159014382143,0.003609012884362549,0.005779320015681165,0.005283121570624346,0.005635205513735709
2018-08-06,-0.0027607740440674165,-0.002754071429321341,-0.002558418106934511,-0.002142558914636616,0.0003517510753020597,0.000687495929098603
2018-08-07,0.0028270757968756875,0.002953408888744316,0.0027917379209934355,0.002126658689046505,2.851291030130668e-05,0.0011722483383047409
2018-08-08,0.0027476169266503945,0.0022349947234058766,0.0011616137909513035,-0.0005896543619363315,0.003560031833447226,0.004436923943754965
2018-08-09,-0.0015569335844483642,-0.0015843059559263366,-0.0012845695032932944,0.0003593573427828885,0.0019184319184616127,1.2182861121014406e-05
2018-08-10,-0.0001544089214587077,-0.000360136455510621,-0.001130893877012011,-0.0015696954387320028,-0.001315861948311625,-0.002942424063575522
2018-08-13,-0.0014053974393120248,-0.0013278983178472018,-0.0012214530275185152,-0.0010528650629377386,0.0012482922402393371,0.0012157868850013467
2018-08-14,0.005264901203808495,0.005287595889965907,0.005254507703077679,0.004985428371064566,0.007658244860439475,0.010469321238056831
2018-08-16,-0.0036756395318141163,-0.0033932337655733155,-0.0027130179612498578,-0.0006103261799319682,-0.001076318018483315,-0.0022966842733803303
2018-08-17,0.005974942844373892,0.006123359669181937,0.0059117609025697865,0.004878540422930692,0.005173076484831496,0.00882641580470871
2018-08-20,0.004691375639289665,0.00453731439983778,0.00426624595099866,0.003741409380397768,0.0037500692654328905,0.004774056387989381
2018-08-21,0.0033076872295270117,0.0036410711349934522,0.0041896401714660355,0.0039061323150878314,0.004876612250546364,0.004424770048502552
2018-08-23,0.0045129509382004435,0.004386013632003805,0.004399269486227684,0.0046329786928840586,0.007506816039804962,0.00559681180425468
2018-08-24,8.523219771950762e-05,-7.847384549720384e-05,-0.0003289535781305768,-0.0006971927516094977,0.000505989270730575,-0.0005393897095956404
2018-08-27,0.011931104938825099,0.011986180730195965,0.012550035711504336,0.01233239287282579,0.010437355181055097,0.009908138305181318
2018-08-28,0.0011333989041057493,0.0013654182797757414,0.0018447492806860479,0.0030276410696980873,0.0015263967021677924,0.002241169087209098
2018-08-29,-0.002564880497305204,-0.0026982374191123117,-0.0033450866905340815,-0.005359418936172101,-0.007048420758674908,-0.0011416848031536452
2018-08-30,0.0008330949842896883,0.0008287903200360604,0.0011619217185648931,0.0024801081848825476,0.0014832031259953283,-0.00021477959834588077
2018-08-31,0.008954003035579253,0.008926608345450162,0.009072212072236453,0.007407812154752863,0.00790578288765886,0.00634181720336823
2018-09-03,-0.0053285706533248356,-0.006014737962018967,-0.007052487723367616,-0.008796959216788061,-0.008156213737484213,-0.006028340227275051
2018-09-04,-0.006597843231979306,-0.006419947265612023,-0.006473990807932414,-0.005613602663568896,-0.006683630546188564,-0.008685669537745428
2018-09-05,-0.001558086355188018,-0.0017836093443716755,-0.0019296589863932365,-0.0004618149508102537,-0.003133709294959053,-0.002555625335842203
2018-09-06,0.001750461373993835,0.001955873972295529,0.0028263307861706288,0.004280924814664043,0.005937841147136298,0.005067112982824045
2018-09-07,0.007563878822910151,0.007248514690802269,0.0066301712674779936,0.006906423362158466,0.009343112475378269,0.008000309834669365
2018-09-10,-0.011252113866554767,-0.011319483296669063,-0.01099469073723807,-0.010377673025378448,-0.00979867581051469,-0.011945485000344345
2018-09-11,-0.012359258131975123,-0.012528553747326202,-0.012705400422488588,-0.012415899880637755,-0.011201214278741826,-0.012873950549597456
2018-09-12,0.009733024122805817,0.009846630057222487,0.01019957970820932,0.009189989814712416,0.009358974642400094,0.008551850745169596
2018-09-14,0.012206645580771842,0.012470246039798379,0.012704230834441804,0.013148396109597253,0.008376421394371194,0.012436489974718756
2018-09-17,-0.007449720738644079,-0.007405493632690288,-0.007286922932157869,-0.006973315533022028,-0.006931135612192245,-0.007459003638366963
2018-09-18,-0.0077520521940323845,-0.007566553522970979,-0.007439752419577259,-0.008201615403520256,-0.004185216928087337,-0.005629736315863164
2018-09-19,-0.002855818636598857,-0.002682185344792489,-0.0024068305952663705,-0.0020297452086546733,-0.0005867447074274293,-0.0011689327170403504
2018-09-21,-0.007199833762218303,-0.007155743817475562,-0.0071902656854527115,-0.005054688958638982,-0.004900892719793152,-0.009313591896523518
2018-09-24,-0.014408249744207728,-0.013875394093597684,-0.013138871408914569,-0.010858907740066034,-0.008128085766828105,-0.012669467549527413
2018-09-25,0.007039525029508755,0.007196317681718889,0.007406872014125169,0.007055400016121938,0.0045780591172542295,0.008783851024785889
2018-09-26,-0.007733284421743331,-0.007901950040485148,-0.008059661614914813,-0.008996344971026382,-0.008190454197963987,-0.003726186979480097
2018-09-27,-0.0038743391048220704,-0.003669322430368918,-0.0029496945517383274,-0.0018818745760951507,-0.00017499514810436682,-0.006383426707747502
2018-09-28,-0.006546376033698032,-0.006508158606454581,-0.006631613421204996,-0.007914776221358173,-0.007049705256417694,-0.008614510694890033
2018-10-01,0.012392334607702981,0.012447477683854258,0.012741322643493138,0.01426822757965477,0.011789986941212815,0.0031489977179336042
2018-10-03,-0.010431201411079356,-0.010506843402339584,-0.011115641287127387,-0.012299224459308235,-0.016587368112650186,-0.016402048775748863
2018-10-04,-0.02447669608926178,-0.024540878102543018,-0.024041287995938188,-0.02309456474386374,-0.021113779840899582,-0.020325810663301927
2018-10-05,-0.017092593407054945,-0.016908727075830694,-0.016157906375960637,-0.013705015861984408,-0.014436496128820114,-0.019454294617578867
2018-10-08,-0.00022432764289714467,-0.00030535647296051766,-0.0007218843029460557,-0.002175610912445522,0.0004921041746351832,0.0038187450564775944
2018-10-09,-0.0038799103961439244,-0.003933985309994465,-0.00398117626271969,-0.003861745857637661,-0.004833165409544357,-0.005163726192604314
2018-10-10,0.0019799160313979836,0.001864983767018732,0.0015029816858325336,0.0005351007788418373,0.004318874460813683,0.014447235487477622
2018-10-11,-0.018631705647639753,-0.01855448934248689,-0.018266569769252783,-0.01779567076537029,-0.01784609042061565,-0.022219379170496295
2018-10-12,0.014017004603722502,0.014089563694711404,0.014106418657897407,0.01431855238986062,0.01960412003522393,0.021750643831033138
2018-10-15,0.009289213195669829,0.009327091516247898,0.009057432464803627,0.008649881872154179,0.003372390436641643,0.0016593682013405955
2018-10-16,0.0035779741122459107,0.003542998070093838,0.003362422833360458,0.0020384384467544803,0.0035025225726500447,0.006446345443067176
2018-10-17,-0.00353239409882608,-0.003396379715604005,-0.002983667504196999,-0.0022067672926452033,-0.003785415659777869,-0.010051449597376706
2018-10-19,-0.01773397057743117,-0.017707764138089367,-0.01743879015413551,-0.015444822598593075,-0.012388685068280775,-0.011685377701429389
2018-10-22,-0.0006611687672748291,-0.0006053630937153962,-9.457788946926429e-05,0.0019499877379284155,0.0006924925775616171,-0.005306341506804318
2018-10-23,-0.01470850370460156,-0.014810190178967165,-0.01490481334808767,-0.014385313368110015,-0.012571634987152875,-0.014189464794230194
2018-10-24,0.0015965268132875792,0.0015320100761540942,0.0013024288778226301,-0.0008326409385847134,0.0006345244920728003,0.005441598193714847
2018-10-25,0.004949139161799128,0.0050404618603762,0.005230848440154174,0.004361089135004693,0.0027284941300913367,-0.004391078193697431
2018-10-26,-0.011349682168399454,-0.01109732777791108,-0.010728923952411143,-0.009373938438732349,-0.008844432834141179,-0.008696375962321604
2018-10-29,0.01838045466686422,0.018159971924539768,0.017156244724043427,0.014273439756314107,0.01608510148098899,0.02417985841650118
2018-10-30,-0.002057811814178586,-0.0019240874612489758,-0.0013937849775831406,-0.00027480580084480056,-0.0032810978610759065,-0.0007835684600300836
2018-10-31,0.014226763710157186,0.014360839403910256,0.01460406180984172,0.015523008207045195,0.01430350177858403,0.015868173836950005
2018-11-01,-0.004003314106617121,-0.003933689721290315,-0.003907343881488919,-0.0035943327011929895,-0.004659909936981158,-0.004787558450100797
2018-11-02,-0.00011453497772536834,-8.092212431944133e-05,-3.173074338740057e-06,0.0005074830138023527,0.0031990435446228637,0.008520929379476704
2018-11-05,-0.0016123931179952418,-0.0015497452041501546,-0.0014947371433370175,-0.0014155006707463925,-0.0018293669028907396,0.0013575089149881294
2018-11-06,0.0019594587755821817,0.002095901327496312,0.0022455386536873482,0.002719517475376028,0.002163611330839724,-0.0022398576010863253
2018-11-07,0.004807444822863233,0.004793582816329571,0.004840986075444614,0.004946538243584619,0.005348930946847729,0.005243960576982963
2018-11-09,0.0019279658849240288,0.0019246076143587551,0.0017883804800959049,0.0012918660787246388,0.0016851423172391865,0.0006682283588132777
2018-11-12,-0.009344893799877763,-0.009397041866678679,-0.009483101644483205,-0.00973817574935871,-0.010188766789234733,-0.00478357872263859
2018-11-13,0.0062478877307774435,0.006179257979405444,0.006097709572008092,0.005751682003757809,0.0051334044600055894,0.006801344082047049
2018-11-14,-0.0008144472650132208,-0.0010744737348287276,-0.0013462341424755335,-0.0025777753232375266,0.0016020739020651906,-0.002726733826700519
2018-11-15,0.0038917968976459275,0.0037154602999895175,0.0034019704244501753,0.0020852142439212852,-0.0009063766698734249,0.0050947022695437515
2018-11-16,0.0010302144975870673,0.0012721869949549253,0.001489790377265541,0.002571876399450996,0.0038874214981450012,0.006381316010500789
2018-11-19,0.007494965260587256,0.007372564241664471,0.007181967219794692,0.006590292072814075,0.004759938250568402,0.007098357667013865
2018-11-20,-0.015075210278643015,-0.015025554301240132,-0.01487898644584328,-0.014232831244449691,-0.012254654726653824,-0.013390924044685778
2018-11-21,-0.00763856323735802,-0.008148696018889236,-0.008907358686101229,-0.011957596568348446,-0.011766361732529946,-0.0033059327678952475
2018-11-22,-0.00902348212554759,-0.009039524093445599,-0.00902154273289053,-0.009070446415486075,-0.008480433984828398,-0.007968056189926064
2018-11-26,0.012205451156604433,0.01233761469594876,0.012430543057329307,0.0129364460178893,0.014015266176469057,0.011069021951476141
2018-11-27,5.7031978570641975e-05,4.10546242664551e-05,8.686423254775625e-05,0.00011123747290385071,0.00013929380819211693,0.0004665222908767018
2018-11-28,-0.0005468810013159985,-0.00033875091960941777,4.303318516609344e-05,0.0014161663048221232,0.0030992053915596942,0.0011224198345648724
2018-11-29,0.002726519778198039,0.002605967221883881,0.0025310062477569943,0.0019734417379316483,0.0032619334733967422,0.009198305255382172
2018-11-30,0.0023675246900481915,0.0023454429464012895,0.0023301628552531376,0.0019533144176348987,0.002163685016795611,0.005410008018928883
2018-12-03,0.012158292955914283,0.012107074858344283,0.011954474864001719,0.011435733434728014,0.010171606904692697,0.0041898014505310725
2018-12-04,0.002658789655078906,0.002514197625912137,0.0022481316034382425,0.002853146126508419,0.004407333700574433,0.00015237751261428694
2018-12-05,-0.008989058550355289,-0.008929857527836736,-0.008864628129528311,-0.008602826346279097,-0.006528720759290806,-0.006938496926425595
2018-12-06,-0.013002478656148815,-0.013153622783185555,-0.013389787458271305,-0.013054060984953687,-0.013151692273302568,-0.01827276495779618
2018-12-07,0.0041067796972798455,0.004259085052547065,0.0044837572279244385,0.0035443950521822395,0.0021028349327961854,0.005807989431068665
2018-12-10,-0.016592441584694518,-0.016950612920213777,-0.017613320436202902,-0.017615318088152594,-0.015278601172069263,-0.01886359450043945
2018-12-11,0.006831745530801294,0.006899949769245068,0.007065262955315469,0.00742895220200142,0.008631396761978204,0.009113383088632488
2018-12-12,0.012553037120894046,0.012746443014603294,0.013027625634937366,0.014036320998889611,0.015460664233363898,0.014640945919444382
2018-12-13,0.0092593316542758,0.009173643644003015,0.008959683855443185,0.00834631577182635,0.00709289703128258,0.007292720044181869
2018-12-14,0.0024904369686762195,0.00238849180681496,0.0020923234030705753,0.0014677093055398226,0.0007244338922544703,-0.0008380807462833895
2018-12-17,0.010276937434773585,0.010097482839766662,0.009846574593666755,0.010501300767147795,0.011962176140433297,0.0072586778777378475
2018-12-18,0.002087911059326191,0.002374122695508149,0.0029900185685150255,0.002997543941052245,0.0012345722285199876,0.002151838641868131
2018-12-19,0.0046446201279576795,0.004567389981709722,0.004409170645286135,0.004504078080797796,0.005344147537503206,0.004448913855898168
2018-12-20,0.0012337560564567953,0.0013260127925957491,0.001509993177776411,0.0016106683592270147,0.0012729682330642322,-0.0003570683197526858
2018-12-21,-0.012055858514963488,-0.011926383483923917,-0.011679780581785836,-0.012336188533818073,-0.015694274006894975,-0.017930636134717598
2018-12-24,-0.006235230628190035,-0.006096039841710171,-0.005850666855981563,-0.006810011939955708,-0.009243172953284275,-0.00807047609915328
2018-12-26,0.0016531570817301172,0.0016625944609140648,0.0017083211611070856,0.0016220862313019518,0.0012841476657171793,0.0052244521551124
2018-12-27,0.00262458950483846,0.002438516259491037,0.0019996551810391163,0.0022620093008269577,0.004358636387735013,0.002275963536664612
2018-12-28,0.005727537390040031,0.005622026177953156,0.005459574939605831,0.005122026576825421,0.005025953292160327,0.008531595400685554
2018-12-31,0.0011764496099118246,0.0012843764571221251,0.0014978700404487187,0.0014097603764239475,0.00012108872479023056,0.001385180939675721
2019-01-02,-0.0028313282847205255,-0.003126267664935844,-0.0034632960529408113,-0.004008556109571037,-0.004669926048896124,-0.008065401175764292
2019-01-03,-0.009352943183012857,-0.009442993974153279,-0.009346938767104993,-0.009201271858142662,-0.0070773673001526495,-0.007407130738009712
2019-01-04,0.007849372994411276,0.007876637169919324,0.00795861300649522,0.007909690528614184,0.004841641808079358,0.0029463180289734225
2019-01-07,0.0020979407608228825,0.0021095372591110927,0.0018890700125186717,0.0018395079163568981,0.0007557168160200231,0.002710089593681763
2019-01-08,-0.002370569665489725,-0.0023150829748745786,-0.00233842325620793,-0.0026292448046110555,-0.0010959651715027126,0.0015883959030154535
2019-01-09,0.004982546600824706,0.004863698211051336,0.0048602400808631235,0.005116523548864138,0.005917241024699007,0.005141064727687893
2019-01-10,-1.7379266925545886e-05,-0.0001236564945853013,-0.00019414072242494678,-0.0009306886162006783,-0.0006407759446688337,-0.0006267803512214603
2019-01-11,-0.0034738192797425403,-0.0033739731489308544,-0.0032048054606622555,-0.0026366022570607464,-0.0032191437308807,-0.0022633418932421056
2019-01-14,-0.005500791909457892,-0.005597916120210369,-0.005721312653146649,-0.007538045337492564,-0.009193990998066701,-0.008234654543005164
2019-01-15,0.008522334326479161,0.008681392611912255,0.00893276758399484,0.009845970521895234,0.012190906477474533,0.01467966879397377
2019-01-16,0.00030383367516634123,0.00039743460023836845,0.0006795784073098815,0.0008529317136214041,0.0001340585194357282,-0.0008753142694424467
2019-01-17,-0.003996665779250964,-0.0040816858927066255,-0.0042386328008936465,-0.0030509872054801206,-0.0007621434826533026,0.0012543648093855143
2019-01-18,-0.0063211469615204645,-0.00618396372273981,-0.005969020884940772,-0.0039065838356306636,-0.0012198527987697487,0.0011958648669648467
2019-01-21,-0.0016492258200357243,-0.0016004469145478699,-0.0018180752107219576,-0.002055221379581331,-0.0020454482361974956,0.0007888153416291972
2019-01-22,-0.0001058197229999126,-0.00013849351985765297,-0.0001935905553656094,0.0003133214596955686,0.0018681713729661099,-0.0014353412489549902
2019-01-23,-0.008282882084759852,-0.008111042695249584,-0.007561363262231669,-0.007693143073255435,-0.007600737074851167,-0.004348580460279088
2019-01-24,-0.00027971928987790065,-0.0004358324918964391,-0.0005496786476655968,-0.0005125869160774422,-0.00011051875855800915,0.0008983781453394353
2019-01-25,-0.00556038500913599,-0.005617294344074598,-0.005829344679232643,-0.00544220835776615,-0.0041286865218379066,-0.005935176892481758
2019-01-28,-0.0023561957280343535,-0.0023221179499693413,-0.002366170165832118,-0.0015129923212230684,-0.0012176413595848604,-0.008650907021362474
2019-01-29,0.006062930285184924,0.0058714881745398385,0.005886849248433033,0.005602704366769318,0.004346785088373855,0.0054051318861954144
2019-01-30,0.0031874132529602917,0.0032984519491969207,0.0036442054445672374,0.0034507298100124664,0.0008409368725086274,0.0002703618873657548
2019-01-31,0.01192096049814256,0.01200141739180581,0.011981284418277137,0.011963310422478494,0.013752905419264373,0.016098751564763918
2019-02-01,0.010063972081704502,0.010142647427398144,0.010251402635409182,0.0100296698286057,0.00852592848589634,0.01073261002823854
2019-02-04,-0.003052804112743999,-0.003446912789699371,-0.004148882198169454,-0.005934608864027586,-0.006421457799561443,-0.0004883858549092064
2019-02-05,0.0026002876096562306,0.0025025658054395987,0.0022438481127525205,0.0010345891693841884,0.00018622972788244659,0.002769053042903201
2019-02-06,0.010870258374022047,0.010574905236406015,0.009965020090306835,0.008121828850660229,0.0093522518737654,0.012381787731287425
2019-02-07,0.006852941241901176,0.0067969404740505935,0.006745388615572946,0.00639753577131987,0.005354591018253373,0.0036326047622008673
2019-02-08,-0.011670772687339612,-0.011734271005213095,-0.011968031380461305,-0.012522937531352819,-0.012865353880179044,-0.011059753498785454
2019-02-11,-0.008082561159058393,-0.008133668805535628,-0.008456897883751383,-0.009823328842024064,-0.008916226401846406,-0.008744564275179707
2019-02-12,-0.0014529384784772103,-0.001324176816225497,-0.0009300081046879603,0.0004899177710494641,0.0029767943460225384,0.001392012649862059
2019-02-14,-0.008807895217172436,-0.008809847441127385,-0.008762726096007072,-0.009231200010913342,-0.011708192618126794,-0.009084482732035647
2019-02-15,-0.00589240736564882,-0.005620821747741811,-0.005185205047002403,-0.0030722447085405574,9.9828002370518e-05,-0.004260379943444109
2019-02-18,-0.009845106951918772,-0.009965779233443273,-0.010286736211732176,-0.010477517616799987,-0.00850196599281232,-0.007841861814105467
2019-02-19,-0.007561942099363755,-0.007746591605645034,-0.007979917902612203,-0.008587378076915255,-0.010135119237387462,-0.005117047605115226
2019-02-20,0.011128300099588637,0.01101842742938796,0.010724154704883306,0.01049501919411102,0.010332831967144615,0.012795007328514418
2019-02-21,0.005086139371597482,0.0049161337405466705,0.004685147242234108,0.004014662603818697,0.004243575344562917,0.00602374165102473
2019-02-22,0.004642518769707371,0.004700701411361197,0.004880889961139398,0.004694234938740271,0.005506586186647889,0.0034384879766871388
2019-02-25,0.012942333399257443,0.01297898365432203,0.01302145807455172,0.012911120510381372,0.012296236512768094,0.011028322778262533
2019-02-26,-0.001676326557234421,-0.001682646461041746,-0.0015946191792111384,-0.0012504108486462591,0.0012063552142239772,-0.0020796634052015345
2019-02-27,-0.0011328841364691812,-0.001143165823834755,-0.001247626401526453,-0.0016358405079001642,-0.003297506209012115,-0.003019402593603642
2019-02-28,-0.0006720704032218867,-0.000682503323970401,-0.0007352324210346418,-0.0004285002043057846,0.0007644314625852265,-0.0022286754330207875
2019-03-01,0.004474931029799035,0.004374173100580333,0.004368316950912619,0.004609766749700687,0.006885738986495472,0.004043430407831441
2019-03-05,0.008586836704525355,0.00845126146328919,0.00804139066726227,0.006748488082045412,0.00801590896624137,0.008508808672961178
2019-03-06,0.00453960702420682,0.004470426100464618,0.004181822267539022,0.003471488621276296,0.00619507705762822,0.004954626291085248
2019-03-07,-0.0042871061305060545,-0.004472429785421811,-0.004872861723740007,-0.00550452229353942,-0.007662812874640812,-0.006276109394187887
2019-03-08,-0.0030732552750472875,-0.0031503989072556382,-0.0036595089459242666,-0.00530329875348249,-0.0036507931794269306,-0.0066472679338142006
2019-03-11,0.009303031799917358,0.009304676575364426,0.009354951758612142,0.01003754026201305,0.011782349218194712,0.013247451281311329
2019-03-12,0.010747310473721398,0.0106295090044444,0.010352690792172376,0.009701333046224942,0.007657811748671164,0.00876775305914396
2019-03-13,-0.0009311669441161238,-0.0009785472760189384,-0.0007980133978582851,-0.0006213350747875904,-0.0026731414780860763,-0.001886955040501563
2019-03-14,0.0005558813480846584,0.0005685938859583636,0.000472203115205581,0.0003309252442842976,0.003225693740578627,0.0008180971582777597
2019-03-15,0.01239560764142332,0.012392106985242464,0.012303248468650605,0.011177844227313409,0.012168566987570541,0.006338589572351424
2019-03-18,0.0019701723238108797,0.0020902394310889643,0.0021078973560078973,0.0015849028052388739,0.0007552322463560686,-0.00047344444619476175
2019-03-19,0.007266179446667059,0.0075335900172033435,0.007834759563244326,0.008171468544493507,0.0076574974394959545,0.007248655119021014
2019-03-20,0.00039613395495347167,0.0004855670965898259,0.0006695350860381967,0.0009706856123807386,-0.003105071965227031,-0.002297247717407202
2019-03-22,-0.003790739725023187,-0.0037248831488786898,-0.003677879032470758,-0.0029584333891212386,-6.918301783944043e-06,-0.003313167897379608
2019-03-25,-0.0036518570378604666,-0.003549345116507723,-0.0032955123126612133,-0.0018974365597784777,0.0006947378319973462,-0.004537938014608936
2019-03-26,0.008673246093891909,0.008552917938298304,0.008373932109877033,0.007019854289619552,0.00688547757022461,0.007948493627779028
2019-03-27,-0.0039529931275918435,-0.0039927126771283974,-0.003921240023591475,-0.0037058014291168092,-0.005831894620177436,-0.0027562849461878767
2019-03-28,0.010601980685562631,0.010432354497469784,0.0099897854629575,0.008815001149479383,0.0035058179854239972,0.007427585478283634
2019-04-01,0.0027588012165233834,0.002878671076142582,0.003377763942848212,0.004712949347117199,0.005754630892024303,0.012518978084461285
2019-04-02,-0.000308048139928446,-0.00023592498791068662,-0.0001365601829833394,0.00035639638458869914,0.00132666468328266,0.0009992017513053369
2019-04-03,-0.004221296465313929,-0.00410578442157497,-0.003773725577226524,-0.0016816361333995907,-0.0029706295086704927,-0.005158197485635117
2019-04-04,-0.005711972940521558,-0.005894496882943589,-0.00620676207836329,-0.007265044878495051,-0.005231860506790291,-0.003360965617174734
2019-04-05,0.004115429487158477,0.004100947392128424,0.0042778087065457725,0.004441657641539079,0.0025591790914641327,0.0038899825031417576
2019-04-08,0.00023881157772273186,0.0002559665371825568,0.00035670982523451693,0.00010871819846675114,0.0011985433227484467,-0.0022602896538401257
2019-04-09,0.006388800394964261,0.0063961986259624005,0.006431935430951073,0.007096277352343157,0.007764391500743494,0.006775342896659741
2019-04-10,-0.000756085189840286,-0.0010194350835765142,-0.001280695558067571,-0.002120824416071568,-0.0012716563369071301,-0.0029151755282284695
2019-04-11,-0.00027352588091263965,-0.00024659722126978774,-0.0003674969085896905,-0.001025584555267998,0.00031463539702568616,0.0003699999900662193
2019-04-12,0.004170071693240401,0.004080911093284168,0.0037536987775188047,0.003976135498433649,0.00375556296504128,0.003921352951035865
2019-04-15,0.009583928995984252,0.010082278039970432,0.010805649177927121,0.012353256567883207,0.01087885186779464,0.00771352789381591
2019-04-16,0.006235647659063606,0.006435955941419938,0.006484979825041745,0.005877716234531457,0.0047766477310955905,0.005000893043205218
2019-04-18,-0.0044396468406298645,-0.0044065265076538955,-0.004346494122192463,-0.0043343200710962235,-0.00406136514581908,-0.0004117840649458934
2019-04-22,-0.0018195991710187203,-0.0018766088854978826,-0.0018379695640455113,-0.0014256349475511724,-0.000882979741959866,-0.007259565229677899
2019-04-23,-0.001134301987933399,-0.0009805347160884571,-0.0006358807233726033,0.00043673385232877453,0.002065597144125027,0.0006499736705258352
2019-04-24,0.008478964951577515,0.008698386655372177,0.008877824358269944,0.00837229193193529,0.006604692297831857,0.01058081903958709
2019-04-25,-0.004613940510196398,-0.004506691469767998,-0.004284270163095136,-0.0032520244976855755,-0.0017549038507857155,-0.0021250667280793487
2019-04-26,0.00554886212251806,0.005506373074376836,0.005511530756909189,0.005488309950885412,0.0038376784474250893,0.0053877080586735866
2019-04-30,0.0036377276899340685,0.00397053143912078,0.004714032077018711,0.006043368040373519,0.004620334471269516,0.005967239229757582
2019-05-02,-0.001953891266321097,-0.0014682734603778196,-0.0011500029507771968,-0.0009143548090402348,-0.0032913757855884723,-0.0041613493499395564
2019-05-03,-0.002844265128242698,-0.002675516564458471,-0.0029471445936771604,-0.004206129055602298,-0.004555517875784502,-0.002371395650618166
2019-05-06,-0.009405043153361485,-0.009406752963644198,-0.009130659789040523,-0.007857991654823608,-0.004507862113670016,-0.008854321228988877
2019-05-07,0.002159901579183889,0.0020585587560067228,0.001750781738903414,0.000769485742189316,-0.00024143007524210654,-0.003858659726115619
2019-05-08,-0.008943287440600182,-0.008659400366594105,-0.008258478861522485,-0.007146821119029566,-0.008277543602642205,-0.008413004873967045
2019-05-09,0.0007578551446199919,0.0003528489850581079,-0.00014373442179690054,-0.0016091034931192175,-0.0047245004936253224,-0.002357308248506191
2019-05-10,-0.0030514270169599315,-0.0030742636381650076,-0.0032495805627172016,-0.004303849110568133,-0.005527421205277319,-0.004563682981937382
2019-05-13,-0.005996006796933534,-0.006026696705367129,-0.005754940672799522,-0.004967631733944865,-0.011577443098206814,-0.011085926105890861
2019-05-14,-0.001292016811610991,-0.0012128387450574497,-0.0015662863826156406,-0.002916496598955734,-0.00019150608189859504,0.0016385550698182535
2019-05-15,-0.0040936667441429445,-0.004288386835319185,-0.004559925454400115,-0.005002037006218962,-0.006831216078417144,-0.005850940477465532
2019-05-16,0.009024876993973443,0.008892054026528024,0.008653123025362218,0.007887378213935026,0.0074584358073789625,0.007296467827094019
2019-05-17,0.009866523301732264,0.009969758486440619,0.009912523308552225,0.009406795591503666,0.005382924430634129,0.008861152542267086
2019-05-20,0.019677721153134636,0.020158101735177056,0.019996705594731767,0.019360887958199468,0.01549573622023899,0.025427159273830754
2019-05-21,-0.006411582486674542,-0.006558478102403346,-0.006877504759124904,-0.008271203488854535,-0.0071451012687368445,-0.008976952520696219
2019-05-22,-0.0019699826742885034,-0.001817828721681783,-0.0017381725198255067,-0.0011761959007063221,0.00039980386751992895,0.0020630604084143677
2019-05-23,-0.0033071398315392,-0.003223200782459125,-0.0028905938961030606,-0.0011450735740118386,-0.0032864431323802934,-0.004594571523455556
2019-05-24,0.008466435618854264,0.008802875318874056,0.008348910833349111,0.0062979869774731035,0.004545400384740451,0.0130853176976595
2019-05-27,0.0084518636374193,0.00864489570747222,0.008323339270761673,0.00732485446659054,0.006529763861418996,0.005933074577902341
2019-05-28,0.0008321218848745228,0.0009263483829708248,0.0012586929479332654,0.0026264574729259857,0.004776892295351703,0.0010973204982582857
2019-05-29,-0.004963391731019034,-0.004931183606669309,-0.004550120236780322,-0.0028618666149546343,-1.092994792022833e-05,-0.002841782425285311
2019-05-30,0.005302475067321045,0.005329168465971586,0.0054690476680022086,0.006086916224522145,0.008834558005561505,0.00564597262492336
2019-05-31,-0.0017812693429807788,-0.0017760748817109507,-0.0014327729585460061,0.0001012179215656946,0.0001478701289213633,0.0005593321622977357
2019-06-03,0.017081613559790397,0.017253306107274494,0.017261585170803877,0.01725379963709191,0.01633815994184942,0.01730639585138482
2019-06-04,-0.00810397757299147,-0.00817372012214472,-0.008297647676860307,-0.009099704320382398,-0.005766379410342783,-0.007774049053645086
2019-06-06,0.0011054262031127326,0.0012544341095943273,0.001332998730085979,0.0006714498052299354,0.0003099687780147892,-0.005500723040247787
2019-06-07,-0.00612402583270456,-0.006155159392096555,-0.0062704338409809305,-0.006130276332337229,-0.005360880869710061,-0.002928212351028147
2019-06-10,0.010429995819800945,0.010385218368142251,0.01027082516779642,0.009922399047838358,0.006497401735482157,0.007834588990447023
2019-06-11,-0.0023074783041671927,-0.0021844718746300636,-0.0018868233004719233,-0.0011309917590091175,-0.0009421577649010456,0.0010396016539017325
2019-06-12,-0.005265036403455315,-0.005261892943146941,-0.005362785554150468,-0.00570395841220523,-0.005050223793973053,-0.003591715104263238
2019-06-13,0.00045297384475067866,0.0005012986341641442,0.0006188637212997391,0.0009324536093485255,0.0013605327669597934,0.0011871735989685108
2019-06-14,-0.0072511368456205615,-0.007344867495290463,-0.007657750172833614,-0.008028892509086541,-0.006118152190628756,-0.007709777327093438
2019-06-17,-0.006704379146027431,-0.006819981576772631,-0.006946645860618021,-0.007001726015406595,-0.005533601003356585,-0.010755809001759332
2019-06-18,0.007221712430392607,0.00723097613432011,0.0071742135816789555,0.006888574148208142,0.005735212404969931,0.002833596279786916
2019-06-19,-0.0036135041964115633,-0.0036977446844660092,-0.0034001543313605578,-0.0022291256063668545,6.544296053227468e-05,-0.002033692442472799
2019-06-20,0.007564977826503127,0.007738075790124074,0.007900458179127233,0.008265245280951213,0.006307900086447303,0.00948503545176856
2019-06-21,-0.006736018095083812,-0.006793439199923014,-0.0069621865790582835,-0.0072085665035948356,-0.008691393554623113,-0.008489165028285511
2019-06-24,-0.00503284191193371,-0.0050422901805495,-0.005084424767768505,-0.005062665247901107,-0.0021981237456533773,-0.004625125576611788
2019-06-25,0.004880100150161019,0.004904030622808109,0.005022878805500737,0.004946667295067476,0.006150729380617292,0.0067846475276618825
2019-06-26,0.007343194527840603,0.007407623742506912,0.007437837322567149,0.007633253941783822,0.009817070493145157,0.00638074013980328
2019-06-27,-0.005803004485875359,-0.005623342667504595,-0.005513256017566701,-0.005644525773308904,-0.004413975889438053,-0.0027716108858769455
2019-06-28,-0.002265056818508376,-0.002152162465616348,-0.002103640715219163,-0.002570841194697062,-0.004142838614502865,-0.002538050462979913
2019-07-01,0.005173595712933497,0.005051018693260032,0.005146879867769121,0.005878432222297578,0.006319674464741417,0.005919389385173552
2019-07-02,0.004285460320564431,0.0040938972983836875,0.003641115702914466,0.0018597255226932413,0.0017733381054995299,0.0017918256681434068
2019-07-03,-0.0046023191641978885,-0.004472617014198428,-0.004130586948640783,-0.003248917150213955,-0.003093344739950861,-0.0023811042618158687
2019-07-04,0.0031390789500262604,0.00308952363629401,0.0028210765438277056,0.002159810487799296,0.001145379832913598,0.0003199718485715913
2019-07-05,-0.01712354237100401,-0.01682866925207082,-0.016631829761443777,-0.014133657256637606,-0.01906634145731035,-0.015400060347528312
2019-07-08,-0.017830758009159235,-0.018265036697802335,-0.01774188878079882,-0.015590184812760578,-0.01848907234454218,-0.01713222170207324
2019-07-09,-0.0034798201067818366,-0.003210427388286984,-0.003287934180091465,-0.004477961312885763,-0.00540801404959557,-0.00602173414182147
2019-07-10,-0.001764273899397785,-0.002030569983139643,-0.0019433373000773352,-0.0012019598616105583,0.00010321359355018904,-0.003216160391444905
2019-07-11,0.007158627796761702,0.007221720134791004,0.007426394276992423,0.007760367957535629,0.007465978103229009,0.007511927540766149
2019-07-12,-0.006192727266900981,-0.006171991530458411,-0.006182749241684467,-0.004485950969843164,-0.004892859117778647,-0.003468406563891057
2019-07-15,0.0064981240822581275,0.0060456387539246665,0.005739095557871621,0.00489413484758573,0.006108910218277677,0.004246853243167981
2019-07-16,0.008222882632412483,0.00859273018215811,0.00862016067851468,0.007853490398012707,0.008198654532264083,0.008019791698275908
2019-07-17,0.0005206484100672378,0.00049562845082425,0.0007347438331712208,0.002535212831653628,0.0007695374188268955,0.0002075498431621431
2019-07-18,-0.006364185693098675,-0.006570715726489698,-0.006922855262593749,-0.007807637372726828,-0.008963409817636471,-0.008182420038999159
2019-07-19,-0.011900692339593002,-0.012034531684123141,-0.011883901579339952,-0.01205439988541558,-0.00758924147940868,-0.01137311773922783
2019-07-22,-0.006316928769618486,-0.006385028867372723,-0.005965854988148634,-0.006949038379172624,-0.0055594440879912724,-0.0013471361489223476
2019-07-23,0.0037297414701076047,0.003968418677275067,0.0040897571697291486,0.004293028268474143,0.0029366332879487145,-0.0004598286874410259
2019-07-24,-0.004922127262280156,-0.004984338223889542,-0.004653788973707284,-0.0028192483258363795,-0.0017891202354559028,-0.003202820232944978
2019-07-25,0.0007440471887282269,0.0007893926762707055,0.001728003191116307,0.004743325918538521,0.0028288197702126356,0.001851917297144867
2019-07-26,0.005010228652709657,0.0054271542512856165,0.004956240089208342,0.0037539980354676407,0.0025564384987722213,0.0043094279907195466
2019-07-29,-0.011631848152354627,-0.01191985433186809,-0.012221704098993657,-0.012627944730570453,-0.01188519219312458,-0.012508034647438477
2019-07-30,-0.0068751361198508285,-0.007019188897796304,-0.006962377476240819,-0.006766297589696481,-0.006745805552806651,-0.008673368998542628
2019-07-31,0.006187768003382427,0.006315393257937302,0.006648017505214406,0.00786000302238791,0.008854505752360228,0.004638349257771919
2019-08-01,-0.011853083589783287,-0.01157603516062645,-0.010978120839881747,-0.010280257397805324,-0.007442614131713913,-0.007278996804147226
2019-08-02,0.0005197037347296641,0.00031574930097254305,-9.515442684198067e-05,-8.540314419650002e-05,-0.0048124462243086,0.0001205406823859925
2019-08-05,0.0009811085103094066,0.0006765795462775053,0.00035823811770525037,-0.0014457958819576939,-0.005461762385347395,-0.006866795272341576
2019-08-06,0.005791804413004857,0.0055010482001591945,0.004737705816973813,0.003586805947545829,0.0064252821702334645,0.007936182453786501
2019-08-07,0.0004148672537793114,0.0005416893338760463,0.0011331593116510523,0.0019688372266357277,0.001770070274162177,-0.002364289771694123
2019-08-08,0.01769421688027445,0.01762307812636633,0.017420169834178007,0.016984210935682573,0.018820940622376048,0.01618892813735034
2019-08-09,-0.00029503677347055744,-0.0006215114684224544,-0.001280308333080034,-0.0021416165548041053,-0.0001977392813557255,0.004096913280914776
2019-08-13,-0.02176046872771834,-0.021663785163655476,-0.021489371411916515,-0.019708912964013683,-0.018529587872952537,-0.012420019142420533
2019-08-14,0.006024862720825514,0.005831578793505273,0.005558991991181572,0.00532576954363224,0.002429585833627827,0.0026849938267833025
2019-08-16,-0.0017147357515042748,-0.0017210928605661114,-0.001877280697430932,-0.0011687863948590857,-0.00021422685282686867,0.0012437146293164127
2019-08-19,0.002162662695987624,0.002263314982002295,0.0024727184438598166,0.0019162427477795627,0.000987457469514696,0.002541348438612859
2019-08-20,0.0034477017699344366,0.0035432966325980282,0.0038300256464337172,0.004180765020099565,0.00404000068661152,0.002585748561684772
2019-08-21,-0.0009677520322781046,-0.0012233687834858978,-0.001706521822132392,-0.0035606822582025933,-0.004469408667035355,-0.005755334040375499
2019-08-22,-0.0013914536202641744,-0.0011934275333755574,-0.0005436646042439228,6.400144178334358e-05,-0.004301285399405961,-0.005447489803827671
2019-08-23,0.0006670114207519206,0.0007905149714930364,0.0009318969482697208,0.001053917311793625,0.004193680383628466,0.005254359284851264
2019-08-26,0.012221686669525412,0.0119355585380054,0.011201342198062755,0.010550920354151418,0.011996927451944148,0.011475305394004574
2019-08-27,-0.004852815571538808,-0.0048047133953626735,-0.004884776927934918,-0.00474704565875993,-0.0008450991230605561,-3.218144744991918e-05
2019-08-28,0.0038584558313730487,0.003772859993882192,0.00352131904821018,0.002338622223559271,-0.002462586923022495,-0.0036212218307961315
2019-08-29,-0.0024822837844388885,-0.0024475544938063684,-0.0023389418579865505,-0.002624350518749068,0.00036094109678831547,-0.00043083983395615503
2019-08-30,0.00755987000124181,0.007391621067705065,0.007479883838443076,0.005727242019873505,0.0007968371946898314,0.005285536345100521
2019-09-03,-0.010164974262487097,-0.009891172913363822,-0.009328819453976614,-0.008728558733227434,-0.009141704415153879,-0.013954382938701005
2019-09-04,0.0011685229465859658,0.0013955337049295345,0.0018293816030816139,0.003377362588948789,0.005662805688468642,0.003374787256714565
2019-09-05,0.0011639142689618455,0.00109113126301889,0.0009951897077559845,0.0011229923846704645,0.0019527502607513602,0.005846011756926502
2019-09-06,0.003086515772480943,0.0030930747316646524,0.003300825468677721,0.005054756503659181,0.0076881870625652125,0.009231926470415684
2019-09-09,0.001420232551390743,0.0013213729374187096,0.0010927719234228518,0.0007543141544102826,0.0012560972451369783,0.0037854555773467915
2019-09-11,-0.00808858308423965,-0.008274291781296007,-0.008601209007833866,-0.0089118326412755,-0.007493852700704131,-0.0023863912198266958
2019-09-12,-0.00896467977280974,-0.008855395074485205,-0.008537685344852672,-0.007563615427924278,-0.005872886896914429,-0.007178845714701378
2019-09-13,0.005967069892963142,0.005947639059728215,0.00598253055496331,0.006126480022311771,0.005111903102799532,0.00490858974715734
2019-09-16,0.0020880053835747123,0.0020688197729110394,0.0019954703807221015,0.0024866558471287525,0.0016652314538213604,0.0002960684781151905
2019-09-17,-0.007645793062910514,-0.007821815698844384,-0.008233134690191974,-0.008388144529170992,-0.008763935155460575,-0.011355904426645032
2019-09-18,0.004035553226915877,0.004048073877829565,0.004038269493939426,0.004141256346313429,0.0032015669329117863,0.001784546568404779
2019-09-19,-0.01164149641751894,-0.01166522006819328,-0.011603915648652117,-0.011308976199924761,-0.009107208022141322,-0.008858120155607366
2019-09-20,0.02968507674533694,0.02893590747071035,0.02717352638336148,0.024177167859358143,0.028240127169380645,0.044908392958739045
2019-09-23,-0.004847041873843161,-0.004970532810841713,-0.005291384616256128,-0.005638313299645117,-0.003535021167229759,0.00977203449378157
2019-09-24,0.007175563551967255,0.007393345049124948,0.007889228756797753,0.00931826886106935,0.00795397624257862,6.572644729441733e-05
2019-09-25,-0.002548755300095599,-0.0024645950634928325,-0.002164366706668013,-0.0005697755585750567,0.0004388436952995306,-0.00660299889855521
2019-09-26,0.0049756938434485955,0.0049539315841597336,0.004930786875595034,0.00437354687883913,0.0041602024501257075,0.008223729440972119
2019-09-27,-0.005830376215725239,-0.0057589448088167,-0.005457285660849193,-0.005333408482370166,-0.004935072977106427,-0.0058362871538293615
2019-09-30,0.006708580757611512,0.007174560001828433,0.007993612172811238,0.008892417594438403,0.0065244348257462986,0.0020147483945275016
2019-10-01,-0.014934879373496218,-0.014920957957700988,-0.014880286043214551,-0.014413986291469885,-0.0113450333193785,-0.010321651374170057
2019-10-03,0.00346513161800549,0.003381292964201616,0.003072760418088203,0.002539373389010206,-0.00014946736479933204,-0.0034039933139516955
2019-10-04,-0.0030068909191030843,-0.003007906922038345,-0.0030290674982659895,-0.004160357351605555,-0.006832776918334453,-0.008166970940855299
2019-10-07,-0.006027122246846194,-0.005931164930336149,-0.005727881308507583,-0.005093423390712493,-0.004565088692133861,-0.0024324302446368223
2019-10-09,0.0035753366774400968,0.0037576385073783925,0.004346954838147432,0.0043115617917522785,0.007021604714693014,0.008156013458569634
2019-10-10,0.0022651235422861157,0.002310291031438165,0.002268542232291379,0.0020983734619157823,-0.0006401250059886779,-0.001373439385944173
2019-10-11,0.011500432315381608,0.011541930151070221,0.011767915477263649,0.010676836562607279,0.009188153603199828,0.0086479224634458
2019-10-14,0.0013704693738494159,0.0014390477502938203,0.0015780772899946568,0.002000482663084147,0.0015123560534856212,0.003538838131297641
2019-10-15,0.004212558566901115,0.004385628478969645,0.0047229955652194,0.005082631305235411,0.006228897528625612,0.0059529114326260305
2019-10-16,0.0028417435273281636,0.0030581022209916404,0.003625080582084055,0.00511467453341753,0.0046410428030499405,0.004265738720178046
2019-10-17,0.004707195742118744,0.004642151059440388,0.004447595858171247,0.0043489960854842784,0.0034265205222132897,0.00671263550313109
2019-10-18,0.006823177680280797,0.006933049028597149,0.00709588037840409,0.007957834171258045,0.008095007886660292,0.00687394178836365
2019-10-22,-0.013093698984329214,-0.012401897168599747,-0.01105144496236838,-0.00798898351839921,-0.0062898320942191485,-0.007899599598566474
2019-10-23,0.006717354652482384,0.006661433348957716,0.006505389033650782,0.006382743555333132,0.006357450274881436,0.004832107544185912
2019-10-24,-0.0018650005925525464,-0.0018614231782182109,-0.001935756328639962,-0.0016071451735200286,-0.0016571846113275694,-0.00034559117476109526
2019-10-25,0.0071831594863018,0.0070808523942254,0.00690190692395159,0.005434397254369074,0.003078852812650303,0.0009237906973898985
2019-10-29,0.012928760700983848,0.01291321647624045,0.012771528308590904,0.013639751876949324,0.012545693280697271,0.010888073613542076
2019-10-30,0.006741268522298555,0.006546802395795236,0.00611097570595805,0.006073354036044755,0.004891691950702536,0.005912048201366768
2019-10-31,0.005230585068937689,0.005079918438201985,0.004895975098461851,0.0034815144746634364,0.0025082818167006292,0.004521713800412237
2019-11-01,-0.003995737403316185,-0.004008654304772345,-0.004084607471453891,-0.002506659627774415,-0.0017959903687282204,-0.004250539854644544
2019-11-04,-0.002515008454776419,-0.002481926562831658,-0.0023828503299882092,-0.0024851988545719485,-0.0005106806015568626,0.002006946565016818
2019-11-05,0.0015471928523968941,0.001546900037973989,0.0015841568455427857,0.0013149281039310685,0.00010748100721461365,-0.0005197232846736359
2019-11-06,-0.0021458792055979387,-0.0019386377888047845,-0.0015001640310375879,-0.0008738767732141084,0.0020254022008002223,-0.0005466010897642185
2019-11-07,0.007002717484801553,0.006970975297332364,0.006842744377837292,0.005107724151730102,0.002906560631842255,0.0047894569531962755
2019-11-08,-0.01575289127214219,-0.01590547605683365,-0.016248863631755837,-0.015239182902077642,-0.012762274587267098,-0.01357839769669762
2019-11-11,-0.0027384344137280823,-0.0029509126043188068,-0.0033937274608179724,-0.004201569931399274,-0.004000354239478677,-0.0033631260003220633
2019-11-13,-0.007717703043025848,-0.007449290284896491,-0.006977689881797936,-0.005721870995340216,-0.0037922828502792785,-0.003749970183366957
2019-11-14,0.0005268223575106986,0.0004546844307641884,0.0003554769222705342,2.251062050290775e-05,0.0005260295789247162,0.0018921468048405544
2019-11-15,-0.0038747915584931986,-0.0038447906925808645,-0.003757195418541479,-0.0026163562657800926,-0.00041928772018448536,-4.8871834001075476e-05
2019-11-18,0.0009031978985027972,0.000777427885845727,0.0005150580090292141,-8.226156440655337e-05,-0.0014035662531827258,-0.002613114313774645
2019-11-19,0.0015634471739547767,0.0016190253184136891,0.0017515453397776313,0.003112370212947675,0.005132323206951025,0.005209755122136847
2019-11-20,0.0085797649524364,0.008676228978703784,0.008878735578071544,0.008589195214681607,0.008376889265051472,0.007077326684547521
2019-11-21,-0.000362872466950019,-0.0003224737550072761,-0.00019249316682322924,0.0001440405477110755,0.0013197166340705975,0.00023460488612757346
2019-11-22,-0.005684661694685192,-0.005679791765682021,-0.005753457002911343,-0.006687766759934748,-0.008217016926628762,-0.009855855406008644
2019-11-25,0.008000039890929369,0.008005160536095124,0.007994851214336627,0.008652691526866693,0.009782816287877609,0.011725706293174045
2019-11-26,-0.006797146753819271,-0.006823142120987842,-0.006891463096139682,-0.006869729095398268,-0.005872306100500203,-0.005726215952307686
2019-11-27,0.006038301842258089,0.006108455828771868,0.006168023125739328,0.006331560741521193,0.005934887427578715,0.0057833737380054255
2019-11-28,0.0006555715649799625,0.0007329925867787261,0.0008782135303910567,0.0012430875099245457,0.0016432027289245564,0.001742943315667136
2019-11-29,-0.00960052891041791,-0.009782574220548646,-0.010127933949134714,-0.01087903503368026,-0.010326336166542664,-0.008618624912720405
2019-12-02,-0.008703320975455063,-0.008258604894891658,-0.007497410568569364,-0.006525742164921222,-0.005616666725783091,-0.003108117862796837
2019-12-03,-0.0035273238071462593,-0.0034790190554498763,-0.003171820603536203,-0.0031444465095244577,-0.0030654634389709334,-0.0009843144529376553
2019-12-04,0.009096594438962578,0.008928541775076846,0.008578407169171694,0.008841925606482998,0.00709653481489541,0.0057822048901600975
2019-12-05,0.003387667884954251,0.003342205570785792,0.00318758904242162,0.0024939179529087007,0.0007620166813806363,2.5834725914649758e-05
2019-12-06,-0.005943779440507068,-0.005755126642998744,-0.005401599951505959,-0.005271017868564895,-0.0030258013862888545,-0.003386447305482913
2019-12-09,-0.008104082007737155,-0.007975568817691805,-0.007830169088976114,-0.008319905580564635,-0.006235787205085188,-0.003456485543449173
2019-12-10,-0.014969164676773304,-0.014930998383452417,-0.014773048728911886,-0.01325289298061557,-0.008769967886484589,-0.007316182843231664
2019-12-11,0.007643398629479336,0.007675388160286836,0.007630102430761645,0.006636028388583652,0.003985061166310989,0.004256807140395709
2019-12-12,0.002094428861145612,0.002040347688291775,0.0020186396344069905,0.0020520592708655485,0.0024795155873281478,0.0010817329200948883
2019-12-13,0.004771368016981445,0.004726389247101546,0.004508992654412028,0.0046907107113399234,0.003682347947513043,0.0033457208351568256
2019-12-16,0.0030003705977273113,0.0029844357627056674,0.0029033503600489506,0.002999156127587933,0.0030677463823727906,5.4911726191100244e-06
2019-12-17,0.007296019844704212,0.007132957862423299,0.007034032340638071,0.006122681366507926,0.00599350361069841,0.007081870416511935
2019-12-18,0.008230837974931283,0.008085127377335435,0.0078000530965528425,0.0068191377405796135,0.007760915936612706,0.0077744455217306635
2019-12-19,0.003535160819108695,0.0037745020790420844,0.004169867194873507,0.004794241901143552,0.00434382391157989,0.005043669135165973
2019-12-20,-0.0003541365483772578,-0.0005240209397400818,-0.001050353902749909,-0.0017377066949553648,-0.00036480647620010156,0.002114056475170886
2019-12-23,0.0013966350329869363,0.0013952832436003857,0.0015236931280461549,0.0007783105509373445,0.0006955203919380657,0.0014598369902738817
2019-12-24,-0.004076442698844312,-0.004099984892148275,-0.0038998777962811334,-0.003273205716472818,-0.0035881575088305973,-0.0037944123107880156
2019-12-26,-0.004882803293731841,-0.004814087690973439,-0.004722597395123057,-0.004966246492504825,-0.00743711679993759,-0.007558942150205802
2019-12-27,0.007469227925251162,0.007308644399866637,0.007118865624280041,0.007400083222019876,0.007850910157446914,0.007272883209542912
2019-12-30,0.0014829696867800426,0.001432742654263363,0.001242191823744982,0.00117850026819473,0.0017089731999046357,0.0013687613382742637
2019-12-31,-0.002847777058151841,-0.002896003475728902,-0.0028784672397086882,-0.004126703031113416,-0.006522833109132046,-0.00636480622748806
2020-01-01,0.0027666265575372337,0.0030357717732494203,0.003520653465001492,0.00498588734840732,0.00463669814803266,0.00250347375740915
2020-01-02,0.004517954518034726,0.004310952298519663,0.0038129591731312917,0.003093423830286952,0.0020767297641131645,0.001390223538781445
2020-01-03,-0.002849366250335191,-0.0026033048065054187,-0.0016518255976796174,0.0007038042844101069,0.0035606761178067466,0.0014533777062594208
2020-01-06,-0.010046959539126226,-0.009808518442706075,-0.008856801840186211,-0.0067771200200469,-0.006446261973178356,-0.008197440921384205
2020-01-07,0.004721823827251439,0.004882143868508151,0.004692734690597347,0.004433164221217336,0.004639624885639291,0.003834915250039756
2020-01-08,-0.00172104318521243,-0.0016524190055272109,-0.0014457648842636111,-0.001239983233987169,-0.0007454593575661592,-0.0005010865638648008
2020-01-09,0.007497538053291307,0.007007487080380896,0.006063111394527621,0.00412012297320375,0.0036942367689252967,0.005418374915619811
2020-01-10,0.003917387137480783,0.003901754420317137,0.0037578143217436564,0.0034758958441347986,0.0033116211493774725,0.004314697909635991
2020-01-13,0.008835685424041728,0.008765664120031554,0.008805651920172545,0.009118688359968442,0.007436630553774186,0.00894779937869098
2020-01-14,0.005219564869786137,0.005429390379904597,0.005762493401090234,0.006675839358125636,0.005520265829284351,0.004813865516706884
2020-01-15,0.0009195014875189568,0.0005653751139675082,-3.3364422600036157e-05,-0.0018069979978057773,-0.002699478362990656,-0.0024570233285574608
2020-01-16,0.0036388566832103674,0.0035459000969849386,0.0036818135009823176,0.003993157948704068,0.005849796004167546,0.005110431224330145
2020-01-17,0.006129216310369421,0.006126383607942718,0.006364308880866344,0.005349851251535184,0.005606857513696616,0.005845371687597709
2020-01-20,-0.009571346642525458,-0.009453639258572386,-0.008722561805908358,-0.006235517289282046,-0.006055805205257993,-0.00678666056986693
2020-01-21,-0.005281124087422565,-0.005362762159903063,-0.005406385406075661,-0.005793280904440342,-0.005257061864113583,-0.0050023762773812675
2020-01-22,-0.0056760169999621034,-0.0055513851444533475,-0.005058305339849833,-0.0031243533421729326,0.0009398334097453919,-0.0003530600559667105
2020-01-23,0.006080049782214148,0.005864255307828366,0.0054595779398773706,0.004633477132741296,0.003144168124337406,0.004080206723040205
2020-01-24,0.005458015785179518,0.005156662656695322,0.004809127981615626,0.003950468459568528,0.0020949133797514108,0.0025638596452343923
2020-01-27,-0.003041058217176819,-0.0030735211883046055,-0.0025215423048745864,-0.0026151884374942163,-0.0014165093213371963,-0.001986601973838862
2020-01-28,-0.004407814922601097,-0.004271884895668173,-0.0043616214420851345,-0.004450585779040492,-0.002622473944683924,-0.00438085366322358
2020-01-29,0.008059232012408381,0.008016007440557379,0.007813635000074069,0.008061902124248684,0.005508443113706383,0.0052001040884034405
2020-01-30,-0.004835313779970573,-0.004985240336124193,-0.005324837884752191,-0.006934283844749726,-0.008381707417604987,-0.0076206437583864976
2020-01-31,-0.011371244977638598,-0.011261889015643522,-0.011428729548450672,-0.011124543023171297,-0.012425119236743434,-0.010134236070397791
2020-02-03,-0.0036075480904825255,-0.0032775130692898466,-0.003460153881165985,-0.003263718468187303,0.0005012867040862974,0.0017396270214618157
2020-02-04,0.012437415049495477,0.012399672146591729,0.012577988154125065,0.0132272252324942,0.015482927196313166,0.01786573214595441
2020-02-05,0.0006666438207592971,0.0006257715888831207,0.0002620365303752628,-0.0006656879646381353,-0.0012829172037120628,-0.0003822636696688157
2020-02-06,-3.851981773974266e-05,-0.0001454838197696708,-0.0004759565306051008,-0.00136077608486775,0.00036714687099633696,-0.0006371711617210184
2020-02-07,3.0379334434821282e-05,0.0003401303563915026,0.0009754879712368373,0.003020856107404971,0.001615164419012773,0.0021317623588989693
2020-02-10,-0.0037898749385924663,-0.003768465661585335,-0.0041214071932386825,-0.005261620301749841,-0.0051093428317086865,-0.005108288850564744
2020-02-11,0.0070264300583886075,0.007164067571931187,0.007506160501351786,0.008086722227245866,0.005451219613294997,0.004878648399122619
2020-02-12,0.00828026633263659,0.008126704245755232,0.0077150369783622105,0.008701433895892449,0.008465492253629523,0.008137820184310474
2020-02-13,0.00342064486006634,0.0031329046337746588,0.0028448151844208324,0.003001347238070607,0.005681673903741628,0.006214611679435
2020-02-14,-0.0032475825395400946,-0.0031535495982559242,-0.0028948698881521243,-0.0033737407817190047,-0.0046372576680783935,-0.003901302211879805
2020-02-17,-0.004413271074022941,-0.004477354231898366,-0.004585294889617567,-0.004692959907260285,-0.0024787430672034184,-0.001516850743306567
2020-02-18,-0.0004274591990082846,-0.000484461052959156,-0.0006506516378203791,-0.0007652693711179084,-0.0006957680190303071,-0.0013865153539042603
2020-02-19,0.007901216804378705,0.007861118878664461,0.00786762173783198,0.008987760019572393,0.00772942963536012,0.008668743192944181
2020-02-20,-0.008488215952288686,-0.008450675018896733,-0.008247178729560285,-0.007785183735116082,-0.007449252741918448,-0.007383577124060062
2020-02-24,-0.018743363273662786,-0.018464612952071045,-0.018208896601367874,-0.01693721465428868,-0.014612764024782999,-0.015549702907580145
2020-02-25,-0.004972919436946475,-0.004993731403642949,-0.00495549317514195,-0.003780625811248352,-0.004681432407037174,-0.0044031253206400596
2020-02-26,-0.00807076736972271,-0.007912649472114397,-0.00796583245106888,-0.00815431952583856,-0.008433333978367529,-0.008539221373207876
2020-02-27,-0.0021366210438415493,-0.002220558642604781,-0.002549280305875657,-0.0029624090965754885,-0.0024174448915427913,-0.0021685726784848843
2020-02-28,-0.038010490368528146,-0.0379937438205082,-0.03801831857362851,-0.040054529622696455,-0.04341853535570345,-0.03959908940146793
2020-03-02,-0.011528507121624884,-0.011461418789816128,-0.011386006981798,-0.011023717603965937,-0.006277399866848244,-0.00022338260718216462
2020-03-03,0.015611377907539796,0.015779323961039697,0.016357062018535033,0.016549291918278797,0.01976182031329455,0.019318906299942734
2020-03-04,0.0007283915425126079,0.000880842816832757,0.001154237603134101,0.0017377953618121118,0.009679273146403709,0.01124703122405328
2020-03-05,0.007321079146319701,0.007370445761363783,0.007279936791205095,0.006746569407736088,0.0054671611874219615,0.003590333422088315
2020-03-06,-0.01114411521093149,-0.011163220414615049,-0.011177895299325858,-0.012770633792851396,-0.013176050160335172,-0.014875396658458964
2020-03-09,-0.03456807992719847,-0.03479181533298078,-0.03475715047470963,-0.03611916601863981,-0.03994148877780019,-0.043053933051312825
2020-03-11,-0.0008647587193687687,-0.0008807492874999688,-0.0009620322464120308,-0.00018250105146957432,-0.0027299898052161077,-0.0022816546979975284
2020-03-12,-0.07548023052654924,-0.07561474042686536,-0.07556458802222997,-0.07591999591813606,-0.07602666936331667,-0.07229078923690517
2020-03-13,0.02227210526715543,0.022516429517150403,0.022932236401098417,0.020196194391070815,0.017247760884293598,0.01402792625536561
2020-03-16,-0.05569786825159509,-0.05567091609586255,-0.05580901506866465,-0.0555715044685451,-0.05152280495992385,-0.058517508802178084
2020-03-17,-0.013280150849483866,-0.013288542990145414,-0.013454767332825418,-0.014656262858782573,-0.011473822787160692,-0.012688736078650991
2020-03-18,-0.059085157248367395,-0.05877744824275083,-0.05930578264168944,-0.058609940866639725,-0.05281165339914609,-0.05116506862962203
2020-03-19,-0.008549316990871171,-0.00870465387742654,-0.009264755661517429,-0.011189722284056037,-0.004945844235786266,-0.015531267983045254
2020-03-20,0.06370013730245674,0.06376610547080608,0.0627119455647456,0.06340818109766355,0.06681982024049564,0.07116418594057067
2020-03-23,-0.11767172882596777,-0.11669939006762658,-0.11521556246906554,-0.10957209126111363,-0.09181753652071253,-0.09197967010869103
2020-03-24,0.011142196092709868,0.011567514473824501,0.011859389819754613,0.015702135424890337,0.019715804861077553,0.03189740229062486
2020-03-25,0.047794788218067895,0.04730369373667399,0.04705860434928115,0.044527958186347416,0.03628325592332812,0.04379209022801748
2020-03-26,0.04599364937899221,0.046090230879268,0.04612176865994644,0.04764500242813277,0.04429952470311735,0.030180400411244097
2020-03-27,-0.0016991618985321912,-0.0014242018090181953,-0.0006958286302857814,0.0007626874650649275,0.0038781443705418065,0.0007535618094473995
2020-03-30,-0.03103046297011597,-0.030594319967272087,-0.029776575394818386,-0.02544001886951497,-0.018359073030002317,-0.01470421157217543
2020-03-31,0.029763067985858347,0.02941516221645438,0.028047217866216993,0.029580428125837405,0.03350953747298497,0.038169405186940286
2020-04-01,-0.023013881810042946,-0.023273792854563068,-0.023551676968032884,-0.023608900627659354,-0.0261535017464115,-0.030394736956337057
2020-04-03,0.007433594135012764,0.007612831247993396,0.007704196575588001,0.0073422669708292304,0.0040320368833390826,-0.0026620744916658933
2020-04-07,0.08101838906046492,0.08103432743467694,0.08103316498930002,0.081035186721167,0.08083852780506265,0.08176572417939769
2020-04-08,0.009390640975214744,0.009231671815408122,0.008995197957845917,0.008992237357035124,0.006557212394599259,0.003966242991516591
2020-04-09,0.043467123958930876,0.043341118027149246,0.04320352138683049,0.043009768809698326,0.041166605374925426,0.0357334087945647
2020-04-13,0.008616067552313107,0.00899622981159054,0.009370030307775536,0.00866866038982432,0.005152671164555879,0.0007153634987652122
2020-04-15,0.0006799885972906209,0.0007870640686681672,0.0009256271053661828,0.0006324293276107834,-0.001142246202335248,0.0048188849257399975
2020-04-16,0.017747657329950595,0.01761347487841619,0.01751901507149848,0.01761067403100688,0.0164266440667882,0.010287848281188644
2020-04-17,0.0069695534471014555,0.00715971784586417,0.007371064863822793,0.006979358492050122,0.009004501108969849,0.00809406839731611
2020-04-20,-0.0067853656098187205,-0.006636444352231461,-0.006388936177415373,-0.006276185201352006,-0.004866723498404911,-0.007286260613323884
2020-04-21,-0.005194198895179563,-0.005172718245079125,-0.005222835858921462,-0.00544989641972864,-0.007500754257162291,-0.008836898307994437
2020-04-22,0.010368036278809875,0.010528408493751933,0.010781887730863995,0.010521976517382157,0.00939112117677365,0.010881284495545079
2020-04-23,-0.002498641510846306,-0.0022076905908826315,-0.001833119776643521,-0.0016281531032509887,0.0023278923167836746,0.0022813365302049105
2020-04-24,-0.0016501532632501852,-0.0016650050517132264,-0.0016830285750312948,-0.001822177311341999,-0.0044390844526177205,-0.006818062066959672
2020-04-27,0.010107607448326915,0.010003664789491853,0.009894438456491716,0.009979973152061797,0.008933678633326968,0.009618080555955939
2020-04-28,-0.016060738577397208,-0.01603073809722754,-0.01597332880042357,-0.01600415475186492,-0.014398845760273005,-0.012177905048882153
2020-04-29,0.003343721741467679,0.003367365381868413,0.0033456520126108483,0.0035899087066019824,0.007794047718957454,0.007489968471310358
2020-04-30,0.02325867966654594,0.02313867602535908,0.022981546714561304,0.02354198047822227,0.028285286569814095,0.028837459842964503
2020-05-04,-0.023910592222439457,-0.02397152645196856,-0.024118613923559254,-0.02457790211756197,-0.024237531255746982,-0.026882116527303473
2020-05-05,-0.010325309037807495,-0.010293559214815198,-0.010185562232124006,-0.009848493627777708,-0.010135831342866048,-0.008961159919571431
2020-05-06,-0.0061853984684298105,-0.0062140231157043375,-0.006304608069057622,-0.006589787844188321,-0.005884530410310867,-0.0009631569001513445
2020-05-07,-0.013112973036767596,-0.013118184748860505,-0.013119037482075928,-0.013128140276793331,-0.01336927150348844,-0.01558045680549439
2020-05-08,0.0001414792063252593,0.00015318244922348564,0.00023704019028090127,0.00048193739197113306,-0.0002528997428415227,0.0003032117514211244
2020-05-11,-0.004539261649005326,-0.0045540878501333405,-0.004611095484033334,-0.004786441780588183,-0.004357238150033076,-0.0021763507447842183
2020-05-12,0.002382535967139561,0.0023753244926801483,0.0023317964044293387,0.0022032135968589875,0.0025763695286591254,0.004628426783206001
2020-05-13,0.0041176548421137235,0.004078712014109108,0.0038926537882033032,0.0033323963307707615,0.004069570514692639,0.006297686452717319
2020-05-14,-0.016637933302594228,-0.01663436079376775,-0.01662219822623512,-0.01658421194584138,-0.0173634278302639,-0.01805923109444357
2020-05-15,0.0034520086974088532,0.0034732460281849836,0.003553353388773115,0.0038005531971517276,0.004073548915641571,0.003056536486266274
2020-05-18,-0.021519800870740836,-0.02153689446010669,-0.021577403675771316,-0.021710621531202127,-0.021402772494525834,-0.023224583033883774
2020-05-19,0.009702599826877111,0.009692350855076203,0.009645007319185274,0.009501925373653883,0.010160216239304128,0.0114803774364883
2020-05-20,0.024547615095324226,0.024566739929329624,0.024616863376190026,0.02477912887100411,0.023791451992267815,0.022830021250463173
2020-05-21,0.014022087324842853,0.01399717077669424,0.013912974337907346,0.013649829531574578,0.013594876011846458,0.007579308757433442
2020-05-22,0.004766713149805981,0.004765178692503131,0.004756422495578375,0.00473041999331361,0.004518362329468335,0.001848675746628594
2020-05-26,0.01121501368752869,0.011259770607911756,0.011391129187447304,0.011809481052474442,0.011855719579346669,0.0094243933907167
2020-05-27,0.006883129830811617,0.006803332598555672,0.0065479624750362925,0.005744489520273907,0.008016653004679209,0.012853143220109352
2020-05-28,0.014406782715398091,0.0144381407699231,0.014542632235782824,0.014870073095892342,0.01405124462236188,0.013573924110103214
2020-05-29,0.03108622910332065,0.031019095943933154,0.030828921222185054,0.030220162673425095,0.031217226507353327,0.028230072950463543
2020-06-01,0.006323104478665764,0.0062352068157801996,0.005962343285473043,0.0052740432957342175,0.004441428555428895,0.007768138442471221
2020-06-02,-0.00034735269504444473,-0.0003474932732610578,-0.0003328519955681413,-0.000223252937377281,-0.0005743089353375235,0.00011226309433497476
2020-06-03,0.00030147990820900226,0.0003136058822007519,0.00023346660578213744,0.0007684903222926294,0.0008315213733603648,0.0005641229617384422
2020-06-04,0.007934426752177488,0.007972689389650692,0.007963034517810628,0.0068758925632127705,0.005397682841794417,0.008736801390840824
2020-06-05,0.0073063942107823715,0.007374319836137342,0.007636550399503317,0.007850117372111685,0.008185889234838097,0.008823614802086727
2020-06-08,-0.006248443332912093,-0.006294039993412066,-0.00626232855907114,-0.007141261614981648,-0.006725071022788268,-0.004032297364204889
2020-06-09,0.00339442159419711,0.003305475746040091,0.003009056971991961,0.003182466648801518,0.0018961295319388327,-0.0009566823273673571
2020-06-10,-0.0018100788475399877,-0.001855673775258397,-0.0020515460312409512,-0.002301703492538425,-0.0028246726123664005,-0.0027410807577303593
2020-06-11,-0.018313474076968626,-0.018291195900927305,-0.01824040393197592,-0.017981553448581725,-0.01666255725776728,-0.016895444794543645
2020-06-12,-0.0019874647314697745,-0.0020200951988885115,-0.0020989826533170043,-0.0017779061323246192,-0.0027370368032465764,-0.0030358537620127713
2020-06-15,-0.013352344355716663,-0.013297501729097752,-0.01306931119353591,-0.013251918706429517,-0.012486755511894963,-0.011966720257426589
2020-06-16,-0.0029071226224824088,-0.0029256638163450764,-0.0030251188537225994,-0.0029617532689560112,-0.0031240352148531104,-0.002158942258933854
2020-06-17,-0.00622040257071854,-0.006162370640432376,-0.0059912880809093,-0.006426238510603205,-0.006638619797189282,-0.003659379185534394
2020-06-18,0.015760521066737414,0.015806633330483284,0.015912035976244424,0.016254599493483866,0.016601651921233675,0.015855216092694788
2020-06-19,0.005967539955515827,0.005956180690636313,0.006010328085796507,0.005833912739265544,0.0056779236587276944,0.006686935544426874
2020-06-22,0.01974074525129172,0.01970117259226359,0.019610030775096616,0.019887780985638773,0.019241427838634945,0.01765597620947081
2020-06-23,0.0196451604753263,0.01969413366578027,0.019824163032422425,0.020354183484034657,0.021133315538453094,0.02076450632614922
2020-06-24,-0.011515030259530396,-0.011546556584277636,-0.011621499226065585,-0.010870699703644437,-0.009799516059602924,-0.01487687223478866
2020-06-25,-0.0012462477756482286,-0.0011499680444486734,-0.0009645620744007039,-0.0009381106316592698,-0.0007312940527527036,-0.0005464182182676946
2020-06-26,0.0012690307040136095,0.001226816573826897,0.0010437080855393343,0.0002880350772047893,0.00019988398384278468,0.0029952063905141317
2020-06-29,-0.007031681889437787,-0.007104276200388775,-0.0072876869843035725,-0.007390516498364788,-0.008202266866219535,-0.008499157898490928
2020-06-30,-0.006548013824172385,-0.006432061006017724,-0.006204834135813643,-0.005416998142567248,-0.004001240010538443,-0.004474315252242097
2020-07-01,-0.004386065349503214,-0.004318727434031175,-0.00423156149847574,-0.004037262024709787,-0.00375100383031229,-0.0045840945674372295
2020-07-02,0.013088382911982712,0.012988381548430046,0.01289509639783015,0.012411862004081762,0.011303809553102239,0.009887523305595145
2020-07-03,0.00876999725778524,0.008596230797342853,0.008439344884333453,0.008428485037386135,0.007301972884533516,0.009427920806581891
2020-07-06,0.004749663790025674,0.004653776110269983,0.004611584726234717,0.004572564821210429,0.005345447252955753,0.004747178393276824
2020-07-07,-0.007272541933497426,-0.007295474595436213,-0.007348514521966047,-0.008056811440999278,-0.008766613106770788,-0.0068104930040263564
2020-07-08,-0.00854430806370817,-0.008744471387931278,-0.009132508387260683,-0.00896859109825668,-0.008223503439204864,-0.00741402052998984
2020-07-09,0.002072247922171449,0.0022760257514527916,0.0025880068243043252,0.0024323469916464413,0.0010981196348190312,0.00012916789113023527
2020-07-10,0.0004948347159203395,0.0004215041578105004,0.00021290800513224526,0.0003048933091177005,0.001179324144858309,0.002965346640721213
2020-07-13,0.004631355159192198,0.0045660141797538925,0.0043917091306683856,0.004016154264072083,0.002419413714353476,0.0031966554179893246
2020-07-14,-0.012809236056923568,-0.012779956432895215,-0.012686071600351678,-0.012241676806814455,-0.01252740628839016,-0.013759728479211966
2020-07-15,0.02570934230368463,0.02553759418981661,0.025077669515623353,0.023648180197608507,0.019025951047524532,0.01431171528388141
2020-07-16,0.00735079579326179,0.0072214827806005725,0.006962888331441158,0.006144447117639494,0.006425721776290105,0.006929193648035013
2020-07-17,0.005425460686730096,0.005438448655722728,0.0054160258719895904,0.0052402154222672345,0.005564947290358881,0.007748637540674114
2020-07-20,0.0020045376961373394,0.0020220420911578503,0.0020151232230958913,0.001672385551496979,-0.00011616452624996004,-0.0007068540466352814
2020-07-21,0.0029158052047461858,0.002755007246412717,0.0025293036402482946,0.002266668468390582,0.0021878303529304414,0.006033304248847151
2020-07-22,-0.0010948960410506283,-0.0009380246401741363,-0.0005765512759346586,0.0004914597371207452,0.0024885185658540046,0.0033355906847843788
2020-07-23,0.008147524273481862,0.00818409303550801,0.008438704268878338,0.008750846715885727,0.00856263626802505,0.00922664259172224
2020-07-24,-0.0037471918804078998,-0.0038449292781973653,-0.004023410647151906,-0.004376487861254572,-0.0044626288228671405,-0.004082192250119129
2020-07-27,-0.0017730474335132648,-0.0016457230137501457,-0.0015193698893360716,-0.002242314204402179,-0.0035225264070203348,-0.0074751132165134584
2020-07-28,0.014285611941914987,0.014228179038048868,0.014094214237083041,0.013346388461249277,0.010877305335002817,0.011855600107087265
2020-07-29,0.005550428070176392,0.0056726196433204016,0.005903959693863471,0.006479694668702066,0.006454904561151793,0.008691164957066618
2020-07-30,0.004098498010239458,0.004159705198333042,0.004337618495104518,0.004225681788894969,0.0032065863961040627,0.001599021736909071
2020-07-31,0.004707444421365881,0.004661621948303694,0.004573440143252984,0.00489103971797565,0.0069888161897391,0.007573705458871108
2020-08-03,-0.010188468129708072,-0.010154989195897027,-0.010015649668612563,-0.009466100933186146,-0.008610381021241892,-0.005485317994109185
2020-08-04,0.009430517446049218,0.009411658638292773,0.009220643484793258,0.00862075800817841,0.006418978604337345,0.005419884922263831
2020-08-05,0.0009975868931652084,0.001077382393559914,0.0011888651714100583,0.00132148367604868,0.0009299744280488052,0.0017532461318595428
2020-08-06,0.007881678137847167,0.007853211950150533,0.0077916284391619005,0.00762877102757437,0.007561891068663812,0.005747445228995153
2020-08-07,0.004190856232457338,0.0042303315596045315,0.004247793484031863,0.004518273072537127,0.003993735483837954,-0.00046970820054382633
2020-08-10,0.012590734123151277,0.012627131540238605,0.012750843451597086,0.013074485589413891,0.014434717779871403,0.0157629572266084
2020-08-11,-0.003036574308921231,-0.0029846809136103887,-0.002932380542152807,-0.0029472189477388008,-0.002844588778966861,-0.003992498341848747
2020-08-12,-0.005323654655093343,-0.005458752941623195,-0.005567001474006971,-0.005817655925059303,-0.006249700958650876,-0.005619407451442215
2020-08-13,-0.0047870292605053716,-0.004710281741407849,-0.004529084670339804,-0.0038054045836236313,-0.002684933786461917,-0.0021935969098134033
2020-08-14,-0.0036213529470434003,-0.0035818121904658646,-0.0034485001132517905,-0.002928873732748509,-0.0019417442406360007,-0.0020290077470561806
2020-08-17,0.005851934183776911,0.006032959263846931,0.00651722653814415,0.007789451595963159,0.0108445447734973,0.016839398573999513
2020-08-18,0.004728995902190279,0.004714138463991954,0.004625320364992522,0.004254336360027164,0.0031899329530441596,0.0020354703219716947
2020-08-19,-0.002295592257955449,-0.002309439934516773,-0.0023674500864087743,-0.0026632682014537615,-0.004037206641511574,-0.0052293735902791995
2020-08-20,-0.0038663969396368824,-0.003704504880797544,-0.003263500130747615,-0.0021536314155555713,0.0011925877445891644,0.006203679308575027
2020-08-21,0.009832761968789676,0.010052455061668325,0.01052572081088456,0.011459887518024663,0.013249267239193917,0.015022893129143199
2020-08-24,-0.001150961564074169,-0.0012881408100968497,-0.0015969789156428673,-0.0023288470362074574,-0.0032811465523866594,-0.004182088586183814
2020-08-25,-0.0036723469676238404,-0.0037227196279563148,-0.0038540750140521342,-0.0040408372724039104,-0.004396897571564903,-0.00454707153011613
2020-08-26,-0.0013673167702088645,-0.0014216379128138262,-0.0015336324084352874,-0.0017342380763052247,-0.0016211561868004316,0.0004336578009302355
2020-08-27,-0.0003073284621386567,-0.00030398879207985466,-0.0003257619051812792,-0.0005420767375217671,-0.0002771928405647382,7.441423879550244e-05
2020-08-28,0.001244849685652645,0.001117406005325743,0.0007405816090513095,-0.0006782404426278381,-0.0019101979834907305,-0.0030483559558799707
2020-08-31,-0.024219397791157345,-0.024076319705222664,-0.023944048697033045,-0.02380478277722022,-0.024686639285857133,-0.02916152946484967
2020-09-01,0.010195836299422433,0.010395729683129054,0.010869458153760163,0.011411761163942904,0.011848513851503489,0.013500725433554907
2020-09-02,0.0026166977331054386,0.002562540881993467,0.0024225460616261857,0.0022805037552582697,0.0027289947708714316,0.00407062101717422
2020-09-03,0.005745623979217199,0.00578029137811409,0.005822385488426106,0.0060712371199120535,0.006179457388570467,0.009109096043420625
2020-09-04,-0.016221946422358233,-0.016215914447573348,-0.016198171921963815,-0.016383043112562515,-0.016764960063483665,-0.019588697040692427
2020-09-07,0.0069692503719821774,0.0070859987679421695,0.007356401933315531,0.007803636267686634,0.008019213127793034,0.004871443428480388
2020-09-08,-0.00883195843009335,-0.008817576621208115,-0.008873622053457045,-0.009241775167492985,-0.009436330730444207,-0.01003903689721911
2020-09-09,-0.00014631646340965317,8.386855520630928e-05,0.0004888638847707757,0.0006893698253320362,0.0008664426149854166,0.0036536265097093694
2020-09-10,0.006390204598221242,0.006799571313124315,0.007490595924592552,0.007656997685619905,0.007189665912140505,0.0036037627135927404
2020-09-11,0.0002850077472273541,0.00024106048775072,8.855401435790746e-05,-0.00025909088277192415,-0.0006089451065747226,-0.00021832558706392813
2020-09-14,0.0022692390123638154,0.0020868959207254434,0.001774869554056504,0.0011655792905950935,0.00040599553531951455,0.00035026342348472186
2020-09-15,0.0036722873998658377,0.003689857639896653,0.003714952769446762,0.004031975650012389,0.004352643228736524,0.0052966655550626095
2020-09-16,0.006932895191668379,0.006847835423967815,0.006647954219219443,0.006670606752313526,0.006529927481750022,0.007940295844761655
2020-09-17,-0.0009963661891732524,-0.001047510283276805,-0.0011396173327299437,-0.0013792536501197811,-0.0014769588337564662,-0.0029433241658881467
2020-09-18,0.015423468596240344,0.015537077958350833,0.015838435100836143,0.016765613581578832,0.017820818886965423,0.022619693741386213
2020-09-21,-0.026098565741574018,-0.026126547480844385,-0.02616999955448298,-0.025732858636109128,-0.02535680296658341,-0.025797960873796755
2020-09-22,-0.0035634206330618264,-0.0036205770008194854,-0.0036988666485526676,-0.004133947302678449,-0.003995147430294584,-0.002369462515310984
2020-09-23,-0.009508214708577871,-0.009441448154343727,-0.00942205645052601,-0.009834665477222091,-0.009072646813286869,-0.008699910036777773
2020-09-24,-0.023883909321840556,-0.02379910981378782,-0.02366976903084453,-0.023104277618986285,-0.023211551549181704,-0.028884785506140577
2020-09-25,0.023925223596708164,0.0237409969238497,0.02344381950748461,0.02327282312935027,0.022835513979494258,0.024151729942206
2020-09-28,0.009602294515178834,0.009679135924694313,0.00989466156328695,0.010847950019526292,0.011744037375507495,0.015061494743059161
2020-09-29,-0.006997888954804089,-0.006937306907218516,-0.00685386517593944,-0.006439348063190795,-0.006813040281684782,-0.007455991675160352
2020-09-30,0.006181815358304564,0.006206279880394341,0.006202203398470069,0.0063139105752051256,0.006337252632995515,0.00506535632768708
2020-10-01,0.008956246920281696,0.008854624795763209,0.008775581779009526,0.00815579088054898,0.007668486022863568,0.006094040702242976
2020-10-05,0.009120263978724995,0.009387541250173648,0.01004347774473419,0.010311276385987073,0.010368644911449088,0.014439673369400712
2020-10-06,0.005214660315277574,0.0052486395614829645,0.005303054267811023,0.0056223633344807955,0.005062895015992877,-0.0004242235196615944
2020-10-07,0.010849383586186104,0.0108065441738385,0.010687427525662164,0.009984275918250683,0.006197510018253976,0.00136734015182769
2020-10-08,0.010622677089495694,0.010560804744246106,0.010365914483718989,0.009697630384068108,0.00997894424866119,0.01267420222504265
2020-10-09,0.0013234693903086921,0.0013497288105877383,0.001369395159358972,0.0014343114274657162,0.00046909440094221723,0.0016133788781261026
2020-10-12,-0.0003426151242310767,-0.00021442854217824128,-7.709242295907994e-05,0.0007151601267557902,0.0021392355770296382,0.0009816619419358067
2020-10-13,-0.0005609777710567582,-0.0008823955866744948,-0.0015306736066732687,-0.0026688161190908336,-0.0035787318365587285,-0.004741744196145322
2020-10-14,-0.00278037636561108,-0.0029538145083632247,-0.003224725653670525,-0.0040405074230563725,-0.004729069390533592,-0.01230458441360048
2020-10-15,-0.015325520787585173,-0.015240233512135062,-0.015081170905086993,-0.014758249293972845,-0.014637771689034202,-0.013848851462970057
2020-10-16,0.005669896085748933,0.00546829762964712,0.005091595482145807,0.003506678831381775,0.00228349467721037,0.004304061382813554
2020-10-19,0.005447786101899819,0.0054905614359522055,0.0055491416727151376,0.006520711336602392,0.007294402081368512,0.005732886291993855
2020-10-20,0.004087421459661092,0.004139832528452334,0.004219047863463249,0.004795160559932339,0.005567649212716377,0.0026012864291381785
2020-10-21,-0.0011936346922904449,-0.00148172135720732,-0.0020886468641347676,-0.0030188332072249384,-0.0017171859200407064,0.002819511103057966
2020-10-22,-0.004534863513847237,-0.004424865215899273,-0.004148984658540977,-0.003300109266297097,-0.0022083808078820415,0.0003356437502832414
2020-10-23,0.0032603868276500966,0.0032596855910948857,0.0033203407206183685,0.0029228546741535593,0.0029395226347057354,0.005859784115810554
2020-10-26,-0.011533207963571773,-0.011399510564268892,-0.011118489547423787,-0.010051177337907136,-0.007789323000530969,-0.0069366841634234035
2020-10-27,0.017154500678385746,0.01700129307133029,0.016843593696405174,0.01635388015783155,0.014455478584990387,0.010622400932754118
2020-10-28,-0.010589660531447127,-0.010558180431780317,-0.010464294329461233,-0.010621480641996755,-0.010652474155305236,-0.007814212167326254
2020-10-29,-0.003429238457275428,-0.003413437692236341,-0.0034268234414956055,-0.0032813597600783633,-0.0034912279408019866,-0.0066633543147901
2020-10-30,0.0005797626940089405,0.0006632580421075025,0.0008442361635306399,0.001129272905751692,0.0015147794372267899,0.0030352236181211494
2020-11-02,-0.00838530565849818,-0.008123248449591326,-0.0078021506674880925,-0.006983688790390131,-0.0052451859147594785,-0.0006127027641797874
2020-11-03,0.007996953575302597,0.00802936067414082,0.008193323629049301,0.008268421059922157,0.00758490003084306,0.008604655597255506
2020-11-04,0.0041861902250490335,0.004214856212855173,0.00422609944745346,0.004093717203139544,0.004604721503577321,0.005607050377286503
2020-11-05,0.016568782713082986,0.01644531003467118,0.0162074637503707,0.016508229011488733,0.01745407313686219,0.0161844974418205
2020-11-06,0.0015569779323417739,0.0016414727033785361,0.001773675016867364,0.0018945623609353782,0.0009834707400504907,0.0014737770141764674
2020-11-09,0.01185581522575446,0.011872215868674412,0.011877156646972871,0.011368284449711887,0.010542066090907569,0.014280770962968184
2020-11-10,-0.0008133433976097104,-0.0012066660818398447,-0.00176786957343724,-0.002741211332469195,-0.005154443896002695,-0.005257305891377109
2020-11-11,0.014597907572881624,0.01437631112746554,0.013941978837993058,0.013088858631159375,0.014053158619979092,0.014510390933414514
2020-11-12,-0.00397786843990398,-0.004166154953693994,-0.0044046648546122655,-0.004370643384221379,-0.003397097923028182,-0.0031290807960884684
2020-11-13,0.00897215403298218,0.008712657081788505,0.008207179857469545,0.006675560916956104,0.00495940897115435,0.005462591051046995
2020-11-17,0.004525430922858903,0.004578614384759759,0.004737830053498504,0.004895066425477152,0.0051932613073909385,0.005199613634744356
2020-11-18,-0.005210191684009094,-0.00543389935207371,-0.005711187644633857,-0.007057270436776909,-0.00807477380034963,-0.007420423896647941
2020-11-19,-0.00015613768864534104,-0.00026279426045766325,-0.0005069410627047828,-0.0005916945687683469,-0.000694159162159598,0.0001972722505680321
2020-11-20,0.007079570272733512,0.007066485437756863,0.007105350510406262,0.007850506037211364,0.008409588384057937,0.010441100939597762
2020-11-23,0.014730535064580615,0.014799223980357901,0.014807046434491423,0.014397744849769722,0.013793426166713023,0.013378128796463624
2020-11-24,0.003114653201210083,0.0033178742372520264,0.0038284235063801046,0.005960975134818224,0.007498655792819678,0.008521425878216242
2020-11-25,-0.009057221158174401,-0.009196658328961861,-0.009496959987321852,-0.010205308255494806,-0.011548913356110774,-0.012844183963466177
2020-11-26,0.010254748679994872,0.010460541573104696,0.010790611739110553,0.011107668392516087,0.011151086647678369,0.009069389840400531
2020-11-27,-0.001866282350241377,-0.001696056192799532,-0.001316371469925175,-0.0007798928020763252,-0.0017020150858109984,-0.003811294881566096
2020-12-01,0.006380605082354063,0.00634368502564264,0.006406553229693805,0.00620500763721591,0.005392499028086453,0.003637181624031045
2020-12-02,0.012443536822961114,0.012094496674120913,0.011634043716076594,0.011254915786784015,0.008955005935861383,0.007891198480315935
2020-12-03,0.012394281948981975,0.011743254723390013,0.010615729386110401,0.00883653767108378,0.007075820346204253,0.006706273839250745
2020-12-04,0.011599044211676422,0.01152141097582458,0.011288607192299276,0.010079195230105148,0.008991521937188955,0.009338158808117338
2020-12-07,0.008587489886909489,0.008520525770401192,0.008427077717386836,0.008761999688279953,0.009379877837763421,0.00860914864037314
2020-12-08,0.0023163339990690296,0.002181810399447911,0.0020104595349154145,0.0011787883888627463,0.00038045488422634743,-0.0031422672430175525
2020-12-09,0.00784062065102436,0.007897112874009394,0.008102486718374404,0.009827790413236118,0.01151109952623756,0.006073289935445346
2020-12-10,0.005043995133191656,0.005232010240523592,0.00520093533766639,0.005906619272305672,0.006676387671826239,0.0024832406270981983
2020-12-11,0.011131896242983875,0.010923161132030988,0.01042223094717529,0.008960213508746137,0.007488916681447972,0.006169640001625383
2020-12-14,0.010768236931992015,0.010547438706426509,0.010137928168076845,0.009090665157989031,0.007588547354231745,0.005019216643628463
2020-12-15,-0.007138906742523901,-0.0073502131562569566,-0.007660879913866174,-0.008384770230653434,-0.00756521652600881,-0.0027189079865220745
2020-12-16,0.010757887527034138,0.010755481898597725,0.0109811722559662,0.012011274789923188,0.012376857707684753,0.01055419223540943
2020-12-17,-0.002012230084835574,-0.001957599476541057,-0.0017000415406284602,-0.0010603280642196835,-8.033340322713758e-06,4.43589125301712e-05
2020-12-18,0.002423388930740872,0.0025539748925855134,0.0026473776601863416,0.002690662100437645,0.001994504790932433,0.004477569376089953
2020-12-21,-0.03362092922817635,-0.0334132345969521,-0.03303959143662278,-0.032494323476510656,-0.032440518714677125,-0.032834870906914136
2020-12-22,0.012248187033161877,0.01226664880924559,0.012248231591428056,0.012447179609437801,0.01302468376868112,0.01722934654874769
2020-12-23,0.01013537577241591,0.01002370238318807,0.009744079862591234,0.009966707085934563,0.011178272420544188,0.011528014874792018
2020-12-24,0.00704412629055559,0.006998172112249149,0.007002138632291283,0.007401962272549974,0.006999900620526793,0.004724386531207254
2020-12-28,0.007653518243612472,0.0075483322263077595,0.007421836471869439,0.0068683316958239125,0.005628661734843223,0.005091964430663143
2020-12-29,-0.0031316787463648178,-0.003280178384575715,-0.003474561246297318,-0.002874711337802231,-0.0017726901374458684,-0.0036013969895393886
2020-12-30,0.006718317168652316,0.006604000088659075,0.0063508653508826994,0.005163674064779052,0.003589288014525078,0.0024574321809871283
2020-12-31,-0.0021378760638105314,-0.0021136563583855216,-0.002119317228660291,-0.002081906199577474,-0.0016471092992691066,0.00043276419947877397
2021-01-01,0.0030721594305462515,0.003194613687209871,0.0035270183346660195,0.004322075409204506,0.004895617642880128,0.004316978578824969
2021-01-04,0.006159832867793806,0.006380381956149022,0.006596385013435216,0.006754515224058504,0.005983964738037697,0.009240912051578745
2021-01-05,0.0019974045137004385,0.0020264857158239164,0.001924797786510465,0.0019179635759574108,0.003956355433568672,0.003999490343615282
2021-01-06,-0.0027052786172971676,-0.0029962313126347803,-0.0030733906988423994,-0.0034649733271300623,-0.0050977719741914776,-0.0003335517653123183
2021-01-07,-0.0074313633798717416,-0.007442280175954604,-0.007274615647963684,-0.007133293652748308,-0.006858807881732269,-0.004184486607227004
2021-01-08,0.021609073937590446,0.021603707170313208,0.02165476296038931,0.021135397694261468,0.018188789980542564,0.02242184138328729
2021-01-11,0.00800045247051763,0.008143388606097252,0.008125064188786838,0.008413331833261619,0.009116860060352018,0.009941098709316469
2021-01-12,-0.000748929826099887,-0.000604300668294199,-0.0006386080381446677,-0.0008498295277169724,-0.0012614370591126605,0.0035898972897804456
2021-01-13,-0.0017516923377029197,-0.0016506416780641057,-0.0014960907294002876,-0.0012994650773593278,-0.0015211124935105742,-0.0002856732878156558
2021-01-14,0.0056772123170391025,0.005625006098726963,0.00587593084347262,0.00559481655557006,0.0046273162495124,0.004693327184712242
2021-01-15,-0.01257683199614999,-0.012558938273487478,-0.012234156646543693,-0.011637850381490589,-0.011507248899098352,-0.011975779835728735
2021-01-18,-0.008459125892901027,-0.008237433983518266,-0.008190888593897721,-0.007369605928115943,-0.005427780930953919,-0.014034513150924622
2021-01-19,0.014036959292346874,0.013977792005330256,0.013944268333855364,0.013995387716202188,0.012221733232996086,0.011072087632305869
2021-01-20,0.004532289808449443,0.004649112549308501,0.004779872475714601,0.004507970666693393,0.005178475206413384,0.0025620874197064976
2021-01-21,-0.0034833209581285295,-0.0033817369787548053,-0.003028964452597471,-0.0019167065469263833,-0.002450246320753191,-0.00737451964378327
2021-01-22,-0.0038295208558999814,-0.0034069593667267898,-0.002318242227137825,8.162238827162053e-05,-0.0065284305244851515,-0.00793724552736358
2021-01-25,-0.009808339627550209,-0.009697304801987616,-0.009538444414828422,-0.010224964051033422,-0.0129218054716118,-0.007849112019516359
2021-01-27,-0.009662035785785611,-0.00959306540796692,-0.009296562363778717,-0.008064778971905646,-0.00982865010229976,-0.011673349515799633
2021-01-28,-0.016542419473403475,-0.01641807890600085,-0.016403424190330595,-0.01633403375907003,-0.016231030943874198,-0.01473150909396945
2021-01-29,-0.020865814295623487,-0.020820931458403375,-0.020888430333016836,-0.02022555366442654,-0.01898453971297472,-0.017887699590639097
2021-02-01,0.03791718393644905,0.03769274428831369,0.037674415546653024,0.037792228488167115,0.03214047453366663,0.019660547385036784
2021-02-02,0.020700804280555825,0.020847618047723192,0.02125292236191742,0.022912710622318602,0.0209093732665086,0.01966799412903352
2021-02-03,0.005303089257108214,0.005438065448654546,0.005612824820963796,0.006242803890087384,0.007726495662129937,0.018463921701224094
2021-02-04,0.007891516849090846,0.007699908478424103,0.007528385199091007,0.006330459714087669,0.005833207664496405,0.006748861265079413
2021-02-05,0.005096683002241521,0.005177430117491035,0.005128202572104725,0.004529026467291788,0.0042578443881316815,0.0012629001488748156
2021-02-08,0.004535668769076312,0.0046157223888965435,0.0049072613609862075,0.006341157054807659,0.007997008161992933,0.010351720359374103
2021-02-09,-0.0013442856821651924,-0.0012993983624098333,-0.001239335116132506,-0.0007978698875187669,-0.00016112033474660853,-0.0029474798262034262
2021-02-10,-0.0013374426047284428,-0.0012466140530619494,-0.0013552834525050825,-0.0017868675705413415,-0.0021895385544373983,-0.0029569924332507967
2021-02-11,0.005783805678740468,0.005935663102909095,0.0061028983106877835,0.006028885965244339,0.0062140725887755545,0.002223428009217426
2021-02-12,-0.00667350252126654,-0.006626818758173829,-0.006514500837694821,-0.006222587516885885,-0.006815344563015829,-0.010203640357520851
2021-02-15,0.013341225991049619,0.013166112491970788,0.012877319025409631,0.011635369709893506,0.008222600718090186,-0.002585288678005883
2021-02-16,0.0012610410840983599,0.001449435707588847,0.0017877632266041135,0.002929734402539958,0.0034845065225962736,0.005230113702007667
2021-02-17,-0.007173332886440426,-0.007111152076993836,-0.006936683099488769,-0.0063592873884410536,-0.007233694489192012,-0.00826263583747219
2021-02-18,-0.014322225112819404,-0.014150904725905397,-0.013713122973756082,-0.012362729112039653,-0.00729237296459396,0.0030956131103610394
2021-02-19,-0.0114319211897304,-0.011376732498499364,-0.011283761010406318,-0.010804135995225797,-0.008806891688197125,-0.005031775587373769
2021-02-22,-0.0123729289499473,-0.012530280852540687,-0.012911837850737804,-0.015022897348150096,-0.018099165901955174,-0.022616012606507172
2021-02-23,-0.0006184693594307425,-0.00044045871468771473,-0.00010766889284529162,0.001855876527815043,0.0028305015337299474,0.003986260325367492
2021-02-24,0.017639677386384167,0.017494949912298295,0.017232798112895624,0.016331070929788426,0.012279519428359458,0.008895709653998293
2021-02-25,0.003713880328722641,0.0038971949287068637,0.004116174486386403,0.004502996661644951,0.006095049283965592,0.014423898177495077
2021-02-26,-0.03197934762481984,-0.031995679019014844,-0.03221598126203712,-0.03260035070185169,-0.03180241734543994,-0.0271243088073092
2021-03-01,0.011444375105282286,0.011326136743540475,0.011097753672056386,0.009973023053745622,0.011058308910761054,0.014834327250939935
2021-03-02,0.01414238430997437,0.014123614961477477,0.01393293140826318,0.013534300727274337,0.01258308528592001,0.013966812504834517
2021-03-03,0.010271950738798868,0.010244511496622508,0.010448846334406597,0.010915106593532013,0.011609704241998729,0.01008300635147923
2021-03-04,-0.0031237380358311133,-0.0031121692875426326,-0.0031505102747418755,-0.0035493565439656642,-0.0033994114783664083,-0.004539815595692211
2021-03-05,-0.008181667287328205,-0.008032913626626148,-0.0077261634075912414,-0.007732931499999846,-0.008130217766778143,-0.011813576514188129
2021-03-08,-0.0017379863269815369,-0.0018173725867217105,-0.0018621150355948718,-0.0019292900899667408,-0.0016330405408997444,0.00019344709789465377
2021-03-09,0.0017602832287404837,0.001842101595816746,0.001996474282233292,0.0027242488365628757,0.00486016099540077,0.0029808794813136618
2021-03-10,0.007926523750530923,0.007796130010370914,0.007484213689488574,0.006706646076303198,0.004963952263797216,0.0068192789300705915
2021-03-12,-0.008281201410601607,-0.008492114737909284,-0.008684755598447329,-0.008657660740737998,-0.008391712831669982,-0.005834496161444386
2021-03-15,-0.0025009438299166973,-0.002673225582974846,-0.0028439104226120767,-0.0032875376406544723,-0.004268608961451296,0.00031513745650022494
2021-03-16,0.005469898617956671,0.005378052915796257,0.005152313901785767,0.004887344595262719,0.006034715122027476,0.005278923422892572
2021-03-17,-0.015750507332855553,-0.015730633195170426,-0.01567961995805022,-0.015607055294009634,-0.013581499726021358,-0.014983395974300807
2021-03-18,-0.01020303777811933,-0.009975419402036584,-0.00987679103482159,-0.010497283583945832,-0.009740504017790976,-0.010481887541752844
2021-03-19,0.014504566893348194,0.014525124631371513,0.014693279523388378,0.014942715764662684,0.01566899124031723,0.01619675583952962
2021-03-22,0.008483992736484378,0.008363773509452704,0.008078209823018705,0.007180510441904216,0.006353980431732224,0.005944893971851287
2021-03-23,0.0025781379099264036,0.0025449653571758867,0.0025383094390297404,0.0033344322368621744,0.0032847068885619862,0.00047796178580149955
2021-03-24,-0.009489556261407857,-0.009640592246911581,-0.009799763349645597,-0.009544754182201763,-0.009376242936019727,-0.010094984874949253
2021-03-25,-0.018822888567136285,-0.0188922395486073,-0.018937228218951933,-0.01916478923903718,-0.01840799055711568,-0.02105686473302392
2021-03-26,0.015760491766319468,0.01571151077790046,0.015487134067493524,0.015122305982998923,0.014191883345992015,0.014125767491285274
2021-03-30,0.02726977470581839,0.0270869407507371,0.026796245229842836,0.026736233601091564,0.027609522265699776,0.02970937582841395
2021-03-31,0.0007228458256544076,0.0006651705641173376,0.0004674246560792115,-0.0008050230118521336,-0.0025203715167574,-0.005971392806482507
2021-04-01,0.005846094296987345,0.005739346905396047,0.00574391949765033,0.00546782016814289,0.002685073398851473,0.00403871432216045
2021-04-05,-0.009899355510859313,-0.009767416017218537,-0.009682381252752236,-0.009293819718055995,-0.009694408566323892,-0.009441164541290466
2021-04-06,0.008508706647055815,0.008585968667918237,0.008754166139969361,0.009302246847538628,0.008573949526404483,0.005065866871549726
2021-04-07,0.011765951247473155,0.011678550720721787,0.011503082963510648,0.011431318477822063,0.009444323916797075,0.00871200916169758
2021-04-08,0.00485239640107543,0.00490964329109074,0.005131954191903859,0.006060999011956208,0.0034998269824800133,0.0033360851411130083
2021-04-09,0.010065870998120154,0.01015462332251005,0.010359141475568523,0.009826893405386039,0.006730964477949135,0.004071407984438798
2021-04-12,-0.01601831056236213,-0.015916405274141236,-0.015738607974145672,-0.015237311899226209,-0.014538376977712339,-0.022020045103053654
2021-04-13,-0.002691587552225725,-0.0030619559370652916,-0.0036116946251836847,-0.004471032424987633,-0.006609899264971976,-0.002233027193571478
2021-04-15,0.004083678942846736,0.004337856491375737,0.004801248778546782,0.0061254760780311696,0.008249661481605521,0.00620622755213502
2021-04-16,0.00960581860818228,0.009606757515589679,0.009566553242485922,0.008403665781539286,0.008153659839281329,0.01373715943441732
2021-04-19,-0.00785496988362936,-0.007706666692899826,-0.007552173426561092,-0.00743272458081172,-0.007894521948596463,-0.012056934650473368
2021-04-20,0.006221010443901114,0.006274577249495589,0.006353310078212062,0.005764764339784537,0.002527809074631167,0.0003648831013461835
2021-04-22,-0.0027009882832214503,-0.0027965595352850347,-0.0028536088251682966,-0.002048324573572874,-0.0017049256407177312,-0.000986513783128915
2021-04-23,-0.010509099176368891,-0.01050351924121827,-0.010457979907328328,-0.010017929854509717,-0.008444493488603658,-0.004221742433184148
2021-04-26,0.0035394287068650125,0.003521936118439849,0.003610939480940644,0.004155183196189016,0.003170352010998651,0.007168119394018505
2021-04-27,0.005748305510150591,0.005828465795304848,0.006001823810540045,0.006351708977027735,0.007498749811024963,0.006628347091332725
2021-04-28,0.0070280788294799805,0.0069091075082224045,0.006748511531742974,0.006408967912254008,0.006147330189622924,0.009562770383677768
2021-04-29,-0.000531884542044888,-0.0005048002145326592,-0.0003054189030144837,0.0013651086892719072,0.00040615837451368915,-0.0013308846261821505
2021-04-30,-0.008872757641973306,-0.008780787370777539,-0.008642292338704814,-0.00940438593154621,-0.01209258656114395,-0.009188689400769322
2021-05-03,0.005721751670681353,0.0057389083105524995,0.00572800337510059,0.005052305813285883,0.0037086359989908996,0.004018242660538736
2021-05-04,-0.010690548540621528,-0.010722318022808536,-0.010801915900268808,-0.011102235757520097,-0.010944525754954446,-0.008703025400133305
2021-05-05,0.0087011569325416,0.008823117321530169,0.009042277866667399,0.0097994775535175,0.010622519249273092,0.011650078569888752
2021-05-06,0.005558493036144838,0.0056266617880831185,0.005701614820703094,0.006062406233149726,0.00449662506365919,0.004463231772398906
2021-05-07,0.0034331038706667386,0.0034091690220095006,0.0033379447673736037,0.003265665092434622,0.0032372393474090137,0.004873969373799028
2021-05-10,0.01055477982880703,0.010323794723037122,0.00990954132684131,0.008549792945217724,0.007861312869176493,0.014622880383980847
2021-05-11,-0.002657889789248689,-0.0028544054917628344,-0.0032248751343845567,-0.004971335075824509,-0.00599036547188466,0.002120080074080726
2021-05-12,-0.006105385416545202,-0.006196694042427573,-0.006303458067831113,-0.006524185644474209,-0.00680660675003872,-0.007213681622030296
2021-05-14,0.002435584536780862,0.0023856945725492873,0.002390124333634013,0.002855346433165574,0.0036796757912890077,0.0012379886477687117
2021-05-17,-0.00038343214367218717,-0.000262741602971326,-7.461539929733401e-05,0.0005630342594216983,0.0021928673979000643,0.004920908100252783
2021-05-18,0.0021491330032176494,0.0020892240975581987,0.0020481429148415265,0.0033000788714367107,0.005683465197951076,0.008016163612403938
2021-05-19,0.002862276297367086,0.0027858951520385376,0.0026502521223341954,0.0017907998773704454,0.0014795176470557866,0.002304908113087029
2021-05-20,-0.004138819229090885,-0.004132722748738826,-0.00410606656289695,-0.0036923579121735843,-0.0036151008783529377,-0.009970403842839086
2021-05-21,0.006992059649912038,0.007101183217448942,0.007277589875042331,0.008377878525748964,0.01031856411490247,0.008990009526234112
2021-05-24,0.0019677261872704972,0.0018491761875230946,0.001660488860647284,0.000995272457393641,0.0008267569914462329,0.002078493983607559
2021-05-25,0.0037550573898295107,0.003751117408150959,0.003751847924858513,0.0036996255864909285,0.001779713346958759,0.005504689431905118
2021-05-26,0.005874579069641904,0.0058803813558047455,0.0058365323432230665,0.0058402162932707355,0.003821555664616518,-0.00010181766420559821
2021-05-27,-0.00010209421481127383,-0.00013523673179632488,-0.00016508032038053074,0.0003876891902713373,0.0017036663030183424,0.001768985982569434
2021-05-28,0.0005718086008112831,0.0006638493618502852,0.0007628385294310073,0.000639494854173861,0.0002973697427662292,-0.005707128025438265
2021-05-31,0.012050310283837382,0.012191333017091154,0.012428607657549245,0.012854401135906836,0.01288580937992054,0.009868555651800224
2021-06-01,-0.0019055938680667716,-0.0018946404242134727,-0.0018082707144728015,-0.0015659342290891378,0.00014691288053573798,0.00029830175591122375
2021-06-02,-0.0009436550804731771,-0.0008967650258537343,-0.0008393705894253881,-0.0008215679381474161,-0.0011249519362155345,-0.0006515041653387442
2021-06-03,0.0032757517201899324,0.003187139116642669,0.003208967647547724,0.0032301111782263446,0.004973412981294056,0.006548457618239333
2021-06-04,-0.0002423064276916769,-0.0003081250490729033,-0.0006434905509801055,-0.0016765787672240197,-0.004744413703941989,-0.004837877579656003
2021-06-07,0.007518193126657781,0.007419679838737718,0.007177021815252444,0.006608850293826681,0.004856140030748176,0.009302136071768496
2021-06-08,0.0060425123023817445,0.006105106683557248,0.006194371177138783,0.006324074488022537,0.0047299742032887795,0.002189965965556137
2021-06-09,-0.001427388631371517,-0.0014463904127007944,-0.0014762025344097658,-0.0015340714480268287,-0.0020106703818479244,0.00046983377012574227
2021-06-10,0.005343847623430469,0.005389283688252042,0.005527231864035254,0.005930315974869911,0.006293663341905618,0.005423713816784238
2021-06-11,0.007067356647692039,0.007146004157312726,0.006884358652991171,0.00669783363943833,0.005318015996334718,0.008083583660842166
2021-06-14,0.00263482736885737,0.00250880675633427,0.002538188047319223,0.0027398230865658454,0.0023274223425366093,0.0009379859056508923
2021-06-15,-0.0006388240274994392,-0.0006734065602860533,-0.0005890642887959696,-0.00034266223685495826,-0.00041968493629766204,6.127720129532721e-05
2021-06-16,-0.003750389695164009,-0.003752558432220122,-0.003599234279007178,-0.0033259540170210615,-0.0020078931250056436,-0.0009260249631009946
2021-06-17,-0.005994910428854003,-0.006081794136235306,-0.006157307682874511,-0.005951648615328444,-0.005167914976650274,-0.005858630489057036
2021-06-18,-0.0026263986581590796,-0.0024985134095323012,-0.0020208295841583606,-0.0007926075924568799,0.0012509864147146389,-0.004964821772131601
2021-06-21,0.0012305458116601393,0.0011275331232284609,0.0010683018571217865,0.0011788655697264159,0.0025974939325937516,0.004479516093560007
2021-06-22,0.005014438209230696,0.005105263185463937,0.005155612298895685,0.004140471743972394,0.0012220942587946578,0.0002609405241244486
2021-06-23,-0.0014424283935241772,-0.0013542614749874346,-0.0012208218561893267,-0.0014646037553895355,-0.0028005377533650813,-0.005209991862515368
2021-06-24,0.0053273227064664554,0.005279044447959037,0.00522721437218196,0.004538063520004299,0.0034861891429151803,0.004891972796462803
2021-06-25,0.004445508352659213,0.004622130167730787,0.004700607178698566,0.004332465145255807,0.002426836591059044,0.00043965711992054114
2021-06-28,0.00019936729662476424,0.00014894519168980524,0.00021939506579538872,0.0003377741409954873,-0.00034017113505546617,1.651902524656384e-05
2021-06-29,0.0008383495287146926,0.0008377068608015467,0.0010698881336667493,0.0018617677859682372,0.0038653860448021977,0.003822426832032653
2021-06-30,-0.00041612288213416964,-0.00031614673531325625,-0.00034893999217009905,-0.0004083632584650377,-0.0006821570275434114,-0.0024241327415863365
2021-07-01,0.00231366882382729,0.002196985535024348,0.002107718357257171,0.0018984180923320411,0.003738506189692034,0.002920645100630001
2021-07-02,0.0005490547690084229,0.0006075046340157924,0.0006330811015061398,0.000757926429540361,0.0010280726775427824,-0.0005846898086611183
2021-07-05,7.708811176813165e-05,0.00019021779640230718,0.000508283827053246,0.001278381576757349,0.0017791910275832936,0.003186254088699497
2021-07-06,-0.0069172183841972835,-0.006998625833706416,-0.007086080904407542,-0.00738415652211442,-0.0057469637468745794,-0.004279706817039867
2021-07-07,0.002788416432405151,0.002806213919289926,0.0028560561189151334,0.002743155821233325,0.0022067083359286286,0.004106964468408434
2021-07-08,-0.006878496268613198,-0.006954322848468185,-0.007196518313162311,-0.00774988304843807,-0.00871627287507842,-0.007686938648381167
2021-07-09,0.0007565131677561505,0.0009487541768965741,0.0012703731915953756,0.001842077027073822,0.00010236888552746053,-0.0023113806857789254
2021-07-12,0.0018528672479852502,0.0018040167739078068,0.0015940093624625283,0.0008817621210107452,3.45016709335954e-05,-0.0014711279158770635
2021-07-13,0.0006052011488041211,0.0005910873969008259,0.000562633877316856,0.0006265450508029279,0.0013037584929561584,0.002724124142107443
2021-07-14,0.005155898228811823,0.005061342486733386,0.004568916248771733,0.0035414348774435475,0.0005796477562572112,0.003765222738447355
2021-07-15,0.006677706747948079,0.006758304759729023,0.006626038423314321,0.005105215041702225,0.0017726512819871768,0.001726413035102433
2021-07-16,-0.0013704211720173497,-0.0013357795907375167,-0.0011779280404576459,-0.00011395847129272701,0.002668482821655148,0.002022709304073321
2021-07-19,-0.0019625139699799526,-0.0020841016071144196,-0.0024909516036310075,-0.0031267865351853265,-0.0026877601281280385,-0.0026510465445643266
2021-07-20,-0.002489026697184809,-0.0025308680586670013,-0.002651683044433393,-0.0030489799139458993,-0.003585630421947906,-0.004496606786906859
2021-07-22,0.007370037279200347,0.007501049666833019,0.007487982878693421,0.0075703009877046475,0.004998357675006014,0.006488771010999504
2021-07-23,0.0021805850033875104,0.0020268267973909556,0.001751867521477154,0.0014321045719811404,0.0010718562313781076,0.0024605363747758563
2021-07-26,-0.00016178191773682382,-0.0002509567201738422,-0.0003874450151441187,-0.0007939316404073426,-0.00021148657838084418,-0.0002782036237139004
2021-07-27,-0.01749565716735188,-0.017524484300594858,-0.01759435137530415,-0.01750981908142278,-0.017618896103398552,-0.013502572701534904
2021-07-28,-0.0055766576936000425,-0.005461163646643023,-0.005107492882099753,-0.004496558266430127,-0.005212568871544148,-0.005063275896269053
2021-07-29,-0.0009975535923671648,-0.0011429095813654546,-0.001584043938774133,-0.0032195673456194727,-0.005174794535607488,-0.004011800021267588
2021-07-30,0.007800354091198962,0.007447445704596169,0.007339598175990131,0.006178929225705564,0.002653870143726592,0.007120775531299478
2021-08-02,0.007343747759008283,0.007490252143263845,0.007758545234802315,0.007680785399992207,0.007344608766419171,0.0054734011283675355
2021-08-03,0.015740761358272563,0.015613769698709788,0.015478691009958127,0.015037107655229557,0.015535039227251659,0.016958206100002607
2021-08-04,-0.0030384973016820745,-0.0034466206695183592,-0.00418416991400385,-0.005236517137550366,-0.0027395838322495886,-0.0017841782285633032
2021-08-05,0.0005218557436455556,0.0010787228295276884,0.002026830607642547,0.004225981613717208,0.0064974331658228445,0.005986051096354111
2021-08-06,-0.004092720061413991,-0.004294258926890135,-0.004572808707258394,-0.005128556899203711,-0.0040314822107125545,0.0005909597574941409
2021-08-09,0.0018374673345082151,0.0015382566458771504,0.0010359106964804485,0.00048326843347844717,0.0011068001957296135,0.001853079383513106
2021-08-10,-0.002032377377071654,-0.0018724176659875712,-0.0016301682473626401,-0.0015503983587820285,-0.0010367610025044968,-0.0012962224298693086
2021-08-11,0.00030324227464602295,0.0004204386266301279,0.0005645222791217802,0.0011103469839674597,-3.1377950493285066e-05,-0.000444486958619428
2021-08-12,0.003817575584050344,0.0038769349927832153,0.004342654779865953,0.005810682540220128,0.005071259058583594,0.005603641004863614
2021-08-13,0.0059986162863412025,0.006192429912188074,0.006402508162523664,0.0069387641179072465,0.007059623700242627,0.004108318343294733
2021-08-16,-0.0011824722099236182,-0.0011119722899165835,-0.0012227977190593423,-0.002125334842090324,0.0014470464280435375,0.001110896966760326
2021-08-17,0.011285470903031471,0.011790270356443894,0.01299689086387381,0.013209576618481236,0.01649425466878277,0.01392720906821
2021-08-18,0.002214842920404466,0.00220809358567325,0.0019130355478473903,0.0009558318654001868,-0.00022447245196600333,-0.0014007666701024294
2021-08-20,0.0020933733344051676,0.001975805364844406,0.0017357947778263226,0.0015559914284630054,0.0015014761834432002,0.0008099438967781574
2021-08-23,0.0005313241733262493,0.000897897511459061,0.0014351297460840364,0.0027649440045931983,0.0037276459388439,0.002123495436378957
2021-08-24,0.005166914361525041,0.004793663672951455,0.00400503470402269,0.0023401938513668043,0.002915374986404068,0.004276628502509979
2021-08-25,-0.0010842031767008256,-0.0007830126138572756,-0.00039489679623566973,-0.00010479831141047816,-0.0003980243493831426,0.00033453288426401137
2021-08-26,-0.00112022323182408,-0.0012754875933269749,-0.0016562556940793892,-0.002299627635873823,-0.0027967841822775286,-0.004111717127121852
2021-08-27,0.006096251800505865,0.00610994080295843,0.006173281281366204,0.006113232946628607,0.006560520646178709,0.0066099527441531546
2021-08-30,0.01093948838543672,0.010487725013576452,0.009581413747166243,0.00826167371760516,0.007886660932511216,0.008061695803524352
2021-08-31,0.015290371184734839,0.015289430780677366,0.015089831922410531,0.0136184338642059,0.013627738379309164,0.013992107748272043
2021-09-01,-0.0003471596480514928,-0.0003214770568033409,-0.0007058567515405762,-0.0024449280316796566,-0.0032471312933865983,0.002305443301556094
2021-09-02,0.00810941686717352,0.008267466554427129,0.008672291103005405,0.010137334999604952,0.01404457320163455,0.012939168227443528
2021-09-03,0.006186860228168897,0.005978185941312409,0.0059916367012654865,0.00580536158224664,0.004312296785866947,0.0035349406893206924
2021-09-06,0.0018488828063804575,0.0018470007313025184,0.0020731269354988275,0.0030179389161063353,0.0025299430389651486,0.0024778928036307897
2021-09-07,-0.0005398458321041039,-0.0005140516788543867,-0.000376197920538652,0.00013808028704847598,0.001081454515014497,-0.0028675098410940077
2021-09-08,-0.0010000365147886812,-0.0011049474356165788,-0.0014300829624113065,-0.0019625021567780164,-0.0022278560080371177,-0.0014066042490502484
2021-09-09,0.005054036233697266,0.00496172179551411,0.00484322627363892,0.005086485816771477,0.005784516553902795,0.004282972199458834
2021-09-13,-0.00027533767348593457,-6.970029284352039e-06,0.0006013582861117317,0.001580604758377424,0.001402661687686874,0.0033316178013483412
2021-09-14,0.002147492143871856,0.0021325398449616676,0.0018988772146664745,0.001980189661666639,0.001854751842172344,0.0006963842016744707
2021-09-15,0.010102017928554995,0.009848988178938776,0.009637363593610754,0.008753428574921132,0.00932150185232437,0.01206303645542887
2021-09-16,0.0039026843073356188,0.00392757355380523,0.003819299184057701,0.0036431194335444987,0.0052249185388326055,0.0024261584503940422
2021-09-17,-0.0038872254930647577,-0.004065452075972887,-0.0047984713772106545,-0.005281265229317806,-0.004222709180959432,-0.004864675817778294
2021-09-20,-0.006172075870920963,-0.00609712054891371,-0.006023623252800066,-0.0044998281823681804,-0.002671687603142504,-0.004812202970613629
2021-09-21,0.007331993834453711,0.0075136677209415755,0.007997983195945997,0.008190193033357497,0.008938176052557055,0.007208159958311182
2021-09-22,0.00029299118109159857,0.00047773057144278545,0.0010889200707227772,0.0023008242608981823,0.0011132041424940294,-0.0004302935105518586
2021-09-23,0.00983168838875458,0.009718260066847567,0.00947877045378841,0.008791036054251997,0.006095445798216921,0.005805367672727215
2021-09-24,0.0030820447495591603,0.003024202766472223,0.0029844749673179696,0.0023255344963364795,-0.0010252354497743506,-0.0017596546474052312
2021-09-27,0.004579194127726938,0.004159189418749677,0.0032329205656797693,0.0011164903555197178,0.0006192590657182172,-0.005547765565233094
2021-09-28,-0.00021941461173907386,-0.0005321823516859998,-0.000696844181231624,-0.00039985242480393445,0.00020058138080666704,0.0034449948611880907
2021-09-29,0.0024547945491284993,0.002528978095313654,0.003133573511095166,0.003528209023404566,0.003640569043888188,0.011683559382001704
2021-09-30,-0.006192956153249244,-0.006253100662751679,-0.006487846460807789,-0.006539346273023696,-0.0050043388269341545,-0.003445864716291761
2021-10-01,-0.0022922270103474546,-0.0024075363105837944,-0.002522302373097104,-0.0019595161040324716,-0.001577844524743907,-0.0002630362303740134
2021-10-04,0.003056811445618921,0.0029417442943203463,0.0028754734438133653,0.002482817632506558,0.0029404706130816494,0.0067801592918397095
2021-10-05,0.0035209123240768584,0.003974980771315254,0.004827781044582272,0.0058330885130927395,0.006516596380447406,0.004217954986732711
2021-10-06,-0.010442485308228621,-0.010505310711905696,-0.010626018018621706,-0.011142495165428905,-0.012431195107944694,-0.012554359245295986
2021-10-07,0.010408466215075025,0.01028533532645225,0.010035957863051819,0.008560227333491781,0.007314822245137946,0.009120496489464617
2021-10-08,-0.0007986809307144202,-0.000476672991915365,8.357606640324849e-05,0.0016964825132177186,0.0018905680826026608,-0.0008902194755098071
2021-10-11,0.01110295699750661,0.010702600501630412,0.009841171395066965,0.007408645584480447,0.002574087746654275,0.00426458937379753
2021-10-12,0.00480634098765909,0.0046334312874732175,0.00434019679686129,0.003047424965704297,0.004119024478240033,0.005221799436815847
2021-10-13,0.005174539053903849,0.005002683190989926,0.00474980334380889,0.005120450223861586,0.004780936464854413,0.007382384426209705
2021-10-14,0.009382947065197584,0.009098075654563775,0.008645168691538033,0.008223321162186421,0.00604300631829908,0.008195857098095546
2021-10-18,0.0030961629262269714,0.003215972230592455,0.003555464398692023,0.005301991425930729,0.005608020252659196,-0.00010188965003006458
2021-10-19,-0.010711100646476415,-0.010594224668118157,-0.01058159140266103,-0.010763127664073084,-0.014181337982396295,-0.015039958569642877
2021-10-20,-0.009178213196930298,-0.009160380147793575,-0.009024292177748881,-0.009212499119448058,-0.007942260175483601,-0.012963592309735369
2021-10-21,-0.0029965364341507793,-0.003312180043794067,-0.004453844274472097,-0.00674889102799467,-0.00821633005736292,-0.007531220221849402
2021-10-22,-0.005395248493294135,-0.005765186324901857,-0.006302197144346049,-0.00776781940227861,-0.008824813425731583,-0.009652819417316893
2021-10-25,-0.0010501809420927033,-0.001483720277180463,-0.0021233389657495864,-0.004127509830199413,-0.006522516849947327,-0.007418718107412315
2021-10-26,0.0082680532643387,0.008525988101713376,0.008810933483532467,0.009537997471982125,0.010466169800701895,0.006080937620831502
2021-10-27,-0.005146208508471839,-0.004570918322814408,-0.003178722514845603,-0.00026967186093924847,-0.0007595930620637409,-0.0009171290348660643
2021-10-28,-0.017457724546523848,-0.017478218239741685,-0.017458749346024413,-0.01597823693737681,-0.019331210923563016,-0.02002512761161734
2021-10-29,-0.000885942833270975,-0.0011332951271627756,-0.0011889617139599071,-0.0008030952623036798,-0.0018517342572121121,-0.007071271879955949
2021-11-01,0.013069757498754728,0.012744693523311201,0.012448854060286276,0.012519969559738811,0.013320476577042646,0.0160214396164554
2021-11-02,-0.0007918059167021836,-0.0007488427444124418,-0.0010537231120004663,-0.001927806244753433,-0.0023697975896887803,-0.0014622800692914504
2021-11-03,-0.0020392768924460403,-0.002236571936969685,-0.0025362671361000054,-0.002001237328269524,-0.001086905301316394,-0.004948929385335227
2021-11-04,0.005124816754175241,0.005153667002302686,0.005263581744322175,0.00551190808352006,0.0046792251405278484,0.007407885165132389
2021-11-08,0.007316987929725274,0.007249527049481539,0.007082407986846092,0.00744311847000748,0.007941464094170271,0.009250371387174189
2021-11-09,-0.0028382061726475063,-0.002726333443540325,-0.002129168933551539,-0.0012187438270405654,-0.0008187775006366369,-0.0029925110972864773
2021-11-10,-0.002300977477927689,-0.0023151590937553093,-0.0022112135457107844,-0.0019528184768053463,-0.0019425361009936404,-0.0023154914429668848
2021-11-11,-0.007604526403890061,-0.007634217813745816,-0.00761691350268164,-0.007587845597118554,-0.006576886781535651,-0.006430413211562036
2021-11-12,0.007278471449359222,0.007307511541537873,0.007404214696095954,0.008619072620948605,0.009151869373761404,0.010510808290547999
2021-11-15,0.004033944501103273,0.003910688451349862,0.0036899658508630683,0.004580212711528234,0.005308705307212677,0.0085533012784391
2021-11-16,0.00037099991061790194,0.000587003957505955,0.0005802846434151874,0.0003651440647349305,-0.00407734295088483,-0.00589433059198531
2021-11-17,-0.0038819682411927623,-0.003685747613058887,-0.003678726951059409,-0.0033996765985485227,-0.0047306628606636775,0.002109126472990305
2021-11-18,-0.010154134965629072,-0.009913581961539835,-0.00950719090817454,-0.008388309952726995,-0.007325429456597927,-0.007295260627255433
2021-11-22,-0.015471503549618019,-0.01571775135982121,-0.015699824544123064,-0.014647162265221933,-0.014183314743376299,-0.014617995872935913
2021-11-23,0.0042979846256811895,0.004085819121830155,0.003453379703149256,0.002622424423080535,0.005726928278135897,0.010088260711400598
2021-11-24,-0.0036968192796744464,-0.0038243198521636782,-0.004148382551573594,-0.005578699344574958,-0.0064215496798528705,-0.0044646710076419825
2021-11-25,0.0003893495942344444,0.0004143052832269807,0.0008471452045761838,0.002741920074606945,0.005814402620871284,0.004756874946392403
2021-11-26,-0.01749198288165995,-0.018056717578747494,-0.018809952931648305,-0.01884910575631197,-0.014511881253279037,-0.01433964495910013
2021-11-29,-0.00012225913919703367,-0.00020119662252156127,-0.0003892751963780871,-0.0007469003130146118,-0.00034018448649689235,-0.002911828109172125
2021-11-30,-0.0025208291215469197,-0.0025700590848471636,-0.0030967022587220167,-0.0027493899417568757,-0.0013829736655475353,0.00251856590766754
2021-12-01,0.0005367306898505751,0.0006158307386801517,0.0007673598154793077,0.001584841754019321,0.0026930887957610982,0.002936232639963253
2021-12-02,0.01174795634398653,0.011568847865213701,0.01117259086437222,0.010839004533367502,0.010987140633888065,0.015362423756982308
2021-12-03,-0.011594287336803795,-0.011471205993893344,-0.011237164927382894,-0.010896819893549509,-0.011331641640562752,-0.014064189223259685
2021-12-06,-0.018495800725662502,-0.018520290320051293,-0.018418663304883325,-0.018307190182946253,-0.019104677773301076,-0.018940233667288232
2021-12-07,0.010651543558072518,0.010737143344086805,0.010957067020773948,0.011110697322471514,0.010833023904297634,0.011102905747551177
2021-12-08,0.013999432714101395,0.01409917416734218,0.014298880423525794,0.014815456806091771,0.015003774824502446,0.011765189477825028
2021-12-09,-0.002478537139282898,-0.002479757675024552,-0.002487945691273107,-0.002050213248792603,-0.002020783306395868,-0.0003662506094313184
2021-12-10,0.0016920941276255944,0.0016534094310407584,0.0016053035564558209,0.0015163898074500373,0.0016089834231796897,4.9465073149409e-06
2021-12-13,-0.005247729153521969,-0.005236438870737901,-0.005227764879371778,-0.005053104190559569,-0.007001197714423,-0.004469959695903919
2021-12-14,0.0044470667039289355,0.004347460281779858,0.004133451361581548,0.004057825822252421,0.002417230529186633,0.003392068902804548
2021-12-15,-0.003983173233631636,-0.003961945589007369,-0.0038087745813999577,-0.0032563932495667035,-0.0039551782226402545,-0.004372849957615719
2021-12-16,-0.002961531514457304,-0.002929968756062794,-0.002928704804676132,-0.002402016369928532,-0.0007015388495648942,-5.823708779052598e-05
2021-12-17,-0.014675801460574518,-0.014762138398211236,-0.015005018046066123,-0.015373087974604908,-0.015865014294501323,-0.011433594212251805
2021-12-20,-0.004797991822512365,-0.004905766147893436,-0.0052809043071130185,-0.005610417419087591,-0.007623432154507986,-0.010068968630264793
2021-12-21,0.010151290944573245,0.010184582467005229,0.010148419158932102,0.008969271103413987,0.009138808567885277,0.012108542428039687
2021-12-22,0.00584383197208525,0.005932499623544045,0.006026538437575441,0.006024899254498098,0.007015526358254209,0.0058439830747808435
2021-12-23,0.006852898954427703,0.0067560600690512946,0.006545872941799458,0.007163114642646874,0.007467712649823318,0.008991573482604995
2021-12-24,-0.0020850729553005686,-0.002156068850334623,-0.0024238437545563004,-0.0033595147325805102,-0.0039928179278993035,-0.005203011312327465
2021-12-27,0.006959052423194697,0.006924435250645867,0.006851077805606816,0.006489641247508413,0.005571710395685266,0.005128088149090173
2021-12-28,0.006720224681700598,0.006758187375404937,0.006872524624055784,0.007065127506683459,0.007196705320403195,0.009186785841933744
2021-12-29,0.0032855704006220883,0.003154678347080335,0.0029060101211481155,0.0023483640178858156,0.0007490880970735593,0.0035898464879425777
2021-12-30,0.005327351435783078,0.0053248174027716606,0.005149941604413772,0.0046470537476049345,0.004078947877282256,0.006014892549827711
2021-12-31,0.0075017550663699275,0.007594823450120334,0.007885076688548012,0.007990564251086562,0.007924649732421784,0.006404881954236113
2022-01-03,0.008483093844685879,0.008243229651199103,0.008130716075271363,0.007417481391869415,0.007597483762628518,0.009392939643071458
2022-01-04,0.007348261971693,0.007434327306682638,0.007428165443749087,0.007580613450515368,0.00941777587839115,0.010087156965504435
2022-01-05,0.005504315046484468,0.005583220528295768,0.005626083582802659,0.005435062018268141,0.004802906626659678,0.0014441252583405485
2022-01-06,-0.00827340557328224,-0.008158302385291326,-0.008384399500965655,-0.008128661341071436,-0.008576866010761415,-0.0079232349553382
2022-01-07,0.004152080611645501,0.004123807535454786,0.004352086530396391,0.004007346057192209,0.005442468994082596,0.004383486372412731
2022-01-10,0.00323732969448514,0.0031206626702749746,0.003061415934424643,0.004018079577786866,0.004812813171743251,0.0003513806354239977
2022-01-11,0.002381985951382152,0.002546253505292962,0.002875382780355623,0.0028170634733148863,0.0031800224140186278,0.00021455064653857337
2022-01-12,0.0011491185540672807,0.0011719883058457256,0.0013871485255147712,0.0019135404369100548,0.00337441470185711,0.0012358818664468117
2022-01-13,0.0003834234402488039,0.00026965807015871986,0.0001440235929633586,0.00027156872306109876,0.0008672803247915322,0.001707749609030266
2022-01-14,-0.0041398960232543955,-0.004365629410845918,-0.004502886489604632,-0.004476212858701256,-0.0033172844708298523,-0.005236445209232776
2022-01-17,0.00039977774508913474,0.00015048938498920237,-0.0001478072813258782,0.00033263237543753135,0.0029788547724458473,0.00139936027052977
2022-01-18,-0.008619858414675882,-0.008620086492701346,-0.008739259611116715,-0.00884853595246914,-0.010244126900155012,-0.008887904396287274
2022-01-19,-0.010691755429604275,-0.01062603157730192,-0.010876274715606192,-0.01091686961081792,-0.009494601520217454,-0.010745813758017284
2022-01-20,-0.008633723382775878,-0.008780270731933918,-0.008625625530134951,-0.009035971770946746,-0.010012430889061192,-0.004984085505202714
2022-01-21,-0.00020208103190796315,7.56262134505749e-05,0.0002534542578141514,0.00021643645521464438,-0.001221891592899527,-0.0038390527995968045
2022-01-24,-0.01454833132870117,-0.01455321616962765,-0.0145267206570019,-0.015026449011936234,-0.014990272206392758,-0.020657397385608928
2022-01-25,0.012822873824781767,0.013003368264188294,0.012770651130745759,0.013518444731313214,0.013051476498340802,0.008305753307233694
2022-01-27,-0.008566172459327432,-0.008596956217902687,-0.008639862075171855,-0.007795375372357792,-0.007116715512353265,-0.01541364091207216
2022-01-28,-0.003039689458396397,-0.00304726416553079,-0.0030468173595081982,-0.0035535868196337047,-0.0015033333845449566,0.003890672829804574
2022-01-31,0.0126771193029778,0.012614685557923878,0.012477626956098602,0.012503950292175185,0.01305474072648305,0.013210210248408454
2022-02-01,0.009823768513193772,0.009761836143274857,0.009635839600639347,0.009341126055117551,0.007885513834164628,0.012007147428118996
2022-02-02,0.007421013622138833,0.007647187190953067,0.007977054996634073,0.008416468156959836,0.007517722160981701,0.008972546538778606
2022-02-03,-0.0065145876491485575,-0.006392416604104606,-0.006180073246505766,-0.00636122346451867,-0.00724930890750361,-0.007306465087508784
2022-02-04,-0.0014937136315832712,-0.001485648386153515,-0.0013917379012111353,-0.001181077660585433,-0.0013735689047902596,-0.0023681457269815074
2022-02-07,-0.012799832905083082,-0.012907437154570706,-0.013120015947268339,-0.013772155476860136,-0.011597836587619639,-0.011768023450374837
2022-02-08,0.0007946658171722422,0.0007927125459699086,0.0009485515271548514,0.001517150199767014,0.0003466325648636705,0.0009190182238233864
2022-02-09,0.01187618235054241,0.012059719242173831,0.01221396638651631,0.01217744895114527,0.011942935788602053,0.00896466544714816
2022-02-10,0.00536985565023108,0.005274006930154029,0.005095419667018269,0.0051434360651951136,0.005383560835494934,0.006125964829497133
2022-02-11,-0.013606173270655213,-0.01355028507691632,-0.013394847136104652,-0.01317115556068581,-0.01360158258409828,-0.012473603839135296
2022-02-14,-0.0186167435471334,-0.018724043876799847,-0.019006384446688764,-0.01989676717516021,-0.019996782374322414,-0.019616739307451184
2022-02-15,0.01912473070411328,0.019044352817409516,0.019045143195612402,0.01998296162555279,0.01941416204473512,0.02295812197099629
2022-02-16,-0.00033837334068683285,-0.00028563885863380095,-0.0001859693197888083,-0.00010057558646416336,0.0004883683868485711,-0.001572387785917439
2022-02-17,-0.003535528373518945,-0.0036314990910631933,-0.0038142885454675217,-0.00403142923690724,-0.00334955575504476,-0.0014726388092521896
2022-02-18,-0.0020498937284879966,-0.0019636217038165138,-0.0018964034529013502,-0.0024056968768572076,-0.0036385093632238068,-0.0015820318801949335
2022-02-21,-0.00329594759786289,-0.003283192677356648,-0.003234362100118287,-0.0028179497282145305,-0.003098434526121464,-0.004254836195632229
2022-02-22,-0.006556284762473403,-0.006757007704223125,-0.007132494922458957,-0.00715789000570184,-0.0070267544815447135,-0.007652087668638741
2022-02-23,-0.003190543366553956,-0.0031698901666544696,-0.003102195061626903,-0.0027472233023476227,-0.002439998416334006,-0.0032173144933990835
2022-02-24,-0.03701409986274079,-0.03710263534976035,-0.03746412561483681,-0.0389191904198242,-0.038845889706869696,-0.03727957194426395
2022-02-25,0.02070454779046825,0.02075356117949856,0.02089536481317742,0.0203517595803588,0.020429017651351824,0.024188330847318
2022-02-28,0.004471448972170774,0.004007025307100356,0.0031928968949538573,0.0013279012370566625,0.0017365401134710984,0.008711669772520995
2022-03-02,-0.011819241238686672,-0.01183585305261147,-0.012044831568998745,-0.012959877950917569,-0.013383980005889858,-0.01107078397818124
2022-03-03,-0.0026602415230445814,-0.0026100401810029918,-0.0027666872352108064,-0.002999194942487321,-0.004376183567482078,-0.0037267197062083642
2022-03-04,-0.009280943331626844,-0.00937066284704377,-0.009833138314704032,-0.011027094833942715,-0.01190984353864037,-0.009013594177718716
2022-03-07,0.006104914816228985,0.0060126306993695915,0.005716972920185986,0.004652295133786026,0.0016883416985686277,-0.007978890509786039
2022-03-08,0.008681684663896664,0.008742309474595469,0.008820986208486406,0.008999476646647566,0.009234951769727665,0.013304784807075849
2022-03-09,0.004433511465965347,0.004532198042003604,0.004880040341883853,0.006027680865959459,0.009175392560104923,0.009948048149461944
2022-03-10,0.010094251128631685,0.01013921171864484,0.010269990623801581,0.01098771004405015,0.01144641977864014,0.010325424344124121
2022-03-11,0.011008944746470175,0.010887563666336857,0.010732432837469691,0.010279472015601785,0.00766012560576881,0.010889825090135783
2022-03-14,-0.0005936063037102309,-0.0004072125198265256,-0.00022291140459717316,0.00029399551162009917,0.0030572644983944924,0.004571023731569947
2022-03-15,-0.009809382025608906,-0.009791247352907232,-0.009536880875144064,-0.008658579238776325,-0.007973614931828181,-0.005083995035538477
2022-03-16,0.01252315183560987,0.012571277707355078,0.012563400165790321,0.01265193417971638,0.013736743672009322,0.01040894888534898
2022-03-17,0.014874338718595921,0.01472953973514318,0.014722268021017906,0.014692800723001196,0.0132793039197267,0.015562991838391122
2022-03-21,-0.010156298124165764,-0.01014310678531185,-0.010218078787092542,-0.010779616256131233,-0.010210708684600514,-0.009701169594544388
2022-03-22,0.002025802271582844,0.0020757353694774933,0.0020545634609013194,0.0018166023098709861,0.0018146336528370968,0.0010806038371428044
2022-03-23,-0.001928121341661302,-0.0020375666537554116,-0.0023545813492607116,-0.0034411343946081823,-0.004545258396669304,-0.00268622183244242
2022-03-24,0.00929014510530355,0.009218284188388888,0.00898453289166469,0.00797902735301045,0.0068961226242179475,0.005706933758286608
2022-03-25,-0.005020120923487328,-0.005031063400065687,-0.00502043432062472,-0.005098171646975616,-0.00671543623862007,-0.00808526488214178
2022-03-28,0.001997916276965213,0.00195857250239689,0.0018869120309909452,0.001485231858396849,0.0014440033299335858,0.00280969903396728
2022-03-29,0.003550450287313526,0.0034686387686659395,0.0033130100485132654,0.002749782518636273,0.0031542671109153026,0.0068665078195933316
2022-03-30,-0.000264555188496364,-0.00010860043304660415,0.00022591468783877272,0.0013104656991020534,0.0030831354156011124,0.0053177756099010084
2022-03-31,-0.0022174368320882418,-0.002110090268196375,-0.0019049255333136743,-0.0011396653885675598,0.00011482221764118382,-0.001732418157121713
2022-04-01,0.01168417866999387,0.011547254935968207,0.011336154577599808,0.011217303784264348,0.011629715806421066,0.012942019679418848
2022-04-04,0.012428155876748451,0.012107312133051005,0.011490041912953481,0.012036603122125556,0.013326685301162938,0.01686172598794597
2022-04-05,0.009749303194193601,0.009764752054582534,0.00967587874320748,0.00876722198073597,0.006278987156916403,0.00748898277874604
2022-04-06,0.0006679477036423524,0.0006735913108730455,0.0005575052956447097,-0.00035665780046985796,-0.0013977511198939021,0.0006396041678495092
2022-04-07,-0.003534673223052933,-0.0036206469666658653,-0.003868665817897823,-0.004537223434654751,-0.006056598428238546,-0.00681822689777428
2022-04-08,0.005787659140914822,0.00578911780063355,0.0057628021448828766,0.004719706222078321,0.0032705296839318837,0.005221664273367791
2022-04-11,-0.0020928049690201274,-0.0020745885492714053,-0.002154583589840336,-0.002845810701650156,-0.003553706654606495,-0.0017762662998312307
2022-04-12,-0.00850814474247901,-0.008436750696742937,-0.008090338705091035,-0.007099680586948703,-0.006809438320837492,-0.004592633377457161
2022-04-13,0.0012310462627238188,0.0011457463091813186,0.000852086140504818,4.9233619777486366e-05,-0.0006748277567209041,-0.0012563007893892923
2022-04-18,0.003044850037388886,0.002708490740076089,0.0020074351528077037,-0.00026068815976702857,-0.0034556858670011566,0.0008473302699090026
2022-04-19,-0.017737731243458316,-0.017636391908291985,-0.017408276620057016,-0.017278436642818237,-0.017904932193647638,-0.017658086955141424
2022-04-20,0.01198602025864835,0.01202314029763937,0.01203741655812613,0.012124510703366006,0.013146705027615748,0.011053124611840458
2022-04-21,0.005780138602452007,0.005812119061512281,0.005817018540728865,0.005556613771640984,0.006144418661230812,0.009107659325188592
2022-04-22,-0.01579764214648107,-0.015911468385330797,-0.015827201936364856,-0.015342185910217847,-0.013725907649573224,-0.01275929935679751
2022-04-25,-0.014087864446425132,-0.014136273918537612,-0.014079654232986447,-0.013244843621947952,-0.01255439794476726,-0.015514181896937063
2022-04-26,0.017275330972782766,0.017369204134978472,0.017555967350468903,0.01786161896535108,0.014326391345606636,0.01502039112916751
2022-04-27,-0.005572722752924149,-0.005662759446059906,-0.005960951478671189,-0.006200069177334892,-0.006453269439837369,-0.006472180930905945
2022-04-28,0.010252501738928003,0.010282761160393061,0.010224701831852647,0.010239994328882032,0.010830276764507044,0.01397128782239837
2022-04-29,-0.011131036410465464,-0.011167853993018588,-0.011308535573770935,-0.011347241083295802,-0.010737306675732123,-0.009239097834565637
2022-05-02,-0.007034724210664155,-0.007110339910701159,-0.007203206481242447,-0.00656918027066546,-0.004713607340943261,-0.0009206441591842932
2022-05-04,-0.015628217359364927,-0.015597446301490046,-0.015590047175541893,-0.015065850041002068,-0.01406806930170065,-0.013668089287459793
2022-05-05,-0.0008423870474661881,-0.001214400331139636,-0.0019295617560507721,-0.002733311062701033,-0.0021351022051229974,-0.007475917329670834
2022-05-06,-0.009647093080653053,-0.009559128327318554,-0.009492331980059224,-0.009006819925136144,-0.009942309816866314,-0.007623489805739299
2022-05-09,-0.0010681675388639305,-0.0009660244413738518,-0.0008697501471744756,0.00025067030180860993,-0.00018831043749609482,-0.0037104414822769953
2022-05-10,-0.010243068138495223,-0.010245952099878237,-0.010196964530950533,-0.010670362840914679,-0.007396524473740002,-0.006693993130576933
2022-05-11,-0.0008970543791844139,-0.0008906547204978611,-0.0009227015034562246,-0.0009922684021304,-0.002119092796261497,-0.004449333877956986
2022-05-12,-0.012109497615802205,-0.012016456150622596,-0.011867618232022401,-0.012006941038060014,-0.012776472195198382,-0.013345740823514137
2022-05-13,0.002809387804314622,0.003135909213398225,0.003680952369221377,0.00394546584787832,0.004551380054553847,0.007018462475205113
2022-05-16,0.0031332726665589863,0.0033153198577059967,0.003719269860073083,0.002538032788478653,0.00031357825908212827,0.003016168118662348
2022-05-17,0.023365680116045902,0.023181206575411936,0.023014841383726926,0.02286445385869867,0.021535942858236137,0.01877765080580327
2022-05-18,0.0022157902123706307,0.0021294000578487367,0.0019408947254954427,0.0010883406841160907,0.0022088276748446307,-0.0007563041080641079
2022-05-19,-0.020901789027023186,-0.020695644189464957,-0.02026778044999678,-0.02033908399054799,-0.0211997553636967,-0.014098939602932278
2022-05-20,0.028509938866580403,0.028679003158180658,0.029103947058369918,0.02919889686483837,0.027784229439804627,0.027570113080922318
2022-05-23,-0.0031669739432056143,-0.003257389107275706,-0.003378638401167112,-0.003721564177645757,-0.000612608336873998,-0.0017823515817785196
2022-05-24,-0.007667415240323333,-0.007460104686248239,-0.007080170728520873,-0.006143500112751339,-0.008442369060960428,-0.0062261000033186405
2022-05-25,6.723758673217277e-06,-8.932759158246199e-05,-0.00034357278103814334,-0.0014683329457759464,-0.004256003230059736,-0.0015870718928083381
2022-05-26,0.006663711658546019,0.006637840899150496,0.006568688744511279,0.006525833270780107,0.0050670672247889355,0.005359902239898183
2022-05-27,-0.0007228581948506207,-0.0008469236102323814,-0.000934810599673873,-0.0008791513802335511,0.0011763728031901595,4.131192956418738e-05
2022-05-30,0.010278324966337841,0.010011295547204707,0.009576946032496765,0.009770344711681402,0.012135483278932116,0.009501200458325908
2022-05-31,0.006409229455524745,0.006273847319722029,0.006097693493900617,0.005851786592698558,0.005923703531478513,0.004637270549740589
2022-06-01,-0.01122348990233828,-0.011206232595097138,-0.011375880475855037,-0.011907947046132905,-0.012389136163850154,-0.009307453690853998
2022-06-02,0.006353005539256842,0.006389724812652278,0.006230496787078321,0.005637343686003954,0.005602725745377394,0.005532071363383984
2022-06-03,-0.005243274103392606,-0.005310648792369439,-0.005471780796577869,-0.0058781068281691185,-0.00612110105701465,-0.005907240952471508
2022-06-06,0.003099681035559905,0.0032418128733270007,0.0035886510952443966,0.004834429353011064,0.0032722950850954703,-0.0016049128980274636
2022-06-07,-0.0015972624017629674,-0.001562196312139729,-0.0014559900659952604,-0.001554697966762374,-0.0032466459756030587,-0.00778930150033192
2022-06-08,-0.004414109534934352,-0.004269220314006917,-0.00415679691479464,-0.0031583378590564763,-0.0016541748883412328,-0.0017108970779519052
2022-06-09,0.009629938236353424,0.009618602606381053,0.009730791306187148,0.010159771591112123,0.009172217676892015,0.008496183720113421
2022-06-10,-0.008557031245153739,-0.008527603127493509,-0.008378644965865625,-0.007628104401563863,-0.005352331195182679,-0.005409464156064959
2022-06-13,-0.018283558085290297,-0.018306942739768767,-0.018223329973827192,-0.01773683256345098,-0.016604690060480216,-0.017616964205739258
2022-06-14,-0.004052877218705882,-0.004059764332126944,-0.004194821394600282,-0.004800210775343486,-0.004198925024921864,0.0005254062068232833
2022-06-15,-0.005073317468219293,-0.005033286905990849,-0.004977679197269979,-0.004624404480755538,-0.004563905717972825,-0.005077414666322293
2022-06-16,-0.02138189969152609,-0.021295135750821564,-0.021205027687526468,-0.0205336540284675,-0.018377799035287065,-0.01952496881800174
2022-06-17,-0.01459354801340595,-0.01468906430303794,-0.014830202938867023,-0.014528852447308805,-0.015527573572549275,-0.017620176748439395
2022-06-20,-0.00024405839028546162,-0.0003735490011739979,-0.0006211020535713727,-0.001348223808872115,0.001294797642649159,0.004440424941006695
2022-06-21,0.01549052709702868,0.015560918869811341,0.015571424074692199,0.016228583651522223,0.017210011260031306,0.0183829414218544
2022-06-22,-0.010850610195428965,-0.01077309159338516,-0.010764808441645629,-0.010799139223172508,-0.010249081017144283,-0.010954682888539811
2022-06-23,0.013135736476371979,0.013326605158177391,0.013511715482531208,0.014217440173780448,0.01591904096682283,0.011765301756523218
2022-06-24,0.005664762986459905,0.005589783449864527,0.005505886551805156,0.005658432821988585,0.006839301709369758,0.0071887033220654345
2022-06-27,0.011136174784332816,0.011051955137442386,0.010979080207066762,0.010634849454998358,0.011495959808935863,0.008345147477616067
2022-06-28,0.0042343215132295735,0.004355936470315642,0.004650744847568117,0.006382184529972133,0.008123047960615542,0.0032580191361762318
2022-06-29,0.004431238165111827,0.004397743728739641,0.004405323569706278,0.003976404512070904,0.002052208483369357,0.0026086859364483177
2022-06-30,-0.005297441014394821,-0.005353710026589522,-0.005419257621717147,-0.005852357398542129,-0.006824974707657396,-0.005928711430319018
2022-07-01,-0.0013145897237091132,-0.0015040377022015159,-0.002055931900606286,-0.003190870859364239,-0.0029339322793076185,-0.002947795358739118
2022-07-04,0.010859832038611001,0.010586362644709572,0.009994769431670499,0.009014521000781654,0.004866262051970568,0.0026168445828517527
2022-07-05,0.00011121435661761553,0.00015961825112833182,0.00014761829455078933,0.0006343608557286536,0.0013156001169892647,0.002966347639577022
2022-07-06,0.010792047499152267,0.010623079858783422,0.010389200194970812,0.009908404446382385,0.00932868924874159,0.007482796095998114
2022-07-07,0.00741590620702802,0.007416351389776664,0.007377703929378646,0.006302790362472317,0.003957810250803124,0.004546718125721227
2022-07-08,0.009491058166911922,0.009444825087820389,0.009214840075743858,0.0087765374535436,0.006003245089610459,0.007474640152510956
2022-07-11,0.0029309708349499453,0.0029864790700034126,0.003055726088725415,0.003635173181271343,0.004222509954053056,0.0033632387151172334
2022-07-12,-0.008368776090665442,-0.008370206509500945,-0.008384777534540472,-0.008691673116160712,-0.01047290581763371,-0.010143425299659886
2022-07-13,0.003998350638403006,0.003963029655443879,0.003708215790994087,0.003365122839326792,0.003735743259798716,0.003038016041974664
2022-07-14,0.003265852271102255,0.0034020122758823485,0.0037254449957338388,0.004141842588573317,0.0040265549757534345,0.002729656972410838
2022-07-15,0.007326817755897257,0.007164244304724542,0.006908965920981023,0.006947223746660217,0.007533291523166858,0.007666022413858369
2022-07-18,0.007000975876349649,0.0069676032210770605,0.006833249651164665,0.005626686671164694,0.0035296134172519817,0.002829206937962867
2022-07-19,-0.0006860486735809379,-0.0008320026546305437,-0.0011269087769393655,-0.001606133652276072,-0.003088777089204663,-0.0012631419559448488
2022-07-20,0.0037235821127784975,0.0036769722715319104,0.0035971281151115485,0.004631311648897398,0.008644552499360547,0.009401706335420878
2022-07-21,0.0043359883490393485,0.004299732714762063,0.004231269894239917,0.002887299278762043,0.0016722865491299232,0.0021271796270154217
2022-07-22,0.006131917497898185,0.005993567332114378,0.005602332690105684,0.005521290135240189,0.004592093813832783,0.0038948652490146543
2022-07-25,-0.005895539693294599,-0.005861824923853702,-0.005874208869664476,-0.0069730500421614685,-0.008366142176394604,-0.006387774638101919
2022-07-26,-0.00834886346954276,-0.008274290560955902,-0.008078656836875737,-0.008630241890753301,-0.008926025890873126,-0.008717373110867342
2022-07-27,0.006412230645295554,0.006478982349786822,0.006479953451238834,0.006137148777124142,0.008364691023960882,0.011090630691649998
2022-07-28,0.010951590378254645,0.010939981890380097,0.010955102185142136,0.010190337761111595,0.009488035827272659,0.008561722864709777
2022-07-29,0.010799117822568705,0.010844583950740724,0.0107283642185523,0.008910556530811325,0.007889518937080203,0.01144883386313957
2022-08-01,0.011232534992550957,0.011159058729190237,0.010889968074427747,0.010780572073760411,0.011316139318590573,0.006824412615605474
2022-08-02,0.006065831432355684,0.006019643270403976,0.005896170077991844,0.006265856198867712,0.005762643880428088,0.004568893517865992
2022-08-03,-0.0016822230864043785,-0.0017382591909624106,-0.0018573762745896537,-0.002430158042738132,-0.0025957533494724086,0.0005612162757978383
2022-08-04,0.0003604826651368801,0.0003213526618829985,0.0003235033190322127,0.0011674592014476169,0.005315710859578006,0.005542132847290357
2022-08-05,0.002850920864611389,0.0030067751168824774,0.0032665675837887168,0.0027449881641048064,0.0010834112283242667,0.0012053185412537483
2022-08-08,0.0064189000600118565,0.006348964203435182,0.006212278360989065,0.005485073154566528,0.003703670394645109,0.00395154457798339
2022-08-10,0.0029828427669703157,0.0027900098232834514,0.0024963919908753177,0.001955862475665534,0.0006562382079454813,0.001681674059304121
2022-08-11,-0.002457340806182582,-0.002291504693893074,-0.001941016299715896,-0.0015317226942910655,-0.0014767690066473018,-0.0004282903798019208
2022-08-12,0.004994350511293012,0.004947726875950962,0.00490577876495268,0.004272649613905487,0.002660901642768856,0.00504867003996159
2022-08-16,0.005932419266403332,0.006062767023431791,0.006205052365117552,0.007467170484056629,0.008747331482999601,0.0080488873305663
2022-08-17,0.005263044511914404,0.005171207895896371,0.005025197597836135,0.003957387680022971,0.00220935218701997,0.0053857121774540506
2022-08-18,0.0008228982267750387,0.0008887933879405184,0.0009572740293393083,0.0017903726986468241,0.002451022277105405,-0.0007996043641037708
2022-08-19,-0.00983699645706759,-0.009749848312186934,-0.009590804034598483,-0.009537157184985802,-0.008786810218172845,-0.008476143285174445
2022-08-22,-0.008921409597738832,-0.008916461464137358,-0.008967394884098208,-0.00922834651952189,-0.009312686615168143,-0.00909018866991156
2022-08-23,0.008298721657412876,0.008140971541577415,0.007896302456379045,0.007530009911908896,0.006421865119272776,0.006780837867016587
2022-08-24,0.0032558179545702217,0.0031626951369315807,0.0029905375705328325,0.0023293860855095484,0.001590920955874417,0.0005535603344185984
2022-08-25,-0.0042312761260598075,-0.004315450413055031,-0.00447485366527077,-0.004778896188973854,-0.004982522841147421,-0.005119896460161814
2022-08-26,0.00592519255754102,0.005843243203869382,0.005727687070531386,0.005090418160647599,0.003255156042285823,0.0016585950399104201
2022-08-29,-0.00703792134167157,-0.007143384785575303,-0.007361836898193408,-0.0072463388507617976,-0.006120511122725008,-0.007161151890490875
2022-08-30,0.017869976534091593,0.018014193684241248,0.018227312284058158,0.01928128686123544,0.020666451893548585,0.01974584835751058
2022-09-01,-0.010719908927325217,-0.010751117051297344,-0.010856608476037225,-0.011568451903155521,-0.012351746181660628,-0.012873589286294854
2022-09-02,-0.00174139442564643,-0.0017075159030596559,-0.0015110348906234817,-0.001641469004116167,-0.002222730638766284,-0.0015269412868768634
2022-09-05,0.0026582123412302156,0.0028147948096391923,0.0028946041533834815,0.0028545411660181154,0.003248888717262122,0.0044449683548550955
2022-09-06,0.003317122578326766,0.003357192234286803,0.003391059874836496,0.0026419380698731267,0.0007326522948764811,0.002470797411686085
2022-09-07,-0.0034308464156992055,-0.0033829072918914868,-0.0029664881132525486,-0.0027214208277326624,-0.0016888279254952674,0.0009063383092697057
2022-09-08,0.005290728577000435,0.005298566351385764,0.005442490398535175,0.005174505830692848,0.004071874621692682,0.003888582743794133
2022-09-09,-2.2915934839337865e-05,-0.00013558159554065934,-0.0005825367543829112,-0.0007068910353555818,0.0008765573952255344,0.0012121873049047618
2022-09-12,0.0032624868774679813,0.0031029971014421426,0.0029260895449476224,0.0021247459286510327,0.00095928708641062,0.0023327655968355524
2022-09-13,0.006182937849665988,0.006275998359973724,0.006429254178308075,0.006163120543081005,0.004627583181961195,0.0039052486466981343
2022-09-14,-0.0024319142974767774,-0.0021274593352485667,-0.0015144159867195397,0.0003672566244596043,0.002428694862948233,0.0012728512768294064
2022-09-15,-0.003922161333743231,-0.003644171794337657,-0.003716047674133544,-0.003543581137055789,-0.0030239262661002275,-0.002504372339853958
2022-09-16,-0.017504880746755776,-0.017517487437758397,-0.017674813320938412,-0.016708064486234533,-0.013336795687076018,-0.01410123142435854
2022-09-19,0.005757795180486085,0.005679010543647896,0.005493519769228637,0.005276177765851002,0.004713105690038006,0.004169069924197482
2022-09-20,0.010807863238750236,0.010738911761584528,0.010843821222086436,0.011301450129335974,0.01304970817288463,0.015778783351975318
2022-09-21,-0.005956449497982191,-0.005985782792530753,-0.006144862629506754,-0.0066141761537988385,-0.007166855119809123,-0.007824174770762835
2022-09-22,-0.0014151303818118804,-0.0015492115945476012,-0.002047196127338059,-0.0025262903930756402,-0.0017474555758266994,0.0005092508824540943
2022-09-23,-0.01734108526381045,-0.017379455369779594,-0.01755968152404505,-0.016669864674423752,-0.014030472317765151,-0.013699344842912724
2022-09-26,-0.018180125836210405,-0.01823819260715654,-0.017958117759697436,-0.018188537044831775,-0.018241951012887253,-0.01564519143497589
2022-09-27,0.005445603040160393,0.005428344999878348,0.00527894099882552,0.0050410536986673065,0.007250612855633509,0.008500510482648993
2022-09-28,-0.00041033457732967565,-0.0004977295553246716,-0.0005523801482750299,-0.00041199148809703567,-0.00012453814735488843,0.00252222826602649
2022-09-29,0.004763393542422848,0.004769895257537948,0.004993540886065487,0.005154004594528738,0.006108318185847884,0.005965881560246451
2022-09-30,0.013496815004336955,0.013549466071404778,0.0135672721386001,0.01324814378787378,0.00984532161800632,0.008358934282352785
2022-10-03,-0.006478339750057456,-0.0064265981811724845,-0.006097198425609631,-0.005472006644016007,-0.004035161532703736,-0.004972804423665377
2022-10-04,0.01808908655808648,0.01796292077727465,0.017426714296874146,0.015257648589987752,0.012880113486544819,0.013273533341219203
2022-10-06,0.004571342563533127,0.0044038035968383,0.0038629554667567083,0.0018079196464274674,-0.0029424581427484222,-0.00333740694319037
2022-10-07,-0.002538137312821519,-0.0023944275366343795,-0.0022711676195246036,-0.0015586385902029557,0.0004630675986726187,0.0011740240490185814
2022-10-10,-0.0037202481542558284,-0.0037977525798561823,-0.004015415293624797,-0.004220550278795648,-0.0055500658541457444,-0.004715960464408919
2022-10-11,-0.016934069967847652,-0.016889106039024247,-0.0167453551267085,-0.01614163270363149,-0.014492387628125466,-0.015157426785819885
2022-10-12,0.009426499988706594,0.009553259270755466,0.009789292160657763,0.009697786738916008,0.008761836551369397,0.009890590019782
2022-10-13,-0.0019261859607869495,-0.001693037053439787,-0.001305630275948863,-0.0007871517671601826,-0.003338818257599212,-0.002481927675967215
2022-10-14,0.0045835143948226385,0.004649746037072953,0.004609596980439348,0.004525511337597236,0.005250660211142445,0.004604769399071667
2022-10-17,0.0032944063921463867,0.003315817047140792,0.003686738753141745,0.004803329981374928,0.004465567241927149,0.004383188054405664
2022-10-18,0.013367782211810068,0.013072074101264493,0.012518467467957352,0.011128508665705274,0.008855856057941008,0.00944661226583252
2022-10-19,-0.00021710513352880194,-1.9447047211948237e-05,0.0005427060984302063,0.0018580166568588805,0.0025961478993372826,0.0002488048593430954
2022-10-20,0.008857177245333244,0.008880452136357781,0.00864702551968886,0.00789119304899694,0.007447536311063188,0.008876845047041847
2022-10-21,-0.002391133825069642,-0.002461199762800334,-0.002417926075408959,-0.0021198731162505556,-0.0013484461420904426,-0.000259768236027052
2022-10-24,0.007103434009726774,0.0072575495895018894,0.007469327586243538,0.007940790651391067,0.00884749790421573,0.007384809521704488
2022-10-25,-0.003965634689273363,-0.004067750423264299,-0.004316231817133281,-0.004358268982336084,-0.0032224772988156706,-0.002849791456339796
2022-10-27,0.0033379320087338358,0.003387370068807131,0.0034694644129441036,0.004075201836131205,0.005122760444946405,0.006738077201583608
2022-10-28,0.002957068151060477,0.0027604189766588993,0.0025993332045965442,0.0038923704653014493,0.005084428527504283,0.0028212095229249905
2022-10-31,0.008923150824881014,0.008941515147035374,0.009259293526637156,0.009764217796301895,0.00941060520151931,0.010906031148803574
2022-11-01,0.01109713944719476,0.011245700840121206,0.011636047600183663,0.012609188819035179,0.013339043407984986,0.01379303894718782
2022-11-02,-0.006434626001692516,-0.00617911966891922,-0.005757348916076457,-0.005019660655994235,-0.003712768966296012,-0.003872972819863396
2022-11-03,0.0019104916070357778,0.0019266395140796581,0.0018093456071449903,0.0014748978951390937,-0.0006519827437579213,-0.002973130155806517
2022-11-04,-0.002357919396957537,-0.0023463304343320913,-0.002151101230703281,-0.0014144208212684222,-0.0034435695743000034,-0.004020128309436864
2022-11-07,-0.002109841081583356,-0.0020503415304906304,-0.0018326370900938048,-0.0015013572367360579,-0.0016926280214749128,-0.00010636476625213332
2022-11-09,-0.0028801339178252997,-0.002615177889105818,-0.002149996264227517,-0.0021956866383187777,-0.004533515751851084,-0.006079795746584995
2022-11-10,-0.005432972268587881,-0.005387464212792801,-0.005408403923921541,-0.00531297823882323,-0.005143539275282397,-0.004807901586242738
2022-11-11,0.004307944447892358,0.004429857403491041,0.004718098770937424,0.004583468445707986,0.005921634224075461,0.004233224637674532
2022-11-14,-0.006886587199852495,-0.00714383911745383,-0.007424582564127733,-0.008279259952075532,-0.006810024445054097,-0.005756241351695725
2022-11-15,0.006073877749455805,0.005882905563047146,0.005631880214043939,0.005363751665624525,0.004567694350642996,0.003655925204248324
2022-11-16,0.0021278507560246475,0.0022708954442734867,0.002509659376880831,0.0025861642736646462,0.0023225665684703666,0.0025375401066209916
2022-11-17,-0.005899184469955388,-0.0058079957379322525,-0.005640117400401668,-0.005415129230137098,-0.005253467102227046,-0.005161266607320433
2022-11-18,-0.003810759997733592,-0.00393963224006452,-0.004231872773750724,-0.004637897450491863,-0.005208642392102147,-0.005203318124270163
2022-11-21,-0.0018681246128283255,-0.002139273208030626,-0.002711094958822846,-0.0036829846688809166,-0.00414813271798667,-0.004327441749915547
2022-11-22,0.002471769581965407,0.0023365113134432534,0.002165258838578007,0.0023163496049098216,0.0016744614474295911,0.002739223890325769
2022-11-23,0.0015516039378780631,0.0014843000029592837,0.001297440639348013,0.0007041740369592244,0.0007940718832563121,0.0009200487502150014
2022-11-24,0.009064385174673494,0.008928462907700354,0.008651856436657949,0.007863469770655376,0.008447427843115828,0.00980404008804287
2022-11-25,0.0007687446076343534,0.0007721412190409708,0.0007924810571989273,0.0006057184658335597,0.00014361977806429246,0.00046211664424506923
2022-11-28,-1.8460831042962401e-06,0.00013737433169714762,0.00029334890434502055,0.0017662161964105303,0.001412957914679846,0.0008080979656017462
2022-11-29,0.007529420355801882,0.007277482984170482,0.006579444199156969,0.005620081954448404,0.006289940435687685,0.007902614579237077
2022-11-30,0.009278470611045376,0.009008538239756378,0.008648480565625043,0.008125992583024353,0.008901055921508617,0.008767021330485257
2022-12-01,-0.0028123231801603444,-0.002851382012939314,-0.002872418223990124,-0.0018228147051828332,-0.003053382434928789,-0.00247656520421041
2022-12-02,-0.0037475543887600573,-0.0038205078423871807,-0.003821296573665935,-0.004292833590502127,-0.007233535300112229,-0.007969069992240823
2022-12-05,0.0035963206118870255,0.0035567558299735135,0.0033262480817414343,0.0018329932710120743,0.00154033127136013,0.0027755581207683133
2022-12-06,-0.005035724749534984,-0.004881040572142264,-0.004561875244805873,-0.00391696653495736,-0.0018466176018700135,-0.0024463540846550776
2022-12-07,-0.001709329729786963,-0.0016444477044159143,-0.0015461314727517911,-0.002011880649450257,-0.002057620597690077,-0.0035434672717783635
2022-12-08,-0.00053715981755435,-0.0005125213983952696,-0.0007479121795075876,-0.0026158555816579864,-0.003698585946777365,-0.004508094967312226
2022-12-09,-0.003988938389789379,-0.004080064293192305,-0.0036086920898888335,-0.002260320399470231,0.0027225086277561667,0.003414586547234772
2022-12-12,-0.0007083853313454222,-0.0007355994923214692,-0.0007451262202136269,-0.0009830831967947852,0.0002838511958198769,-0.0007702849509666101
2022-12-13,0.004580648657408102,0.004588672322271624,0.00461821058305808,0.0050871375441666755,0.004294251139205494,0.004305079852089689
2022-12-14,0.0023760683529819803,0.002234390401192627,0.001992679219780819,0.0014633141396911391,0.0018084288766941937,0.004170364907494041
2022-12-15,-0.009118473815196784,-0.00904369300654155,-0.008967723341601236,-0.008661282547395299,-0.009961114344312122,-0.010536461365352629
2022-12-16,-0.01262556590106791,-0.012543926161408488,-0.012656452948840874,-0.013324060558816042,-0.011529586487243917,-0.009558450851143763
2022-12-19,0.009756216234157157,0.00997528616063806,0.010393895510780023,0.010831037405842644,0.01205976277322069,0.010464690420903582
2022-12-20,-0.004634599376515517,-0.00471669070418128,-0.004728765996492898,-0.003923102507041665,-0.004083129887216194,-0.0046639116731051165
2022-12-21,-0.0034757096388934312,-0.0034615632326717343,-0.003283255475125893,-0.0028584001976007523,-0.0004894308995181417,0.0006143508029347227
2022-12-22,-0.00371922609900275,-0.003719777488318551,-0.003680902093755389,-0.0030957768930516497,-0.0039644834434952566,-0.005258804193870875
2022-12-23,-0.013368766812034173,-0.013438781203243346,-0.013421476476138845,-0.012990201429506413,-0.012433867846251643,-0.012030346025588778
2022-12-26,0.0033298235048523613,0.0032601828942904892,0.0031808104665724223,0.002994862407580144,0.0022582637921181445,0.002471614774834652
2022-12-27,0.00683209241687119,0.006768484163612961,0.006424709129538614,0.004881804889385463,0.0023030798018940446,0.0017079392793690976
2022-12-28,-0.0006682466339691439,-0.0008146865784292638,-0.001010258665092763,-0.0011096384409399265,0.0007079176920482859,0.0007279241219511014
2022-12-29,0.0023793580134787943,0.0023753173919773395,0.0023408978111856406,0.0022441598757519596,0.0017351629419760175,0.002997843081999717
2022-12-30,-0.001802532372100628,-0.0019039394062116475,-0.002184926296973415,-0.0031226342176916473,-0.0049892112587606174,-0.004947050074946476
2023-01-02,-0.0001499142126275988,-2.092504902700726e-05,0.00014635235108608402,0.0013243152442956002,0.00011297861114221466,0.0016798712096752762
2023-01-03,0.004665926304749494,0.004210733700393092,0.003418217283426373,0.002054433622490681,0.0023111823705481596,0.002882579308224951
2023-01-04,-0.007590773568537362,-0.007576286085903999,-0.007594053809971502,-0.007798705489322981,-0.008055914663307642,-0.008568630032590667
2023-01-05,0.0017897128684637702,0.002285760483749742,0.003133482414030046,0.005045782879641903,0.008527210537866897,0.007699456504229037
2023-01-06,-0.008823648788248071,-0.008688399199738486,-0.008370967405245748,-0.007859343121230515,-0.004158200400126416,-0.005360684380613743
2023-01-09,0.011683052629390296,0.011801862566267775,0.011939282856447237,0.012450996778578943,0.009712726304164067,0.010497390886480724
2023-01-10,-0.006115600038597444,-0.006043833074897273,-0.005879979976442134,-0.006980992436722401,-0.008323425616027199,-0.007142040528701051
2023-01-11,-0.006247520132991769,-0.006819942704029369,-0.007695438628891147,-0.008454611786813318,-0.007719833193420573,-0.007140384193892967
2023-01-12,-0.0013607702235209377,-0.0013082352261835953,-0.001089286824529274,-0.0013738679530559917,0.0020937844689316804,0.0018454130457913238
2023-01-13,0.002646037744753514,0.0027858185126995822,0.0029764901112917298,0.0036956574978919032,0.0031728691958293363,0.004193860853606525
2023-01-16,-0.0026608770415013495,-0.002709637133601768,-0.0026572078027573814,-0.0018639087914335281,-0.00290218770900768,-0.0018199587917484862
2023-01-17,0.008385411799923368,0.008534945767943388,0.008565932470437434,0.007825041471418008,0.009189820736799362,0.009883081037515905
2023-01-18,0.005016618613440629,0.004969864993340082,0.005071353221857231,0.004568513702926373,0.004203614317613581,0.004768581795538239
2023-01-19,-0.004146603190248151,-0.004128428464872786,-0.004061743892609897,-0.004344259722636248,-0.004104109737932487,-0.0026719826527939238
2023-01-20,-0.009468776087139568,-0.00943283367978066,-0.009172281784550634,-0.007691257486684734,-0.006723996715947524,-0.006493302118236466
2023-01-23,0.008103175868044089,0.00805289736417469,0.008080963979624678,0.00706987722526352,0.006652587031996849,0.008035406101472619
2023-01-24,-0.003368538718917278,-0.0030533627623329585,-0.002523983913088272,-0.0018658010774804902,0.0007572554496384574,-0.001941008978143603
2023-01-25,-0.00804505479998251,-0.007927720402501124,-0.007575639167255238,-0.006328742097747037,-0.00615215837880171,-0.006270346489028454
2023-01-27,-0.009426351963688144,-0.009197383663874532,-0.008301920543079079,-0.004860567501305793,0.002962202237073303,-0.0016496725755698347
2023-01-30,-0.000244309756942659,-0.00023463498279605553,3.873361816717283e-05,0.0007572599548045125,-0.0022425503581070707,-0.0033754665528798935
2023-01-31,-0.003507833371548249,-0.003297018712575834,-0.0030065460463446205,-0.0017484266407589524,-0.0016878815374482326,-0.0001230415240446261
2023-02-01,-0.0003515614662221679,-0.00033717923679651084,-0.0004080040645534624,0.0002567392276493054,0.003192152368440746,0.0033956095594112
2023-02-02,0.0020578908926929297,0.0020045006672269,0.0018574112158388368,0.0033518214789180897,0.002983749506974249,-0.0011933197902681755
2023-02-03,0.01574394504029585,0.015516490969438875,0.01512178471265508,0.012676731870605654,0.010249763997528825,0.012322419437076165
2023-02-06,-0.0013060441016271218,-0.0013670088327435085,-0.0015377208028120484,-0.0020385673420105594,-0.0005286691491787393,-0.0009227709122463688
2023-02-07,-0.002347164139596826,-0.0023333060832565183,-0.002274693765596407,-0.0018987403921073077,-0.003131270735478434,-0.0029363448214927423
2023-02-08,0.005942774078296777,0.005452089327028437,0.004507431219646229,0.003797781635317768,0.00358645386013884,0.0030408980247445734
2023-02-09,-0.0010846400817068058,-0.0011079954653121663,-0.0011161983083600928,-0.0012023885387692115,-0.0014061148937802785,-0.0002905725026450045
2023-02-10,-0.0007952437974964393,-0.0006960380850139058,-0.00045677919619661986,-0.0005538036989030991,-0.00020348691675109594,0.0004026285898948472
2023-02-13,0.002665224113618844,0.0025759428617574097,0.002403733925250292,0.0010915390625035304,0.0021950372175833953,0.003120098145814736
2023-02-14,0.00303211913948953,0.002747939385411419,0.0022512795121194286,0.002484619935370739,0.0046701550751229726,0.0017646739389750293
2023-02-15,0.005510294256471696,0.005432807098872474,0.005153271668746988,0.004685105342269362,0.0017627843754612386,0.001943253175099211
2023-02-16,0.003150673970186812,0.0032716591146170326,0.003386777777950088,0.0037030573086610195,0.00438456372800055,0.005818412803271094
2023-02-17,-0.006832312737804431,-0.006789134863836217,-0.006700067899236882,-0.006380226996064229,-0.005487444968909837,-0.006365933238018878
2023-02-20,-0.007092097088272663,-0.007228859231100664,-0.007633525072144912,-0.00793221056968769,-0.008711369347213083,-0.008059230091852906
2023-02-21,-0.003981257786216791,-0.00417707508031996,-0.004425291220539196,-0.0042883587851516615,-0.0011730297532492689,0.0007864374402086101
2023-02-22,-0.008532286942547833,-0.00850406806099549,-0.008515382618874731,-0.008161956178172598,-0.006631351933874356,-0.008485175531986203
2023-02-23,-0.001954742234871837,-0.0020228042982475,-0.0022075239924138537,-0.002405609980877421,-0.0021739581825974573,-0.0020617541195420636
2023-02-24,0.0012755649881026386,0.0012328329179429002,0.0011010388080096077,0.0016985974211954533,0.0020797451891816227,0.0018832839917673739
2023-02-27,-0.0058379260522047356,-0.005728410474423252,-0.0055430671044277595,-0.005435393524514741,-0.007247747318574819,-0.004280369639055341
2023-02-28,-0.005049137496695494,-0.005010627262559935,-0.005010629159059285,-0.005889413115121221,-0.007855203282503775,-0.009347414505251169
2023-03-01,0.006352470458698623,0.006448368186702997,0.006610488036304996,0.0069405262632555465,0.007093995522679615,0.004766036741493626
2023-03-02,-0.004511117776111037,-0.004776617591067636,-0.005153461271079968,-0.005504496351509996,-0.00679023154388129,-0.005697018479181353
2023-03-03,0.006906002648929828,0.00701427530429365,0.007113926782692759,0.007770702515320959,0.008164206509853049,0.007757070280804981
2023-03-06,0.004288993624728704,0.004309193291090654,0.0042335688361655605,0.0044869437899577105,0.006606354431300761,0.00939455256683636
2023-03-08,0.004125758234106837,0.0040155987639541885,0.0036214527364254127,0.0021738804384002983,0.0027131779381458507,0.002067321704116131
2023-03-09,-0.005052206796295151,-0.005105785346108757,-0.005135700894385714,-0.00501344260681456,-0.004983940449086256,-0.006303169860478311
2023-03-10,-0.0029820290486998607,-0.003052170518895174,-0.0030466691160838466,-0.0032602049560512426,-0.002222844518938203,-0.0017152576208556928
2023-03-13,-0.010282960234001581,-0.01036386085651693,-0.010532313584969272,-0.01088257946985762,-0.009596715355604543,-0.008610959721991485
2023-03-14,-0.0042201719386494065,-0.004330271224691627,-0.0043110247180012705,-0.0045051844123771365,-0.005337631964371511,-0.005722768860838891
2023-03-15,0.0014032970602974623,0.001606354572754752,0.0016166630458593213,0.001913862711630574,-0.0019254481046467428,-0.0020692452994058182
2023-03-16,0.008595993946196005,0.0086975631582892,0.008963234305668498,0.00905299909025939,0.008481322221205274,0.00922676369401682
2023-03-17,0.0033925925159514377,0.0034171261401617953,0.003227731236961145,0.0024505895295232135,0.0004915213506327971,-0.002227138728308839
2023-03-20,-0.001304415183011285,-0.0012391830779631902,-0.0009714781578977387,-0.00031014470127267355,-0.0008333918798109606,-0.000983216499764814
2023-03-21,0.003069923339839989,0.003127364297289889,0.0029872694984200508,0.0016620147449969407,0.00019432741037953612,-0.0037697181092354003
2023-03-22,0.0024801445716608685,0.002341845633771929,0.0021916353352185213,0.0019485529446952076,0.0016978257949889109,0.001947928859103032
2023-03-23,-0.0017499477676952598,-0.0016835169368308927,-0.0014012051892723478,-0.0017607089932259819,0.00014115701943803976,0.0011906132986104047
2023-03-24,-0.005194516423200943,-0.0051207264767953,-0.005003527256019413,-0.004108929129316993,-0.004176769967767237,-0.003944313619398938
2023-03-27,0.0011635444602075703,0.0010817719018567371,0.001105016869697697,0.0017012626092943084,0.0026536967138989865,0.001981611665628798
2023-03-28,-0.001531101614700521,-0.001470675544128438,-0.0015207852758638038,-0.001566754459895321,-0.0010351512009474629,-0.00038385595563095957
2023-03-29,0.01043230763268333,0.010141380846673383,0.00964065968075697,0.00891112116512687,0.007864848372061622,0.007826034954788116
2023-03-31,0.008306653778269545,0.008450801952261472,0.008508101938501851,0.008004729539425302,0.010673144016850862,0.011302140249552901
2023-04-03,0.00196622453481186,0.00244873517234385,0.0030108779121707932,0.003794030584070143,0.003932833310320249,0.0014386248428717389
2023-04-05,0.010128548659863422,0.009716997793001973,0.009135243243350709,0.008843172762836042,0.008672931245331719,0.007634042632848211
2023-04-06,0.0015877864813258471,0.0014508721279166607,0.0009836615857098995,0.0004461884956445194,0.00022918200113096005,-0.0005079545205166996
2023-04-10,0.004456673125767573,0.004687163608843968,0.004505714551681927,0.0031075016528027107,0.0034307936090045258,0.00578613072688069
2023-04-11,0.007519665961752292,0.007915420069406378,0.008897623378314262,0.009741445060973457,0.007361871629368829,0.005390346279777332
2023-04-12,0.002093552702063029,0.002144278464332015,0.00201779890284621,0.0031979448472276876,0.003764365775841575,0.0012352304783691018
2023-04-13,-5.528848304733923e-05,-5.110499426018455e-05,0.00020865577808189717,0.0009264202226609913,0.00029622612638054006,-2.9662944356039834e-05
2023-04-17,-0.0007228446648416061,-0.0006415316783339432,0.00042960348571269736,0.002693952523028558,0.003098334021958627,0.003028436303358054
2023-04-18,-0.003323050841493606,-0.0032460200178594987,-0.003056678100486618,-0.00135065575371824,0.003249244772439085,0.0016495719930328186
2023-04-19,-0.004071702005750843,-0.004011250226032229,-0.00392927954364614,-0.0036709673544447034,-0.003174767901823292,-0.004313213357904184
2023-04-20,0.0009931656453582107,0.001022513142275516,0.0011445442920647608,0.0009867926668588197,-0.0002825939795644103,-0.0019000874119052946
2023-04-21,-0.0010777189147747697,-0.0011096564074123225,-0.0009910860763286617,0.000546029309754832,0.004087454130017876,0.004540987439096799
2023-04-24,0.0010604962740627189,0.001114676814484096,0.0018288964442868566,0.002161766490532081,0.00014681356408638815,0.0005152769645221735
2023-04-25,0.000746938935873374,0.0008382025226197482,0.0010673531606782926,0.0010228527330582709,0.0009142930664558584,0.0012754187238418644
2023-04-26,0.0037713951869283906,0.003517634962866996,0.0033789884992996857,0.00332520463778,0.0038735332134071875,0.005509464853938883
2023-04-27,0.004758001060884269,0.0050374639467605665,0.005514093848246245,0.00612086392276414,0.005356555054435669,0.002357400175447554
2023-04-28,0.010019238347642392,0.009881619860499624,0.01019925308083658,0.009858115902085754,0.007314554135046201,0.007200040519277684
2023-05-02,0.003617769740627371,0.003685641533090938,0.0037012673466577063,0.0037407613313292995,0.004955153287830812,0.005027612365561644
2023-05-03,0.0007334781045773269,0.0008364299195898208,0.0010883578469607824,0.0007337594123318606,0.00031512301594327,-0.0005358607804090616
2023-05-04,0.007133091762301683,0.006826256112402488,0.005753569187939048,0.004343807703847522,0.004876906387009822,0.004561535151478679
2023-05-05,-0.0002555638705805216,0.0001299430021252173,0.0011048345129276225,0.0034405126055196264,-0.0022985905698679095,-0.00278835345108001
2023-05-08,0.006996969774070986,0.006875954180850952,0.0063378963285840315,0.005009827297245018,0.006772806622351647,0.006949754358687524
2023-05-09,-0.00041169869138563657,-0.00045690721245068643,-0.0006250769820209021,-0.0006077314963610969,-0.0004834748751411171,-0.001011137602520322
2023-05-10,0.0027828098393516856,0.002723354332296839,0.0025579614292786964,0.001995214816977762,0.0024471389586619764,0.0037675287791450436
2023-05-11,0.004200319606065143,0.003581170923845488,0.0024570953564212604,-0.0008258945443309169,-0.002947392997465706,-0.0014418216618052914
2023-05-12,-0.001755470770791215,-0.0020153967414034244,-0.002866796334783925,-0.0035350333103792036,-0.003850180695792817,-0.0030560819410682533
2023-05-15,0.00506860196968597,0.005297738018045848,0.005693446921044393,0.006397781301528743,0.0037420246135278917,0.003591737151371849
2023-05-16,-0.004597613219942709,-0.00479374357394676,-0.004855984785044773,-0.004624411949800051,-0.0028145561805839768,-0.0017974886838239218
2023-05-17,-0.004651820889224114,-0.0046917328572524675,-0.004776518410452163,-0.004792715375783303,-0.0032544617805224984,-0.004298409864127974
2023-05-18,-0.0064623349370111025,-0.006662439415781699,-0.006847140922473053,-0.0064827740580998055,-0.0058161843768725924,-0.0075974585344479335
2023-05-19,0.0017818955514503638,0.00173498299586167,0.0016410247281167618,0.0014211620494604378,-0.0009612173003796074,-0.0017587287005960623
2023-05-22,0.007000828681627249,0.007244710096971971,0.007328666647805541,0.006866140911802489,0.0051000637083425,0.004546815789816069
2023-05-23,-0.001421283685092928,-0.0014208776885099748,-0.001547461970093051,-0.0017352600560946322,1.5108394251331673e-05,0.00033481564051500494
2023-05-24,0.003135137311179475,0.0031130028336754188,0.00291455322312814,0.0029837438571446253,0.004049682575950922,0.0044385877065828
2023-05-25,0.0027365560380485142,0.0028579695060753692,0.002938432949974421,0.004500676312669037,0.005161203364947162,0.002620506554784229
2023-05-26,0.00919529092204219,0.009124069772827703,0.008995390270770946,0.008288300833932562,0.005717336731711992,0.0067737186978014
2023-05-29,0.0032927565349793564,0.0031221411418124465,0.002839827354320227,0.0032870317628507974,0.0030167720991119166,0.002462601682593262
2023-05-30,0.0009361784078184526,0.001002734110632134,0.0007704021633866049,0.00020237113707989997,0.0012199991975173992,0.00022355402442137437
2023-05-31,0.0017179709275800814,0.0017042633213403754,0.0018995918694955864,0.003467376600153653,-0.0018397452662650277,-0.0032613122174789274
2023-06-01,-2.4942985663636017e-05,0.0002687972397054254,0.0001705669427333129,-0.00020615675697811413,0.0027172602432333237,0.0029936617855070074
2023-06-02,0.007343320134375245,0.007324202549530862,0.007537785437544987,0.007564683862621668,0.006442469388464291,0.005015298748974227
2023-06-05,0.00042804764694128914,0.00024028778945841503,-5.113945350458454e-06,-0.00107866167178652,-5.89692967801653e-05,-0.0013766849226663747
2023-06-06,0.0012305451971078192,0.0014988569188028379,0.0020574262682996527,0.002477097947254539,0.0016443405650135511,-0.0006711576930736971
2023-06-07,0.008418066240546347,0.008168402675437099,0.007903783070475701,0.00770662690718738,0.007417154157985257,0.008441597651257269
2023-06-08,-0.007829276617968636,-0.007721384761972096,-0.007868853043562479,-0.00853871485779351,-0.003823739650467373,-0.003235064820492811
2023-06-09,-0.00101077080696327,-0.0009625558131576237,-0.0011708365748273406,-0.001993283141375421,-0.0027946535123656562,-0.003261071022211564
2023-06-12,0.0007952456293656258,0.0006306387204429544,0.0004988096896670074,0.000667161384799374,0.0013020138226973632,0.0012865725913447138
2023-06-13,0.007855422918574079,0.007824009805636115,0.007515763423337944,0.007250931994509403,0.0076061718608875385,0.007454089325024337
2023-06-14,0.0019302784913501183,0.0018937212773873524,0.0022984149327384407,0.0028550027888674867,0.0019322933512950866,0.003953628522612796
2023-06-15,0.00391716813227944,0.004132779336945294,0.004144839960235513,0.004112379913213107,0.005038742449701013,0.0029063900699252236
2023-06-16,0.005872438926114715,0.005876993340861358,0.005751930282769376,0.005341790118057787,0.005687310549749243,0.00570780705594632
2023-06-19,-0.003821423424476777,-0.003686876681898466,-0.004053840206022771,-0.00411066168951295,-0.0035204511430257193,-0.0023154213411657894
2023-06-20,0.0028456167340751904,0.002835277828497915,0.0030921966570226817,0.003954057538559709,0.003436266905933097,0.003952302199321912
2023-06-21,0.0020531662262453735,0.0021279741023686413,0.0023294024617021678,0.002402670391878691,0.0012620092085292318,0.005166279079774462
2023-06-22,-0.006394377734003008,-0.006422092249018076,-0.00624491566899214,-0.006389363225260222,-0.006641944833862643,-0.007280589717565641
2023-06-23,-0.0005234774770340521,-0.0005365578139549098,-0.0007132219376980147,-0.001339558852846765,0.00022573005197837012,-0.0017059633284937864
2023-06-26,0.0033382511203003612,0.003317994870195093,0.0030229383718927737,0.002296586886976616,0.003940183195026257,0.00252647527247204
2023-06-27,0.005072750188327615,0.004946063611313009,0.004956952736675507,0.004574731312553642,0.0021352632443108295,0.00195895156091169
2023-06-28,0.007632677520512849,0.007364024123337875,0.006986213694417273,0.006386030473593278,0.009244230894078692,0.008544261914208344
2023-06-30,0.01111840881234672,0.011143949822740938,0.011034996169012459,0.011143615183587707,0.012119168259425214,0.011456520090803115
2023-07-03,0.0019111368659812367,0.0013710466372810464,0.0008816360182169424,-0.0009997579914013393,-0.002212345492983831,-0.00023757007291529123
2023-07-04,0.0031035374803502092,0.0032651372550362885,0.0033855036692883897,0.0046200121210059385,0.0036621335376581274,0.0016415906166121178
2023-07-05,0.0022325458457238315,0.0028290524740642014,0.004202172834447018,0.00890021724633561,0.009110392390364446,0.0025556630544968178
2023-07-06,0.005580191633692912,0.005687657184515255,0.00591787641648291,0.006905266719249438,0.006101988129901606,0.0072094110867221796
2023-07-07,-0.00945739348923921,-0.009662652811347688,-0.010075233657777752,-0.011896198973022023,-0.01037717496661346,-0.010370835484420683
2023-07-10,-0.0035234597115340136,-0.003976653014007643,-0.004490467385192016,-0.004715111673754205,-0.004499896029171923,-0.006856182206780183
2023-07-11,0.006300384913919146,0.006669912957942443,0.00738273134434942,0.008939048509351148,0.00978077797494051,0.011128188950121236
2023-07-12,8.654665118053989e-05,4.254255788850559e-05,-0.00019104239319767027,-0.0006032464680596572,-0.0005378678032434871,0.0004936678976153706
2023-07-13,-0.0021271158126218454,-0.0024487083604696766,-0.0027776933621227223,-0.003899510809238312,-0.004855724443577533,-0.00570916832881143
2023-07-14,0.0071095808593529,0.006691175286335652,0.005892914976757892,0.004593405849555958,0.004202686795921417,0.0062583255920781785
2023-07-17,0.003621014359278628,0.0039620509244019785,0.004495043893785523,0.005202533968252973,0.0038122780068461024,0.0019436324030176844
2023-07-18,0.001102108965972325,0.0009508977677218833,0.0008249719030646867,0.00018842017492852275,-8.58766838866471e-05,-0.0012144316885948918
2023-07-19,0.003407271176824874,0.0033007846505822775,0.003357770286911534,0.0032792631843143044,0.00313181226892137,0.004855424377679615
2023-07-20,0.00849983454690148,0.00864523571969708,0.008989399090824083,0.010602675935242716,0.011570961660471647,0.00909364278584712
2023-07-21,-0.003019247180388495,-0.002959859085398337,-0.0030691119052427248,-0.003471896223422836,-0.004266325487860048,-0.005038862459043997
2023-07-24,-0.0006146912181275207,-0.0005397939894634012,-0.0009674049918270637,-0.003900353750137503,-0.0026024947501492096,-0.0009508234356783099
2023-07-25,-0.0021452890450987974,-0.0023763278287855386,-0.002870336367772339,-0.0048799597816073965,-0.0023929032724969625,0.0026052542251882387
2023-07-26,0.0023355471571677193,0.0023285714359209094,0.002549511039469898,0.003718310732268218,0.0052121716971008005,0.005634847836241061
2023-07-27,7.042027435368026e-05,-0.0004775314416057691,-0.0016147957328297227,-0.0036942441546284196,0.002774793161383226,0.004965268984753933
2023-07-28,0.0034572652695813036,0.0034728635860013673,0.003475965272108076,0.003855173957557595,0.005516975541434623,0.00807783652569882
2023-07-31,0.006532325330814897,0.006380078284258044,0.006103234296765351,0.004285181386487518,0.0061789622595402665,0.009613674761458923
2023-08-01,-0.00033756757211384414,-0.0002819017547250458,-0.0005821208351516803,-0.0008664692106437672,0.000669625329678558,1.9894068133256317e-06
2023-08-02,-0.01147702667519291,-0.011202007163817213,-0.010248370699696483,-0.009207945252771221,-0.007986746617006253,-0.0074564468236151885
2023-08-03,-0.010158792796303802,-0.010303807676499098,-0.0105339208853623,-0.009056710060009724,-0.00787672444530701,-0.005510009660765359
2023-08-04,0.006549545936492717,0.00648895860924455,0.006572499937075184,0.004732050780318617,0.0030708390966261347,0.004334193234170733
2023-08-07,0.0023553650740960066,0.002665828449646965,0.0029324657809103646,0.002986934516373535,0.0031917063823517595,0.004041958734744406
2023-08-08,0.002258777487927801,0.0020139856911775586,0.001839814606617723,0.0006458310817408172,0.0007553605742021798,0.00036572305005482723
2023-08-09,0.002657598210435792,0.002811031276712804,0.0025056355714214136,0.003147346186926298,0.00441037484284465,0.00584669379627035
2023-08-10,-0.00623194346280603,-0.006298335946827126,-0.006887417165185954,-0.007853085203966652,-0.007765929074197349,-0.004351277650249887
2023-08-11,-0.005487392476930308,-0.005951645258668618,-0.006453330941907136,-0.006914878582253041,-0.0072849108938641055,-0.0054893850696541395
2023-08-14,-0.0033277109379216373,-0.0030139531195065472,-0.0020809918150350173,-0.0012825334032345067,-0.00044120869496425244,0.00017825586774689473
2023-08-16,0.0004603862603390356,0.00039016065551744465,0.00043692499964316425,0.001388163011227501,0.0024006662398722367,0.005387999986932528
2023-08-17,-0.0034649906043078584,-0.003703093297045469,-0.004172456837995936,-0.004422272714813898,-0.0039850123327594515,-0.00619501802734139
2023-08-18,-0.002568213829288148,-0.002616236321477611,-0.002442545670962746,-0.0022287021506973105,-0.002707996113714395,-0.0031528993742134088
2023-08-21,0.0071498397126479275,0.007149118937951129,0.007127120591120847,0.007335444000245353,0.006328438576076845,0.008083898489196328
2023-08-22,-0.0007204002297197355,-0.0006085279832337273,-0.0003039434964136222,0.0006960608359671923,0.0016637249592927604,0.001027540486859673
2023-08-23,0.0036180366336679482,0.003484480012388282,0.003408919746129297,0.002506114596112695,0.0019937217204844377,0.0008296027345857471
2023-08-24,-0.0010548038275889553,-0.0009937439347814572,-0.0006353756700954118,-0.00023795682843597704,-0.0014325312481040515,-0.004207112724382329
2023-08-25,-0.001812629527325527,-0.001623759025684594,-0.001275357311789905,-0.0026039510965791715,-0.004989370138896787,-0.00798820130714799
2023-08-28,0.0039707494041803775,0.0037648598581082643,0.0034237588615995598,0.0029562091714569676,0.0021595722827948624,0.0039457250091818885
2023-08-29,0.0013640549936644634,0.001140291121176641,0.0007820410427628887,0.00044965914555922183,0.0006733369607280072,0.0004976107356523471
2023-08-30,0.0006012637930415878,0.0007119759185356764,0.000982833591798118,0.0013007458058928811,0.001635992841078913,-3.529575427838494e-05
2023-08-31,-0.0034169880883843755,-0.003288515112590489,-0.003065867378029604,-0.003789952608792679,-0.0036606354139274554,-0.004680830876912442
2023-09-01,0.008772539698743795,0.008883924228867333,0.009317770430209097,0.00916656388979585,0.009454910571692532,0.010055873984133669
2023-09-04,0.002753225176147057,0.0026216777120287634,0.0027019378282715067,0.002507354739631442,0.0015405282171773648,0.004311771902070312
2023-09-05,0.0015199076501194674,0.0016951764097483182,0.0018893230775507476,0.0027427974897340276,0.0026464539550077773,0.0019877016683027787
2023-09-06,0.002448954786721347,0.0025605951060123314,0.0024948624841699373,0.0024471428409567502,0.002369838085465934,0.004140274521471135
2023-09-07,0.005315433115590283,0.005472961500392828,0.006238399488289755,0.007575559950654549,0.003077241910384853,0.0011645178832250663
2023-09-08,0.004704966297194142,0.00471045904126533,0.00484141861651128,0.004402059292771517,0.004011668713250104,0.003318323975666897
2023-09-11,0.00918466301485246,0.008713796486005829,0.007888036948048288,0.007191602450088758,0.008134376928822162,0.008074518982948352
2023-09-12,-0.0018866826095805817,-0.001355897084001289,-0.000867621994785872,-0.00039193619289939964,-0.001054647718822943,-0.005337373746801484
2023-09-13,0.006369831846276363,0.0063908846472335475,0.006536336443589489,0.006409354867286261,0.004442287428907372,0.004890947808789523
2023-09-14,0.0019115249686167315,0.0017819807074716597,0.00148081082893625,0.0009604245943995191,0.0015062826495061215,0.0032212378095565174
2023-09-15,0.003292020705234498,0.0032589170774213554,0.003030272451009048,0.0030989752188474145,0.00547278875783896,0.0018135880755595084
2023-09-18,0.0010994459744844629,0.0009378751099810646,0.0006221625986798458,0.00035828949668028796,0.0023177103665666717,0.0048793368321684025
2023-09-20,-0.007195656783429557,-0.006933049118957889,-0.006515299115277443,-0.006205890610169547,-0.005758937355180715,-0.0025534939277387604
2023-09-21,-0.007895692642714152,-0.008062856128737216,-0.008141909694712804,-0.006864214407230396,-0.008171018595692312,-0.007167270855383101
2023-09-22,0.0001095288089297729,-0.00022554948863297178,-0.0006971888532851845,-0.0006261525124241253,-0.003789264058430717,-0.008063872064225798
2023-09-25,0.0055544390018911005,0.005368101253275705,0.005275526022002911,0.004811565221980996,0.0022847282285949435,-0.0015506194536914434
2023-09-26,0.00015361142186220023,0.00026684318478021924,0.0001892598741952663,-0.0006456511786205365,0.0013168023789378155,0.0026808562169129482
2023-09-27,0.0016273625891492405,0.0017821708667219325,0.002142692463144824,0.0039034872756844715,0.003006982249022317,0.0037470526866033764
2023-09-28,-0.010995680198212726,-0.01059049326272482,-0.010295467022579014,-0.011196239373960517,-0.012154225278329451,-0.009891023139465062
2023-09-29,0.00488249221171173,0.005061401795726138,0.005447632581877252,0.0061036697465573645,0.009425029068918848,0.010887112916537057
2023-10-03,-0.0007641154476987381,-0.0009066887568451943,-0.0014269472243214727,-0.0036390852093853648,-0.006993375152660534,-0.01077034467826108
2023-10-04,-0.0047900147446657505,-0.0049926151276794015,-0.005437401707124822,-0.0060282031075215015,-0.0055821304376194765,-0.001877022375257901
2023-10-05,0.006387372125166496,0.0065499292927506305,0.006750656804199583,0.006571441249924414,0.004884409751380903,0.0001643008356067043
2023-10-06,0.006697021222378557,0.006923482171772998,0.007082967857212128,0.007560234851780581,0.0061643073396834575,0.0035049234118885537
2023-10-09,-0.006975903989731415,-0.006995488031911891,-0.007010860954454679,-0.006187261844559835,-0.003852601234554481,-0.0016765899088271898
2023-10-10,0.006901896243268445,0.007106442475279415,0.007410780769902215,0.007550484087136379,0.006194258266515609,0.004461783886389043
2023-10-11,0.006319352289424368,0.006382413755245878,0.006520628990043695,0.0066979982118015105,0.0064279248474801804,0.007648237416398786
2023-10-12,-0.0031640321382094263,-0.0028044284877455647,-0.002117638747215091,-0.001100771075919556,-5.9428821797343325e-05,0.0002968594322267657
2023-10-13,0.0027012750720660766,0.002606763316197456,0.0023801206381605993,0.001322878698843407,0.0016547780126703637,0.003344635498438042
2023-10-16,-0.00475449518323239,-0.004695701756360202,-0.004641138538565175,-0.0038309417051263584,-0.0029541574928722003,-0.0020251716784389063
2023-10-17,0.0032405272663469965,0.003418919618047341,0.0036895525627989576,0.004569676950843678,0.005292803209591733,0.006463067260217899
2023-10-18,-0.004132509878334108,-0.004117363780644223,-0.0040793733962896355,-0.003769657344905953,-0.0013153201083564126,0.001393254245388822
2023-10-19,0.003159343042290295,0.003416153302270116,0.003858466818177089,0.003374171036460959,0.006652874342213961,3.020542393323113e-05
2023-10-20,-0.004354162420826433,-0.004106455462066783,-0.0037033601217559007,-0.003983740000401321,-0.00495054465461504,-0.005436602766025674
2023-10-23,-0.011041639152758175,-0.011149985486343696,-0.011384572175073295,-0.010827037479635156,-0.010773902853586575,-0.01150082192643909
2023-10-25,-0.008099119836197065,-0.008030643410297685,-0.007769150239018651,-0.007705312780502457,-0.006297008343398606,-0.007545464585610757
2023-10-26,-0.017491944333910506,-0.01757231423652556,-0.017520467076613866,-0.017228736973122043,-0.016022019866362987,-0.012627900862451264
2023-10-27,0.010544350291170575,0.010418853519619558,0.01026573172425867,0.00946227005143199,0.01018570071059588,0.010794937381082597
2023-10-30,0.004887145079395389,0.004915929269229712,0.004866473584059018,0.0030115950773388564,0.0012768165845430533,0.0028401507492158444
2023-10-31,-0.00040533081061684174,-0.00029161178960017723,-0.0003310569722277341,-0.0007477078878044263,-0.0011305132980026255,-0.0019763886244194657
2023-11-01,-0.006801642987347793,-0.00680133402096285,-0.006575674605069069,-0.00584866911273628,-0.003623707512228202,-0.0028260295777053526
2023-11-02,0.009001072877608299,0.008990825365503283,0.009025091585095126,0.00893454583493264,0.0065286830894041034,0.008314651364823051
2023-11-03,0.003614850669594709,0.0034913893876106807,0.003876206089621556,0.005263048966729184,0.0023617909354980205,0.004967091885171272
2023-11-06,0.010121132348766373,0.010016898222187477,0.009833322572837087,0.00903465811495547,0.009118046688604288,0.008841446614936342
2023-11-07,0.0012902209675203272,0.0012320619779315027,0.0012501149012081924,0.0014744726692084936,0.0023147122056831424,0.003611351327220663
2023-11-08,0.0037321013615697193,0.003958761360603167,0.004312785637041882,0.005257531992172599,0.005400643491090382,0.005082181404305395
2023-11-09,-0.002716417135383885,-0.0027158724391046817,-0.0027259720539410393,-0.0026646134135999214,-0.0023697479224719774,-0.0026330158261419863
2023-11-10,0.0005995792131444186,0.0006496933763784547,0.0007902278446172064,0.0013663420989964742,0.0018882870027733434,0.003531766921151288
2023-11-13,0.0004158792777498382,0.00033725932471581204,0.0004605428068561151,0.0006549124520512557,5.364135340186224e-05,0.003230122168704169
2023-11-15,0.009560341201701753,0.009342595284566543,0.009418577376237924,0.00939823690458769,0.008518773728160683,0.008673593904596367
2023-11-16,0.0056004520757456985,0.005305016833083146,0.004648253012294634,0.0018824295905442603,0.003851509131156209,0.00617663060062079
2023-11-17,0.003130899216909631,0.0033686589326753155,0.0035905513999217966,0.0032397732192212354,0.003377350532263395,0.0037779383124658538
2023-11-20,-0.001854561888030445,-0.0018880067393510032,-0.001988154782219601,-0.0024809316208894514,-0.0024117199106032626,-0.0012880233885816299
2023-11-21,0.0018659359060403185,0.0019407804694493561,0.0022256923225107655,0.0024722464884288147,0.002798095923767795,0.0024462096622085133
2023-11-22,0.003971991274131863,0.003924472910459689,0.0036767609172683622,0.0024242964516899756,0.003286149155216614,0.005436792947221575
2023-11-23,-0.0032112744049263638,-0.0036370933678733946,-0.003933643300104116,-0.004355575040686208,-0.00310833680480238,-0.007730116501683459
2023-11-24,-0.002501486553784066,-0.002323718163340589,-0.0019401795262889044,-0.0006494612115988555,-0.0006768658142380106,-0.0012715253723956585
2023-11-28,0.002045351608224885,0.0021924409159602004,0.0023395068497087572,0.0028172731525689014,0.004446444101842437,0.0034902052995941703
2023-11-29,0.008742823785454058,0.008461614821333686,0.007984376276470046,0.006515148828884379,0.00618781042056435,0.004102960220872366
2023-11-30,0.003804266607305974,0.003973767111062336,0.004675520527047636,0.006235516276541026,0.006137319338862794,0.006880913748541722
2023-12-01,0.008227343123401072,0.008384932317426118,0.008648233884859946,0.008898778816234297,0.007047050388342583,0.006708061684569815
2023-12-04,0.016137300273648524,0.015989735335514274,0.01605972615954932,0.016231364802606053,0.014782777526589665,0.015144683257939195
2023-12-05,0.0068801082607538285,0.006686226676376739,0.006196835246599858,0.007100734264694842,0.0028982301375726827,0.009688389083116377
2023-12-06,0.0058949373416135285,0.006037868152597156,0.006106239899013297,0.004100246360025696,0.0029375533461246154,0.000982595241051756
2023-12-07,-0.0013270165585045352,-0.0015220668471037254,-0.0020119564152974393,-0.0024020830430752206,-0.0016048277644900204,0.0024033549453676994
2023-12-08,-0.0007350509014469099,-0.00039627985793940813,9.792303096857165e-05,1.2164170224795469e-05,-0.0017242460129394655,-0.0028401969753232463
2023-12-11,-0.00019845584976928396,9.155814625043499e-05,0.0002605494718854964,-0.00020186610306130752,-0.0008580211809603351,-0.0008722903358136238
2023-12-12,-0.0030712133001537015,-0.003061904383582844,-0.0031032795089479858,-0.0030368669403285356,-0.0026883831082444155,-0.005500624056728108
2023-12-13,0.003852353050039239,0.003715232830814301,0.003680047158045806,0.00417352023086068,0.0033753636117458304,0.009351820354875839
2023-12-14,0.006051317716071003,0.006318219788426023,0.00671702622444805,0.004668030539076513,0.005511056712452227,0.0010851886611502012
2023-12-15,0.009079604806951377,0.009764736825016811,0.01018524397047663,0.006472776732268596,0.0043443025772749696,0.01014628735121745
2023-12-18,-0.0026081589407643334,-0.0025354610985603245,-0.0024037578268674316,-0.002236813732710345,0.001301080586538661,-0.0019341560369560105
2023-12-19,0.004792806731668934,0.004220130478713684,0.0036716965690365916,0.005000472433685381,0.005623974894907619,0.009486890183752978
2023-12-20,-0.01346223454578278,-0.013572724332121179,-0.013644739944185077,-0.0130197693997361,-0.011027534472651798,-0.01368802798758165
2023-12-21,0.0019348841358613885,0.0018122962834722428,0.0016522758899470097,0.0016700248347760655,-0.0009131175068718984,0.004836467933737736
2023-12-22,0.005351023189070664,0.00569766634491079,0.0062438434785232096,0.006342673774362822,0.008665812516191855,0.0069490753930385694
2023-12-26,0.002490971012559014,0.0024185823892697075,0.0025069471386012583,0.004281187382649777,0.005550198392338559,0.007480705059209113
2023-12-27,0.007556716708015916,0.007635677724945222,0.007859482810319306,0.008535917036390311,0.009022501593007508,0.003584700750577338
2023-12-28,0.008050704110837813,0.007735478324466749,0.0073889702664002264,0.007830629209036334,0.008291575765036594,0.01364960172186756
2023-12-29,-0.0006768214828059626,-0.0007071065626444177,-0.0008168961962369166,-0.0008999570647021892,0.0001870560589520661,-0.0031063722758236777
2024-01-01,0.0019536994364110346,0.001988252495132869,0.0019078454919509997,0.001649759490821258,0.0019683264641027396,0.002345983546395346
2024-01-02,0.002074757863390534,0.0017985535337752883,0.0015376176299457095,-0.0001361213683414538,0.0004695915530075036,0.002449581891278556
2024-01-03,-0.004803429390859782,-0.00461942234927652,-0.004150244860183221,-0.003551763001995204,0.0003523800263711338,-0.002337454751290364
2024-01-04,0.005155773074664973,0.00494515946253677,0.004591045729858892,0.005258544263097579,0.004873890268194642,0.008900630875986063
2024-01-05,0.00021609200552071483,0.00027090660479545136,0.00019787992893507717,-0.0002922193595524153,-0.00037970403806960955,-0.002008078429522122
2024-01-08,-0.010240192128832228,-0.010274014353547946,-0.010311953458680375,-0.010132696945234122,-0.009230798590276269,-0.006127902050408941
2024-01-09,-0.0002941385495520769,-0.0002902166836918919,-0.00019902027483410952,-0.00039842469102092395,0.0011518165905358899,0.0017304263359613364
2024-01-10,0.0016547550598332704,0.001929550128879787,0.0021197722415491676,0.0012137779463887667,5.16157765984627e-05,-0.0015654137964147901
2024-01-11,-0.002981688383552422,-0.0028790107812773015,-0.003021864149786464,-0.0028608187713036843,-0.0008339422358656042,-0.0017603780189180298
2024-01-12,0.0022185975543765587,0.002416272749949879,0.0026584442170460064,0.002614781010598235,0.004795711238855721,0.005132128304071183
2024-01-15,0.004533676807566141,0.004744013754518157,0.005011308664624599,0.005443001158952141,0.006375018417057463,0.00980655858713891
2024-01-16,-0.0010765375297477184,-0.001069922016857511,-0.0009768481775170943,-0.0003036908698989478,-7.153416382808483e-05,-0.004554162816470933
2024-01-17,-0.016073867379743173,-0.0157445135778955,-0.01536299761298501,-0.014837301872787478,-0.015472207198295097,-0.010862791885514068
2024-01-18,-0.005019132185131279,-0.004962050624265066,-0.004853185977783058,-0.005990766783147541,-0.0035467383816922887,-0.006103226214945464
2024-01-19,0.007714721931119197,0.007929916969811848,0.008310277849041162,0.009391944129761593,0.009476251622205414,0.011575834872433728
2024-01-23,-0.015324645967571743,-0.014812950852858981,-0.013750234241805902,-0.012655744270098173,-0.014161361615347782,-0.009699383025026303
2024-01-24,0.011372610432314766,0.01110476423104308,0.010774492900793263,0.009435199113693594,0.011931512175407308,0.01623999268225918
2024-01-25,-0.008351207901519138,-0.008257972819862253,-0.008506063212348048,-0.00884378763170224,-0.006183892260959152,-0.007735990170914579
2024-01-29,0.006431485860099624,0.0066335826280327715,0.00636163711117837,0.006923749266233521,0.00930482297219189,0.016090172692186946
2024-01-30,-0.011249313520775031,-0.011130041283083335,-0.010841812817300777,-0.009407774552103823,-0.010378489598421116,-0.011097185749031232
2024-01-31,0.01644448144507818,0.016274908662988953,0.016185105138021433,0.014542812374412387,0.01254914125894497,0.016328277545872877
2024-02-01,0.001854490790943036,0.0021140789548549418,0.0027954817254808376,0.002131523730799028,-0.0008333176579023165,0.002494917055068308
2024-02-02,0.005718982124343659,0.005864116999929593,0.006246392631876004,0.005650469432176343,0.003314581142426997,0.011765576727954766
2024-02-05,-0.0014448153485705582,-0.0016706129438614232,-0.0020615447919987507,-0.0034922764196315286,-0.003125255420637691,0.008807463525929312
2024-02-06,0.006690175547061276,0.007128554840908805,0.0074534652163052995,0.006373921766118122,0.005045701801843239,0.0034439448393307794
2024-02-07,0.004132407868814646,0.0041174414161020845,0.0038704509816927116,0.004769303973315941,0.004420585966585619,-0.0003875524621202403
2024-02-08,-0.011148770406781191,-0.011155437391154235,-0.010930999801056506,-0.01265255079916787,-0.013513561352864821,-0.003620368285392782
2024-02-09,0.009160135898131035,0.008978517729872952,0.008419139845205965,0.006871215629456605,0.0075296301732952165,0.0011986068985752945
2024-02-12,-0.0030016208663232926,-0.002831979927340708,-0.00277803512252636,-0.0026898345857018034,-0.0030722466837356617,-0.007720041368977459
2024-02-13,0.008909962278208564,0.008751481486219913,0.00845211871637936,0.0077537702448683046,0.007873022977841308,0.005487698953268387
2024-02-14,0.0018195967776579722,0.001887266418880124,0.001968825237205395,0.0022874309389360505,0.0017708576013074754,0.0027476084480456756
2024-02-15,-0.003651312680366322,-0.0034331713092012025,-0.002856811689074012,-0.0015273306422765981,-0.003906158671104266,0.008456383850946724
2024-02-16,0.007918203590674406,0.008287439644046947,0.00842322005524017,0.0077589997743145395,0.009366736922093352,0.001953998360452017
2024-02-19,0.011982164390408171,0.012138692958721168,0.012399365663557682,0.012251077890468389,0.012063881187162017,0.006984092977364425
2024-02-20,-0.0032459953826696033,-0.0034206648237175945,-0.003410520036164779,-0.001459975182033626,-0.0019163843226766195,0.005216200467045249
2024-02-21,-0.0030916425931662135,-0.0030885973312606996,-0.0033033738707243946,-0.003668314487546972,-0.0035597246982224163,-0.009128702679258444
2024-02-22,0.012375635377736317,0.012312748446723434,0.012220817420702473,0.010244943542279174,0.010770400833410677,0.008340142588770036
2024-02-23,-0.0014463757888515051,-0.0012589607152319801,-0.001152621695913223,-0.0006179292145497316,0.0003862662641981873,3.1430451539214265e-05
2024-02-26,-0.0072227929696347445,-0.006959405783381885,-0.0064985835044745685,-0.006583929452295148,-0.004257188857388802,-0.0007574474736511338
2024-02-27,0.007405369146855988,0.007347599018913183,0.007144535261543395,0.005836894843195887,0.005024830301458342,0.00754212775584732
2024-02-28,-0.012504113531935323,-0.012566292077246698,-0.012854714001226435,-0.01259716518115665,-0.01149326749137845,-0.011824967823560172
2024-02-29,-0.0019470607138338328,-0.0016357745003668788,-0.0011763473150075332,0.001421281293320454,-7.629234494529037e-05,0.0014760651732170537
2024-03-01,0.005495298618467983,0.005590946711170328,0.005648753582700622,0.004711708003067929,0.007976591206566443,0.00592525487345271
2024-03-04,0.0023252709616885664,0.0021787561785004935,0.0020930030850809154,0.002639229990440587,0.0032547299408681785,0.007197988784949797
2024-03-05,-0.0016697376601241833,-0.0015716107834859824,-0.0017454001940520377,-0.0032108686840587966,-0.004006529569082985,0.001033476736366972
2024-03-06,0.011760857907129182,0.011772188360674105,0.011715110917501322,0.009376846130882556,0.00794164870305267,0.002364924603151705
2024-03-07,0.003983596701465714,0.004254561525296675,0.004866229725240517,0.0052598712050043,0.006499890994239404,0.001972123900330946
2024-03-11,-0.0014471595673202996,-0.0014240398623164823,-0.0012537388744807,-9.230584058240576e-05,-0.001795631267333771,-0.003925513324929808
2024-03-12,-0.0046774014574321905,-0.004739625117037684,-0.004849301294841995,-0.004605169395391321,-0.006203296535188536,-0.00481833053112303
2024-03-13,-0.007651929635090461,-0.007016659529220648,-0.006318786575120186,-0.006196237461506281,-0.005150572729152146,-0.021571914741963138
2024-03-14,0.00604340049807622,0.006001306466479721,0.005971190436249937,0.005606415054303009,0.005549730081134007,0.00778573600590316
2024-03-15,-0.0019341312646417768,-0.001966202173280148,-0.0019491263195155308,-0.0013166364782129089,-0.0028711616677859183,-0.005331129114410577
2024-03-18,0.002331748282428312,0.0022388096502337917,0.0021222652024377106,0.0014432453145119095,0.0023027584654410687,-0.0009731552036344594
2024-03-19,-0.013154337917030605,-0.013229937974156294,-0.013331175059100985,-0.014785346069283225,-0.01303720831346992,-0.018169397073184504
2024-03-20,0.000532350663368731,0.0008154310542943191,0.0012638991937712713,0.0026090829403318857,0.0034836914953737925,0.004953062040654497
2024-03-21,0.005496507376263725,0.005540312749407612,0.0056305087967531905,0.005808816457668404,0.006231545600691681,0.01246360042687105
2024-03-22,0.00973769508823289,0.00989317215808012,0.010040828248000075,0.0110099746252895,0.012800008403696297,0.009550551933389335
2024-03-26,-0.006196174100431421,-0.0060971808305506844,-0.005688351076317048,-0.005022215170233949,-0.0030151883648865657,-0.005316225710346082
2024-03-27,0.0009720835453709276,0.001067269423533621,0.0012388641551414037,0.0009899033094918168,0.002987296299269695,-0.00034334108073521934
2024-03-28,0.010971589733912216,0.01077639363073465,0.010779852499856545,0.01229449308487591,0.011816174600773298,0.014744818252257912
2024-04-01,0.003188667200007234,0.003173800325669357,0.003114184156536184,0.00335369971980435,0.0010509413595687577,0.004280893426623292
2024-04-02,-0.005596706190981839,-0.005547940363904803,-0.005259365924351492,-0.00449103765237222,-0.0007280421398321822,-0.0011200006803563892
2024-04-03,-0.00010242309609283804,-5.0271247206088885e-05,-0.0004991915697732849,-0.0014533515374053672,-0.007233295519335822,-0.0020758562325425027
2024-04-04,0.0028678555007893777,0.0027268031071422103,0.0026071552712019527,0.002640324342882426,0.002156670705842783,0.0024402762652233905
2024-04-05,-0.0014234750472843817,-0.0016442178441654779,-0.001660109895626331,-0.0017861301659650576,-0.003617281718192065,-0.0005939756130021565
2024-04-08,0.0026514267170308133,0.002614754195317777,0.0025948316274211026,0.002936707571699547,0.004064598026371472,0.005742586967684194
2024-04-09,0.0012557127085489918,0.0012323247168595213,0.0014482101806469144,0.0006986434263941381,-0.00012004810630072125,-0.001367700066183835
2024-04-10,0.007027055371748056,0.006901865317528415,0.006442537822574786,0.005490605416746402,0.002470191660879125,0.0037788876218581777
2024-04-12,-0.011667579914537814,-0.011566081540611627,-0.011448621580028453,-0.01125634028085061,-0.011530627302973648,-0.012593108588339154
2024-04-15,-0.010912854147458764,-0.010878074039336693,-0.010987078175623628,-0.01124096314446827,-0.009448843413615059,-0.007632321182040071
2024-04-16,-0.006824909456497745,-0.006746451894073208,-0.006698823789768743,-0.006845630070717486,-0.005653073709971736,-0.00010511354052293326
2024-04-18,-0.006571750987431342,-0.006385198280065327,-0.006403147984184969,-0.006939935001284858,-0.00954047134179211,-0.010392917398448599
2024-04-19,0.005736684007181669,0.005667765537881489,0.005474598601064148,0.004745202753457387,0.0029885995506926393,0.0033601979371386415
2024-04-22,0.010088185209467516,0.010001717650000836,0.009718077706247589,0.010037902074383096,0.009709489875506787,0.005666673349000824
2024-04-23,0.0011868662783189846,0.0011717044339950178,0.0011171173972802932,0.00021658854306747216,0.002510208678523638,0.0018762407437241226
2024-04-24,0.003696611965317421,0.0037402595390698895,0.003928595891755802,0.004263946534295799,0.002887829798783356,0.00619270352669878
2024-04-25,0.005637206523408493,0.0055718087032719295,0.00564507354401005,0.007874706249664819,0.010794956411819007,0.013694500556989928
2024-04-26,-0.006168187501235593,-0.006169799853463696,-0.005858554149382507,-0.006235640039232228,-0.006630988304423481,-0.0057022502833150406
2024-04-29,0.010005170149108953,0.009697253995666396,0.00884744154621178,0.009199435830358007,0.006164400416786494,0.00938326853160457
2024-04-30,-0.0050529827462078266,-0.005061099511124472,-0.00493549187388226,-0.0040415455125742,-0.002073189544283289,-0.0017081425587239572
2024-05-02,0.0009035226402639002,0.0011003297707379137,0.0012131595331481729,0.0020790088246458644,0.0023560117209309337,0.009145691671644425
2024-05-03,-0.007880730195954339,-0.007728958685906966,-0.007319514295635393,-0.006203272454808924,-0.007409733292433851,-0.005369677164687758
2024-05-06,0.007014891913571203,0.007274349901008071,0.007687607283377375,0.007345972543075039,0.004489163503049823,-0.0031441193543404427
2024-05-07,0.003354011797157665,0.0036615130796443657,0.003322485597449001,0.001029345700070827,-0.0014090225275459629,-0.005198253708844334
2024-05-08,-0.004620083487730008,-0.0045675883016713294,-0.004511833528615394,-0.005646786186833943,-0.002802801392832222,0.0009186411875871233
2024-05-09,-0.012122464006403428,-0.012253199340990112,-0.012360509599184041,-0.013517659141825698,-0.013496165052682257,-0.018011433254989995
2024-05-10,0.006600072433491518,0.006411730063517621,0.005991648860645564,0.005935924503337832,0.006756024028643203,0.009935715823280586
2024-05-13,0.004034385166803609,0.004094752789857872,0.0045982764165463106,0.005881634877100661,0.006816121537635354,0.0066038169249137595
2024-05-14,0.0014901052167681662,0.0011135446337005262,0.0005056355662165864,-0.0007547309767060942,-0.0019532180525688126,-0.0017321431225638187
2024-05-15,-0.0036425073658889,-0.0036951204214882637,-0.00330975008308263,-0.0028890702233774442,-0.0018968961906933048,0.003316922973029635
2024-05-16,0.011832114994826323,0.0117033035267958,0.011539546922684376,0.010755384481548957,0.007146658452165014,0.0057768100959480935
2024-05-17,-0.0014501401173477356,-0.0016322502434599879,-0.0019504474609252163,-0.002216470271094995,-0.001662260425700182,-0.0018837147922995052
2024-05-21,0.0035916513637872876,0.0033086618752055557,0.0033512800206282273,0.0029516777136678685,0.001580277711954557,0.009153204695846143
2024-05-22,0.005928600234223074,0.005931418581810796,0.005759488894945871,0.00513508393320658,0.005123644428332439,0.006932183259142143
2024-05-23,0.010682875203632416,0.01077128299189625,0.01083135678384815,0.011152186478112055,0.010195628053603956,0.0033053448892862965
2024-05-24,-0.002657250301339014,-0.002709678083237947,-0.0026159683198495763,-0.0024185226030236408,-0.0029019679338744666,-0.0017321947852051431
2024-05-27,0.002283875637280796,0.0021855544590406086,0.002142871069854319,0.0018144344622667682,-0.0012352534130067468,-0.0053238915353151905
2024-05-28,-0.0010718409330187375,-0.0010840441266172947,-0.0010860878053138125,-0.0005140976170252253,-0.001021717183533767,-0.003281670013172633
2024-05-29,-0.003684112672222039,-0.003657071787760531,-0.00360242417987521,-0.0036272408655342353,-0.0033377209654806006,0.00037514944827135967
2024-05-30,-0.01064251801527898,-0.010682137163988463,-0.010613021363339957,-0.010176325649510725,-0.010914476759005866,-0.014746662651960417
2024-05-31,-0.0011472004234999507,-0.001393709822661151,-0.0015781040052439694,-0.0015604941435989738,-0.002817700227406919,-0.003193606987188152
2024-06-03,0.014553122021681514,0.014478205751942438,0.014492877481146589,0.013500444219681641,0.013980388078928603,0.02592665893020658
2024-06-04,-0.02769394817859234,-0.02709117577834265,-0.02688906582981517,-0.02532713454888251,-0.024168458541149372,-0.044913712557375106
2024-06-05,0.03769912687556133,0.03758934722683036,0.037252134748434876,0.03655397549587586,0.03497666633505847,0.02855594164751978
2024-06-06,0.009220843324560178,0.009432475714382502,0.009967748142409978,0.009821525490689733,0.003731024646963601,0.004309275946635478
2024-06-07,0.01764810979469237,0.017586259814290933,0.017389050820602582,0.017101779805907213,0.016081796397131014,0.01955196343737365
2024-06-10,-0.005455250590158339,-0.005584599014721935,-0.005790598430470987,-0.005686352005078982,-0.0004093396453018097,0.0062821151870113105
2024-06-11,-0.001117996256176864,-0.0010695067512039099,-0.0010322217631856274,-0.0013098341193613094,-0.0024145069551633437,-0.0022895709200731335
2024-06-12,0.0014208467099145695,0.001516934082895717,0.0016745025316843032,0.0021652601186497936,0.0019563693225036266,0.0056528428346560924
2024-06-13,0.001265011673164488,0.0012586471071205849,0.0014914378923903252,0.00187272319724245,0.0003975783847738944,-0.0009288579442103405
2024-06-14,0.0005276023819029537,0.000576191999415873,0.0005314148735894915,0.000313574569207351,0.0016187716787447249,0.0028940227567637016
2024-06-18,0.0005441727221079288,0.00026800244033626256,-0.00025826295813550745,-0.0008822854663376086,-0.00010465409604290586,0.005246182136901001
2024-06-19,-0.0037361583789589136,-0.0038824544760554013,-0.0038921197678202265,-0.003750070025602383,-0.005911251280767306,-0.008278224559469841
2024-06-20,0.002655062947584853,0.002632497029403758,0.0026030224100272786,0.0032871953252842498,0.000969701517696238,-0.0030916355732523845
2024-06-21,0.002576681599839305,0.002637289412823659,0.002955218526846951,0.0032456725595573464,-3.758967830789963e-05,-0.0014410065853134955
2024-06-24,0.002455268974019106,0.0023773690143935123,0.0024075777760091763,0.003308659918336003,0.004704208882305489,0.0051904234693012
2024-06-25,0.004158457910768156,0.004071812848821069,0.004082777063023147,0.00449469470340555,0.003260872358763887,-0.0005591488494048764
2024-06-26,0.002208388494760589,0.0021139059646526756,0.00173635863702093,0.0007320009252162255,0.0032522630426470057,0.00393291577646918
2024-06-27,0.008300934784661648,0.008369894770058397,0.008676649626133837,0.009132052390231,0.00602352412066433,0.008739922247952994
2024-06-28,-0.0022226182388826333,-0.002247692409820902,-0.0024718053199732463,-0.002746603835655376,-0.0023142253444395984,0.0002928126667978054
2024-07-01,0.004632039354739913,0.0047052241330970985,0.004859138224963174,0.0054381521022912925,0.007171239579720781,0.004792820318610307
2024-07-02,-0.003943063547998424,-0.0038383698239693865,-0.0035049185146112027,-0.003062111914816343,-0.00517672844417073,-0.0019242755487646162
2024-07-03,0.005180368624432137,0.005407312161806944,0.005722600473033834,0.006276564769565721,0.005299159498739472,0.004963344373945607
2024-07-04,0.005971102072001346,0.005767154895910396,0.005419423200589235,0.0045746491677908195,0.005607938539201256,0.0031521842521844206
2024-07-05,0.0073526648231835275,0.007140019449116991,0.006712364732620372,0.00635411220798777,0.006563150150461685,0.006098551579431505
2024-07-08,0.0004237873692234332,0.0005919585454467904,0.0009970090089766119,0.0021299713403828994,0.00038650192335778826,0.0005557966030052793
2024-07-09,0.00947612272658896,0.009247471528187385,0.00879401979014139,0.007366247060966352,0.009060594918857707,0.008248297329763682
2024-07-10,-0.0023478584051828746,-0.0025510622063271296,-0.00288779136654489,-0.003604990015372099,-0.001374531978174682,0.0004406645473870682
2024-07-11,-0.0015846257181769382,-0.0014988709997011424,-0.0013029935410603759,-5.0548644993023134e-05,4.397861092413134e-05,-0.002044271183305847
2024-07-12,0.009220323629517697,0.00932656054097089,0.009773385876326188,0.010490755633173126,0.007399669047636729,0.008991348765262981
2024-07-15,0.004294974521167205,0.004467014763286439,0.004756917967269916,0.00517043075486248,0.0038592708169558707,0.0020318554852580533
2024-07-16,0.003793105328854211,0.0035203922993202286,0.0030837017041143327,0.00238821746362579,0.002488756242371439,0.0031501400498803126
2024-07-18,0.0085218632470527,0.00868909396021207,0.008974587543801258,0.009381843453963676,0.008286506684235938,0.008365497952774165
2024-07-19,-0.008559020580246726,-0.008520230517649607,-0.00824386680291115,-0.0068434387215612034,-0.006511330954857344,-0.009253318871003585
2024-07-22,-0.0018500393907429835,-0.001960129534408453,-0.001885788253117264,-0.0018750095522400657,-0.001667629793269626,0.002474260734901924
2024-07-23,0.00406752687934564,0.004573381246540039,0.005593703449269232,0.007463838472905637,0.005567320993373543,0.0060225372105812205
2024-07-24,-0.0068356699991756415,-0.006844646221509715,-0.006857422037530918,-0.00677240615595584,-0.004107109052472165,-0.0023076087065199316
2024-07-25,-0.003052949384656955,-0.0025215175279028608,-0.0017573365280743566,-0.0017781445882115933,-0.0009634610951933782,-0.0011459278193169534
2024-07-26,0.018644808466142086,0.018658174798765928,0.018496728771991183,0.01828446818890405,0.016565974325123328,0.01742375094030424
2024-07-29,-0.0014672135528629227,-0.0016575075462231447,-0.0020113455336260625,-0.0031373287023973417,-0.0021602822089853953,-0.004557454929038295
2024-07-30,-0.0026197834712143727,-0.002821251689720352,-0.0031382454472614067,-0.0036343439121390656,-0.0028548775823943784,-0.0028622532755983527
2024-07-31,0.0067802443681102675,0.006705090450948866,0.0064049643186424934,0.005500024080121783,0.008066935541086834,0.004214574159436455
2024-08-01,0.007158532395230918,0.007235466426566437,0.007124265457543706,0.006181559766904154,0.002904106291682393,0.007428577816674607
2024-08-02,-0.007319750210165975,-0.007401527979273681,-0.007197115849004604,-0.007740067480439596,-0.007966450691701755,-0.006462853023987735
2024-08-05,-0.014974486190123263,-0.014725283267065724,-0.014363591944904778,-0.013879668473870828,-0.01472105054525569,-0.014887458899754798
2024-08-06,-0.0008072053401579016,-0.0006900519285905162,-0.0007184855333199671,-5.1359757733071445e-05,0.0007421334306273758,-0.0006354441197890222
2024-08-07,0.009333041701485575,0.009212138473383747,0.009262026979338327,0.009361912545848845,0.00963420366895839,0.011159543756441324
2024-08-08,-0.00884345081921495,-0.008878115024851516,-0.008735154712917132,-0.00878652139947371,-0.006909503644100576,-0.004672477087696178
2024-08-09,0.009441352693846742,0.009765931511181526,0.009938401876005875,0.010921910951080225,0.007546202964787939,0.008842030519867615
2024-08-12,-0.002885114958964429,-0.0030804981315059594,-0.0030723804887766845,-0.002628100619501725,-0.0007111885322016091,-0.003615768263305858
2024-08-13,-0.003894754348343456,-0.003777217554442641,-0.003666853886848639,-0.004169631943492586,-0.0040020839893950624,-0.00276626109449177
2024-08-14,-0.0013186689670873042,-0.0012640905396125706,-0.0011880353443488039,-0.00012350164693998382,0.0013489363011888263,-0.0028581312860082543
2024-08-16,0.014159893768444122,0.014429681746753452,0.014534409227975276,0.015367407395763604,0.015023899731442,0.014563887550894461
2024-08-19,0.0015846193322987647,0.0015969344581637371,0.0016132811375973812,0.0014051567523129535,0.0014539734613940283,0.0020231445344712686
2024-08-20,0.005393741095844502,0.005270883798188597,0.005127144909724017,0.004931034101026497,0.0055158106150620355,0.0034168250633345547
2024-08-21,0.006789642085858902,0.006788198376975699,0.0067451428854103206,0.007135680688109158,0.006766245728043801,0.007305823395922623
2024-08-22,0.0017686373337485737,0.0018175453870627005,0.0017868338082893038,0.0018723273301858756,0.0013201783634669928,-0.0015733740198473954
2024-08-23,0.0021137364524693603,0.0021853741446631425,0.00228684505981735,0.002103465387097234,0.004479612232915945,0.0014443071951224648
2024-08-26,0.002892873494300404,0.0030438974513376823,0.0028485103281292033,0.003364410788994814,0.004096761912600838,0.00384106911736194
2024-08-27,0.0015581095724664356,0.0012466914701619457,0.0010153874172056157,-2.1327231754148445e-05,-0.00012106267884601923,-0.002100970800690982
2024-08-28,-0.0010327286542330847,-0.0009631774953825689,-0.000595280457130713,0.0005293163196390876,0.00014832211408994799,0.001963313275239427
2024-08-29,0.002684828297520166,0.0028522992861667045,0.002548585265912683,0.002830342671706219,0.0027568427234131595,0.0010712215641403623
2024-08-30,0.004521034111507817,0.004507193192215212,0.0045544303013643015,0.004607661546162294,0.004035497376822874,0.007155403204375667
2024-09-02,-0.0004651387472332816,-0.0005585720790610045,-0.0007426495737734484,-0.0007781950393551513,0.002361191911490155,-0.0019437332526917425
2024-09-03,0.001990990456606656,0.002079280418217824,0.0022469268652703348,0.0012713922250710147,0.0010333462525021122,0.001055639938251755
2024-09-04,0.0027565733439673095,0.0027632235675729405,0.002841480256980765,0.003060909884305289,0.0013271282100715156,-2.473859719908457e-05
2024-09-05,-0.0027028999353048994,-0.00274921260105881,-0.002910928548053234,-0.003552831493745177,-0.002682169827668366,-0.0038633419735357383
2024-09-06,-0.004821968769169008,-0.00480335863247363,-0.0046990396303417835,-0.0037164232334471036,-0.005650428777204838,-0.006294352451791779
2024-09-09,0.008005648790950684,0.007929009333225955,0.007606817317914176,0.005992642573639857,0.007780330874583371,0.006374324137748551
2024-09-10,0.004098260104913154,0.004080957222099887,0.004013237149057415,0.004903178643691472,0.004993293786294828,0.00581776219387291
2024-09-11,0.0025131749151443466,0.002586767561633068,0.002604005287940871,0.0034155030355875592,0.004900608066265389,-0.0006153042989778938
2024-09-12,0.012206691320040115,0.012188396350854834,0.012117352059663201,0.012834626415252418,0.01368170858343817,0.014366564440978523
2024-09-13,-0.0029060849865373446,-0.0029419237768478898,-0.0029589363101430533,-0.0026512640865686337,-0.0033373302081631142,-0.0030118747941802497
2024-09-16,-0.00033940364201136524,-0.0003542529372009943,-0.0004838241087021858,-0.000912400872802193,-0.0018190810023762465,-0.000964122749670969
2024-09-17,0.0005260677014122415,0.0005621627170704909,0.0005344775759219263,0.0012361661627988464,0.0022967525469108074,0.0006052233055290312
2024-09-18,-0.0011029982206569536,-0.0010749877712805903,-0.0010338025715739896,-0.0033871439917673575,-0.005944069083812504,-0.0048501608929324095
2024-09-19,0.0057286124348600006,0.005631299870678699,0.005397136470654343,0.004864333606870651,0.004911745103592971,0.002470971313389106
2024-09-20,0.01455454718788592,0.01482986033606003,0.01528010999599678,0.013397756357184907,0.014032896641795585,0.014620357709274352
2024-09-23,0.006421247881845673,0.006212373372384444,0.005798201108823503,0.00724072194740108,0.006881715735001348,0.00523992994765491
2024-09-24,-0.005197375754615399,-0.0050471472556594885,-0.0047932169215832866,-0.004550359877559501,-0.004021680340865634,-0.0028732642468726607
2024-09-25,0.0024373970422404993,0.0023413339349291204,0.002220059196758512,0.001797497388857756,0.00021281805383539256,0.005014925891822704
2024-09-26,0.010639914070334008,0.010740359628218104,0.011114989102422462,0.010775257651257282,0.010750655096352525,0.00778766339339574
2024-09-27,-0.0009331101960374068,-0.0009967113687463038,-0.000806408061063957,0.0007741437709239843,0.0003347018594606051,0.0008991648322103881
2024-09-30,-0.011273919017626217,-0.011321567634339356,-0.011364356224389475,-0.01115554839903397,-0.01196961133100794,-0.010141844618733634
2024-10-01,-0.003675155271348687,-0.003602944116846572,-0.003608027154114153,-0.0031228255346126,-0.0017506329619726214,-0.0024322454115272975
2024-10-03,-0.01853968746015003,-0.018502384350362777,-0.01833461651012846,-0.018045073434633217,-0.017199270242655877,-0.014463898176727517
2024-10-04,-0.012116661507314065,-0.012160497564835854,-0.01237909967095808,-0.012505742868234852,-0.011683993468669968,-0.013443303013564913
2024-10-07,-0.00880063372210933,-0.008771484602627841,-0.00887204512826472,-0.008811054876686236,-0.003999468612288105,-0.00586884058308538
2024-10-08,0.003654705646116278,0.003783993034481764,0.003934909151355867,0.0048948995981146675,0.004703023655427236,0.002092337689785109
2024-10-09,-0.004314520998325461,-0.004547443541936059,-0.00460594583579468,-0.003144569450291674,-0.003641735919514789,-0.002083796208534749
2024-10-10,-0.0012716163103544172,-0.0010129939071020359,-0.0012674584785071661,-0.002572600763402379,-0.001591206043462687,-0.005833569569055196
2024-10-11,-0.0012807105325953459,-0.0012431911138859623,-0.0011835146238835692,-0.0017617912617061272,-0.0033553568130926625,-0.003471762471494284
2024-10-14,0.005434564606435099,0.005542128463473859,0.005459561096273044,0.005793911749306719,0.005387832446995942,0.004723535870518655
2024-10-15,-0.003054664900709441,-0.0029373773876977373,-0.002594687540760117,-0.001254291701347619,-0.0027343411627446515,-0.003489581201727845
2024-10-16,-0.000855836941319508,-0.0008631363051477302,-0.000877123717556773,-0.0011814344598975496,-0.0018486836669862475,-0.002602034693801513
2024-10-17,-0.010864041308423219,-0.011013848431766164,-0.011379156780406074,-0.011113540420046678,-0.014017826826737176,-0.00975141213532068
2024-10-18,0.0020563790264408336,0.0021041765582289662,0.001958712837069508,0.0021988475278459517,-0.0003118826522401476,0.002682635619384835
2024-10-21,-0.002634903527326889,-0.002667694657771503,-0.002245068786540086,-0.0017736594400984253,-0.0026059766625729248,-0.00417415033940279
2024-10-22,-0.009751331190422397,-0.009651096809402758,-0.009417705157621267,-0.008328800187140072,-0.0076053160887515426,-0.008465440470644906
2024-10-23,-0.004403076996402205,-0.004519688887036596,-0.004747202412243668,-0.005858710000606383,-0.002915534696936691,-0.007943668955336006
2024-10-24,-0.0064921803402767705,-0.006780050721451246,-0.007083518060261879,-0.006742872779021242,-0.011213605710465448,-0.008206126118266127
2024-10-25,-0.0023423731493906258,-0.0019100395638605705,-0.0019397766004503499,-0.0018511536922844768,1.796637568716747e-05,-0.0011256619963859742
2024-10-28,0.006671146199123366,0.006562181891132713,0.0069246235932582875,0.008177959272084298,0.007883568895150376,0.010290456042197301
2024-10-29,-0.0024207956117766097,-0.0024293993194961713,-0.002382043406794501,-0.001526332496598438,-0.004096163910168057,-0.0015884764603746899
2024-10-30,-0.005243796382215484,-0.005162924287929207,-0.005030057204608025,-0.006423096191455932,-0.005179443170513792,-0.006966049744132096
2024-10-31,-0.004157623498583684,-0.004512048714519708,-0.005018371507151644,-0.0036756078378082143,-0.005596623241811027,0.0027721130067081675
2024-11-01,0.0012733405488619702,0.0013611479154601667,0.0015320086163439109,0.001568568090619127,0.001773864778593556,0.0034756370653630693
2024-11-04,-0.005438539287207817,-0.005744084277265005,-0.0061471705609268375,-0.006982630973115302,-0.006806065339945581,-0.010872764893618034
2024-11-05,0.0019005872295683375,0.00177325410354103,0.0015213108537735155,0.002191458189763008,0.0037295025452330254,0.004747320842718818
2024-11-06,0.013544723803992315,0.013354704680798829,0.013100774041172018,0.01210073545601997,0.012724621275569552,0.008867466015984789
2024-11-07,-0.010853187174408738,-0.010487297959740594,-0.009862125865180711,-0.00843286120840372,-0.009770790498316046,-0.010896289203565206
2024-11-08,0.0039783808242953855,0.004075357828393191,0.0041239381070357125,0.002785233832732186,0.0003395957192892057,0.002479442489498899
2024-11-11,-0.006452126459975888,-0.0065351980225178,-0.006984969492053693,-0.00744936608982763,-0.006116050175534748,-0.001021953445703465
2024-11-12,-0.009620672180002104,-0.009626558664090472,-0.009767214445593609,-0.009600068990728735,-0.01068621882648682,-0.0104001757181339
2024-11-13,-0.0080355243518169,-0.008127148957303506,-0.008291551852234891,-0.009002606422677004,-0.009471363691101728,-0.011289546177189067
2024-11-14,-0.0063391603769044,-0.006351529232016604,-0.006264336452746408,-0.00586230737773439,-0.005700369215633898,-0.004116652400876129
2024-11-18,-0.010602178111823304,-0.01051779251744511,-0.01037284482224616,-0.009325702472961715,-0.006362281268478636,-0.0057656246091544495
2024-11-19,0.0069308592507245845,0.007164296474099875,0.007448834724576987,0.0065929366573923166,0.004697306856051658,0.00575298363383076
2024-11-21,-0.006347209291592491,-0.006257197192662784,-0.006023272056518671,-0.004712641048647517,-0.004872645438277243,-0.001976393141366885
2024-11-22,0.02625672084529414,0.025958186786394968,0.025339204317761606,0.02378518990010286,0.022301858713600874,0.023077070577758686
2024-11-25,0.003970367922767793,0.004204971959107976,0.0044496399870900625,0.00606015610888344,0.0068936722668711675,0.009069317058501267
2024-11-26,0.0026974637884381583,0.0025838624294297107,0.0024524339208961553,0.0029245991441366912,0.002179256673472483,-0.0026928904729352663
2024-11-27,-0.0011983710108575628,-0.0013296607409446586,-0.001488145564255452,-0.0019748953297567323,-0.0004684883492722938,-0.000664681336890427
2024-11-28,-0.014734730128713954,-0.014720898206810239,-0.014637730460108727,-0.014655379162122225,-0.013168518168995811,-0.011934840686774079
2024-11-29,0.010145443208220875,0.009888339973165928,0.009616254187676705,0.008912428264704068,0.008456323813889562,0.010129927293346531
2024-12-02,0.005565870143033355,0.005688797145783008,0.005875553667951166,0.005887948452690753,0.004153251061638819,0.0023165807773743354
2024-12-03,0.004141196037075401,0.0038941827108078396,0.0036134008215830964,0.002727392481806381,0.0022348391084989804,0.0030780074275643145
2024-12-04,-0.0022101285676468818,-0.002159738660866264,-0.0020184906480005703,-0.0014115647247677668,-0.0007996374769203668,-0.00421101532964055
2024-12-05,0.0077517165137846325,0.008059076117405044,0.008326112504318008,0.009741991146556751,0.010643509479936124,0.010055368575150065
2024-12-06,-0.0017203060297682504,-0.0017645356428555518,-0.0015593175974431743,-0.0019903931277632904,-0.0015831138941989652,-0.0019015428842996498
2024-12-09,-0.007659977181363584,-0.007642321312511448,-0.007344731344887332,-0.006710535434179947,-0.006001985053016785,-0.006171085448195037
2024-12-10,-0.0009129666763584318,-0.0009528204176819568,-0.0009532646356262865,2.928895079901562e-05,-0.0008800351972272379,-0.0031357433699045426
2024-12-11,0.004089095375396168,0.004002284539561623,0.0038670116968192465,0.0033833405666625965,0.002604419286438927,0.0012356007890442263
2024-12-12,-0.005577234674499786,-0.005529757202958497,-0.005684015269725253,-0.005588126860263705,-0.004777436946389827,-0.0034302654870304776
2024-12-13,0.00869957218055741,0.008796249982371777,0.008918623653597533,0.00968475963241489,0.009725808970101089,0.01080601974116039
2024-12-16,-0.0018358036122548957,-0.0018323823740363024,-0.0020230358795227266,-0.0024324297862258885,-0.0020990917710927343,-0.0026450335587357085
2024-12-17,-0.008998855084438886,-0.008984476468124784,-0.009008612864675958,-0.008865855182176363,-0.010862731411478291,-0.012206665449581825
2024-12-18,0.0012118027606515841,0.0012550020810461137,0.00158395892150455,0.0015899750687760534,0.00015555611011614,-0.0014207028346853322
2024-12-19,-0.0012641054618597576,-0.00110321409866111,-0.0007854116831980777,-0.0014040549635330893,-0.004081970457006072,-0.0009762775910584843
2024-12-20,-0.00791743533914941,-0.007665622961102059,-0.00774457847524301,-0.0063745714659921085,-0.007254240963758349,-0.009848744747034538
2024-12-23,0.004170091154270164,0.004337636930276703,0.0045473093898900675,0.0046742495293937815,0.0029802940811446592,0.0032819797709503066
2024-12-24,0.0006009386102208913,0.0006316571189420731,0.0005819484369111347,0.0005698158589146796,0.001544227646679584,0.0007522528823109757
2024-12-26,-0.0001693710210551333,-0.0001591472625863196,-0.00010840138765763803,-7.404266932174144e-05,0.0003865391977250297,0.00120944519558909
2024-12-27,0.006756376420337124,0.006995972339015926,0.007067247339174131,0.007167905375933306,0.0071988682514334155,0.0061384421382926916
2024-12-30,-0.0005159857255551086,-0.000714171570983095,-0.0007993407786128952,-0.0013645583496843714,-0.002773222578759527,-0.0020424585499576493
2024-12-31,0.00010754665281130396,-2.3079326621872846e-06,0.0003873882571244485,0.00031678058100660135,0.0001205145044136872,-0.00014577057277641227
2025-01-01,0.0016540171330394911,0.0018127499645666837,0.0018685980144126334,0.0012785481347798633,0.0018018784278369371,0.0015839641081247826
2025-01-02,0.014959542760588033,0.014938168152541275,0.014514298863743169,0.014058432209569243,0.015063234778536182,0.015217377959148338
2025-01-03,-0.00854366023702939,-0.008316689665215315,-0.00807735616429624,-0.008413539749552074,-0.008576995545711412,-0.006750685354369814
2025-01-06,-0.014631537463023047,-0.014846792811280603,-0.015059800191922585,-0.014397218419759203,-0.014147205310718025,-0.014080585280056212
2025-01-07,0.0016862272568336839,0.001847253761453904,0.0021631426558993594,0.003036771728320148,0.0018468365657205385,0.001229059007739564
2025-01-08,0.0008576719296865144,0.0009415563881715046,0.0012277554132674835,0.00041316343394571,0.003166080659447252,0.00305319095150975
2025-01-09,-0.00026886011153793497,-0.0003797430470304908,-0.00047115202448567327,-0.00018665390104888872,-0.00023473879353956974,-0.0010709733189794863
2025-01-10,-0.006641127984839078,-0.006582368791820372,-0.006783698186466404,-0.0072238037887901105,-0.0031210352324589703,-0.003974817927681609
2025-01-13,-0.014304031428970205,-0.01409473648839198,-0.014053769371928149,-0.014747509278257465,-0.012021347769654108,-0.013889375145782288
2025-01-14,-0.006715947364586056,-0.006274107338466428,-0.005405516326216412,-0.0017270503374040005,-0.0019417390667081198,-0.001131283045020391
2025-01-15,0.0008027009697985811,0.0005076953240612287,3.448572750591728e-05,0.0005786505758054884,0.002282119767536137,0.0023630031852378834
2025-01-16,-0.004079905295582104,-0.004126570527932069,-0.004199243331361433,-0.0037364830295969808,-0.004218885106392718,-0.004341049148793899
2025-01-17,0.0037039155193508986,0.0030250709783238602,0.0025166188402024406,-7.16600716495733e-05,-0.00335391723503763,0.0045254104101426105
2025-01-20,0.002714340759019788,0.0025174440035293432,0.0019583399427934136,0.003254156954326547,0.006733946070240149,0.0017514319293163525
2025-01-21,-0.006565706714137238,-0.0063916382371949545,-0.006373321415277972,-0.008024387972502128,-0.010377808831096614,-0.010233977426985424
2025-01-22,0.006787494208317749,0.006768615181539235,0.006912728781845368,0.008063408502243904,0.010452806748129467,0.007080147606604421
2025-01-23,0.0011052287203317467,0.0011296184245706221,0.0015893805796033972,0.0028128170931826075,0.0010629324289669444,0.0019495589791357348
2025-01-24,-0.009536662636797645,-0.009485902827935037,-0.008957633304020282,-0.007427353752057982,-0.005807074022318068,-0.002929668206908445
2025-01-27,-0.010512573973897045,-0.010585596423472836,-0.01050625864863216,-0.009392112944380825,-0.008385255425662402,-0.012145188916752817
2025-01-28,-0.0005998012563787501,-0.0001931775621014033,-0.0008186054795783059,-0.002126386960435745,-0.001367895515184225,-0.00414300624318563
2025-01-29,0.004421006471924616,0.004433932474227789,0.004463626103986399,0.005851074240409045,0.005901853045135238,0.006966645893202502
2025-01-30,0.007598352515884479,0.007655227672335498,0.00760496457787735,0.006679497242305147,0.0053483515222895114,0.009992405074942597
2025-01-31,0.01619767428745407,0.01644313242567742,0.016535314919934034,0.015658684807033238,0.01385910119934338,0.014619987780573725
2025-02-01,0.003804793557771747,0.004117468386951624,0.00481557918896745,0.006441590921650679,0.004417194336899414,-0.0006144321095846496
2025-02-03,-0.006587992285298095,-0.006651233354525914,-0.006777027257715082,-0.007582775309712886,-0.007778111361816513,-0.006836375808833264
2025-02-04,0.010368014365436783,0.010390788001941358,0.010564244627645417,0.010380734302795624,0.012024798083400061,0.008438933198393148
2025-02-05,-0.0011394336139530137,-0.0014237255759223114,-0.0020005172796438474,-0.003964925552615559,-0.0074111044584880565,-0.007674220445571597
2025-02-06,-0.0011614194545377923,-0.0009692326752739248,-0.0005409914853660545,-0.000134755343075954,0.0008984406105798879,-0.002994079508745435
2025-02-07,-0.0012461494169712236,-0.0014393356891547187,-0.0019266130998453698,-0.003930888702414287,-0.0036177966474620115,-0.0015408571972328135
2025-02-10,-0.006627608016858041,-0.006606846283093137,-0.006437238773029823,-0.006478873751400218,-0.004271326338516846,-0.007375577669557792
2025-02-11,-0.016526554403056292,-0.016471423782556272,-0.016536650874961204,-0.017121786964196348,-0.014149817821852626,-0.01715832384911204
2025-02-12,0.0013762576602298893,0.001294389537171777,0.0011952555349478663,0.000620750705357861,0.0003734346893706852,-0.002531836096023884
2025-02-13,0.0021028312655142194,0.001992285773331119,0.0019892445499520837,0.002449679609742366,0.0027546270098062695,0.003072388222225272
2025-02-14,-0.006467792730385506,-0.0062909395555571165,-0.006143948131528862,-0.006139465004161609,-0.004180259531356086,-0.005395601316807539
2025-02-17,0.001699803102428048,0.0018542865989531888,0.002191163206579266,0.0024205372507728417,0.002090605012759853,0.004045885105303811
2025-02-18,-0.001829692863774407,-0.0016522161918666805,-0.0012724931882605608,-0.0014281367273915595,-0.001779063278957787,-0.0023700768725115205
2025-02-19,-0.003929625113110611,-0.0037929869031992757,-0.003432718399732405,-0.0035355653820869914,-0.005987400481310504,-0.008263636398189927
2025-02-20,-0.003491570126939182,-0.0036029345082247604,-0.003983388603148498,-0.0030224125436273805,-0.003020488631753849,-4.787221265893486e-05
2025-02-21,-0.006765820005520314,-0.0066656269548342004,-0.006605830673713667,-0.007279313746547356,-0.005732202838850854,-0.004284811111163774
2025-02-24,-0.005634966315995528,-0.005432476221287226,-0.004879391318744472,-0.0031591585134526793,-0.00390453655431902,-0.005309032116542226
2025-02-25,-0.002490962665878774,-0.002355381662035047,-0.0021959792844236186,-0.0016296043509237393,-0.002633752127067574,-0.002886227846369684
2025-02-27,0.0007146889593281656,0.00042504944682615793,-6.896219260684052e-05,-0.0002494859046904747,-0.0018170289827842225,0.0002865411542603384
2025-02-28,-0.017906593264816733,-0.01787647098763035,-0.01775719403725548,-0.018825502281448706,-0.02076721958779075,-0.024111708546779423
2025-03-03,-0.0022383547317629997,-0.001773291811544694,-0.0011040941054751212,-0.0019248129782837738,-0.0015036421984845354,0.0005975343420065057
2025-03-04,-0.0032711525189067234,-0.003144274166768493,-0.0032539556631710526,-0.004294644284031069,-0.0048611535481214605,-0.005138672422359736
2025-03-05,0.009881124964028137,0.009934254596953698,0.010102506881138302,0.009416731212094229,0.009444524161399077,0.014299141663526718
2025-03-06,0.012399238913099235,0.012333035552912628,0.011947678540773807,0.012757425424156454,0.013407549113736938,0.013696682263533707
2025-03-07,-0.0008431168709884557,-0.00102544732846124,-0.0014883741446599802,-0.0013722220809684596,-0.0012467040250790803,-0.0008896101922733497
2025-03-10,-0.0010042800383002254,-0.0009748817066390104,-0.0008264717970868428,-0.0007750138047860561,0.0007220951099562777,0.0016251643988978311
2025-03-11,0.001762891554270835,0.0017573366325544116,0.0016432976885573406,0.0011604350136721802,0.001297711292864903,0.0018747806966760887
2025-03-12,-0.00478961736956384,-0.004727307374856873,-0.00461447343514414,-0.004822318027986671,-0.003915950119613432,-0.0023980484541076875
2025-03-13,-0.0034314864112039837,-0.003383432912562331,-0.003319640616913043,-0.0029984711446567596,-0.0015024611602052582,-0.00022838333286088672
2025-03-17,0.007451450830619387,0.007594267342215638,0.007911165972770388,0.008090185588479237,0.0075651903026546,0.0058891133418828255
2025-03-18,0.00028644952713046263,0.0002862714303543388,0.0002861773681542491,0.00021679227205907117,0.0001985440676883685,0.00017171305650304572
2025-03-19,0.014736549558559485,0.014871250637625759,0.015165983016718938,0.016774441368818678,0.013836060966630355,0.013000128823544607
2025-03-20,0.010820710226819543,0.010982574847634045,0.010920020610811858,0.010237618329720076,0.010459537669806679,0.014579903475034555
2025-03-21,0.006879390596807703,0.0070163962130402125,0.007272835906075529,0.008489332356955856,0.00883022801410922,0.010210544513716183
2025-03-24,0.012068585281821548,0.011834598855492831,0.011514975242539489,0.010794095538461106,0.010727456823766437,0.008988414186416575
2025-03-25,-0.0002049967577692569,-9.841284818641236e-05,-2.10011881992345e-05,-0.00014009731476438605,-0.0017278885964421926,-0.00333230572595223
2025-03-26,-0.008740629058874405,-0.008778504887102922,-0.008933019736531343,-0.009698351514485391,-0.010050215946224302,-0.0071892647334404584
2025-03-27,0.0016366521393586886,0.0015757317446304276,0.0015283438931682743,0.0013746189794096714,0.0005754813952398742,0.0009923908313451925
2025-03-28,-0.0020947953297539034,-0.0018860868171750634,-0.0017456161945132967,-0.0013011750290305652,-0.0022021691185788697,-0.003975040089641276
2025-04-01,-0.015918723093894388,-0.015919129438685505,-0.015805568767053392,-0.014664148510388574,-0.013083025610401195,-0.011007513004606902
2025-04-02,0.0044323582683954005,0.004390540082420728,0.0042660581720907545,0.003866395497926189,0.004994665269785859,0.0038685713859564633
2025-04-03,-0.005697831428036131,-0.005742962973026081,-0.005538655126910075,-0.0032692379827576885,0.0019395149853875364,0.007637953961230099
2025-04-04,-0.012216168881837013,-0.01225404579885793,-0.01190263775988687,-0.010326550452485591,-0.010660204796517674,-0.01585749486704684
2025-04-07,-0.02249234299920793,-0.022518501223228696,-0.02244447754893909,-0.021035339885719633,-0.020761003177510777,-0.019219024303325068
2025-04-08,0.014948336327442757,0.014889160730178543,0.014945849149929576,0.01533506491952887,0.015349764831942201,0.015682815335215795
2025-04-09,-0.0002166810769115466,-9.815759755095758e-05,0.0001070093623395179,0.0009665115871349238,0.00016804695435047715,0.002323592809734605
2025-04-11,0.014743200992363543,0.014556340721170968,0.014061757054799142,0.01209772015185318,0.011906178769895375,0.016876920656395202
2025-04-15,0.019293765409239258,0.019340465699157764,0.01954191372182599,0.01944537359720247,0.016354092220112235,0.013259542867691512
2025-04-16,0.00408771744859975,0.0045285535400775186,0.0055068234673099166,0.0075297637963158024,0.006099540941431951,0.005490635067461271
2025-04-17,0.013077099089509662,0.013083778052342,0.013073710948501632,0.012519842798538714,0.01459164692934702,0.015860995329061857
2025-04-21,0.006535850971550724,0.006594117907489555,0.006740189804702607,0.006132799414731973,0.003755504598565778,0.004581794394744329
2025-04-22,0.005517409844864412,0.005472551786580387,0.005437326469289343,0.005790941531681139,0.005495818413806057,0.0024621775311398915
2025-04-23,0.006938251483117155,0.007209505453921087,0.00756411352929422,0.007572788622577454,0.005434371707127723,0.0077444413633092285
2025-04-24,-0.005932960602585262,-0.006069046432383577,-0.006175865831237505,-0.005379933470123388,-0.0034227609807981597,-0.00449965064897464
2025-04-25,-0.006984695423407105,-0.007217098771928282,-0.007895254393669913,-0.009548789688408799,-0.008251969775668073,-0.008341987452168877
2025-04-28,0.009459433298593507,0.009246849877328286,0.008838993930518502,0.00789548058893618,0.010004025537410154,0.009130775547784924
2025-04-29,-0.0008179560062006326,-0.00103896308197575,-0.0015983268729090083,-0.003627568683221298,-0.00512544546507785,-0.006276080397687581
2025-04-30,0.0023764524861722195,0.0024887022531043736,0.0025362700151622176,0.0023524393132928257,0.003913710523015539,0.004232721986231746
2025-05-02,-0.004132153639383649,-0.004023681624967714,-0.0037055037888997413,-0.0032832539458461756,-0.005196390967751827,-0.009219690524962403
2025-05-05,0.00767408295821252,0.007659942494981777,0.007446495319250952,0.006505642082485167,0.003436596680912017,0.006929522361343267
2025-05-06,0.0010233744305891681,0.0009449148406573747,0.0008652285613979706,0.0010898579923554062,0.0003765676327333381,-0.0007373801153997616
2025-05-07,-0.0038522244406185703,-0.0038561103259000763,-0.0036927516764911593,-0.003451266370032154,-0.004636724262927694,-0.0032866446163037624
2025-05-08,-0.006778511428540546,-0.006733284716771311,-0.00674551214422704,-0.006657331991171546,-0.005088784389616045,-0.006324006163154813
2025-05-09,-0.01143933684125387,-0.01152241575052153,-0.0115608103212279,-0.01165568694906426,-0.010388943336231554,-0.010902309257953578
2025-05-12,0.03336581881196795,0.033407717403655446,0.03350096569970442,0.03362027259251159,0.031416611280773825,0.02503221711548187
2025-05-13,-0.012395002602305744,-0.012388678855909118,-0.012241565677834085,-0.011693985088620499,-0.011907822892021086,-0.011135386920905028
2025-05-14,0.0016838596437374286,0.0017107427849728182,0.001652155539580175,0.0015259383726925657,-9.767780946687201e-05,-0.0004948365592276716
2025-05-15,0.01334492840067156,0.013392686220755616,0.013289389674844611,0.013117282246598864,0.012144614538849283,0.011286729193431131
2025-05-16,0.0020571084037219445,0.0020638148798486885,0.002147313631883955,0.002285830989786573,0.0016345673866704257,0.0003896398412394585
2025-05-19,-0.0031801255477661465,-0.003283099161717915,-0.0032005596097006432,-0.0031705153926890727,-0.004074887206340538,-0.0012931319482420343
2025-05-20,-0.012213112985307813,-0.01214791195820532,-0.012061120677741592,-0.01155996356704847,-0.010594643042901843,-0.012986858962665682
2025-05-21,0.004468304501744857,0.004462501924724447,0.004582792335535065,0.004758970296684961,0.005327558622348589,0.006609556237879411
2025-05-22,-0.010358241434533951,-0.010365348513029126,-0.010240023230454826,-0.009601289926354164,-0.008877885435011564,-0.008971607676167863
2025-05-23,0.01090993987387016,0.010826509319710492,0.010805868786337477,0.010722296644212159,0.010697274615525752,0.009079739594251601
2025-05-26,0.006698910310390688,0.00672095721632664,0.00688916988973137,0.007445400314714348,0.00749699130163255,0.006132538569005734
2025-05-27,-0.007540600662258915,-0.007516193582267053,-0.00731990760515708,-0.006676595046706119,-0.005635432533544583,-0.0050086312821039525
2025-05-28,-0.008498966360323448,-0.008357990721736788,-0.007833009838042398,-0.006570752761553338,-0.005751838995117788,-0.006270023555008519
2025-05-29,0.0011662160637177913,0.0011338172430100002,0.0011272650357914066,0.001332132396589833,0.0025287795684595387,0.004774112911587953
2025-05-30,-0.005953531394119494,-0.005965795490829536,-0.0058741816112209055,-0.005600708128900498,-0.005646484482198437,-0.007360107983322848
2025-06-02,-0.0004674358535490794,-0.00041983024092050083,-0.00033162920370807597,-0.0002795953808983002,-0.0004599404342547618,0.001730106765616662
2025-06-03,-0.007523662701196365,-0.007611291864583727,-0.0077293626892755,-0.007535209476871699,-0.006394657181073919,-0.006274214647815189
2025-06-04,0.0013030886682364336,0.0013943321131563398,0.0014102807146519718,0.0013654898558855847,0.001487931069503522,0.0014571580696810496
2025-06-05,0.002684313228533589,0.0026565125880812918,0.0026829852463005756,0.0034672448542685044,0.005530037523250786,0.007926283048453806
2025-06-06,0.008403000228405351,0.0084474215033299,0.008501886493209921,0.008886350130928028,0.009233556286186956,0.007374752816026444
2025-06-09,0.005472778246497221,0.005316134786635923,0.004997644782033702,0.003842655692319921,0.00369801114386647,0.0025458374119928574
2025-06-10,0.0021285800316227996,0.001976714116076556,0.0017984902440906956,0.0018492036340898403,0.0029700631436963797,0.002094491821895753
2025-06-11,-0.0017278216827436774,-0.001722892848028049,-0.0016058214739847012,-0.001486143884612678,-0.001872997385632056,-0.0014949894734855584
2025-06-12,-0.01002142962767611,-0.010023949697277634,-0.010018897519792788,-0.0090813313651511,-0.007165559000637827,-0.009574730194841629
2025-06-13,-0.004744578170228863,-0.004673697370053084,-0.004720654292110048,-0.0047954284212522865,-0.005003435716279174,-0.004531032167357219
2025-06-16,0.008689328177568853,0.008769966008043677,0.00877204314239913,0.008084568919144311,0.006453827463698222,0.0071718331644863706
2025-06-17,-0.004446539183976457,-0.004456622235005554,-0.004486915940625081,-0.00483081715404367,-0.005362310944200029,-0.0065401786115493795
2025-06-18,-0.0020941688979873607,-0.0020502459162468215,-0.0019684455232000285,-0.001815417957746548,-0.003101396157912993,-0.004037463601847951
2025-06-19,-0.0005510946757847887,-0.0005619880510871312,-0.0006559252954790792,-0.000427524358086979,0.0002004980517131886,-0.0008340103707890393
2025-06-20,0.008163441586756782,0.00813479632417249,0.008006349749477813,0.00739682329245226,0.007725378598615129,0.011153947599256104
2025-06-23,-0.003780093209453521,-0.0038295393475938737,-0.004082458421940849,-0.005280040332429212,-0.005533594584644957,-0.004197156336086438
2025-06-24,0.0023896351319835736,0.0022154545227680554,0.002090177009116127,0.0019630172090489085,0.003258734598423061,0.0016213364508353293
2025-06-25,0.008694166544265114,0.008841845417457606,0.009254074117210763,0.010533373420239002,0.008694584646860603,0.00802765863820739
2025-06-26,0.005359791366015954,0.005523263675439595,0.005710241168807126,0.005486679623163824,0.004351796131438774,0.0062924145272731935
2025-06-27,0.006037820339408321,0.006072958266234482,0.006208064168741747,0.006330240897488227,0.005093865905584344,0.0066713765844460746
2025-06-30,-0.004306091684794918,-0.004413713235150136,-0.0045701059911210885,-0.004743300886040636,-0.005667266693351476,-0.0035274303551198474
2025-07-01,0.001974385928750677,0.0018949593410998937,0.0019301540539519177,0.00202206404799585,-0.001007434949561794,-0.0025835013900751
2025-07-02,0.0009031568501134527,0.0008886998875614087,0.0008045396108112316,0.0009498160857294516,-0.0004921453178900984,-0.003014574848861842
2025-07-03,-0.000896728347806945,-0.0007558818493953023,-0.00044020130739467773,0.00044633098653607244,0.0010132220471674946,0.00019864504869558848
2025-07-04,0.0026392334070544136,0.0025508379801792262,0.0023793431840513028,0.0018348390101864133,0.003133415856926702,0.0032345561887858823
2025-07-07,0.0033434043252995108,0.0032704710594687442,0.003091492267278414,0.002746108310179583,0.005098026812064109,0.005785509472889697
2025-07-08,-0.0029876047633448466,-0.0031005614328294684,-0.003424589802348065,-0.004516200914490556,-0.00336537933868059,-0.0035144671052324064
2025-07-09,-3.3730475642792016e-05,0.00017346848729032644,0.00045935909638684794,0.0010513954855949298,0.0005400403633247838,0.0008905420275752135
2025-07-10,-0.006179328442120436,-0.006019546171369066,-0.005687412097540543,-0.0053838283979691206,-0.005449766172822746,-0.006490285485286804
2025-07-11,-0.0017028659692196976,-0.0016734645910350817,-0.0018114381184743083,-0.0028345065697659004,-0.0016351308880738608,-0.001595059543530864
2025-07-14,-0.002212805624935941,-0.002120988471432964,-0.0018456090669093242,-0.0012005181168825486,-0.001978357325486502,-0.0019653437579220633
2025-07-15,0.006288710623342197,0.00632251024058978,0.006491600907817571,0.007039934446579365,0.007191189429591021,0.0075689127584752346
2025-07-16,0.00013809817117446405,0.0001439560802550953,8.544147947318545e-05,-6.213719706106915e-07,0.0002309013896787213,-0.000993467858515319
2025-07-17,-0.002312737416841882,-0.0023251738418123393,-0.0023323700904938445,-0.002390408579624582,-0.0025370246820620866,-0.0015925416731802909
2025-07-18,-0.007274322816552418,-0.0071573090503604065,-0.006966818470201615,-0.006421952501098014,-0.005425971419631113,-0.003403197414326822
2025-07-21,-2.3943597450896276e-05,-3.866382140553038e-05,-0.00010610300317862162,-0.00023394032821957335,0.0012156829944536453,0.0012765598836500906
2025-07-22,-0.001808261232563152,-0.0016994661125417166,-0.0014598289956906296,-0.0008592619613954674,-0.0024880847798467273,-0.0038184105526948573
2025-07-23,0.0023694555909483735,0.0022728899475228685,0.0021565265873724595,0.0021857895394686434,0.0027245025235176443,0.004052593665751845
2025-07-24,-0.005302401663022985,-0.005621211370168711,-0.005910712356286117,-0.006790171697285616,-0.00827349405436216,-0.0059022755939487125
2025-07-25,-0.00458076402082982,-0.004708102498703455,-0.004744471049243555,-0.004702563067163137,-0.004118348078034319,-0.0033810203333251515
2025-07-28,-0.010838184201623732,-0.010436924138050658,-0.009626255401263524,-0.007134463288872737,-0.006490768301275113,-0.0018140970376821694
2025-07-29,0.0039587239026849085,0.003913170702926716,0.0038062146599646095,0.0037506574600827767,0.0032333317665216897,0.0036932301245888094
2025-07-30,0.0007996916305780677,0.0008265924422799582,0.0008552776396529348,0.0012652691800614632,0.0007796034327294172,-0.0016370349375054109
2025-07-31,-0.0007994949930141878,-0.0006757664695305099,-0.0004087352649783187,-7.062118319975906e-05,0.0005398198170774226,0.00017515896997669913
2025-08-01,-0.01457570615846192,-0.014036994406162765,-0.012940073604748635,-0.010286266896929698,-0.007137324825355968,-0.00786130885004117
2025-08-04,0.006104228399182353,0.005999365604602185,0.005959268525786742,0.006467519940107599,0.00418380346627183,0.003849167027835761
2025-08-05,-0.0010243480246078817,-0.0010499023776512242,-0.0011374683266541846,-0.0005663052022540462,-0.0028479164048531395,-0.0038749132495956933
2025-08-06,-0.0029910530852941515,-0.002810733130351922,-0.0026668064568467127,-0.001967346567074324,-0.0043840377294355965,-0.005971836686860979
2025-08-07,0.001122347807392519,0.0010907656892567134,0.0011623084168703118,0.0016327424530621147,0.0014111352519184288,0.0010212689499990634
2025-08-08,-0.003191932402549188,-0.0032166080638727753,-0.0033780255117582,-0.0034579457611677708,-0.0053571780925797206,-0.006270528184348746
2025-08-11,0.007091136988185195,0.007009917055662413,0.006990371478374087,0.006885862312206732,0.006923446460895384,0.006151815963025072
2025-08-12,0.0011873337650189246,0.0010039743412628024,0.00046373988614566196,6.587251557122462e-05,-0.0026429372598082376,-0.002385173953797666
2025-08-13,0.008823956559268164,0.008720605678162541,0.008219186201640092,0.006503588198404305,0.008253681087712699,0.008502996837255052
2025-08-14,0.000714505886308461,0.0007922455232535255,0.0008437403597545065,0.0004536417268648556,0.0003224295864838226,0.0005977484215477463
2025-08-18,0.01213653420352628,0.012087444429595657,0.012182686755833193,0.013998973980269221,0.014889617433717613,0.011571925281719653
2025-08-19,0.0006713821057370333,0.0008093713590763894,0.0010664232558794974,0.001616069994276096,0.0027780670913458523,0.0017576666550209934
2025-08-20,0.0013649592941051415,0.00128939783626542,0.0016721265394802997,0.0029328669221522176,0.006034694832744631,0.0064337403441861885
2025-08-21,0.0036159443310728747,0.003645893585908737,0.003650687042458202,0.0024973468798640103,0.002381876756342922,0.00332330860587447
2025-08-22,-0.005171327938361586,-0.0053584656759496484,-0.005952634155066355,-0.007478346959762443,-0.008674139139544807,-0.00693026580213872
2025-08-25,0.003507543578639663,0.0034065333602279787,0.0037941285279109393,0.004956456434389661,0.0033469375686449527,0.004259619679254447
2025-08-26,-0.007774077682216702,-0.007698996582706069,-0.006833141033165373,-0.004697471249392803,-0.002913834026404864,-0.004612453358952899
2025-08-28,-0.0048725923897614005,-0.004775049240301981,-0.005092943228420688,-0.005383655919251671,-0.006403237300077106,-0.008133909891743703
2025-08-29,0.0029153926382446543,0.003129447651888736,0.0035116372710688685,0.00438745382837008,0.0029143793831501686,0.0014663585210042374
2025-09-01,0.006755244225035261,0.0068500752344544755,0.0069229843350182094,0.005365987297374526,0.0032743803124053094,0.005402940437489524
2025-09-02,0.0017493644489666562,0.0015009460578574963,0.0008924120253539376,-0.0009402691562369694,-0.0019738342879031066,0.0015239068169521912
2025-09-03,0.0043312837281302185,0.0045266850191735455,0.004563317954266376,0.005495785615804625,0.005175602855451249,0.0031729406980493895
2025-09-04,-0.0007369105678216364,-0.0006912061570024868,-0.0006741692164986494,8.882568707913963e-05,0.0011930093255128572,0.0019609040750678403
2025-09-05,-0.0030860164755496843,-0.0030199590603641876,-0.0032111419612768774,-0.0038982995583468614,-0.003055885054604665,-0.0011071769256091597
2025-09-08,-0.001542409936091746,-0.0017638425272197458,-0.002076546620753882,-0.003132777003787295,-0.0040314843573820355,-0.003527161998843947
2025-09-09,0.0037214317873693918,0.003940912814615966,0.004245130611439237,0.004136531781474746,0.006481812106299731,0.0071131883441576185
2025-09-10,0.006014820576382017,0.006170618382527968,0.006499434124143311,0.006588024983619937,0.0050777530458710985,0.00415873019204774
2025-09-11,0.0009579137549306718,0.0008840237887770945,0.0007604622282377488,0.000529291084714214,0.0009355124357561513,0.0012605168299374536
2025-09-12,0.0034713367320783487,0.00345173894452659,0.003394947478386471,0.002934375909439756,0.0015705180900287817,0.002257001191140897
2025-09-15,-0.003936252880268009,-0.004000411738162499,-0.004306655157978366,-0.0049633811880311525,-0.005716542531724805,-0.005730516661510881
2025-09-16,0.006549354896545318,0.006360356864052985,0.0060312893246874085,0.005487875399737483,0.005207409817250962,0.005124607188330602
2025-09-17,0.0023953921143288473,0.002677459575226785,0.00312763404456676,0.0035453315862481573,0.0025181485423489644,-0.0002118489526777956
2025-09-18,0.002114807492464678,0.0019092819874723175,0.0017983103868857123,0.0015861151681830846,0.003912586204872763,0.00571202616026739
2025-09-19,-0.0025678713273128008,-0.002410442431441535,-0.0024043712600425662,-0.0029923086194610198,-0.004199696857193409,-0.004269730674905783
2025-09-22,-0.004120174455372738,-0.004216947252386026,-0.004699315933045753,-0.0056484940827858975,-0.0066949686700092555,-0.007078320962650276
2025-09-23,-0.00253278549346847,-0.002614598615865949,-0.002949659399420781,-0.00424816429443931,-0.0046324549950747616,-0.005856528566929094
2025-09-24,-0.00022096442124709356,-0.0006243234998447663,-0.0012852129173485717,-0.0027306949797598744,-0.0019803556218770894,0.0005990679096392246
2025-09-25,-0.0068604239535825055,-0.006724558162282931,-0.0069015021147471765,-0.007468977234050053,-0.007886682716286567,-0.009942812065221596
2025-09-26,-0.006463553146589607,-0.0068906263849633645,-0.007929827195067799,-0.010012662434980337,-0.01140988838726359,-0.0097280853767591
2025-09-29,0.0011579204153994013,0.001330989625317927,0.0015863713083180127,0.0014611257185932892,-0.0012421216124886211,-0.003790921672297088
2025-09-30,-0.000487008711600878,-0.000560299630147426,-0.000557280031343804,-0.0004059167226864794,-0.0014848964709812146,-0.00041674764154568845
2025-10-01,0.006227012304504318,0.006268315908069419,0.00618801900886023,0.007018282283875934,0.011575018129257705,0.009829616460741576
2025-10-03,0.002753700505144597,0.0028843061320770226,0.002922273369279643,0.003568517158651882,0.0019142435034030921,0.003108039955108391
2025-10-06,-0.0009166705323294222,-0.001004584692522667,-0.0009208355149901803,-0.00030045409853693124,0.006123527209018036,0.0030704781044890266
2025-10-07,0.0010517927774187804,0.0008786302559303702,0.000540149531883848,-0.00020689317840096358,-0.0011117268170214006,0.001508255665788161
2025-10-08,-0.00514498810643563,-0.005320736255716151,-0.005267919215308153,-0.004344273440620843,-0.0016783605998344205,-0.00330120693829652
2025-10-09,0.004986264879688583,0.004981545946294397,0.004905607065823487,0.005008609930847426,0.005834479907301002,0.005968337525383392
2025-10-10,0.007640181830009907,0.007799215861529336,0.007987433994417224,0.0073630971345608484,0.005058632379347464,0.007493586722204621
2025-10-13,-0.00476613831710304,-0.00492421874811435,-0.004930266704700122,-0.004415699160309651,-0.0037645364839787223,-0.004412322747233982
2025-10-14,-0.0032087895708765523,-0.0031519619541629813,-0.0032986647611734474,-0.004169223595802889,-0.005851302217589255,-0.004751014805222246
2025-10-15,0.008667286987949545,0.00876179065007276,0.00891161694036479,0.008872581727771176,0.006886475163865424,0.00854854840531712
2025-10-16,0.011023506792694478,0.010921446273784302,0.010843270403438077,0.011268726705344293,0.012639534923302168,0.012727810561928711
2025-10-17,0.005944146700397211,0.005894653537555143,0.006325392238157595,0.00917450426874616,0.011508217677117027,0.009479714140876231
2025-10-20,0.002289009428227331,0.0021525712655706274,0.00214659085926386,0.0026383022779751276,0.004433062043998394,0.005296534896308871
2025-10-21,0.000591536263193915,0.0005674422369260522,0.00045172439780257964,5.8273420487518464e-05,-0.0006499144187643408,0.0012698521095995904
2025-10-23,0.0005458852832921842,0.0006823764180703003,0.0007741507060015728,0.0014852789690262863,0.0027589641239270926,-0.0025836460274131327
2025-10-24,-0.006032275267087549,-0.005965878363607144,-0.005862491940820316,-0.006000731144180715,-0.005448140977423259,-0.006466495908593155
2025-10-27,0.005124650762239226,0.004923780622010464,0.004827150435795265,0.003560410303753294,0.001949709153438113,0.0041791887724684255
2025-10-28,-0.0032207112833674374,-0.0032875973946098628,-0.002999700801131356,-0.003507684657608786,-0.003923316888469468,-0.004265051041252913
2025-10-29,0.005874624134637753,0.005813473691231998,0.005745696145708682,0.004471118384961615,0.0012418881934781337,0.003329335840086112
2025-10-30,-0.0045294103679645,-0.004572616770287855,-0.004694918588380127,-0.005130803525265112,-0.007763746342418519,-0.010442909937425679
2025-10-31,-0.002877422897234723,-0.0025098708827904067,-0.001776303912379827,-0.001196201726908005,-0.0032663093190921843,-0.005460408456884001
2025-11-03,-0.0040753880179338065,-0.0037944644725452087,-0.0031110228812097048,-0.0026618083263247883,-0.003912802859872229,-0.00011938298838261606
2025-11-04,-0.00887071950821177,-0.008847265137834332,-0.0090090718640962,-0.0075652652256455654,-0.006849092314685796,-0.006448164381361506
2025-11-06,-0.0074312858843133805,-0.007452368602391945,-0.007574302210035832,-0.007005842982065885,0.0005651178186019369,-0.004495361041229617
2025-11-07,0.0012136821793545384,0.001311154222670776,0.0016267081299728078,0.002321570516917354,0.0003228141796991989,-0.0004778010600150576
2025-11-10,0.00396350841666094,0.0036254321982300713,0.0030162002718987875,0.0027451798778663464,0.003930435287572469,0.0032563965603918193
2025-11-11,0.006066000338256747,0.00585931374377604,0.005442887675335644,0.005789612058797195,0.005505986510024154,0.004614104641846282
2025-11-12,0.004373889476888511,0.004176489102885893,0.003731107945021169,0.0033299040704615076,0.00873954392197539,0.007052670230805286
2025-11-13,0.0005649716381560436,0.0005258434506111933,0.00021953476514311013,-0.0005464759884894531,0.002184856953801782,0.0023431269166513955
2025-11-14,0.0008850674989413902,0.0011706923897426118,0.0016996585819850515,0.003439412084746047,0.0033673006260386204,0.0017204623581037377
2025-11-17,0.003881068854129747,0.003830879144996625,0.003837512063300799,0.0037053687790145565,0.0028190986511473742,0.0032399828445655752
2025-11-18,-0.004340582268825309,-0.00428415544643707,-0.004132960653302512,-0.0037675406293488822,-0.0026237338629655953,-0.0026499575094770457
2025-11-19,0.0029297553810892526,0.0029062655496235527,0.0030703066107137167,0.004402109697247438,0.006022820632891222,0.008095809228563872
2025-11-20,0.004040583902820237,0.003995697464152785,0.0042425940044181765,0.0024920764191575322,-0.0005213774629759897,0.0029659963152389546
2025-11-21,-0.002802784416002388,-0.0029251289566054267,-0.0031601092278121363,-0.002773885822305003,-0.00019668785592540572,-0.0017661554404740211
2025-11-24,-0.003832690709565504,-0.004053542401211407,-0.004269752917383796,-0.005420309242513676,-0.003987039169456588,-0.0032687064735329677
2025-11-25,-0.0031032124613037306,-0.00302269993918078,-0.0028498308257384713,-0.0023774985916861966,-0.003845682750742235,-0.0034932933715128628
2025-11-26,0.010437753094039241,0.010393342939218876,0.010133326335908941,0.009740706189459568,0.010080411177531522,0.00827553976745661
2025-11-27,-0.0013329172137698654,-0.0011638087078494402,-0.0011923726629392123,-0.0006030197023739501,0.00016884925908338332,-0.0008502968719248812
2025-11-28,-0.0006794044386056794,-0.0006387231906087801,-0.0004969662822256232,0.00036323569508410524,0.0018443630303467428,0.0010594501316266778
2025-12-01,0.0009184715366566238,0.0009721198125536085,0.0011125653794875079,0.0008695360758893128,-0.00012892427896594086,-0.001757470396934231
2025-12-02,-0.0005425324319872617,-0.0007814512286867098,-0.001442030402689103,-0.0029487560233593937,0.0003636243148623701,-0.0016629645340857104
2025-12-03,-0.006720838012193333,-0.006638355053033123,-0.006391885954245644,-0.00620714306756153,-0.0023172380403605262,-0.000898647989497067
2025-12-04,0.0026913257560679067,0.0026940326538466585,0.002577560256807413,0.0023106287823670205,0.002134835923217294,0.0037056658145112435
2025-12-05,0.004425825898544444,0.003994841852293916,0.0031801267284564797,0.0011418742028951466,-0.0006336880558365813,-0.0017829120536655186
2025-12-08,-0.00934432259516222,-0.009273579158163266,-0.009115981338762647,-0.009721428095598502,-0.009105544485813341,-0.009740624714930403
2025-12-09,-0.004528660364505831,-0.004177810182408182,-0.003521073060369509,-0.001195492643410811,-0.007193296316361058,-0.005735553865134739
2025-12-10,-0.0006210202685956381,-0.0006702822235931266,-0.0006904174113534513,-0.00040442384079500296,-3.6227653818361e-05,-0.0002183282162030488
2025-12-11,0.00322523987101129,0.0031402074022983013,0.002902364881791169,0.002890373188160382,0.0045506095102811235,0.004599395043145717
2025-12-12,0.004684829916883728,0.00448682110816853,0.004146435240030558,0.0020909373011519213,0.0006724988815498108,0.0010136102384964007
2025-12-15,-0.0022151632445378696,-0.0020520915560508406,-0.0018218014989583868,-0.0005093355727665855,0.0011446170646917555,-0.00032946087112751274
2025-12-16,-0.002646750874559535,-0.002552248394271952,-0.002419113949842842,-0.0026337136813876314,-0.002440743963696517,-0.002964101183182194
2025-12-17,6.648664166191936e-05,-6.162139945666649e-05,-0.0004021942555739865,-0.0002058517315153284,-0.0018842018686642979,-0.0009976047820825348
2025-12-18,-0.0029984049116024056,-0.002967810073364663,-0.0028444222908394923,-0.00299366301352242,-0.0031585860003256385,-0.002579894787578559
2025-12-19,0.0057026326048003825,0.005562574993538284,0.005430011964215163,0.0050420952119533905,0.004901361715419116,0.006260813868198663
2025-12-22,0.007437191761323426,0.00737813343102277,0.0073268697097001595,0.006467512339979142,0.00639556726483826,0.007514836120085483
2025-12-23,0.003279433296976845,0.0035499143172352723,0.003724892841834385,0.0037160318503660444,0.0015929809090962335,-9.450428836945291e-05
2025-12-24,0.0010164660672220907,0.0008539936292800925,0.0003817981113518849,-0.001607355804059108,-0.002559842375683806,-0.0025614457137676317
2025-12-26,-0.003329785183818961,-0.0031412122521468104,-0.0026769193034192657,-0.00145465364169709,-0.002823292489113606,-0.002188976079456401
2025-12-29,-0.003430472305959248,-0.003365098191545236,-0.0033289626381486255,-0.002968322183309309,-0.0014637432611360602,-0.0038534981354064668
2025-12-30,0.0005966588896940887,0.0004801064530557101,0.00020397593874734902,-0.00033787989698574384,-0.002035489112708553,-0.0017557750850313325
2025-12-31,0.006831830579263829,0.006897257005596315,0.007263073787760326,0.00819013184519402,0.006531286636068154,0.006744483139903144
2026-01-01,-0.005241701534069796,-0.005708317710321304,-0.0067204478821314955,-0.007124556363795017,-0.008252877003324353,-0.00451585838749684
2026-01-02,0.010209388936670387,0.009967058965500002,0.00961107785174415,0.009972449593782125,0.0037081070200843244,0.0032067965206147723
2026-01-05,0.0017905836165852964,0.0020012919243039473,0.0018723588729460318,0.0014435027380274438,0.003114140646295278,0.004603964490790218
2026-01-06,0.006103002984947153,0.005857103209248931,0.004852658104594286,0.004388176739992963,0.005497031967891969,0.0049308449180054045
2026-01-07,-0.00010873794945333911,-0.0005441463103450618,-0.0011970801274785638,-0.000619420007574447,0.0003221146817918735,-0.003683810935732019
2026-01-08,-0.007594510601740141,-0.007618490484612876,-0.007892649941768692,-0.009114049290139807,-0.009344876704738813,-0.009404018069454772
2026-01-09,-0.009973206673386739,-0.01008316298371444,-0.01052826086467856,-0.009964321473783344,-0.0064816505681581605,-0.007070269707868373
2026-01-12,0.007868528065583193,0.007842265715130237,0.007574679041924842,0.00683146264005239,0.006725044085843971,0.005306030780555289
2026-01-13,-0.0010617574039010072,-0.001158889697729723,-0.0016338454563941452,-0.0014699383029237736,-0.0022167771008493337,-0.002262494755287204
2026-01-14,-0.005388176906171209,-0.004704283944075099,-0.003201698586991329,-0.002866729209989138,-0.010154648293031606,-0.009743998574983547
2026-01-16,-0.0007331418632933705,-0.0008894291667616832,-0.0016275824871320702,-0.0022891713201342164,-0.005898365139083611,-0.004415100565179308
2026-01-19,0.0005095533375385954,0.0005565658273156489,0.0005010934755764231,-0.00031830930819388807,0.0014616706645973916,-0.00123148857844495
2026-01-20,-0.01699268366223137,-0.01688634255255627,-0.01688719002806037,-0.015238244988870421,-0.017113988260380478,-0.01509784685042636
2026-01-21,-0.004056394720481255,-0.0038802476197752943,-0.0034297737314807216,-0.004206312717210027,-0.005127228954376648,-0.004290215719155619
2026-01-22,0.007328919207101423,0.007300970325804929,0.007112626855019609,0.005749544523556162,0.007150787043471957,0.008197810752852079
2026-01-23,-0.003939460599388501,-0.004302451736602736,-0.005097876254876211,-0.005815934350997551,-0.002819985599109418,-0.006285291582539734
2026-01-27,0.0009046951586044593,0.0014950025614806585,0.002733589581957406,0.005529296861268396,-0.002503963497677328,0.001848012891915629
2026-01-28,0.004369386953246038,0.004441065679585906,0.005355362943095032,0.0068830719106148346,-0.0013076959717054667,-0.0008426953453233852
2026-01-29,-0.0009561858855041037,-0.0005074752838854844,0.0010844774208450285,0.004006699907018245,-0.007364507895180191,-0.0047695749256493804
2026-01-30,-0.0017750817843277026,-0.0017429176412483776,-0.0023206531958546114,-0.002844789278583712,0.002249545699050685,0.0024497544653825105
2026-02-02,-0.013171845496589426,-0.013031031599447967,-0.01248706794401829,-0.012813180925376293,-0.008274707926710223,-0.002222649572094891
2026-02-03,0.021034926899028694,0.020840275053987358,0.020627438639485157,0.022425361211344842,0.022403498814240513,0.02249066025875797
2026-02-04,0.0030486341531604424,0.003463784916791358,0.0034754403033664745,0.006090035776027093,0.0020667169943301995,0.0006740638075427088
2026-02-05,-0.006761863811528769,-0.0065216017833401255,-0.00629880473698544,-0.005142563160024619,-0.004840951894684048,-0.0035777002767982406
2026-02-06,0.010606563651026382,0.010512258461756838,0.010172181182470187,0.00889872831491078,0.006489040428781035,0.005931499143889468
2026-02-09,0.00737822798628729,0.007686368184958091,0.008157352059585161,0.007395833066031074,0.005276961439919036,0.003476538758343807
2026-02-10,0.0002128517887521836,0.0004167816533071614,0.0005871188275534357,0.002229151784386816,0.003168116177797797,0.003325406187480032
2026-02-11,0.002891609359783136,0.002967779177140525,0.0030941923620563788,0.005325340644549484,0.0026732880327134216,0.0033607614943518362
2026-02-12,-0.002853096654592286,-0.0027232285639726098,-0.002645372497735941,-0.0011761453795799614,-0.0033954076582793143,-0.004270252671189108
2026-02-13,-0.012306812160885791,-0.01212427663082968,-0.011428494870752665,-0.011204640267446754,-0.015608200554259339,-0.013431550661543364
2026-02-16,0.00560716997864775,0.0054330030104927235,0.005436663839670115,0.006067441311384711,0.006151467664079816,0.009878017311748507
2026-02-17,0.00460330078258146,0.004524181854000251,0.004265405210193571,0.005164466665029413,0.00562554684890393,0.0022286656768408064
2026-02-18,0.0032270787532917263,0.0033223072016189555,0.0035845677543174153,0.003067239337358629,0.0032126518644256512,0.002846511804932079
2026-02-19,-0.012699265315209247,-0.013022397430675008,-0.013717631550896482,-0.012030895107831549,-0.011479071523664994,-0.013412288033000864
2026-02-20,0.004059242364065245,0.004193588950840935,0.0044015689049273395,0.006065615330631635,0.007861752703094043,0.00678605311184161
2026-02-23,0.006558292147343051,0.006830473235599557,0.007064254791058381,0.006524111049743952,0.006805592271269638,0.007694791473332803
2026-02-24,-0.010016195611799034,-0.009942962923288915,-0.009754930590553611,-0.00865577985591897,-0.0063388337330072585,-0.0061049653485541885
2026-02-25,0.0017371130506556344,0.0016421499141805534,0.0014289664252369312,0.0012813652794981833,0.006009990575457808,0.006822834906480601
2026-02-26,0.0019750219333390905,0.0018127226850218727,0.0015291277436289999,0.0020399072607523924,0.003067147495578148,0.003182154354145054
2026-02-27,-0.014038411951056842,-0.014279141450983898,-0.014446064595472473,-0.013732759710642828,-0.014651681134229934,-0.016781563064783768
2026-03-02,-0.007402167553779943,-0.007453956523119301,-0.007730654639856415,-0.008597761145286107,-0.008524458391969997,-0.005939523923093034
2026-03-04,-0.011457807462872336,-0.011402759396254682,-0.011510114996110547,-0.012731889434536223,-0.014716113129654538,-0.013574904097507681
2026-03-05,0.003926281999595688,0.004052819884617762,0.004682516286611417,0.005869281279727181,0.009649368553136485,0.009293588333299962
2026-03-06,-0.009035929024143331,-0.009275362541194869,-0.00961848892437897,-0.010558745792797506,-0.009785848085538094,-0.0088217709215892
2026-03-09,-0.014230334305126772,-0.014774305985415685,-0.015772252171216444,-0.016565203559493615,-0.018641942024327448,-0.01399043510135683
2026-03-10,0.008403376197844415,0.00860117142889021,0.0088517261663965,0.008651250225510124,0.010471730307957432,0.010064455651472565
2026-03-11,-0.01117910705184644,-0.011535826977825469,-0.012299462458208994,-0.013723264595209964,-0.01250366192471275,-0.010105172980087783
2026-03-12,-0.00918297688582456,-0.009377094246531676,-0.00967566283803857,-0.010249053221187535,-0.010028005460745159,-0.007351100451221378
2026-03-13,-0.014050219937257481,-0.014287080343669907,-0.014795066363967813,-0.01388712864005675,-0.017340864957693693,-0.011597239829397732
2026-03-16,0.006591211543097188,0.007063974349321454,0.007874795795282821,0.008081074486188243,0.006499812471632174,0.0026049769525206675
2026-03-17,0.0014095942513738056,0.001650237672026427,0.002057679614435994,0.0015043654323148247,0.003084626357118394,0.001410613561915095
2026-03-18,0.005231174238809388,0.005596974619812503,0.006199463370426224,0.005546122331138413,0.0036830272486107598,0.0019832087300203248
2026-03-19,-0.02566171571130929,-0.02589093611876457,-0.026451076985234186,-0.02756399781379251,-0.02790994161267239,-0.023957251864856106
2026-03-20,0.005119542550534786,0.005265715580740184,0.005610408412206386,0.005775452912081127,0.004747565779021329,0.008640263832905108
2026-03-23,-0.02614559970961977,-0.026534217527912428,-0.027194476779371278,-0.026237663126738437,-0.027064243804723602,-0.021000877306397037
2026-03-24,0.018119498215989495,0.01825997825322211,0.01839641343085384,0.017504507031215262,0.01621247828167361,0.00930135971806598
2026-03-25,0.015726644907730226,0.015870231898332657,0.016267561613222174,0.016502132699033105,0.01733881000073202,0.01512154766358818
2026-03-27,-0.006911215455017816,-0.007178918647347025,-0.007795241820332426,-0.01069816213267572,-0.013379648801003207,-0.011510805065531721
2026-03-30,-0.018121483691458613,-0.018395947944993364,-0.01892557798758756,-0.01930849170673654,-0.01694054224091105,-0.017636456459837812
2026-04-01,0.0010732857950354795,0.0011058482281987533,0.0013137864985668156,0.0016567862680164848,0.0014628354951215367,0.00013164252171860344
2026-04-02,-0.0001729344795826269,-3.504480000781837e-05,0.00012169288709363185,-0.00020042996929799342,0.00048404269595729663,-0.0005071008401909801
2026-04-06,0.0021687260522610316,0.0023730590086004483,0.0025794285511185275,0.0033754469891108317,0.005749181099613583,0.008959671614415684
2026-04-07,0.010841734853708516,0.01101898254656528,0.011421299491259609,0.012802462403358382,0.011460477189356857,0.007622785906020616
2026-04-08,0.005410741791418814,0.005634649574114485,0.006186154115767736,0.009279013730024542,0.010326438212339228,0.015092501563477755
2026-04-09,0.002512681745575571,0.0023533129575357544,0.0019646855326715417,0.00010208940655679418,0.00141686460614521,0.001231599563436799
2026-04-10,-0.0027832348427877466,-0.0025617707165797262,-0.0017360128364420193,-0.00015738508510184518,0.0004512465345716402,0.0054347834559849905
2026-04-13,-0.00901833353233936,-0.008677160028974317,-0.008053983110795263,-0.0056219748389456535,-0.005017918625699817,-0.007823029052379577
2026-04-15,0.016768539633939233,0.016649345389760366,0.01650283659367029,0.015201240738301394,0.014881468709830259,0.01544906651797399
2026-04-16,-0.001876138018727895,-0.0018145563197421587,-0.0018289639712150312,-0.0023328643828566765,-0.002501664489739243,-0.00282339345290928
2026-04-17,0.008755720412008955,0.008332838105083848,0.007721529773851894,0.007971798467922299,0.01017577643188924,0.01127743620582774
2026-04-20,-0.0023582458450277744,-0.002306380791691717,-0.002223806009378995,-0.0017150304620732364,-0.0006676692390106396,-0.0008460709969891482
2026-04-21,0.009197471792134357,0.009228515740050364,0.009249472524034347,0.008448124780651801,0.009889078889874604,0.014292940845899443
2026-04-22,-0.004565641042088773,-0.004844924287859047,-0.004924888680435479,-0.0038885074440680586,-0.004143140921263117,-0.0016095208913716693
2026-04-23,0.004398541673754506,0.004274461172568035,0.0037659049134578177,0.0012248887644682781,0.0033714708857765286,0.008760856956022607
2026-04-24,-0.016246442178242667,-0.016346584192316667,-0.016281968143194648,-0.017650067840270633,-0.016829096233646215,-0.012681471336349058
2026-04-27,0.015525712345210923,0.015418384909342301,0.01536756210252822,0.01458179732534715,0.011649733270729101,0.012001950087869966
2026-04-28,0.007911073809653425,0.007665868733006972,0.00716549180675304,0.003677996531167793,0.004248016877644884,0.0027590197373249304
2026-04-29,0.015739546722042197,0.015470253669286026,0.01502634436840253,0.012708761283121695,0.009718584417232275,0.008389921801978055
2026-04-30,-0.00036515206031174745,-0.0003656383306567938,-0.0006013782994407912,-0.002681075984264232,-0.003833225356859285,-0.004749448751804702
2026-05-04,-0.0032809562803505295,-0.003248657600315096,-0.0030985015783170965,-0.0028447131716797993,-0.005235319567118009,-0.0009393984821366834
2026-05-05,-0.0045528557005036835,-0.004400448314413883,-0.004064476577727038,-0.004053163437723328,-0.0033653118424412957,-0.001966987070019694
2026-05-06,-0.0022758978363233108,-0.002213918536281917,-0.0018900429750295204,-0.0015777290238361376,0.0013550358550495347,0.007292377738112557
2026-05-07,-0.0008477142856135829,-0.00090373712427806,-0.0011989252088692667,-0.0027626822664230007,-0.003953224441749027,-0.004977939648221034
2026-05-08,-0.0011096996210900652,-0.0011502925605615126,-0.0012824349428220015,-0.0017358131604398221,2.1832088029226978e-05,-0.0006544612393422362
2026-05-11,-0.009607310967572665,-0.009662705780785921,-0.009461421982997532,-0.007978658474116091,-0.004161318957700665,-0.008125139205911038
2026-05-12,-0.007405070777108328,-0.007373489555196717,-0.007392479427411763,-0.008436848972215551,-0.00846583815355382,-0.011686444715706087
2026-05-13,-0.0005982281655333396,-0.0003025647988832558,0.0002524738796153274,0.0009046916653095512,0.0015686273636882995,0.0017832462253108226
2026-05-14,0.010502464779568585,0.010804470114035163,0.011294783962044076,0.010689214608500823,0.009210201356770843,0.015318504671683688
2026-05-15,0.003934455809087191,0.00368741857860608,0.003453270296278702,0.004946332300411129,0.006865770790705593,0.0031623701351981897
2026-05-18,-0.0016221324040671904,-0.0014944265605301736,-0.0012747540677006527,-0.000795235439699784,-0.00012125962852951606,-0.000989070845670193
2026-05-19,0.00019795509321924275,0.00013329512541312202,5.221303912277785e-05,-6.634305416092099e-05,-0.0016487750688020477,-0.004226888694481737
2026-05-20,0.00328074352068956,0.003114608555535384,0.0025021420819103402,0.0009366840654377409,-0.0012003203201993943,-0.0024484499881637254
2026-05-21,-0.00071111473259052,-0.0008010140623496121,-0.0010817747626759152,-0.0016125863664552464,-0.0024808705111054705,-0.0025938654590926917
2026-05-22,-0.002914126317361257,-0.0030632404669020067,-0.00314577781333511,-0.003317046729767892,-0.005521555832158378,-0.003540227624172992
2026-05-25,0.004505060068084241,0.004369071174224662,0.004038836419238861,0.003989063151202431,0.0027920150184557943,0.005584785733551216
2026-05-26,-0.005516719159177174,-0.005364066680418601,-0.00490199673116291,-0.004409777930603561,-0.003549406936580018,-0.002472756528379595
2026-05-27,-0.0017406401294811033,-0.0017569803518591612,-0.0018257476469885374,-0.0024608185167200453,-0.0020071609805900627,-0.002479583471956082
2026-05-29,-0.015731256417582135,-0.015716677596179382,-0.015550156464239226,-0.015158250438194486,-0.01640226031804487,-0.016941130615081526
2026-06-01,-0.0031789632895083118,-0.003209695274492959,-0.0031926079652827995,-0.0043968529709366815,-0.006188836225046851,-0.010329280423638669
2026-06-02,0.0007468024119507727,0.0008181864980998522,0.000710174617522351,0.0009003390166616859,0.003645847534028345,0.00248573622476694
2026-06-03,-0.003125822681815449,-0.0026800992232419787,-0.001954490449504801,-0.0015364308963308013,-0.002821558904815826,-0.004558902144036514
2026-06-04,0.000258118512767647,6.44137894983811e-05,-0.00022448909306683129,-1.4329206458658754e-05,0.0009846192097200089,0.0015905248376522595
2026-06-05,-0.0043541219035351,-0.004256721443229146,-0.004190398646765714,-0.004007661234997253,-0.001945855563540262,0.0013139795156014778
2026-06-08,-0.007953323083858762,-0.007726562494840595,-0.007292247591003653,-0.005935996223817007,-0.003216557169394659,-0.002428024151461537
2026-06-09,-0.0007471039766812055,-0.0006093712158119966,-0.0005499483657568425,-0.0009166251207168891,-0.0005489115903331846,-0.0013511166260063178
2026-06-10,-0.004821837114941924,-0.0048897890676056575,-0.005078285661386578,-0.004755955165218212,-0.002830893767837338,0.0029869801551887605
2026-06-11,-0.003577426649094527,-0.0035395255976452085,-0.0032710597166859126,-0.003104161151074294,-0.0025972444680661838,-0.000808416660018893
2026-06-12,-0.0011412939004516545,-0.0010274425549812263,-0.0007095972252438376,-0.0002815825528701922,0.0037215272525034657,0.003481651295466805
2026-06-15,-0.0011445411373016362,-0.001058919691610301,-0.0008348648188932874,-0.0006384775959213316,0.0008209557696465695,-0.00027917671510997906
2026-06-16,0.009339260339594781,0.009310381692906726,0.009402334229967012,0.00979284145768319,0.008699145270864815,0.007083253034545716
2026-06-17,0.003937922094899682,0.003941058050626811,0.003919879801344065,0.0040009803867770526,0.002630341010346138,0.0009593950369227738
2026-06-18,-0.0002789534394628606,-0.0003935791702169998,-0.0006252558606083896,-0.00043662711040426253,-0.00016339215302430096,0.0021890365656303218
2026-06-19,-0.003650418536765631,-0.0037402622677375256,-0.0035590304322876028,-0.002011535603138837,-0.0011313505279155435,0.0005762362749883658
2026-06-22,0.0004095213588809271,0.0004137912151827329,0.00045206887468336363,-0.00011375590508131881,-0.000586145447391653,0.004662189792026981
2026-06-23,-0.009144798182935347,-0.009116937377059233,-0.008973602306566329,-0.008486098924445993,-0.005577517324938981,-0.003237167371457762
2026-06-24,0.0017655973396594011,0.001740393047010032,0.0015596213112119021,0.0004695647859308518,0.0013520060736891704,0.003540247990374863
2026-06-25,-0.005040911366379517,-0.005027215507972319,-0.005164386751777663,-0.005733161021845127,-0.006539571524222388,-0.00222405882141724
2026-06-29,0.0025213989211578464,0.002476112812156105,0.0023132221430282097,0.0021299836225246497,0.00201110022716068,0.001303474643808442
2026-06-30,-0.007352788156973167,-0.007176357380576861,-0.006672788842998736,-0.005981366454642772,-0.007469306363272012,-0.0036468240866601035
2026-07-01,0.0011237937337387855,0.0012019223933255403,0.0016472402621311951,0.003111259051435951,0.006527561284635886,0.006359991994988263
2026-07-02,0.007756799925245467,0.00792763418870769,0.008129115794209586,0.008406790121182572,0.007922022667542515,0.005944097342509172
2026-07-03,0.007019105303210375,0.006926686995863049,0.006559630125782959,0.005713507429781384,0.005839804050457585,0.007061074986520293
2026-07-06,0.0013533796748441533,0.0014560181724926602,0.0013972883922102456,0.0018520665927777588,0.0008069117865338097,0.005005087307646642
2026-07-07,-0.0006730630196416902,-0.000776312603159329,-0.0007346620940375588,-0.000953393136068105,-0.001221788939494034,-0.001810397998585111
2026-07-08,-0.011131495167082943,-0.011200179190257837,-0.011467891928786281,-0.011953552231192856,-0.013888364988795754,-0.015065365087086526
2026-07-09,-0.004612205732396804,-0.004728748703313404,-0.005105700130144945,-0.005329585911682037,0.000811866523702296,0.0018440401900289651
2026-07-10,0.004579973985328588,0.004658326326080682,0.004675584922503369,0.004608200670451702,0.0027253240298147612,0.002358066638176714
2026-07-13,0.0039562711300732255,0.004124849153411563,0.00432183053678712,0.004057476995864626,0.0014298846213508603,-0.00036978253286185255
2026-07-14,-0.0008225137600903656,-0.0009100192191996522,-0.0010358642055298577,-0.0006804791795118173,0.00041835369347765,0.001456804969851326
2026-07-15,-0.0031272463748690336,-0.003171687536877292,-0.0035406531694644372,-0.005428811345835822,-0.005391932880459143,-0.002395219341397057
2026-07-16,-0.000573802852962442,-0.0005683961875218021,-0.0005855052624711091,-0.0005404418660576507,0.0006482267042397551,-0.0005319688755674875
2026-07-17,0.00821403860973451,0.008314099269622283,0.008280950176143411,0.006977243776952817,0.005408637269571272,0.0059910078556730815
2026-07-20,0.0051387396076204885,0.0058055928049230866,0.006184033277442562,0.006643661162629842,0.0067844161910449565,0.005732392749500846
2026-07-21,-0.00010328905017156949,-0.0002974306936911165,-0.000513943032929196,-0.0010615855565037499,-0.0006206171630627091,-0.0024914102026113707
2026-07-22,-0.000409533838904944,-0.0005161350580076204,-0.00065202898979088,-0.0006380177580559568,-0.0012603056624872749,-0.0005068512129988007
2026-07-23,-0.006298111786417104,-0.006315436088152148,-0.006442901726534545,-0.006887279710653401,-0.003674397718046999,-0.004574771856240391
2026-07-24,-0.004372397040213142,-0.004376615161482516,-0.004377124976221056,-0.004406386016717683,-0.004347047705565563,-0.0035831534378197526
2026-07-27,0.00019226404811543323,0.00021895470205313952,0.0004255826154978678,0.0014917010417357928,0.003559150188735546,0.0032445179431444507
2026-07-28,-0.0013763578984853542,-0.0020301459551533307,-0.003448046001282491,-0.00626542078116412,-0.009865443917303218,-0.0005797955218533035
2026-07-29,0.0036323150120978064,0.003646930280167667,0.004371882324266692,0.007061984653366581,0.011146459593734512,0.011019932469795803
2026-07-30,0.007716782989490329,0.007711855886976872,0.007605825538949153,0.006593717535106197,0.004550094590307792,0.0031151583005635487
2026-07-31,-0.0010952495994031525,-0.0010822211347048397,-0.001060935108612041,-0.0012429263304349024,-0.0018197612170759501,-0.001998575850859296
2026-08-03,0.011228658117951266,0.011037985863957572,0.011388791311674572,0.011742995503700112,0.01248003927419526,0.01185887270254994
2026-08-04,-0.0035794783247023168,-0.0035113679793378674,-0.004078413251417851,-0.004542902405992163,-0.004224524733969297,-0.006552053514540402
2026-08-05,-0.00017704703960622927,-0.0003027756297158741,-0.0002041312981420362,-0.0004677845984053903,-0.0023802950055318343,-0.004703145870179054
2026-08-06,-0.00492982230520358,-0.005158681440613901,-0.005160572690758902,-0.005584289133356462,-0.006767410478141793,-0.0033331008702797943
2026-08-07,0.0008990368004758213,0.0005431631614918422,-0.0002353040341173771,-0.0021196720379135937,-0.000449042732355088,-0.0002974420554142331
2026-08-10,-0.0018324603976475969,-0.001843374730752937,-0.002092843747495133,-0.0025927264488968117,-0.0028966701569859885,-0.0020422905043972484
2026-08-11,-0.004168337343537518,-0.003886143331756725,-0.003069559725670454,-0.0029209101961792557,-0.004076919713407028,-0.003127012863004948
2026-08-12,-0.00138961375355991,-0.0016206621861044783,-0.001643718953989908,-0.0009825042480034528,-0.0007781773818948338,-0.001228901596133402
2026-08-13,-0.0011770927884496717,-0.0010589407541460023,-0.0008447684903270903,-0.0007689026328159064,-0.00032100485724326797,-0.0007676798497901892
2026-08-14,-0.0013481242018073647,-0.0011820409804858569,-0.001329011472748292,-0.001216606351977369,-0.0002459802084883994,-0.0026744786764913635
2026-08-17,-0.004539547086051672,-0.0045398488687734195,-0.0045351817594651385,-0.004415358286450921,-0.006888474937674532,-0.008635360853495894
2026-08-18,-0.0023840277508924675,-0.0023699564276458652,-0.002312774940310964,-0.002660918740318292,-0.006584270710688262,-0.005181027381236372
2026-08-19,-0.003976254518764538,-0.004263932054701157,-0.004725383362909972,-0.0058736292893869,-0.005569460863182352,-0.0035936429199750707
2026-08-20,0.005229152317946954,0.0051817609220848855,0.005120146008034045,0.005094397695828182,0.00630508415640346,0.005186347616823936
2026-08-21,0.0018245343927140276,0.00190681184368955,0.002408343456639383,0.0034026191948090907,0.0022060335693809387,0.0024079396508483665
2026-08-24,0.0005371679180347965,0.0005740334897305838,0.0003372386357676365,8.995790831282176e-05,0.0009231948996462842,0.0005369920242389845
2026-08-25,0.003078415315552178,0.003107549803021125,0.003061410765139411,0.002726056213867921,0.0019875442727350727,0.0005856563884773518
2026-08-26,-0.006759198584364965,-0.007067956920508279,-0.007290043654071428,-0.008407378019689639,-0.00890560787697754,-0.009106943440767304
2026-08-27,2.0370563796200016e-05,4.006950824322002e-06,5.795495953866194e-05,-0.0008821785484524565,-0.002224821224009215,-0.0005946756327340703
2026-08-28,0.005454977650737042,0.005217707358813847,0.004833856552756308,0.003310269235985603,0.0017909376085494357,0.00304046781197866
2026-08-31,0.0038000304656396144,0.003787007352389647,0.004079398178626898,0.0028648710490148297,-0.00380068646270617,0.0006712896484835085
